town_s	woe_is	urlpage_s	machine_ss	desc_ws	video_b	url_s	hour_i	hash_s	ext_s	user_s	country_s	upload_dt	license_s	taken_dt	device_s	line_i	title_s	id	tag_ss
Amsterdam	[727232, 12592040, 2346379, 15003820, 23424909, 28350886]	http://www.flickr.com/photos/23286095@N05/4308782148/			False	http://farm3.staticflickr.com/2717/4308782148_b3e13faedd.jpg	9	52db843f734da29854b552d1e8a832a	jpg	screenpunk	Netherlands	2010-01-27T08:16:11Z	Attribution-NonCommercial License	2010-01-27T09:14:46Z	Nokia E71	93325071	deuren	4308782148	[u'18', u'2010', u'30', u'communicationboard', u'deuren', u'doors', u'sailor the sea is your home', u'screenpunk', u'stoep']
Amsterdam	[727232, 12592040, 2346379, 15003820, 23424909, 28350886]	http://www.flickr.com/photos/23286095@N05/4308052775/			False	http://farm3.staticflickr.com/2730/4308052775_c35822df2b.jpg	9	f111da3bba47921ab64ac36f8812e	jpg	screenpunk	Netherlands	2010-01-27T08:24:24Z	Attribution-NonCommercial License	2010-01-27T09:22:55Z	Nokia E71	17797374	kattenburgervaart	4308052775	[u'2010', u'screenpunk']
Amsterdam	[91404942, 727232, 12592040, 2346379, 15003820, 23424909, 28350886]	http://www.flickr.com/photos/23286095@N05/4308796484/			False	http://farm3.staticflickr.com/2793/4308796484_1c89c99d97.jpg	9	a3b09065b035b2d05e763537883f2da5	jpg	screenpunk	Netherlands	2010-01-27T08:28:28Z	Attribution-NonCommercial License	2010-01-27T09:27:02Z	Nokia E71	93305094	studentenflat	4308796484	[u'2010', u'screenpunk']
Amsterdam	[22349067, 728410, 727232, 12592040, 2346379, 15003818, 23424909, 28350886]	http://www.flickr.com/photos/23286095@N05/4308798296/			False	http://farm3.staticflickr.com/2683/4308798296_67c8d79e46.jpg	9	5d8bf078f9636176711581139c9b7813	jpg	screenpunk	Netherlands	2010-01-27T08:30:09Z	Attribution-NonCommercial License	2010-01-27T09:28:46Z	Nokia E71	94784176	honden	4308798296	[u'2010', u'screenpunk']
Amsterdam	[22349067, 728410, 727232, 12592040, 2346379, 15003818, 23424909, 28350886]	http://www.flickr.com/photos/23286095@N05/4308799530/			False	http://farm3.staticflickr.com/2756/4308799530_5d124dcca1.jpg	9	81106196ec612adb8195631fba72390	jpg	screenpunk	Netherlands	2010-01-27T08:31:12Z	Attribution-NonCommercial License	2010-01-27T09:29:47Z	Nokia E71	84787619	scheepvaartmuseum	4308799530	[u'2010', u'screenpunk']
Amsterdam	[22349067, 728410, 727232, 12592040, 2346379, 15003818, 23424909, 28350886]	http://www.flickr.com/photos/23286095@N05/4308062115/			False	http://farm5.staticflickr.com/4070/4308062115_0f41c59b03.jpg	9	291ade62529c4d3178e68359087f4a2	jpg	screenpunk	Netherlands	2010-01-27T08:32:33Z	Attribution-NonCommercial License	2010-01-27T09:31:11Z	Nokia E71	72564179	expositieposter	4308062115	[u'2010', u'screenpunk']
Amsterdam	[22349067, 728410, 727232, 12592040, 2346379, 15003818, 23424909, 28350886]	http://www.flickr.com/photos/23286095@N05/4308802868/		wat nou mokum?	False	http://farm5.staticflickr.com/4009/4308802868_199521788f.jpg	9	b72a96a223afa59c447f5050d5cb3ca9	jpg	screenpunk	Netherlands	2010-01-27T08:34:17Z	Attribution-NonCommercial License	2010-01-27T09:32:56Z	Nokia E71	63491742	oosterdok	4308802868	[u'2010', u'amsterdam', u'centraalstation', u'city', u'conservatorium', u'europa', u'europe', u'holland', u'mokum', u'nederland', u'nemo', u'nicolaaskerk', u'oba', u'oosterdok', u'screenpunk', u'stad', u'the netherlands', u'urban']
Amsterdam	[727232, 12592040, 2346379, 12851444, 23424909, 28350886]	http://www.flickr.com/photos/23286095@N05/4308804162/			False	http://farm3.staticflickr.com/2801/4308804162_322f2005ea.jpg	9	3a9215f7606df2156c852aa992b67498	jpg	screenpunk	Netherlands	2010-01-27T08:35:20Z	Attribution-NonCommercial License	2010-01-27T09:33:58Z	Nokia E71	90031698	brughuisje	4308804162	[u'2010', u'screenpunk']
Amsterdam	[727232, 12592040, 2346379, 12851444, 23424909, 28350886]	http://www.flickr.com/photos/23286095@N05/4308808976/			False	http://farm5.staticflickr.com/4066/4308808976_b0523ab9e5.jpg	9	a62995489f186ba6822bb167ccaec4d	jpg	screenpunk	Netherlands	2010-01-27T08:39:36Z	Attribution-NonCommercial License	2010-01-27T09:38:11Z	Nokia E71	97400446	brazili��	4308808976	[u'2010', u'screenpunk']
Amsterdam	[727232, 12592040, 2346379, 12851444, 23424909, 28350886]	http://www.flickr.com/photos/23286095@N05/4308810538/			False	http://farm5.staticflickr.com/4003/4308810538_3c168082db.jpg	9	8a6f9661ff4dfba4c0324d3c94d9b38a	jpg	screenpunk	Netherlands	2010-01-27T08:40:49Z	Attribution-NonCommercial License	2010-01-27T09:39:28Z	Nokia E71	88389234	zebra	4308810538	[u'2010', u'screenpunk']
Amsterdam	[727232, 12592040, 2346379, 12851444, 23424909, 28350886]	http://www.flickr.com/photos/23286095@N05/4308073311/			False	http://farm3.staticflickr.com/2739/4308073311_f5ed2fba39.jpg	9	8d6af47ad2dfc2d9e36dd6c9566421b1	jpg	screenpunk	Netherlands	2010-01-27T08:42:08Z	Attribution-NonCommercial License	2010-01-27T09:40:49Z	Nokia E71	69647229	dirigent	4308073311	[u'2010', u'screenpunk']
Amsterdam	[727232, 12592040, 2346379, 12851444, 23424909, 28350886]	http://www.flickr.com/photos/23286095@N05/4308075061/			False	http://farm5.staticflickr.com/4047/4308075061_aa565050c7.jpg	9	d26f88a9203acc5b4552c89d5ce5757a	jpg	screenpunk	Netherlands	2010-01-27T08:43:41Z	Attribution-NonCommercial License	2010-01-27T09:42:20Z	Nokia E71	73459028	rapenburg	4308075061	[u'2010', u'screenpunk']
Amsterdam	[727232, 12592040, 2346379, 12851444, 23424909, 28350886]	http://www.flickr.com/photos/23286095@N05/4308814874/			False	http://farm5.staticflickr.com/4037/4308814874_0b2a15d8ba.jpg	9	ee8fbbed566b89165bf2c416af66c12	jpg	screenpunk	Netherlands	2010-01-27T08:44:45Z	Attribution-NonCommercial License	2010-01-27T09:43:21Z	Nokia E71	80254937	rapenburg	4308814874	[u'2010', u'amsterdam', u'ij', u'ijtunnel', u'rapenburg', u'screenpunk', u'valkenburgerstraat']
Amsterdam	[727232, 12592040, 2346379, 12851444, 23424909, 28350886]	http://www.flickr.com/photos/23286095@N05/4308815872/			False	http://farm3.staticflickr.com/2749/4308815872_1b3acd3241.jpg	9	379c562d7525bdf50e9bfdda2d734d3	jpg	screenpunk	Netherlands	2010-01-27T08:45:40Z	Attribution-NonCommercial License	2010-01-27T09:44:18Z	Nokia E71	21604453	i robot	4308815872	[u'2010', u'anachrosime', u'asimov', u'krark', u'krrk', u'screenpunk']
Amsterdam	[727232, 12592040, 2346379, 12851444, 23424909, 28350886]	http://www.flickr.com/photos/23286095@N05/4308079951/			False	http://farm5.staticflickr.com/4065/4308079951_178a7e2c4a.jpg	9	5a36889e60ae230f02c9ec2cc86dc4e	jpg	screenpunk	Netherlands	2010-01-27T08:48:16Z	Attribution-NonCommercial License	2010-01-27T09:46:48Z	Nokia E71	87483602	jamsessie	4308079951	[u'2010', u'screenpunk']
Amsterdam	[91410257, 727232, 12592040, 2346379, 12851444, 23424909, 28350886]	http://www.flickr.com/photos/23286095@N05/4308084675/			False	http://farm5.staticflickr.com/4020/4308084675_c84f6cfdc0.jpg	9	e74d15ebca2a71c5f54c9b81423efd	jpg	screenpunk	Netherlands	2010-01-27T08:52:05Z	Attribution-NonCommercial License	2010-01-27T09:50:49Z	Nokia E71	62721822	uilenburgerstraat	4308084675	[u'2010', u'screenpunk']
Amsterdam	[91393991, 727232, 12592040, 2346379, 12851444, 23424909, 28350886]	http://www.flickr.com/photos/23286095@N05/4308086977/			False	http://farm5.staticflickr.com/4066/4308086977_90c9f9d6f2.jpg	9	6759b178b49435502c2d1354e2d4aa	jpg	screenpunk	Netherlands	2010-01-27T08:54:00Z	Attribution-NonCommercial License	2010-01-27T09:52:36Z	Nokia E71	98749580	gazan diamonds	4308086977	[u'2010', u'screenpunk']
Amsterdam	[56058475, 728410, 727232, 12592040, 2346379, 15003818, 23424909, 28350886]	http://www.flickr.com/photos/23286095@N05/4308830742/			False	http://farm3.staticflickr.com/2741/4308830742_f342b287f7.jpg	9	a98e615916b2649a1d121b9e25b8726b	jpg	screenpunk	Netherlands	2010-01-27T08:57:48Z	Attribution-NonCommercial License	2010-01-27T09:56:02Z	Nokia E71	75944789	crossroads	4308830742	[u'2010', u'screenpunk']
Amsterdam	[56058475, 728410, 727232, 12592040, 2346379, 15003818, 23424909, 28350886]	http://www.flickr.com/photos/23286095@N05/4309000126/			False	http://farm5.staticflickr.com/4022/4309000126_20dacc6aa2.jpg	12	2cecccb298f54a9da871c4365dc2329	jpg	screenpunk	Netherlands	2010-01-27T11:24:06Z	Attribution-NonCommercial License	2010-01-27T12:22:42Z	Nokia E71	67135118	stopera	4309000126	[u'2010', u'screenpunk']
Amsterdam	[56058638, 728410, 727232, 12592040, 2346379, 15003818, 23424909, 28350886]	http://www.flickr.com/photos/23286095@N05/4309002040/			False	http://farm3.staticflickr.com/2767/4309002040_b7ac7cfe00.jpg	12	89c8258f917751431133de67be0abc	jpg	screenpunk	Netherlands	2010-01-27T11:25:42Z	Attribution-NonCommercial License	2010-01-27T12:24:17Z	Nokia E71	12620381	cantavouz	4309002040	[u'2010', u'canta', u'disappeared', u'lx', u'orange', u'red', u'screenpunk', u'yellow']
Amsterdam	[91394780, 727232, 12592040, 2346379, 15003819, 23424909, 28350886]	http://www.flickr.com/photos/23286095@N05/4308264867/			False	http://farm5.staticflickr.com/4040/4308264867_9b758e7f18.jpg	12	4d6ca52648eefd2f62a85f1a9483a65	jpg	screenpunk	Netherlands	2010-01-27T11:26:48Z	Attribution-NonCommercial License	2010-01-27T12:25:21Z	Nokia E71	98754503	stopera	4308264867	[u'2010', u'screenpunk']
Amsterdam	[91394780, 727232, 12592040, 2346379, 15003819, 23424909, 28350886]	http://www.flickr.com/photos/23286095@N05/4309004856/			False	http://farm3.staticflickr.com/2718/4309004856_de0aa32cbd.jpg	12	b5dbe6f9de43f1e63d66a57c64647154	jpg	screenpunk	Netherlands	2010-01-27T11:27:59Z	Attribution-NonCommercial License	2010-01-27T12:26:27Z	Nokia E71	80798616	blauwbrug	4309004856	[u'2010', u'screenpunk']
Amsterdam	[91396539, 727232, 12592040, 2346379, 15003819, 23424909, 28350886]	http://www.flickr.com/photos/23286095@N05/4309011892/			False	http://farm5.staticflickr.com/4026/4309011892_a8b2f5d0c3.jpg	12	9e13801db4f7ebf3a33cbbf82fae537	jpg	screenpunk	Netherlands	2010-01-27T11:33:19Z	Attribution-NonCommercial License	2010-01-27T12:31:56Z	Nokia E71	82203800	stappen	4309011892	[u'2010', u'screenpunk']
Amsterdam	[91396539, 727232, 12592040, 2346379, 15003819, 23424909, 28350886]	http://www.flickr.com/photos/23286095@N05/4309014182/			False	http://farm5.staticflickr.com/4012/4309014182_2015fefe82.jpg	12	bb8e62aff6447a48b34ac729818313c	jpg	screenpunk	Netherlands	2010-01-27T11:35:23Z	Attribution-NonCommercial License	2010-01-27T12:34:06Z	Nokia E71	62647544	de Belg	4309014182	[u'2010', u'screenpunk']
Amsterdam	[91396539, 727232, 12592040, 2346379, 15003819, 23424909, 28350886]	http://www.flickr.com/photos/23286095@N05/4308277015/			False	http://farm3.staticflickr.com/2651/4308277015_00cb1f485a.jpg	12	b4c9fab7d54a4dddba8d3ac051745d7b	jpg	screenpunk	Netherlands	2010-01-27T11:36:26Z	Attribution-NonCommercial License	2010-01-27T12:35:03Z	Nokia E71	18691847	patatje oorlog	4308277015	[u'2010', u'screenpunk']
Amsterdam	[91396539, 727232, 12592040, 2346379, 15003819, 23424909, 28350886]	http://www.flickr.com/photos/23286095@N05/4309016444/			False	http://farm5.staticflickr.com/4010/4309016444_60b60847d9.jpg	12	d01ab21d318e9262b8594ebf66a74ac	jpg	screenpunk	Netherlands	2010-01-27T11:37:11Z	Attribution-NonCommercial License	2010-01-27T12:35:48Z	Nokia E71	98084964	patatje oorlog	4309016444	[u'2010', u'screenpunk']
Amsterdam	[91394415, 727232, 12592040, 2346379, 15003814, 23424909, 28350886]	http://www.flickr.com/photos/23286095@N05/4309031094/			False	http://farm5.staticflickr.com/4057/4309031094_339b3bae47.jpg	12	6194f1f94da2284fc4464eee0b94cc9	jpg	screenpunk	Netherlands	2010-01-27T11:50:07Z	Attribution-NonCommercial License	2010-01-27T12:48:43Z	Nokia E71	21635692	zuiderkerk	4309031094	[u'2010', u'screenpunk']
Amsterdam	[91395496, 727232, 12592040, 2346379, 12851444, 23424909, 28350886]	http://www.flickr.com/photos/23286095@N05/4308295939/			False	http://farm5.staticflickr.com/4055/4308295939_89fbcccc83.jpg	12	e7c29d2ab39477f7b131c7f6fe9a39	jpg	screenpunk	Netherlands	2010-01-27T11:52:28Z	Attribution-NonCommercial License	2010-01-27T12:50:58Z	Nokia E71	69717569	the headshop	4308295939	[u'2010', u'screenpunk']
Amsterdam	[91399210, 727232, 12592040, 2346379, 12851444, 23424909, 28350886]	http://www.flickr.com/photos/23286095@N05/4308299373/			False	http://farm5.staticflickr.com/4064/4308299373_e724d970c1.jpg	12	7443b8f83b33cedfd8677a07ac7c18	jpg	screenpunk	Netherlands	2010-01-27T11:54:55Z	Attribution-NonCommercial License	2010-01-27T12:52:32Z	Nokia E71	78915792	stars	4308299373	[u'2010', u'screenpunk']
Amsterdam	[91399210, 727232, 12592040, 2346379, 12851444, 23424909, 28350886]	http://www.flickr.com/photos/23286095@N05/4308300613/			False	http://farm5.staticflickr.com/4034/4308300613_a30c5cd48c.jpg	12	86b39a3b1b4d57586d33173ec4b41b6	jpg	screenpunk	Netherlands	2010-01-27T11:55:46Z	Attribution-NonCommercial License	2010-01-27T12:54:19Z	Nokia E71	52475475	discogull	4308300613	[u'2010', u'screenpunk']
Amsterdam	[22348349, 728410, 727232, 12592040, 2346379, 15003818, 23424909, 28350886]	http://www.flickr.com/photos/23286095@N05/4309040552/			False	http://farm5.staticflickr.com/4026/4309040552_6437100a8c.jpg	12	7e52bccc1d8e7ac52cf4a95ce43b381	jpg	screenpunk	Netherlands	2010-01-27T11:56:41Z	Attribution-NonCommercial License	2010-01-27T12:55:15Z	Nokia E71	61703208	mutsen	4309040552	[u'2010', u'screenpunk']
Amsterdam	[22348349, 728410, 727232, 12592040, 2346379, 15003818, 23424909, 28350886]	http://www.flickr.com/photos/23286095@N05/4309042244/			False	http://farm5.staticflickr.com/4023/4309042244_936b7873ec.jpg	12	6a7359e9274374513ebd2f24774e779b	jpg	screenpunk	Netherlands	2010-01-27T11:57:50Z	Attribution-NonCommercial License	2010-01-27T12:56:28Z	Nokia E71	81947282	nirwana	4309042244	[u'2010', u'screenpunk']
Amsterdam	[22348349, 728410, 727232, 12592040, 2346379, 15003818, 23424909, 28350886]	http://www.flickr.com/photos/23286095@N05/4308306735/			False	http://farm5.staticflickr.com/4020/4308306735_94c701500c.jpg	12	2ca27f369ad659c145b9399692cf9e3	jpg	screenpunk	Netherlands	2010-01-27T12:00:18Z	Attribution-NonCommercial License	2010-01-27T12:58:58Z	Nokia E71	61671730	rembrandthuis	4308306735	[u'2010', u'amsterdam', u'nederland', u'rembrandthuis', u'screenpunk', u'thenetherlands']
Amsterdam	[22348349, 728410, 727232, 12592040, 2346379, 15003818, 23424909, 28350886]	http://www.flickr.com/photos/23286095@N05/4308309303/			False	http://farm3.staticflickr.com/2778/4308309303_2e26ce4a74.jpg	13	8fea56cd2a2368e82c154d10e7615f	jpg	screenpunk	Netherlands	2010-01-27T12:02:09Z	Attribution-NonCommercial License	2010-01-27T13:00:32Z	Nokia E71	86453391	soep	4308309303	[u'2010', u'screenpunk', u'shop', u'soup']
Amsterdam	[56058475, 728410, 727232, 12592040, 2346379, 15003818, 23424909, 28350886]	http://www.flickr.com/photos/23286095@N05/4308311815/			False	http://farm3.staticflickr.com/2792/4308311815_506dbfc128.jpg	13	97e19d14fa1362885a6cf191e1e3a1b	jpg	screenpunk	Netherlands	2010-01-27T12:03:53Z	Attribution-NonCommercial License	2010-01-27T13:02:12Z	Nokia E71	92994025	stopera	4308311815	[u'2010', u'screenpunk']
Amsterdam	[56058475, 728410, 727232, 12592040, 2346379, 15003818, 23424909, 28350886]	http://www.flickr.com/photos/23286095@N05/4309052154/			False	http://farm3.staticflickr.com/2785/4309052154_34d75cb022.jpg	13	3f902c54f15962bf884f5a810498725	jpg	screenpunk	Netherlands	2010-01-27T12:04:54Z	Attribution-NonCommercial License	2010-01-27T13:03:30Z	Nokia E71	89127235	spuitbussen	4309052154	[u'2010', u'screenpunk', u'spray']
Amsterdam	[91397108, 727232, 12592040, 2346379, 12851444, 23424909, 28350886]	http://www.flickr.com/photos/23286095@N05/4308838851/			False	http://farm5.staticflickr.com/4011/4308838851_58e84eb7ee.jpg	17	ae12123b463af3b1e9b1ed154c0bf53	jpg	screenpunk	Netherlands	2010-01-27T16:55:53Z	Attribution-NonCommercial License	2010-01-27T17:54:30Z	Nokia E71	98694400	heineken	4308838851	[u'2010', u'heineken', u'screenpunk']
Amsterdam	[91410156, 727232, 12592040, 2346379, 12851444, 23424909, 28350886]	http://www.flickr.com/photos/23286095@N05/4309580438/			False	http://farm3.staticflickr.com/2744/4309580438_e6da8f8e3a.jpg	17	6ed4c27c3cc616bf5bddaac355dd62a1	jpg	screenpunk	Netherlands	2010-01-27T16:58:19Z	Attribution-NonCommercial License	2010-01-27T17:56:40Z	Nokia E71	81832519	zebrapad	4309580438	[u'2010', u'screenpunk']
Amsterdam	[91396664, 727232, 12592040, 2346379, 12851444, 23424909, 28350886]	http://www.flickr.com/photos/23286095@N05/4309586522/		ojp: whero?	False	http://farm5.staticflickr.com/4071/4309586522_b8a515c3b3.jpg	17	3e6fd4db36587219b075463c1ae82dcc	jpg	screenpunk	Netherlands	2010-01-27T17:01:07Z	Attribution-NonCommercial License	2010-01-27T17:59:38Z	Nokia E71	61187959	bedcomfort	4309586522	[u'2010', u'screenpunk']
Amsterdam	[727232, 12592040, 2346379, 12851444, 23424909, 28350886]	http://www.flickr.com/photos/23286095@N05/4309592472/			False	http://farm3.staticflickr.com/2734/4309592472_1136312028.jpg	18	ceb49cc9ce1abd4a2c6a15a19447bf	jpg	screenpunk	Netherlands	2010-01-27T17:04:12Z	Attribution-NonCommercial License	2010-01-27T18:02:50Z	Nokia E71	94834037	brandweer	4309592472	[u'2010', u'amsterdam', u'brandweer', u'brandweerkazerne', u'city', u'europa', u'europe', u'firebrigade', u'holland', u'mokum', u'nederland', u'screenpunk', u'stad', u'the netherlands', u'urban']
Amsterdam	[91394190, 727232, 12592040, 2346379, 15003820, 23424909, 28350886]	http://www.flickr.com/photos/23286095@N05/4308861305/		belichtingsanalyse .. iemand?	False	http://farm5.staticflickr.com/4035/4308861305_25cbfb57ec.jpg	18	6426f79451438a43e5e56671dd2887	jpg	screenpunk	Netherlands	2010-01-27T17:06:54Z	Attribution-NonCommercial License	2010-01-27T18:05:32Z	Nokia E71	5406721	straatklok	4308861305	[u'2010', u'belichting', u'het is 10 over 6 en ook erg blauw', u'licht', u'overbelicht', u'overbelichting', u'screenpunk']
Amsterdam	[91394190, 727232, 12592040, 2346379, 15003820, 23424909, 28350886]	http://www.flickr.com/photos/23286095@N05/4309600634/			False	http://farm3.staticflickr.com/2705/4309600634_3f80bafcd8.jpg	18	387e54b1ea2b6ddb85f2cbaea6ff2	jpg	screenpunk	Netherlands	2010-01-27T17:08:07Z	Attribution-NonCommercial License	2010-01-27T18:06:42Z	Nokia E71	77149533	koffiehuis van de volksbond	4309600634	[u'2010', u'screenpunk']
Amsterdam	[727232, 12592040, 2346379, 15003820, 23424909, 28350886]	http://www.flickr.com/photos/23286095@N05/4309605828/			False	http://farm5.staticflickr.com/4046/4309605828_27edfc2fb8.jpg	18	c2233cb6c43f4b2aa7dff967a4edd83	jpg	screenpunk	Netherlands	2010-01-27T17:10:36Z	Attribution-NonCommercial License	2010-01-27T18:09:10Z	Nokia E71	93803818	organoid	4309605828	[u'2010', u'screenpunk']
Amsterdam	[91397934, 727232, 12592040, 2346379, 15003820, 23424909, 28350886]	http://www.flickr.com/photos/23286095@N05/4308882851/			False	http://farm5.staticflickr.com/4057/4308882851_43b2e1dafa.jpg	18	4fd30469621f04c55b89478bbc6a65c	jpg	screenpunk	Netherlands	2010-01-27T17:17:26Z	Attribution-NonCommercial License	2010-01-27T18:16:04Z	Nokia E71	69768351	Oosterkerk	4308882851	[u'2010', u'amsterdam', u'kwartoverzes', u'nederland', u'oosterkerk', u'screenpunk', u'thenetherlands', u'wittenburg']
Amsterdam	[91397934, 727232, 12592040, 2346379, 15003820, 23424909, 28350886]	http://www.flickr.com/photos/23286095@N05/4308887041/			False	http://farm3.staticflickr.com/2714/4308887041_9a40e12e9c.jpg	18	e3d3eee47ce345acc716514c917aa885	jpg	screenpunk	Netherlands	2010-01-27T17:19:33Z	Attribution-NonCommercial License	2010-01-27T18:18:06Z	Nokia E71	87656939	stoplichtmannetje	4308887041	[u'2010', u'screenpunk']
Amsterdam	[727232, 12592040, 2346379, 15003820, 23424909, 28350886]	http://www.flickr.com/photos/23286095@N05/4308889819/		bags & worries	False	http://farm5.staticflickr.com/4059/4308889819_7e15a0ffb8.jpg	18	2adc3413eab55a591428bc133e6ed6d5	jpg	screenpunk	Netherlands	2010-01-27T17:21:07Z	Attribution-NonCommercial License	2010-01-27T18:19:33Z	Nokia E71	31128378	boodschappen	4308889819	[u'2010', u'alberthein', u'amsterdam', u'bags', u'beg', u'boodschappen', u'city', u'daklozenkrant', u'europa', u'europe', u'holland', u'karakter', u'mokum', u'nederland', u'screenpunk', u'stad', u'tassen', u'the netherlands', u'urban']
Amsterdam	[727232, 12592040, 2346379, 15003820, 23424909, 28350886]	http://www.flickr.com/photos/23286095@N05/4309641198/			False	http://farm5.staticflickr.com/4040/4309641198_469c6167be.jpg	18	e68b654eb44ea0701fb559c721a640	jpg	screenpunk	Netherlands	2010-01-27T17:28:57Z	Attribution-NonCommercial License	2010-01-27T18:27:30Z	Nokia E71	71889530	Albert Hein	4309641198	[u'2010', u'screenpunk']
