town_s	woe_is	urlpage_s	machine_ss	desc_ws	video_b	url_s	hour_i	hash_s	ext_s	user_s	country_s	upload_dt	license_s	taken_dt	device_s	line_i	title_s	id	tag_ss
Amsterdam	[727232, 12592040, 2346379, 15003819, 23424909, 28350886]	http://www.flickr.com/photos/34277377@N00/3506325504/			False	http://farm4.staticflickr.com/3387/3506325504_cc7a44ffda.jpg	8	eb316a608ffb60e1f8b3cc7080cef4f4	jpg	khoogheem	Netherlands	2009-05-06T01:32:19Z	Attribution-NonCommercial-NoDerivs License	2009-04-30T08:25:09Z	Canon EOS DIGITAL REBEL XTi	83745260	IMG_2051	3506325504	[u'amsterdam', u'eu', u'europe', u'holland', u'koninginnedag', u'netherlands', u'oranjegekte', u'queens day', u'saamhorigheid']
Amsterdam	[91394545, 727232, 12592040, 2346379, 15003819, 23424909, 28350886]	http://www.flickr.com/photos/34277377@N00/3505514861/			False	http://farm4.staticflickr.com/3600/3505514861_a402bbba37.jpg	8	9097e69a2cbd7246c671d1d3de7b95c1	jpg	khoogheem	Netherlands	2009-05-06T01:31:31Z	Attribution-NonCommercial-NoDerivs License	2009-04-30T08:27:15Z	Canon EOS DIGITAL REBEL XTi	76692507	IMG_2052	3505514861	[u'amsterdam', u'eu', u'europe', u'holland', u'koninginnedag', u'netherlands', u'oranjegekte', u'queens day', u'saamhorigheid', u'sign']
Amsterdam	[91394545, 727232, 12592040, 2346379, 15003819, 23424909, 28350886]	http://www.flickr.com/photos/34277377@N00/3506324356/			False	http://farm4.staticflickr.com/3417/3506324356_a4fefe647b.jpg	8	47fcd08e27aea38d71282e1e328c32c1	jpg	khoogheem	Netherlands	2009-05-06T01:31:51Z	Attribution-NonCommercial-NoDerivs License	2009-04-30T08:27:41Z	Canon EOS DIGITAL REBEL XTi	92158444	IMG_2053	3506324356	[u'amsterdam', u'eu', u'europe', u'holland', u'koninginnedag', u'netherlands', u'oranjegekte', u'queens day', u'saamhorigheid']
Amsterdam	[91394545, 727232, 12592040, 2346379, 15003819, 23424909, 28350886]	http://www.flickr.com/photos/34277377@N00/3506325820/			False	http://farm4.staticflickr.com/3661/3506325820_0c13886c39.jpg	8	d28cb365df2db2649f8fb56bdd169f	jpg	khoogheem	Netherlands	2009-05-06T01:32:27Z	Attribution-NonCommercial-NoDerivs License	2009-04-30T08:28:46Z	Canon EOS DIGITAL REBEL XTi	84756502	IMG_2054	3506325820	[u'amsterdam', u'eu', u'europe', u'holland', u'koninginnedag', u'netherlands', u'oranjegekte', u'queens day', u'saamhorigheid']
Amsterdam	[91394545, 727232, 12592040, 2346379, 15003819, 23424909, 28350886]	http://www.flickr.com/photos/34277377@N00/3506323048/			False	http://farm4.staticflickr.com/3612/3506323048_0a29c0b18a.jpg	8	cbf43c18a0224d575251571122287248	jpg	khoogheem	Netherlands	2009-05-06T01:31:18Z	Attribution-NonCommercial-NoDerivs License	2009-04-30T08:29:40Z	Canon EOS DIGITAL REBEL XTi	46529757	IMG_2055	3506323048	[u'amsterdam', u'eu', u'europe', u'holland', u'koninginnedag', u'netherlands', u'oranjegekte', u'queens day', u'saamhorigheid']
Amsterdam	[56817994, 727232, 12592040, 2346379, 23424909, 28350886]	http://www.flickr.com/photos/34277377@N00/3505515949/			False	http://farm4.staticflickr.com/3561/3505515949_7e35b252c8.jpg	8	f1509158bad1685a16cf4d2a96e57d64	jpg	khoogheem	Netherlands	2009-05-06T01:31:58Z	Attribution-NonCommercial-NoDerivs License	2009-04-30T08:52:38Z	Canon EOS DIGITAL REBEL XTi	74948402	IMG_2059	3505515949	[u'amsterdam', u'eu', u'europe', u'holland', u'koninginnedag', u'netherlands', u'oranjegekte', u'queens day', u'saamhorigheid']
Amsterdam	[91396184, 727232, 12592040, 2346379, 15003814, 23424909, 28350886]	http://www.flickr.com/photos/34277377@N00/3505515175/			False	http://farm4.staticflickr.com/3323/3505515175_e1d57a1796.jpg	8	17fecdba784b58dca5834cb435fe129c	jpg	khoogheem	Netherlands	2009-05-06T01:31:38Z	Attribution-NonCommercial-NoDerivs License	2009-04-30T08:53:33Z	Canon EOS DIGITAL REBEL XTi	89124865	IMG_2060	3505515175	[u'amsterdam', u'eu', u'europe', u'holland', u'koninginnedag', u'netherlands', u'oranjegekte', u'queens day', u'saamhorigheid']
Amsterdam	[91396184, 727232, 12592040, 2346379, 15003814, 23424909, 28350886]	http://www.flickr.com/photos/34277377@N00/3506322754/			False	http://farm4.staticflickr.com/3361/3506322754_1053346360.jpg	8	8c00dea6f77bb48c47ceec3c36c91	jpg	khoogheem	Netherlands	2009-05-06T01:31:11Z	Attribution-NonCommercial-NoDerivs License	2009-04-30T08:56:22Z	Canon EOS DIGITAL REBEL XTi	65886719	IMG_2061	3506322754	[u'amsterdam', u'eu', u'europe', u'holland', u'koninginnedag', u'netherlands', u'oranjegekte', u'queens day', u'saamhorigheid']
Amsterdam	[91396879, 727232, 12592040, 2346379, 15003814, 23424909, 28350886]	http://www.flickr.com/photos/34277377@N00/3506324966/			False	http://farm4.staticflickr.com/3543/3506324966_80d7e6bcbe.jpg	9	56a369a6fdddb31df88a5667e42eb98	jpg	khoogheem	Netherlands	2009-05-06T01:32:05Z	Attribution-NonCommercial-NoDerivs License	2009-04-30T09:01:10Z	Canon EOS DIGITAL REBEL XTi	91663195	IMG_2062	3506324966	[u'amsterdam', u'eu', u'europe', u'holland', u'koninginnedag', u'netherlands', u'oranjegekte', u'queens day', u'saamhorigheid']
Amsterdam	[91396879, 727232, 12592040, 2346379, 15003814, 23424909, 28350886]	http://www.flickr.com/photos/34277377@N00/3506323316/			False	http://farm4.staticflickr.com/3553/3506323316_5e22a48579.jpg	9	c027ae6454eefad90dc129945b5e	jpg	khoogheem	Netherlands	2009-05-06T01:31:24Z	Attribution-NonCommercial-NoDerivs License	2009-04-30T09:01:35Z	Canon EOS DIGITAL REBEL XTi	97780813	IMG_2064	3506323316	[u'amsterdam', u'eu', u'europe', u'holland', u'koninginnedag', u'netherlands', u'oranjegekte', u'queens day', u'saamhorigheid']
Amsterdam	[91394415, 727232, 12592040, 2346379, 15003814, 23424909, 28350886]	http://www.flickr.com/photos/34277377@N00/3505513855/			False	http://farm4.staticflickr.com/3602/3505513855_5326f20591.jpg	9	da3e224c37dc519c8763a20c61598c	jpg	khoogheem	Netherlands	2009-05-06T01:31:04Z	Attribution-NonCommercial-NoDerivs License	2009-04-30T09:04:35Z	Canon EOS DIGITAL REBEL XTi	65341187	IMG_2065	3505513855	[u'amsterdam', u'eu', u'europe', u'holland', u'koninginnedag', u'netherlands', u'oranjegekte', u'queens day', u'saamhorigheid']
Amsterdam	[91394415, 727232, 12592040, 2346379, 15003814, 23424909, 28350886]	http://www.flickr.com/photos/34277377@N00/3505516499/			False	http://farm4.staticflickr.com/3539/3505516499_1b154855a9.jpg	9	7f147482d37abc1a8e876dbdc5d21c1	jpg	khoogheem	Netherlands	2009-05-06T01:32:12Z	Attribution-NonCommercial-NoDerivs License	2009-04-30T09:04:54Z	Canon EOS DIGITAL REBEL XTi	9118280	IMG_2066	3505516499	[u'amsterdam', u'eu', u'europe', u'holland', u'koninginnedag', u'netherlands', u'oranjegekte', u'queens day', u'saamhorigheid']
Amsterdam	[91394890, 727232, 12592040, 2346379, 15003814, 23424909, 28350886]	http://www.flickr.com/photos/34277377@N00/3506102938/			False	http://farm4.staticflickr.com/3387/3506102938_c2429a3f8e.jpg	9	2be7e9394d0fc329d311b1106c4686	jpg	khoogheem	Netherlands	2009-05-05T23:48:18Z	Attribution-NonCommercial-NoDerivs License	2009-04-30T09:10:16Z	Canon EOS DIGITAL REBEL XTi	88955800	IMG_2067	3506102938	[u'amsterdam', u'eu', u'europe', u'holland', u'koninginnedag', u'netherlands', u'oranjegekte', u'queens day', u'saamhorigheid']
Amsterdam	[91394890, 727232, 12592040, 2346379, 15003814, 23424909, 28350886]	http://www.flickr.com/photos/34277377@N00/3505293831/			False	http://farm4.staticflickr.com/3650/3505293831_f22893e8e4.jpg	9	1cebe0b4ebdff85e69e33eb5732ccf	jpg	khoogheem	Netherlands	2009-05-05T23:48:30Z	Attribution-NonCommercial-NoDerivs License	2009-04-30T09:10:49Z	Canon EOS DIGITAL REBEL XTi	83876001	IMG_2068	3505293831	[u'amsterdam', u'eu', u'europe', u'holland', u'koninginnedag', u'netherlands', u'oranjegekte', u'queens day', u'saamhorigheid']
Amsterdam	[91399041, 727232, 12592040, 2346379, 15003819, 23424909, 28350886]	http://www.flickr.com/photos/34277377@N00/3506102406/			False	http://farm4.staticflickr.com/3621/3506102406_63c228d2cf.jpg	9	dadc336727fe6087f5398152461d50a	jpg	khoogheem	Netherlands	2009-05-05T23:48:02Z	Attribution-NonCommercial-NoDerivs License	2009-04-30T09:12:13Z	Canon EOS DIGITAL REBEL XTi	74604879	IMG_2069	3506102406	[u'amsterdam', u'eu', u'europe', u'holland', u'koninginnedag', u'netherlands', u'oranjegekte', u'queens day', u'saamhorigheid']
Amsterdam	[91399041, 727232, 12592040, 2346379, 15003819, 23424909, 28350886]	http://www.flickr.com/photos/34277377@N00/3505290649/			False	http://farm4.staticflickr.com/3640/3505290649_560ee1f220.jpg	9	9f8618438056fc213458c9f911516ac	jpg	khoogheem	Netherlands	2009-05-05T23:46:53Z	Attribution-NonCommercial-NoDerivs License	2009-04-30T09:12:34Z	Canon EOS DIGITAL REBEL XTi	86762522	IMG_2070	3505290649	[u'amsterdam', u'eu', u'europe', u'holland', u'koninginnedag', u'netherlands', u'oranjegekte', u'queens day', u'saamhorigheid']
Amsterdam	[91396539, 727232, 12592040, 2346379, 15003819, 23424909, 28350886]	http://www.flickr.com/photos/34277377@N00/3505293281/			False	http://farm4.staticflickr.com/3368/3505293281_6c52319e62.jpg	9	84a3e018fedeaced8be7b9cbeafbec7a	jpg	khoogheem	Netherlands	2009-05-05T23:48:12Z	Attribution-NonCommercial-NoDerivs License	2009-04-30T09:14:12Z	Canon EOS DIGITAL REBEL XTi	76986413	IMG_2071	3505293281	[u'amsterdam', u'eu', u'europe', u'holland', u'koninginnedag', u'netherlands', u'oranjegekte', u'queens day', u'saamhorigheid']
Amsterdam	[91396539, 727232, 12592040, 2346379, 15003819, 23424909, 28350886]	http://www.flickr.com/photos/34277377@N00/3506101886/			False	http://farm4.staticflickr.com/3360/3506101886_1b2b8666c5.jpg	9	596d482faf7b5c50aa5c46dead56c268	jpg	khoogheem	Netherlands	2009-05-05T23:47:46Z	Attribution-NonCommercial-NoDerivs License	2009-04-30T09:15:44Z	Canon EOS DIGITAL REBEL XTi	66294990	IMG_2072	3506101886	[u'amsterdam', u'eu', u'europe', u'holland', u'koninginnedag', u'netherlands', u'oranjegekte', u'queens day', u'saamhorigheid']
Amsterdam	[91397475, 727232, 12592040, 2346379, 15003819, 23424909, 28350886]	http://www.flickr.com/photos/34277377@N00/3506102056/			False	http://farm4.staticflickr.com/3620/3506102056_88d9df081d.jpg	9	88da672292fae4eb54bf7ee06af364e8	jpg	khoogheem	Netherlands	2009-05-05T23:47:51Z	Attribution-NonCommercial-NoDerivs License	2009-04-30T09:18:10Z	Canon EOS DIGITAL REBEL XTi	73125968	IMG_2073	3506102056	[u'amsterdam', u'eu', u'europe', u'holland', u'koninginnedag', u'netherlands', u'oranjegekte', u'queens day', u'saamhorigheid']
Amsterdam	[91393743, 727232, 12592040, 2346379, 15003819, 23424909, 28350886]	http://www.flickr.com/photos/34277377@N00/3506099272/			False	http://farm4.staticflickr.com/3373/3506099272_d52a548e9b.jpg	9	8b349c55258eb5e06b0a85e21ba941f	jpg	khoogheem	Netherlands	2009-05-05T23:46:28Z	Attribution-NonCommercial-NoDerivs License	2009-04-30T09:19:55Z	Canon EOS DIGITAL REBEL XTi	71596740	IMG_2074	3506099272	[u'amsterdam', u'eu', u'europe', u'holland', u'koninginnedag', u'netherlands', u'oranjegekte', u'queens day', u'saamhorigheid']
Amsterdam	[91396539, 727232, 12592040, 2346379, 15003819, 23424909, 28350886]	http://www.flickr.com/photos/34277377@N00/3506100312/			False	http://farm4.staticflickr.com/3625/3506100312_f795d01394.jpg	9	728cccf27b8eb6b8d4f769c3bf34a9f9	jpg	khoogheem	Netherlands	2009-05-05T23:46:58Z	Attribution-NonCommercial-NoDerivs License	2009-04-30T09:23:45Z	Canon EOS DIGITAL REBEL XTi	89955539	IMG_2075	3506100312	[u'amsterdam', u'eu', u'europe', u'holland', u'koninginnedag', u'netherlands', u'oranjegekte', u'queens day', u'saamhorigheid']
Amsterdam	[727232, 12592040, 2346379, 15003819, 23424909, 28350886]	http://www.flickr.com/photos/34277377@N00/3506081572/			False	http://farm4.staticflickr.com/3562/3506081572_2eb30513c0.jpg	9	a37e89ec41d754bf26e5bd3288cdca12	jpg	khoogheem	Netherlands	2009-05-05T23:37:43Z	Attribution-NonCommercial-NoDerivs License	2009-04-30T09:32:18Z	Canon EOS DIGITAL REBEL XTi	69082985	IMG_2080	3506081572	[u'amsterdam', u'eu', u'europe', u'holland', u'koninginnedag', u'netherlands', u'oranjegekte', u'queens day', u'saamhorigheid']
Amsterdam	[91394504, 727232, 12592040, 2346379, 15003846, 23424909, 28350886]	http://www.flickr.com/photos/34277377@N00/3505273303/		This is what Team Canada sent for Queens Day?!?  Come on Canada, you can do better then this!!	False	http://farm4.staticflickr.com/3544/3505273303_a0cca14725.jpg	9	4073ad2a679834f768de9467dad6e5d	jpg	khoogheem	Netherlands	2009-05-05T23:38:16Z	Attribution-NonCommercial-NoDerivs License	2009-04-30T09:46:24Z	Canon EOS DIGITAL REBEL XTi	91414760	Team Canada	3505273303	[u'amsterdam', u'eu', u'europe', u'holland', u'koninginnedag', u'netherlands', u'oranjegekte', u'queens day', u'saamhorigheid']
Amsterdam	[91394504, 727232, 12592040, 2346379, 15003846, 23424909, 28350886]	http://www.flickr.com/photos/34277377@N00/3505272391/			False	http://farm4.staticflickr.com/3544/3505272391_56b4ab224c.jpg	9	e11fbd6ea92dc347187e6b83d8329d7	jpg	khoogheem	Netherlands	2009-05-05T23:37:48Z	Attribution-NonCommercial-NoDerivs License	2009-04-30T09:47:30Z	Canon EOS DIGITAL REBEL XTi	63189786	IMG_2084	3505272391	[u'amsterdam', u'eu', u'europe', u'holland', u'koninginnedag', u'netherlands', u'oranjegekte', u'queens day', u'saamhorigheid']
Amsterdam	[91394504, 727232, 12592040, 2346379, 15003846, 23424909, 28350886]	http://www.flickr.com/photos/34277377@N00/3506081082/			False	http://farm4.staticflickr.com/3539/3506081082_af21347eb3.jpg	9	8f5664cfc3799a5d38a9c2dbd65d8746	jpg	khoogheem	Netherlands	2009-05-05T23:37:29Z	Attribution-NonCommercial-NoDerivs License	2009-04-30T09:48:03Z	Canon EOS DIGITAL REBEL XTi	97755125	IMG_2085	3506081082	[u'amsterdam', u'eu', u'europe', u'holland', u'koninginnedag', u'netherlands', u'oranjegekte', u'queens day', u'saamhorigheid']
Amsterdam	[91394504, 727232, 12592040, 2346379, 15003846, 23424909, 28350886]	http://www.flickr.com/photos/34277377@N00/3506081978/			False	http://farm4.staticflickr.com/3635/3506081978_1d09111b1e.jpg	9	7887bd486120cfc221d058955cb762cc	jpg	khoogheem	Netherlands	2009-05-05T23:37:54Z	Attribution-NonCommercial-NoDerivs License	2009-04-30T09:48:19Z	Canon EOS DIGITAL REBEL XTi	89371965	IMG_2086	3506081978	[u'amsterdam', u'eu', u'europe', u'holland', u'koninginnedag', u'netherlands', u'oranjegekte', u'queens day', u'saamhorigheid']
Amsterdam	[91394504, 727232, 12592040, 2346379, 15003846, 23424909, 28350886]	http://www.flickr.com/photos/34277377@N00/3505271449/			False	http://farm4.staticflickr.com/3650/3505271449_f2fc6b2cf6.jpg	9	5323bb5d143010e92bc2a3c8e654bc8	jpg	khoogheem	Netherlands	2009-05-05T23:37:19Z	Attribution-NonCommercial-NoDerivs License	2009-04-30T09:51:42Z	Canon EOS DIGITAL REBEL XTi	78014907	IMG_2087	3505271449	[u'amsterdam', u'eu', u'europe', u'holland', u'koninginnedag', u'netherlands', u'oranjegekte', u'queens day', u'saamhorigheid']
Amsterdam	[91394469, 727232, 12592040, 2346379, 15003819, 23424909, 28350886]	http://www.flickr.com/photos/34277377@N00/3506069148/			False	http://farm4.staticflickr.com/3158/3506069148_3c7279e910.jpg	10	808d767663f0f36b1472d18cac606d59	jpg	khoogheem	Netherlands	2009-05-05T23:31:36Z	Attribution-NonCommercial-NoDerivs License	2009-04-30T10:06:24Z	Canon EOS DIGITAL REBEL XTi	74647487	IMG_2109	3506069148	[u'amsterdam', u'eu', u'europe', u'holland', u'koninginnedag', u'netherlands', u'oranjegekte', u'queens day', u'saamhorigheid']
Amsterdam	[55805668, 728410, 727232, 12592040, 2346379, 15003818, 23424909, 28350886]	http://www.flickr.com/photos/34277377@N00/3505260415/			False	http://farm4.staticflickr.com/3187/3505260415_c0c179a6ab.jpg	10	d6a11fd2245e95a59921658ecd44e1b6	jpg	khoogheem	Netherlands	2009-05-05T23:31:47Z	Attribution-NonCommercial-NoDerivs License	2009-04-30T10:09:50Z	Canon EOS DIGITAL REBEL XTi	71109875	IMG_2111	3505260415	[u'amsterdam', u'eu', u'europe', u'holland', u'koninginnedag', u'netherlands', u'oranjegekte', u'queens day', u'saamhorigheid']
Amsterdam	[55805668, 728410, 727232, 12592040, 2346379, 15003818, 23424909, 28350886]	http://www.flickr.com/photos/34277377@N00/3505259847/			False	http://farm4.staticflickr.com/3349/3505259847_64ef749547.jpg	10	ca1cbff29e5bb5e5568e3fee6bfdc0a1	jpg	khoogheem	Netherlands	2009-05-05T23:31:30Z	Attribution-NonCommercial-NoDerivs License	2009-04-30T10:15:28Z	Canon EOS DIGITAL REBEL XTi	75858746	IMG_2115	3505259847	[u'amsterdam', u'eu', u'europe', u'holland', u'koninginnedag', u'netherlands', u'oranjegekte', u'queens day', u'saamhorigheid']
Amsterdam	[727232, 12592040, 2346379, 15003862, 23424909, 28350886]	http://www.flickr.com/photos/34277377@N00/3506054592/			False	http://farm4.staticflickr.com/3650/3506054592_2ff5939ed9.jpg	10	75edea6030b094e4c6c688bbbd72572	jpg	khoogheem	Netherlands	2009-05-05T23:24:35Z	Attribution-NonCommercial-NoDerivs License	2009-04-30T10:20:59Z	Canon EOS DIGITAL REBEL XTi	63636218	IMG_2122	3506054592	[u'amsterdam', u'eu', u'europe', u'holland', u'koninginnedag', u'netherlands', u'oranjegekte', u'queens day', u'saamhorigheid']
Amsterdam	[727232, 12592040, 2346379, 15003862, 23424909, 28350886]	http://www.flickr.com/photos/34277377@N00/3506054772/			False	http://farm4.staticflickr.com/3313/3506054772_c73d74b238.jpg	10	f93a7c786113a121d0829710b9f3b321	jpg	khoogheem	Netherlands	2009-05-05T23:24:41Z	Attribution-NonCommercial-NoDerivs License	2009-04-30T10:21:55Z	Canon EOS DIGITAL REBEL XTi	77823250	IMG_2123	3506054772	[u'amsterdam', u'eu', u'europe', u'holland', u'koninginnedag', u'netherlands', u'oranjegekte', u'queens day', u'saamhorigheid']
Amsterdam	[727232, 12592040, 2346379, 15003862, 23424909, 28350886]	http://www.flickr.com/photos/34277377@N00/3505246035/			False	http://farm4.staticflickr.com/3591/3505246035_59957422b6.jpg	10	c810d775c19c712e97ce6e2f94f2e6	jpg	khoogheem	Netherlands	2009-05-05T23:24:46Z	Attribution-NonCommercial-NoDerivs License	2009-04-30T10:22:24Z	Canon EOS DIGITAL REBEL XTi	94763722	IMG_2124	3505246035	[u'amsterdam', u'eu', u'europe', u'holland', u'koninginnedag', u'netherlands', u'oranjegekte', u'queens day', u'saamhorigheid']
Amsterdam	[727232, 12592040, 2346379, 15003819, 23424909, 28350886]	http://www.flickr.com/photos/34277377@N00/3505232241/			False	http://farm4.staticflickr.com/3313/3505232241_c148089176.jpg	13	f9164d18ef25a473b317c7c8440779d	jpg	khoogheem	Netherlands	2009-05-05T23:17:51Z	Attribution-NonCommercial-NoDerivs License	2009-04-30T13:34:27Z	Canon PowerShot SD1100 IS	25647265	IMG_2734	3505232241	[u'amsterdam', u'eu', u'europe', u'holland', u'koninginnedag', u'netherlands', u'oranjegekte', u'queens day', u'saamhorigheid']
Amsterdam	[91394545, 727232, 12592040, 2346379, 15003819, 23424909, 28350886]	http://www.flickr.com/photos/34277377@N00/3506031008/			False	http://farm4.staticflickr.com/3301/3506031008_c9bf70e2fb.jpg	13	d14091f08f2ebd5815ea91dcf845159	jpg	khoogheem	Netherlands	2009-05-05T23:12:52Z	Attribution-NonCommercial-NoDerivs License	2009-04-30T13:37:45Z	Canon PowerShot SD1100 IS	63583311	IMG_2735	3506031008	[u'amsterdam', u'eu', u'europe', u'holland', u'koninginnedag', u'netherlands', u'oranjegekte', u'queens day', u'saamhorigheid']
Amsterdam	[91394545, 727232, 12592040, 2346379, 15003819, 23424909, 28350886]	http://www.flickr.com/photos/34277377@N00/3505222615/			False	http://farm4.staticflickr.com/3650/3505222615_7b482eef1e.jpg	13	73a448f5c0b2524bdd95c3967831a1d4	jpg	khoogheem	Netherlands	2009-05-05T23:13:13Z	Attribution-NonCommercial-NoDerivs License	2009-04-30T13:41:55Z	Canon PowerShot SD1100 IS	71786795	IMG_2736	3505222615	[u'amsterdam', u'eu', u'europe', u'holland', u'koninginnedag', u'netherlands', u'oranjegekte', u'queens day', u'saamhorigheid']
Amsterdam	[91394545, 727232, 12592040, 2346379, 15003819, 23424909, 28350886]	http://www.flickr.com/photos/34277377@N00/3505221545/			False	http://farm4.staticflickr.com/3567/3505221545_bfa577373e.jpg	13	4207f5bb432d148611c4d2a37a570	jpg	khoogheem	Netherlands	2009-05-05T23:12:41Z	Attribution-NonCommercial-NoDerivs License	2009-04-30T13:42:12Z	Canon PowerShot SD1100 IS	21006760	IMG_2737	3505221545	[u'amsterdam', u'eu', u'europe', u'holland', u'koninginnedag', u'netherlands', u'oranjegekte', u'queens day', u'saamhorigheid']
Amsterdam	[56556784, 728410, 727232, 12592040, 2346379, 15003818, 23424909, 28350886]	http://www.flickr.com/photos/34277377@N00/3506026168/			False	http://farm4.staticflickr.com/3584/3506026168_2efef8864e.jpg	13	ba16566957a335f856a08a6aacd2386a	jpg	khoogheem	Netherlands	2009-05-05T23:10:21Z	Attribution-NonCommercial-NoDerivs License	2009-04-30T13:45:13Z	Canon PowerShot SD1100 IS	74229443	IMG_2738	3506026168	[u'amsterdam', u'eu', u'europe', u'holland', u'koninginnedag', u'netherlands', u'oranjegekte', u'queens day', u'saamhorigheid']
Amsterdam	[56556784, 728410, 727232, 12592040, 2346379, 15003818, 23424909, 28350886]	http://www.flickr.com/photos/34277377@N00/3506026342/			False	http://farm4.staticflickr.com/3604/3506026342_77e4160d83.jpg	13	634aee9ad0d46cb828166659af8f7590	jpg	khoogheem	Netherlands	2009-05-05T23:10:26Z	Attribution-NonCommercial-NoDerivs License	2009-04-30T13:45:33Z	Canon PowerShot SD1100 IS	65079587	IMG_2739	3506026342	[u'amsterdam', u'eu', u'europe', u'holland', u'koninginnedag', u'netherlands', u'oranjegekte', u'queens day', u'saamhorigheid']
Amsterdam	[56556784, 728410, 727232, 12592040, 2346379, 15003818, 23424909, 28350886]	http://www.flickr.com/photos/34277377@N00/3506026494/			False	http://farm4.staticflickr.com/3366/3506026494_297ea2be03.jpg	13	b416a493f0f6cef79ab35c9cc2a58	jpg	khoogheem	Netherlands	2009-05-05T23:10:32Z	Attribution-NonCommercial-NoDerivs License	2009-04-30T13:46:41Z	Canon PowerShot SD1100 IS	72082252	IMG_2740	3506026494	[u'amsterdam', u'eu', u'europe', u'holland', u'koninginnedag', u'netherlands', u'oranjegekte', u'queens day', u'saamhorigheid']
Amsterdam	[91402361, 727232, 12592040, 2346379, 15003819, 23424909, 28350886]	http://www.flickr.com/photos/34277377@N00/3503340770/			False	http://farm4.staticflickr.com/3649/3503340770_39bca815d1.jpg	13	22a944a5d130d95fda41126e6a2c2f2	jpg	khoogheem	Netherlands	2009-05-05T03:05:56Z	Attribution-NonCommercial-NoDerivs License	2009-04-30T13:47:21Z	Canon PowerShot SD1100 IS	46056517	IMG_2741	3503340770	[u'amsterdam', u'eu', u'europe', u'holland', u'koninginnedag', u'netherlands', u'oranjegekte', u'queens day', u'saamhorigheid']
Amsterdam	[56556784, 728410, 727232, 12592040, 2346379, 15003818, 23424909, 28350886]	http://www.flickr.com/photos/34277377@N00/3506026664/			False	http://farm4.staticflickr.com/3644/3506026664_1190f65058.jpg	13	aa1f1ca7eac3648d257ceaebd1845249	jpg	khoogheem	Netherlands	2009-05-05T23:10:37Z	Attribution-NonCommercial-NoDerivs License	2009-04-30T13:47:27Z	Canon PowerShot SD1100 IS	77866156	IMG_2742	3506026664	[u'amsterdam', u'eu', u'europe', u'holland', u'koninginnedag', u'netherlands', u'oranjegekte', u'queens day', u'saamhorigheid']
Amsterdam	[56556784, 728410, 727232, 12592040, 2346379, 15003818, 23424909, 28350886]	http://www.flickr.com/photos/34277377@N00/3505217621/			False	http://farm4.staticflickr.com/3344/3505217621_21ffe18c24.jpg	13	737023bab950437663fc2895ffeb9ca9	jpg	khoogheem	Netherlands	2009-05-05T23:10:42Z	Attribution-NonCommercial-NoDerivs License	2009-04-30T13:47:35Z	Canon PowerShot SD1100 IS	95978774	IMG_2743	3505217621	[u'amsterdam', u'eu', u'europe', u'holland', u'koninginnedag', u'netherlands', u'oranjegekte', u'queens day', u'saamhorigheid']
Amsterdam	[56556784, 728410, 727232, 12592040, 2346379, 15003818, 23424909, 28350886]	http://www.flickr.com/photos/34277377@N00/3506021270/			False	http://farm4.staticflickr.com/3332/3506021270_fe169cde79.jpg	13	f0656b4b79311167f97412ece62ff2e6	jpg	khoogheem	Netherlands	2009-05-05T23:08:03Z	Attribution-NonCommercial-NoDerivs License	2009-04-30T13:50:46Z	Canon PowerShot SD1100 IS	54568052	IMG_2746	3506021270	[u'amsterdam', u'eu', u'europe', u'holland', u'koninginnedag', u'netherlands', u'oranjegekte', u'queens day', u'saamhorigheid']
Amsterdam	[91402361, 727232, 12592040, 2346379, 15003819, 23424909, 28350886]	http://www.flickr.com/photos/34277377@N00/3502530911/			False	http://farm4.staticflickr.com/3354/3502530911_221f827823.jpg	13	ed9dde89225aba1bdc4bb1bbd7ddd2	jpg	khoogheem	Netherlands	2009-05-05T03:06:05Z	Attribution-NonCommercial-NoDerivs License	2009-04-30T13:51:18Z	Canon PowerShot SD1100 IS	88693525	IMG_2747	3502530911	[u'amsterdam', u'eu', u'europe', u'holland', u'koninginnedag', u'netherlands', u'oranjegekte', u'queens day', u'saamhorigheid']
Amsterdam	[56556784, 728410, 727232, 12592040, 2346379, 15003818, 23424909, 28350886]	http://www.flickr.com/photos/34277377@N00/3506020562/			False	http://farm4.staticflickr.com/3334/3506020562_684527c51e.jpg	13	25d6299359d3ec9a37e22723611fe9e	jpg	khoogheem	Netherlands	2009-05-05T23:07:42Z	Attribution-NonCommercial-NoDerivs License	2009-04-30T13:52:10Z	Canon PowerShot SD1100 IS	97928071	IMG_2748	3506020562	[u'amsterdam', u'eu', u'europe', u'holland', u'koninginnedag', u'netherlands', u'oranjegekte', u'queens day', u'saamhorigheid']
Amsterdam	[56556784, 728410, 727232, 12592040, 2346379, 15003818, 23424909, 28350886]	http://www.flickr.com/photos/34277377@N00/3505211689/			False	http://farm4.staticflickr.com/3411/3505211689_5bd70293f5.jpg	13	8b6bca3841fd2e3e1cdd4bdb7cc389	jpg	khoogheem	Netherlands	2009-05-05T23:07:48Z	Attribution-NonCommercial-NoDerivs License	2009-04-30T13:52:49Z	Canon PowerShot SD1100 IS	95138619	IMG_2749	3505211689	[u'amsterdam', u'eu', u'europe', u'holland', u'koninginnedag', u'netherlands', u'oranjegekte', u'queens day', u'saamhorigheid']
Amsterdam	[56556784, 728410, 727232, 12592040, 2346379, 15003818, 23424909, 28350886]	http://www.flickr.com/photos/34277377@N00/3505211247/			False	http://farm4.staticflickr.com/3549/3505211247_d853c6fcee.jpg	13	9125de151f1ae3bbaae990588745436	jpg	khoogheem	Netherlands	2009-05-05T23:07:35Z	Attribution-NonCommercial-NoDerivs License	2009-04-30T13:52:53Z	Canon PowerShot SD1100 IS	67937794	IMG_2750	3505211247	[u'amsterdam', u'eu', u'europe', u'holland', u'koninginnedag', u'netherlands', u'oranjegekte', u'queens day', u'saamhorigheid']
Amsterdam	[56556784, 728410, 727232, 12592040, 2346379, 15003818, 23424909, 28350886]	http://www.flickr.com/photos/34277377@N00/3505211841/			False	http://farm4.staticflickr.com/3378/3505211841_3e5a152213.jpg	13	c0d639db848dd1cabfa1dce2ada7180	jpg	khoogheem	Netherlands	2009-05-05T23:07:53Z	Attribution-NonCommercial-NoDerivs License	2009-04-30T13:52:57Z	Canon PowerShot SD1100 IS	85263340	IMG_2751	3505211841	[u'amsterdam', u'eu', u'europe', u'holland', u'koninginnedag', u'netherlands', u'oranjegekte', u'queens day', u'saamhorigheid']
Amsterdam	[56556784, 728410, 727232, 12592040, 2346379, 15003818, 23424909, 28350886]	http://www.flickr.com/photos/34277377@N00/3505212549/			False	http://farm4.staticflickr.com/3654/3505212549_648ae5f434.jpg	13	7351c91d5ce0f4b8e69c2478351daa8	jpg	khoogheem	Netherlands	2009-05-05T23:08:14Z	Attribution-NonCommercial-NoDerivs License	2009-04-30T13:53:51Z	Canon PowerShot SD1100 IS	59290332	IMG_2752	3505212549	[u'amsterdam', u'eu', u'europe', u'holland', u'koninginnedag', u'netherlands', u'oranjegekte', u'queens day', u'saamhorigheid']
Amsterdam	[56556784, 728410, 727232, 12592040, 2346379, 15003818, 23424909, 28350886]	http://www.flickr.com/photos/34277377@N00/3505212391/			False	http://farm4.staticflickr.com/3584/3505212391_40de5c859d.jpg	13	186a9c5a466ed6f76265fb357d18b	jpg	khoogheem	Netherlands	2009-05-05T23:08:09Z	Attribution-NonCommercial-NoDerivs License	2009-04-30T13:56:04Z	Canon PowerShot SD1100 IS	85987954	IMG_2753	3505212391	[u'amsterdam', u'eu', u'europe', u'holland', u'koninginnedag', u'netherlands', u'oranjegekte', u'queens day', u'saamhorigheid']
Amsterdam	[56556784, 728410, 727232, 12592040, 2346379, 15003818, 23424909, 28350886]	http://www.flickr.com/photos/34277377@N00/3505212013/			False	http://farm4.staticflickr.com/3558/3505212013_13e78a4469.jpg	13	f16b52240e96bce13e2aca497068b0	jpg	khoogheem	Netherlands	2009-05-05T23:07:58Z	Attribution-NonCommercial-NoDerivs License	2009-04-30T13:56:08Z	Canon PowerShot SD1100 IS	90326352	IMG_2754	3505212013	[u'amsterdam', u'eu', u'europe', u'holland', u'koninginnedag', u'netherlands', u'oranjegekte', u'queens day', u'saamhorigheid']
Amsterdam	[91394545, 727232, 12592040, 2346379, 15003819, 23424909, 28350886]	http://www.flickr.com/photos/34277377@N00/3502531193/			False	http://farm4.staticflickr.com/3632/3502531193_7cf0169021.jpg	14	a8c278e47345dea68f23c4f0a17515b	jpg	khoogheem	Netherlands	2009-05-05T03:06:11Z	Attribution-NonCommercial-NoDerivs License	2009-04-30T14:00:05Z	Canon PowerShot SD1100 IS	91201400	Anyone for McDonalds?	3502531193	[u'amsterdam', u'eu', u'europe', u'holland', u'koninginnedag', u'netherlands', u'oranjegekte', u'queens day', u'saamhorigheid']
Amsterdam	[91394545, 727232, 12592040, 2346379, 15003819, 23424909, 28350886]	http://www.flickr.com/photos/34277377@N00/3505201329/			False	http://farm4.staticflickr.com/3415/3505201329_bb925ba10f.jpg	14	f21ab0628ffea2773050a062a72bcb19	jpg	khoogheem	Netherlands	2009-05-05T23:02:59Z	Attribution-NonCommercial-NoDerivs License	2009-04-30T14:04:53Z	Canon PowerShot SD1100 IS	63463812	IMG_2758	3505201329	[u'amsterdam', u'eu', u'europe', u'holland', u'koninginnedag', u'netherlands', u'oranjegekte', u'queens day', u'saamhorigheid']
Amsterdam	[91394545, 727232, 12592040, 2346379, 15003819, 23424909, 28350886]	http://www.flickr.com/photos/34277377@N00/3506011004/			False	http://farm4.staticflickr.com/3377/3506011004_6404b418e7.jpg	14	a6c6f2b55e87648b57a8dc3b2b0c5	jpg	khoogheem	Netherlands	2009-05-05T23:03:05Z	Attribution-NonCommercial-NoDerivs License	2009-04-30T14:04:58Z	Canon PowerShot SD1100 IS	29619868	IMG_2759	3506011004	[u'amsterdam', u'eu', u'europe', u'holland', u'koninginnedag', u'netherlands', u'oranjegekte', u'queens day', u'saamhorigheid']
Amsterdam	[91394545, 727232, 12592040, 2346379, 15003819, 23424909, 28350886]	http://www.flickr.com/photos/34277377@N00/3505201133/			False	http://farm4.staticflickr.com/3403/3505201133_fba50e3d14.jpg	14	d8bf9013b245e8f56d167abdea6069a5	jpg	khoogheem	Netherlands	2009-05-05T23:02:54Z	Attribution-NonCommercial-NoDerivs License	2009-04-30T14:11:18Z	Canon PowerShot SD1100 IS	75855127	IMG_2760	3505201133	[u'amsterdam', u'eu', u'europe', u'holland', u'koninginnedag', u'netherlands', u'oranjegekte', u'queens day', u'saamhorigheid']
Amsterdam	[91394545, 727232, 12592040, 2346379, 15003819, 23424909, 28350886]	http://www.flickr.com/photos/34277377@N00/3506011190/			False	http://farm4.staticflickr.com/3405/3506011190_5fcc2e31c5.jpg	14	37c8606e54136e30e7a24645f81637c0	jpg	khoogheem	Netherlands	2009-05-05T23:03:10Z	Attribution-NonCommercial-NoDerivs License	2009-04-30T14:12:50Z	Canon PowerShot SD1100 IS	70696084	IMG_2761	3506011190	[u'amsterdam', u'eu', u'europe', u'holland', u'koninginnedag', u'netherlands', u'oranjegekte', u'queens day', u'saamhorigheid']
Amsterdam	[91394545, 727232, 12592040, 2346379, 15003819, 23424909, 28350886]	http://www.flickr.com/photos/34277377@N00/3505201929/			False	http://farm4.staticflickr.com/3564/3505201929_e1872b3515.jpg	14	1693b558112b4a4e2fb9b9472788b59	jpg	khoogheem	Netherlands	2009-05-05T23:03:15Z	Attribution-NonCommercial-NoDerivs License	2009-04-30T14:21:17Z	Canon PowerShot SD1100 IS	83558502	IMG_2762	3505201929	[u'amsterdam', u'eu', u'europe', u'holland', u'koninginnedag', u'netherlands', u'oranjegekte', u'queens day', u'saamhorigheid']
Amsterdam	[727232, 12592040, 2346379, 15003819, 23424909, 28350886]	http://www.flickr.com/photos/34277377@N00/3505171437/			False	http://farm4.staticflickr.com/3585/3505171437_2e2227ca73.jpg	14	ac93a4e554a7fb6a48e9242c8614b2a4	jpg	khoogheem	Netherlands	2009-05-05T22:49:03Z	Attribution-NonCommercial-NoDerivs License	2009-04-30T14:23:06Z	Canon PowerShot SD1100 IS	94550453	IMG_2763	3505171437	[u'amsterdam', u'eu', u'europe', u'holland', u'koninginnedag', u'netherlands', u'oranjegekte', u'queens day', u'saamhorigheid']
Amsterdam	[91402361, 727232, 12592040, 2346379, 15003819, 23424909, 28350886]	http://www.flickr.com/photos/34277377@N00/3505979924/			False	http://farm4.staticflickr.com/3331/3505979924_acc9fde441.jpg	14	abd8834a153111de3155ab2d299ab815	jpg	khoogheem	Netherlands	2009-05-05T22:48:43Z	Attribution-NonCommercial-NoDerivs License	2009-04-30T14:43:33Z	Canon PowerShot SD1100 IS	79746114	IMG_2764	3505979924	[u'amsterdam', u'eu', u'europe', u'holland', u'koninginnedag', u'netherlands', u'oranjegekte', u'queens day', u'saamhorigheid']
Amsterdam	[91402361, 727232, 12592040, 2346379, 15003819, 23424909, 28350886]	http://www.flickr.com/photos/34277377@N00/3505980336/			False	http://farm4.staticflickr.com/3572/3505980336_954e93cf07.jpg	14	98cbef458abf494c269f739315c1a341	jpg	khoogheem	Netherlands	2009-05-05T22:48:53Z	Attribution-NonCommercial-NoDerivs License	2009-04-30T14:43:39Z	Canon PowerShot SD1100 IS	79678428	IMG_2765	3505980336	[u'amsterdam', u'eu', u'europe', u'holland', u'koninginnedag', u'netherlands', u'oranjegekte', u'queens day', u'saamhorigheid']
Amsterdam	[91402361, 727232, 12592040, 2346379, 15003819, 23424909, 28350886]	http://www.flickr.com/photos/34277377@N00/3505980100/			False	http://farm4.staticflickr.com/3306/3505980100_291c7f2d55.jpg	14	8c4ea74b391cc929eaabc73089c2a122	jpg	khoogheem	Netherlands	2009-05-05T22:48:48Z	Attribution-NonCommercial-NoDerivs License	2009-04-30T14:44:17Z	Canon PowerShot SD1100 IS	55874665	IMG_2766	3505980100	[u'amsterdam', u'eu', u'europe', u'holland', u'koninginnedag', u'netherlands', u'oranjegekte', u'queens day', u'saamhorigheid']
Amsterdam	[727232, 12592040, 2346379, 15003819, 23424909, 28350886]	http://www.flickr.com/photos/34277377@N00/3505980530/			False	http://farm4.staticflickr.com/3390/3505980530_c4ffd29a8c.jpg	15	7cdd2256959432f7b576c9df2876a2b3	jpg	khoogheem	Netherlands	2009-05-05T22:48:58Z	Attribution-NonCommercial-NoDerivs License	2009-04-30T15:07:00Z	Canon PowerShot SD1100 IS	63359582	IMG_2767	3505980530	[u'amsterdam', u'eu', u'europe', u'holland', u'koninginnedag', u'netherlands', u'oranjegekte', u'queens day', u'saamhorigheid']
Amsterdam	[727232, 12592040, 2346379, 15003819, 23424909, 28350886]	http://www.flickr.com/photos/34277377@N00/3505171629/			False	http://farm4.staticflickr.com/3662/3505171629_d4e5b208a0.jpg	15	901d1666fc05c3ae6abadf045b06386	jpg	khoogheem	Netherlands	2009-05-05T22:49:09Z	Attribution-NonCommercial-NoDerivs License	2009-04-30T15:07:08Z	Canon PowerShot SD1100 IS	23567317	IMG_2768	3505171629	[u'amsterdam', u'eu', u'europe', u'holland', u'koninginnedag', u'netherlands', u'oranjegekte', u'queens day', u'saamhorigheid']
Amsterdam	[727232, 12592040, 2346379, 15003819, 23424909, 28350886]	http://www.flickr.com/photos/34277377@N00/3505171803/			False	http://farm4.staticflickr.com/3308/3505171803_053c7504f4.jpg	15	2bdffec3dd545e2a54aafc8fed31281	jpg	khoogheem	Netherlands	2009-05-05T22:49:14Z	Attribution-NonCommercial-NoDerivs License	2009-04-30T15:20:59Z	Canon PowerShot SD1100 IS	79726808	IMG_2769	3505171803	[u'amsterdam', u'eu', u'europe', u'holland', u'koninginnedag', u'netherlands', u'oranjegekte', u'queens day', u'saamhorigheid']
Amsterdam	[727232, 12592040, 2346379, 15003819, 23424909, 28350886]	http://www.flickr.com/photos/34277377@N00/3505981252/			False	http://farm4.staticflickr.com/3570/3505981252_c712c0f256.jpg	15	1cae1964a155b07ea512d2ab6f3c66b	jpg	khoogheem	Netherlands	2009-05-05T22:49:18Z	Attribution-NonCommercial-NoDerivs License	2009-04-30T15:21:01Z	Canon PowerShot SD1100 IS	43628145	IMG_2770	3505981252	[u'amsterdam', u'eu', u'europe', u'holland', u'koninginnedag', u'netherlands', u'oranjegekte', u'queens day', u'saamhorigheid']
Amsterdam	[91394545, 727232, 12592040, 2346379, 15003819, 23424909, 28350886]	http://www.flickr.com/photos/34277377@N00/3505168719/			False	http://farm4.staticflickr.com/3341/3505168719_8d4d1d9905.jpg	18	778d7d62bd8f69c1e4985d136c7bb24	jpg	khoogheem	Netherlands	2009-05-05T22:47:50Z	Attribution-NonCommercial-NoDerivs License	2009-04-30T18:34:14Z	Canon PowerShot SD1100 IS	61562260	IMG_2771	3505168719	[u'amsterdam', u'eu', u'europe', u'holland', u'koninginnedag', u'netherlands', u'oranjegekte', u'queens day', u'saamhorigheid']
