town_s	woe_is	urlpage_s	machine_ss	desc_ws	video_b	url_s	hour_i	hash_s	ext_s	user_s	country_s	upload_dt	license_s	taken_dt	device_s	line_i	title_s	id	tag_ss
Amsterdam	[727232, 12592040, 2346379, 15003862, 23424909, 28350886]	http://www.flickr.com/photos/38627257@N07/3976334077/			False	http://farm3.staticflickr.com/2642/3976334077_6270728be4.jpg	9	21651bfe91997c44c45887570c16af1	jpg	Mr Laser	Netherlands	2009-10-03T13:07:28Z	Attribution-NonCommercial-NoDerivs License	2009-07-09T09:02:32Z	NIKON CORPORATION NIKON D90	62145802	DSC_001	3976334077	[u'amsterdam', u'vondel park']
Amsterdam	[727232, 12592040, 2346379, 15003862, 23424909, 28350886]	http://www.flickr.com/photos/38627257@N07/3977099454/			False	http://farm3.staticflickr.com/2428/3977099454_6ff4ff3b30.jpg	9	b5ff43e08853819788a1298ece62b82	jpg	Mr Laser	Netherlands	2009-10-03T13:08:54Z	Attribution-NonCommercial-NoDerivs License	2009-07-09T09:03:06Z	NIKON CORPORATION NIKON D90	37375500	DSC_003	3977099454	[u'amsterdam', u'vondel park']
Amsterdam	[727232, 12592040, 2346379, 15003862, 23424909, 28350886]	http://www.flickr.com/photos/38627257@N07/3977102074/			False	http://farm3.staticflickr.com/2481/3977102074_28fb11c222.jpg	9	564d20d18156bb6fb75876072e62356	jpg	Mr Laser	Netherlands	2009-10-03T13:10:23Z	Attribution-NonCommercial-NoDerivs License	2009-07-09T09:04:21Z	NIKON CORPORATION NIKON D90	95089837	DSC_011	3977102074	[u'amsterdam', u'vondel park']
Amsterdam	[727232, 12592040, 2346379, 15003862, 23424909, 28350886]	http://www.flickr.com/photos/38627257@N07/3977105112/			False	http://farm4.staticflickr.com/3486/3977105112_6ed04545a8.jpg	9	345678e36fee7dbde7d266e474fcecc	jpg	Mr Laser	Netherlands	2009-10-03T13:11:56Z	Attribution-NonCommercial-NoDerivs License	2009-07-09T09:05:32Z	NIKON CORPORATION NIKON D90	60816970	DSC_013	3977105112	[u'amsterdam', u'vondel park']
Amsterdam	[727232, 12592040, 2346379, 15003862, 23424909, 28350886]	http://www.flickr.com/photos/38627257@N07/3977109832/			False	http://farm4.staticflickr.com/3532/3977109832_12b21f0ef3.jpg	9	906c9a9c332aa5e12ea1d72c9f2a57b	jpg	Mr Laser	Netherlands	2009-10-03T13:14:30Z	Attribution-NonCommercial-NoDerivs License	2009-07-09T09:07:36Z	NIKON CORPORATION NIKON D90	8198355	DSC_015	3977109832	[u'amsterdam', u'vondel park']
Amsterdam	[727232, 12592040, 2346379, 15003862, 23424909, 28350886]	http://www.flickr.com/photos/38627257@N07/3976349255/			False	http://farm4.staticflickr.com/3531/3976349255_bef78aefc4.jpg	9	c548146c579a6192f46f4ed263557a9	jpg	Mr Laser	Netherlands	2009-10-03T13:15:53Z	Attribution-NonCommercial-NoDerivs License	2009-07-09T09:07:52Z	NIKON CORPORATION NIKON D90	71769863	DSC_016	3976349255	[u'amsterdam', u'vondel park']
Amsterdam	[727232, 12592040, 2346379, 15003862, 23424909, 28350886]	http://www.flickr.com/photos/38627257@N07/3976351129/			False	http://farm3.staticflickr.com/2561/3976351129_f54135532a.jpg	9	c6880d8d7ec6cf831dd7670a295bb	jpg	Mr Laser	Netherlands	2009-10-03T13:17:02Z	Attribution-NonCommercial-NoDerivs License	2009-07-09T09:08:33Z	NIKON CORPORATION NIKON D90	82394449	DSC_018	3976351129	[u'amsterdam', u'vondel park']
Amsterdam	[727232, 12592040, 2346379, 15003862, 23424909, 28350886]	http://www.flickr.com/photos/38627257@N07/3976353745/			False	http://farm3.staticflickr.com/2563/3976353745_1a622fd451.jpg	9	4a4dbc86ccfc1586b06b2afecd8544b6	jpg	Mr Laser	Netherlands	2009-10-03T13:18:31Z	Attribution-NonCommercial-NoDerivs License	2009-07-09T09:11:10Z	NIKON CORPORATION NIKON D90	90945579	DSC_019copy	3976353745	[u'vondel park']
Amsterdam	[727232, 12592040, 2346379, 15003862, 23424909, 28350886]	http://www.flickr.com/photos/38627257@N07/3976356939/			False	http://farm3.staticflickr.com/2492/3976356939_e2c9b25e7b.jpg	9	248e36d3c6b44f459eec93a378865935	jpg	Mr Laser	Netherlands	2009-10-03T13:20:23Z	Attribution-NonCommercial-NoDerivs License	2009-07-09T09:12:42Z	NIKON CORPORATION NIKON D90	89040125	DSC_020	3976356939	[u'amsterdam', u'vondel park']
Amsterdam	[727232, 12592040, 2346379, 15003862, 23424909, 28350886]	http://www.flickr.com/photos/38627257@N07/3976358255/			False	http://farm3.staticflickr.com/2527/3976358255_59c73a7319.jpg	9	fa6dbcc4f4f3eac7ae3bc7893f13	jpg	Mr Laser	Netherlands	2009-10-03T13:21:12Z	Attribution-NonCommercial-NoDerivs License	2009-07-09T09:14:37Z	NIKON CORPORATION NIKON D90	93496285	DSC_022	3976358255	[u'amsterdam', u'vondel park']
Amsterdam	[727232, 12592040, 2346379, 15003862, 23424909, 28350886]	http://www.flickr.com/photos/38627257@N07/3976359863/			False	http://farm3.staticflickr.com/2599/3976359863_4ccf19b451.jpg	9	5a9164d0c1531eaa8e93e4732179ac29	jpg	Mr Laser	Netherlands	2009-10-03T13:22:10Z	Attribution-NonCommercial-NoDerivs License	2009-07-09T09:15:53Z	NIKON CORPORATION NIKON D90	45935055	DSC_024	3976359863	[u'amsterdam', u'vondel park']
Amsterdam	[727232, 12592040, 2346379, 15003862, 23424909, 28350886]	http://www.flickr.com/photos/38627257@N07/3976361603/			False	http://farm3.staticflickr.com/2603/3976361603_f972b069c4.jpg	9	f4835263a173eecdabec8be83527b2ae	jpg	Mr Laser	Netherlands	2009-10-03T13:23:09Z	Attribution-NonCommercial-NoDerivs License	2009-07-09T09:16:52Z	NIKON CORPORATION NIKON D90	67704534	DSC_028	3976361603	[u'amsterdam', u'vondel park']
Amsterdam	[727232, 12592040, 2346379, 15003862, 23424909, 28350886]	http://www.flickr.com/photos/38627257@N07/3976366077/			False	http://farm3.staticflickr.com/2669/3976366077_e10306dee5.jpg	9	365dd73d83a66d104bbc51686cd21c	jpg	Mr Laser	Netherlands	2009-10-03T13:25:29Z	Attribution-NonCommercial-NoDerivs License	2009-07-09T09:18:18Z	NIKON CORPORATION NIKON D90	90697493	DSC_030	3976366077	[u'amsterdam', u'vondel park']
Amsterdam	[727232, 12592040, 2346379, 15003862, 23424909, 28350886]	http://www.flickr.com/photos/38627257@N07/3976369499/			False	http://farm3.staticflickr.com/2596/3976369499_4402bb1a3f.jpg	9	eabdcc61fecfba9b97fa2bc7a1d943e4	jpg	Mr Laser	Netherlands	2009-10-03T13:27:17Z	Attribution-NonCommercial-NoDerivs License	2009-07-09T09:20:59Z	NIKON CORPORATION NIKON D90	50388021	DSC_034	3976369499	[u'amsterdam', u'vondel park']
Amsterdam	[727232, 12592040, 2346379, 15003862, 23424909, 28350886]	http://www.flickr.com/photos/38627257@N07/3976371821/			False	http://farm3.staticflickr.com/2604/3976371821_3622f79e89.jpg	9	5fc35e656cea14bd7f1087de1a454bfe	jpg	Mr Laser	Netherlands	2009-10-03T13:28:29Z	Attribution-NonCommercial-NoDerivs License	2009-07-09T09:23:03Z	NIKON CORPORATION NIKON D90	78369033	DSC_038	3976371821	[u'amsterdam', u'vondel park']
Amsterdam	[727232, 12592040, 2346379, 15003862, 23424909, 28350886]	http://www.flickr.com/photos/38627257@N07/3977137744/			False	http://farm4.staticflickr.com/3479/3977137744_23fcfe8686.jpg	9	5f259af4a63adcfd4ba18db0e820e8fa	jpg	Mr Laser	Netherlands	2009-10-03T13:30:06Z	Attribution-NonCommercial-NoDerivs License	2009-07-09T09:23:10Z	NIKON CORPORATION NIKON D90	67952253	DSC_039	3977137744	[u'amsterdam', u'vondel park']
Amsterdam	[727232, 12592040, 2346379, 15003862, 23424909, 28350886]	http://www.flickr.com/photos/38627257@N07/3977141136/			False	http://farm3.staticflickr.com/2459/3977141136_9c193e2d94.jpg	9	36cdb17a21c266993f5bb72943eb8f8d	jpg	Mr Laser	Netherlands	2009-10-03T13:31:57Z	Attribution-NonCommercial-NoDerivs License	2009-07-09T09:23:53Z	NIKON CORPORATION NIKON D90	89964732	DSC_041	3977141136	[u'amsterdam', u'vondel park']
Amsterdam	[727232, 12592040, 2346379, 15003862, 23424909, 28350886]	http://www.flickr.com/photos/38627257@N07/3977143324/			False	http://farm4.staticflickr.com/3495/3977143324_9a850dfbf1.jpg	9	18a972f71a29138f4e4eb467cd2ec197	jpg	Mr Laser	Netherlands	2009-10-03T13:33:12Z	Attribution-NonCommercial-NoDerivs License	2009-07-09T09:25:15Z	NIKON CORPORATION NIKON D90	74294602	DSC_045	3977143324	[u'amsterdam', u'vondel park']
Amsterdam	[727232, 12592040, 2346379, 15003862, 23424909, 28350886]	http://www.flickr.com/photos/38627257@N07/3977147590/			False	http://farm4.staticflickr.com/3472/3977147590_2b80731b26.jpg	9	d2f2f6eb3c0fdd2a8e29163f19270bd	jpg	Mr Laser	Netherlands	2009-10-03T13:35:29Z	Attribution-NonCommercial-NoDerivs License	2009-07-09T09:29:58Z	NIKON CORPORATION NIKON D90	77354879	DSC_046	3977147590	[u'amsterdam', u'vondel park']
Amsterdam	[727232, 12592040, 2346379, 15003867, 23424909, 28350886]	http://www.flickr.com/photos/38627257@N07/3976387663/			False	http://farm3.staticflickr.com/2447/3976387663_7cc2fe0e81.jpg	9	7964a44b64dc9bd27f34ca7b57c7fb	jpg	Mr Laser	Netherlands	2009-10-03T13:36:56Z	Attribution-NonCommercial-NoDerivs License	2009-07-09T09:33:21Z	NIKON CORPORATION NIKON D90	92101102	DSC_048	3976387663	[u'amsterdam', u'vondel park']
Amsterdam	[727232, 12592040, 2346379, 15003867, 23424909, 28350886]	http://www.flickr.com/photos/38627257@N07/3976391059/			False	http://farm3.staticflickr.com/2423/3976391059_5f52eda06f.jpg	9	eb79ee5ffe651e307210b7d25c7a28fa	jpg	Mr Laser	Netherlands	2009-10-03T13:38:43Z	Attribution-NonCommercial-NoDerivs License	2009-07-09T09:33:44Z	NIKON CORPORATION NIKON D90	40117253	DSC_050	3976391059	[u'amsterdam', u'vondel park']
Amsterdam	[727232, 12592040, 2346379, 15003862, 23424909, 28350886]	http://www.flickr.com/photos/38627257@N07/3977158336/			False	http://farm3.staticflickr.com/2630/3977158336_c26f214c8f.jpg	9	9f3928657efd2494ec1ceed196be409f	jpg	Mr Laser	Netherlands	2009-10-03T13:40:57Z	Attribution-NonCommercial-NoDerivs License	2009-07-09T09:35:06Z	NIKON CORPORATION NIKON D90	92754466	DSC_052	3977158336	[u'amsterdam', u'vondel park']
Amsterdam	[727232, 12592040, 2346379, 15003862, 23424909, 28350886]	http://www.flickr.com/photos/38627257@N07/3977162506/			False	http://farm3.staticflickr.com/2639/3977162506_7c88fb3f27.jpg	9	221f9943e0756a91362ac6d8075956	jpg	Mr Laser	Netherlands	2009-10-03T13:42:55Z	Attribution-NonCommercial-NoDerivs License	2009-07-09T09:36:06Z	NIKON CORPORATION NIKON D90	83819621	DSC_054	3977162506	[u'amsterdam', u'vondel park']
Amsterdam	[727232, 12592040, 2346379, 15003867, 23424909, 28350886]	http://www.flickr.com/photos/38627257@N07/3976400835/			False	http://farm4.staticflickr.com/3511/3976400835_3c0100a9c4.jpg	9	3e9376138cc7eca477eb63318f9d9174	jpg	Mr Laser	Netherlands	2009-10-03T13:43:33Z	Attribution-NonCommercial-NoDerivs License	2009-07-09T09:42:09Z	NIKON CORPORATION NIKON D90	93174728	DSC_063	3976400835	[u'amsterdam', u'vondel park']
Amsterdam	[727232, 12592040, 2346379, 15003867, 23424909, 28350886]	http://www.flickr.com/photos/38627257@N07/3976402219/			False	http://farm3.staticflickr.com/2580/3976402219_f97c0b0e20.jpg	9	c86118bbc3c7a84da012dd76d675cbfe	jpg	Mr Laser	Netherlands	2009-10-03T13:44:10Z	Attribution-NonCommercial-NoDerivs License	2009-07-09T09:42:30Z	NIKON CORPORATION NIKON D90	71580706	DSC_064	3976402219	[u'amsterdam', u'vondel park']
Amsterdam	[727232, 12592040, 2346379, 15003862, 23424909, 28350886]	http://www.flickr.com/photos/38627257@N07/3976403257/			False	http://farm3.staticflickr.com/2572/3976403257_69d223d8b0.jpg	9	1b8f95595747ab4fab9522215352d333	jpg	Mr Laser	Netherlands	2009-10-03T13:44:40Z	Attribution-NonCommercial-NoDerivs License	2009-07-09T09:45:03Z	NIKON CORPORATION NIKON D90	66500387	DSC_071	3976403257	[u'amsterdam', u'vondel park']
Amsterdam	[727232, 12592040, 2346379, 15003862, 23424909, 28350886]	http://www.flickr.com/photos/38627257@N07/3977170112/			False	http://farm3.staticflickr.com/2542/3977170112_9b49d1ecc9.jpg	9	1d5d54b43b144d5b59209a8ddf715	jpg	Mr Laser	Netherlands	2009-10-03T13:46:49Z	Attribution-NonCommercial-NoDerivs License	2009-07-09T09:45:57Z	NIKON CORPORATION NIKON D90	77995384	DSC_072-27	3977170112	[u'amsterdam', u'vondel park']
Amsterdam	[727232, 12592040, 2346379, 15003862, 23424909, 28350886]	http://www.flickr.com/photos/38627257@N07/3977172798/			False	http://farm3.staticflickr.com/2484/3977172798_53dfa35fc9.jpg	9	519531b48697d938d7d4799b1eabc3c	jpg	Mr Laser	Netherlands	2009-10-03T13:48:12Z	Attribution-NonCommercial-NoDerivs License	2009-07-09T09:46:09Z	NIKON CORPORATION NIKON D90	82935537	DSC_074-28	3977172798	[u'amsterdam', u'vondel park']
Amsterdam	[727232, 12592040, 2346379, 15003862, 23424909, 28350886]	http://www.flickr.com/photos/38627257@N07/3977176056/			False	http://farm4.staticflickr.com/3455/3977176056_71d35c83ca.jpg	9	8ad3611b23fed25a3ee0ed53e2dc636e	jpg	Mr Laser	Netherlands	2009-10-03T13:49:53Z	Attribution-NonCommercial-NoDerivs License	2009-07-09T09:47:50Z	NIKON CORPORATION NIKON D90	63792105	DSC_076-29	3977176056	[u'amsterdam', u'vondel park']
Amsterdam	[727232, 12592040, 2346379, 15003862, 23424909, 28350886]	http://www.flickr.com/photos/38627257@N07/3976416503/			False	http://farm3.staticflickr.com/2452/3976416503_2db4232c8e.jpg	9	7fc17b9ce861cb7a98e66bcf028b9d	jpg	Mr Laser	Netherlands	2009-10-03T13:51:30Z	Attribution-NonCommercial-NoDerivs License	2009-07-09T09:51:27Z	NIKON CORPORATION NIKON D90	62286093	DSC_080-30	3976416503	[u'amsterdam', u'vondel park']
Amsterdam	[727232, 12592040, 2346379, 15003862, 23424909, 28350886]	http://www.flickr.com/photos/38627257@N07/3976420295/			False	http://farm3.staticflickr.com/2619/3976420295_6a6acb6609.jpg	9	b1ee31a237817f404dd889fd72ea4342	jpg	Mr Laser	Netherlands	2009-10-03T13:53:30Z	Attribution-NonCommercial-NoDerivs License	2009-07-09T09:54:46Z	NIKON CORPORATION NIKON D90	82372688	DSC_090-31	3976420295	[u'amsterdam', u'vondel park']
Amsterdam	[727232, 12592040, 2346379, 15003862, 23424909, 28350886]	http://www.flickr.com/photos/38627257@N07/3977185202/			False	http://farm4.staticflickr.com/3495/3977185202_72a7b96bb7.jpg	9	a89f68675ef3f7db2d70e90bf35d493	jpg	Mr Laser	Netherlands	2009-10-03T13:54:31Z	Attribution-NonCommercial-NoDerivs License	2009-07-09T09:57:45Z	NIKON CORPORATION NIKON D90	63350023	DSC_100-32	3977185202	[u'amsterdam', u'vondel park']
Amsterdam	[727232, 12592040, 2346379, 15003862, 23424909, 28350886]	http://www.flickr.com/photos/38627257@N07/3976423819/			False	http://farm3.staticflickr.com/2427/3976423819_27a772e0c0.jpg	9	10ccb7ecf377b6a5df37dc2b4554eaa	jpg	Mr Laser	Netherlands	2009-10-03T13:55:15Z	Attribution-NonCommercial-NoDerivs License	2009-07-09T09:59:31Z	NIKON CORPORATION NIKON D90	91911925	DSC_104-33	3976423819	[u'amsterdam', u'vondel park']
Amsterdam	[727232, 12592040, 2346379, 15003862, 23424909, 28350886]	http://www.flickr.com/photos/38627257@N07/3977196300/		A shot of a wedding group getting set up at the end of one of the ponds in Vondel.	False	http://farm3.staticflickr.com/2509/3977196300_cfa7521f30.jpg	10	99c53c2f62187be9d3643b67a6c75b5	jpg	Mr Laser	Netherlands	2009-10-03T14:00:18Z	Attribution-NonCommercial-NoDerivs License	2009-07-09T10:01:22Z	NIKON CORPORATION NIKON D90	67202739	DSC_108-39	3977196300	[u'amsterdam', u'vondel park']
Amsterdam	[727232, 12592040, 2346379, 15003862, 23424909, 28350886]	http://www.flickr.com/photos/38627257@N07/3977189204/			False	http://farm3.staticflickr.com/2596/3977189204_c3b31b971c.jpg	10	f7713ad4a6309ee227ebb5c553807676	jpg	Mr Laser	Netherlands	2009-10-03T13:56:35Z	Attribution-NonCommercial-NoDerivs License	2009-07-09T10:02:01Z	NIKON CORPORATION NIKON D90	66343029	DSC_110-34	3977189204	[u'amsterdam', u'vondel park']
Amsterdam	[727232, 12592040, 2346379, 15003862, 23424909, 28350886]	http://www.flickr.com/photos/38627257@N07/3977190678/		Cropped shot two.	False	http://farm4.staticflickr.com/3500/3977190678_511cbe5d51.jpg	10	8a89fb6de75a3a27903fc0c0ae93e	jpg	Mr Laser	Netherlands	2009-10-03T13:57:21Z	Attribution-NonCommercial-NoDerivs License	2009-07-09T10:02:57Z	NIKON CORPORATION NIKON D90	66207724	DSC_113-36	3977190678	[u'amsterdam', u'vondel park']
Amsterdam	[727232, 12592040, 2346379, 15003862, 23424909, 28350886]	http://www.flickr.com/photos/38627257@N07/3976429401/		The full scene.	False	http://farm3.staticflickr.com/2567/3976429401_e70c1d0c9a.jpg	10	daf5e5171f3c8ffd36b9c5c159b96735	jpg	Mr Laser	Netherlands	2009-10-03T13:58:05Z	Attribution-NonCommercial-NoDerivs License	2009-07-09T10:02:57Z	NIKON CORPORATION NIKON D90	74762787	DSC_113-37	3976429401	[u'amsterdam', u'vondel park']
Amsterdam	[727232, 12592040, 2346379, 15003862, 23424909, 28350886]	http://www.flickr.com/photos/38627257@N07/3976427321/		Cropped shot one.	False	http://farm3.staticflickr.com/2491/3976427321_bd9b6357bf.jpg	10	757718ccfb675f47e59fe0d6275f1b6	jpg	Mr Laser	Netherlands	2009-10-03T13:57:02Z	Attribution-NonCommercial-NoDerivs License	2009-07-09T10:02:57Z	NIKON CORPORATION NIKON D90	82400203	DSC_113-35	3976427321	[u'amsterdam', u'vondel park']
Amsterdam	[727232, 12592040, 2346379, 15003862, 23424909, 28350886]	http://www.flickr.com/photos/38627257@N07/3977199616/			False	http://farm3.staticflickr.com/2533/3977199616_15df7c8ea8.jpg	10	2e1223dc267fd495aaee66eec97db069	jpg	Mr Laser	Netherlands	2009-10-03T14:01:50Z	Attribution-NonCommercial-NoDerivs License	2009-07-09T10:03:06Z	NIKON CORPORATION NIKON D90	61458581	DSC_114-40	3977199616	[u'amsterdam', u'vondel park']
Amsterdam	[727232, 12592040, 2346379, 15003862, 23424909, 28350886]	http://www.flickr.com/photos/38627257@N07/3976429919/			False	http://farm4.staticflickr.com/3462/3976429919_facfe0cb75.jpg	10	f431c75cdaa3bbdddcc8d2157a77f4d5	jpg	Mr Laser	Netherlands	2009-10-03T13:58:21Z	Attribution-NonCommercial-NoDerivs License	2009-07-09T10:03:21Z	NIKON CORPORATION NIKON D90	78386573	DSC_117-38	3976429919	[u'amsterdam', u'vondel park']
Amsterdam	[727232, 12592040, 2346379, 15003862, 23424909, 28350886]	http://www.flickr.com/photos/38627257@N07/3976440821/			False	http://farm3.staticflickr.com/2603/3976440821_a7fabafd26.jpg	10	b7ca71724aa0782631a3d50c7ebbdeb	jpg	Mr Laser	Netherlands	2009-10-03T14:03:46Z	Attribution-NonCommercial-NoDerivs License	2009-07-09T10:04:09Z	NIKON CORPORATION NIKON D90	90309537	DSC_123-41	3976440821	[u'amsterdam', u'vondel park']
Amsterdam	[727232, 12592040, 2346379, 15003862, 23424909, 28350886]	http://www.flickr.com/photos/38627257@N07/3976450213/			False	http://farm3.staticflickr.com/2593/3976450213_9bee645866.jpg	10	6b80b06732d8a2bd4c6195effd774744	jpg	Mr Laser	Netherlands	2009-10-03T14:08:33Z	Attribution-NonCommercial-NoDerivs License	2009-07-09T10:05:26Z	NIKON CORPORATION NIKON D90	72541143	DSC_126-43	3976450213	[u'amsterdam', u'vondel park']
Amsterdam	[727232, 12592040, 2346379, 15003862, 23424909, 28350886]	http://www.flickr.com/photos/38627257@N07/3977216632/			False	http://farm3.staticflickr.com/2570/3977216632_29cd9f1741.jpg	10	bec3417c2aa8cf98d7ba63e12b22572	jpg	Mr Laser	Netherlands	2009-10-03T14:10:22Z	Attribution-NonCommercial-NoDerivs License	2009-07-09T10:05:43Z	NIKON CORPORATION NIKON D90	87695868	DSC_127-44	3977216632	[u'amsterdam', u'vondel park']
Amsterdam	[727232, 12592040, 2346379, 15003862, 23424909, 28350886]	http://www.flickr.com/photos/38627257@N07/3977220678/		This is pretty close to where the wedding pictures were taken.  I didn't want to get too close and disrupt their shots.	False	http://farm4.staticflickr.com/3474/3977220678_afdf04fedd.jpg	10	14403ac47e9491fb154fb23168d48	jpg	Mr Laser	Netherlands	2009-10-03T14:12:15Z	Attribution-NonCommercial-NoDerivs License	2009-07-09T10:06:12Z	NIKON CORPORATION NIKON D90	73052088	DSC_132-45	3977220678	[u'amsterdam', u'vondel park']
Amsterdam	[727232, 12592040, 2346379, 15003862, 23424909, 28350886]	http://www.flickr.com/photos/38627257@N07/3976463379/			False	http://farm4.staticflickr.com/3434/3976463379_74b50ccf07.jpg	10	a8e610c4a52a2079d76e8b6676890	jpg	Mr Laser	Netherlands	2009-10-03T14:14:44Z	Attribution-NonCommercial-NoDerivs License	2009-07-09T10:07:24Z	NIKON CORPORATION NIKON D90	59043428	DSC_134-46	3976463379	[u'amsterdam', u'vondel park']
Amsterdam	[727232, 12592040, 2346379, 15003862, 23424909, 28350886]	http://www.flickr.com/photos/38627257@N07/3977207848/			False	http://farm3.staticflickr.com/2600/3977207848_39b9f8c042.jpg	10	b35e29709fc9bc963068543368a664	jpg	Mr Laser	Netherlands	2009-10-03T14:05:56Z	Attribution-NonCommercial-NoDerivs License	2009-07-09T10:09:44Z	NIKON CORPORATION NIKON D90	67525500	DSC_143-42	3977207848	[u'amsterdam', u'vondel park']
Amsterdam	[727232, 12592040, 2346379, 15003862, 23424909, 28350886]	http://www.flickr.com/photos/38627257@N07/3976466917/			False	http://farm3.staticflickr.com/2473/3976466917_0d3f84d086.jpg	10	a392d870d4507b90f0bfa6155ecbb9e	jpg	Mr Laser	Netherlands	2009-10-03T14:16:22Z	Attribution-NonCommercial-NoDerivs License	2009-07-09T10:17:49Z	NIKON CORPORATION NIKON D90	89670235	DSC_147-47	3976466917	[u'amsterdam', u'vondel park']
Amsterdam	[727232, 12592040, 2346379, 15003862, 23424909, 28350886]	http://www.flickr.com/photos/38627257@N07/3977233182/		I couldn't believe how many families were out running together.  Long story, but there's an explaination I got from a running store I went into later that week.	False	http://farm3.staticflickr.com/2624/3977233182_2d1d505a82.jpg	10	e94aea5ee8283eac1dcd3f8cc4bc2c6f	jpg	Mr Laser	Netherlands	2009-10-03T14:18:00Z	Attribution-NonCommercial-NoDerivs License	2009-07-09T10:18:21Z	NIKON CORPORATION NIKON D90	92063601	DSC_149-48	3977233182	[u'amsterdam', u'vondel park']
Amsterdam	[727232, 12592040, 2346379, 15003862, 23424909, 28350886]	http://www.flickr.com/photos/38627257@N07/3977236800/		One of the many private patios on the lakes.	False	http://farm4.staticflickr.com/3460/3977236800_6fb0313cba.jpg	10	f358cedf7ab13ac0874919515e6b1d91	jpg	Mr Laser	Netherlands	2009-10-03T14:19:38Z	Attribution-NonCommercial-NoDerivs License	2009-07-09T10:20:40Z	NIKON CORPORATION NIKON D90	58967589	Private Patio	3977236800	[u'amsterdam', u'vondel park']
Amsterdam	[727232, 12592040, 2346379, 15003862, 23424909, 28350886]	http://www.flickr.com/photos/38627257@N07/3977238326/			False	http://farm4.staticflickr.com/3053/3977238326_f21a2b4083.jpg	10	3b4355b4f64f19a51bcc6141d4a8890	jpg	Mr Laser	Netherlands	2009-10-03T14:20:19Z	Attribution-NonCommercial-NoDerivs License	2009-07-09T10:25:35Z	NIKON CORPORATION NIKON D90	73121127	Brother and sister	3977238326	[u'amsterdam', u'vondel park']
Amsterdam	[727232, 12592040, 2346379, 15003862, 23424909, 28350886]	http://www.flickr.com/photos/38627257@N07/3976477645/			False	http://farm3.staticflickr.com/2507/3976477645_1e8681a0e0.jpg	10	116f31325f88e9f4e6757a1704ac6d4	jpg	Mr Laser	Netherlands	2009-10-03T14:21:18Z	Attribution-NonCommercial-NoDerivs License	2009-07-09T10:25:43Z	NIKON CORPORATION NIKON D90	52740019	DSC_161-51	3976477645	[u'amsterdam', u'vondel park']
Amsterdam	[727232, 12592040, 2346379, 15003862, 23424909, 28350886]	http://www.flickr.com/photos/38627257@N07/3977242040/			False	http://farm3.staticflickr.com/2665/3977242040_e124a4024a.jpg	10	64c41b54f294dc9b5b50cd96e9a9a8d4	jpg	Mr Laser	Netherlands	2009-10-03T14:21:59Z	Attribution-NonCommercial-NoDerivs License	2009-07-09T10:29:36Z	NIKON CORPORATION NIKON D90	76981947	DSC_168-52	3977242040	[u'amsterdam', u'vondel park']
Amsterdam	[727232, 12592040, 2346379, 15003862, 23424909, 28350886]	http://www.flickr.com/photos/38627257@N07/3976483725/			False	http://farm4.staticflickr.com/3444/3976483725_7850eab3f3.jpg	10	aed9af21f0220b7bca92f1948d0da4	jpg	Mr Laser	Netherlands	2009-10-03T14:23:59Z	Attribution-NonCommercial-NoDerivs License	2009-07-09T10:30:08Z	NIKON CORPORATION NIKON D90	87430532	DSC_173-53	3976483725	[u'amsterdam', u'vondel park']
Amsterdam	[727232, 12592040, 2346379, 15003862, 23424909, 28350886]	http://www.flickr.com/photos/38627257@N07/3976485339/			False	http://farm4.staticflickr.com/3429/3976485339_e5e3f21337.jpg	10	62bc9de49143f11c3f9e9f02b60	jpg	Mr Laser	Netherlands	2009-10-03T14:24:41Z	Attribution-NonCommercial-NoDerivs License	2009-07-09T10:33:51Z	NIKON CORPORATION NIKON D90	85157153	DSC_177-54	3976485339	[u'amsterdam', u'vondel park']
Amsterdam	[727232, 12592040, 2346379, 15003862, 23424909, 28350886]	http://www.flickr.com/photos/38627257@N07/3976488501/			False	http://farm3.staticflickr.com/2424/3976488501_4bea792e19.jpg	10	bd4ac1fe1bf024eee0c625409bb2f637	jpg	Mr Laser	Netherlands	2009-10-03T14:26:08Z	Attribution-NonCommercial-NoDerivs License	2009-07-09T10:34:30Z	NIKON CORPORATION NIKON D90	73012156	DSC_178-55	3976488501	[u'amsterdam', u'vondel park']
Amsterdam	[727232, 12592040, 2346379, 15003862, 23424909, 28350886]	http://www.flickr.com/photos/38627257@N07/3976490899/			False	http://farm3.staticflickr.com/2664/3976490899_bf60717cd9.jpg	10	398ca353ce233fc5ff1343c75473632	jpg	Mr Laser	Netherlands	2009-10-03T14:27:11Z	Attribution-NonCommercial-NoDerivs License	2009-07-09T10:37:34Z	NIKON CORPORATION NIKON D90	71471356	DSC_179-56	3976490899	[u'amsterdam', u'vondel park']
Amsterdam	[727232, 12592040, 2346379, 15003862, 23424909, 28350886]	http://www.flickr.com/photos/38627257@N07/3977257022/			False	http://farm3.staticflickr.com/2635/3977257022_60dcddbf99.jpg	10	3797c8ee4126585be0771814d3d49ca3	jpg	Mr Laser	Netherlands	2009-10-03T14:28:45Z	Attribution-NonCommercial-NoDerivs License	2009-07-09T10:38:27Z	NIKON CORPORATION NIKON D90	1187711	DSC_183-57	3977257022	[u'amsterdam', u'vondel park']
Amsterdam	[727232, 12592040, 2346379, 15003862, 23424909, 28350886]	http://www.flickr.com/photos/38627257@N07/3976495665/			False	http://farm3.staticflickr.com/2452/3976495665_b44eb9e5b6.jpg	10	612cb5cc39b64bf17372e839ba5886	jpg	Mr Laser	Netherlands	2009-10-03T14:29:23Z	Attribution-NonCommercial-NoDerivs License	2009-07-09T10:39:17Z	NIKON CORPORATION NIKON D90	97745773	DSC_186-58	3976495665	[u'amsterdam', u'vondel park']
Amsterdam	[727232, 12592040, 2346379, 15003862, 23424909, 28350886]	http://www.flickr.com/photos/38627257@N07/3977259410/			False	http://farm3.staticflickr.com/2485/3977259410_657e9e385f.jpg	10	a3ca152ee2a37b2f0c8c6fd51a21a8	jpg	Mr Laser	Netherlands	2009-10-03T14:29:55Z	Attribution-NonCommercial-NoDerivs License	2009-07-09T10:40:44Z	NIKON CORPORATION NIKON D90	42057409	DSC_190-59	3977259410	[u'amsterdam', u'vondel park']
Amsterdam	[727232, 12592040, 2346379, 15003862, 23424909, 28350886]	http://www.flickr.com/photos/38627257@N07/3976499441/			False	http://farm3.staticflickr.com/2432/3976499441_5c35f19825.jpg	10	e96d8e88f2748986662c601a34ae3cab	jpg	Mr Laser	Netherlands	2009-10-03T14:31:13Z	Attribution-NonCommercial-NoDerivs License	2009-07-09T10:41:35Z	NIKON CORPORATION NIKON D90	97379273	DSC_193-60	3976499441	[u'amsterdam', u'vondel park']
Amsterdam	[91396315, 727232, 12592040, 2346379, 15003862, 23424909, 28350886]	http://www.flickr.com/photos/38627257@N07/4008754978/			False	http://farm4.staticflickr.com/3506/4008754978_0ecac2c2ea.jpg	20	ec1a747961374a4a8dba47c18658e7e	jpg	Mr Laser	Netherlands	2009-10-13T15:10:25Z	Attribution-NonCommercial-NoDerivs License	2009-07-09T20:47:37Z	Canon PowerShot SD880 IS	71016842	DSC_001-1	4008754978	[u'amsterdam', u'misc', u'museum plein']
