town_s	woe_is	urlpage_s	machine_ss	desc_ws	video_b	url_s	hour_i	hash_s	ext_s	user_s	country_s	upload_dt	license_s	taken_dt	device_s	line_i	title_s	id	tag_ss
Amsterdam	[22348617, 728410, 727232, 12592040, 2346379, 15003818, 23424909, 28350886]	http://www.flickr.com/photos/27869195@N04/3509110284/			False	http://farm4.staticflickr.com/3342/3509110284_a67dd8a565.jpg	13	eb2de17895307060208d3c325985a2c0	jpg	yuri_k	Netherlands	2009-05-07T00:13:23Z	Attribution-NonCommercial License	2009-04-26T13:24:28Z	NIKON CORPORATION NIKON D300	92105632	DSC_4537	3509110284	[u'amsterdam', u'd300', u'holland', u'nikon']
Amsterdam	[22348617, 728410, 727232, 12592040, 2346379, 15003818, 23424909, 28350886]	http://www.flickr.com/photos/27869195@N04/3508299425/			False	http://farm4.staticflickr.com/3588/3508299425_87b56e4b83.jpg	13	4e11c64a36f29426286cc715ce92a8f5	jpg	yuri_k	Netherlands	2009-05-07T00:13:30Z	Attribution-NonCommercial License	2009-04-26T13:24:45Z	NIKON CORPORATION NIKON D300	44479051	DSC_4538	3508299425	[u'amsterdam', u'd300', u'holland', u'nikon']
Amsterdam	[22348617, 728410, 727232, 12592040, 2346379, 15003818, 23424909, 28350886]	http://www.flickr.com/photos/27869195@N04/3508299593/			False	http://farm4.staticflickr.com/3548/3508299593_6d19116751.jpg	13	19dfbfdeb43333337e7e36a9c6d63bb	jpg	yuri_k	Netherlands	2009-05-07T00:13:36Z	Attribution-NonCommercial License	2009-04-26T13:26:11Z	NIKON CORPORATION NIKON D300	67004996	DSC_4540	3508299593	[u'amsterdam', u'd300', u'holland', u'nikon']
Amsterdam	[22348617, 728410, 727232, 12592040, 2346379, 15003818, 23424909, 28350886]	http://www.flickr.com/photos/27869195@N04/3508299883/			False	http://farm4.staticflickr.com/3634/3508299883_32df2c74c0.jpg	13	c14de3a32f8ef8e80d4425ce9d9370	jpg	yuri_k	Netherlands	2009-05-07T00:13:44Z	Attribution-NonCommercial License	2009-04-26T13:26:34Z	NIKON CORPORATION NIKON D300	91064838	DSC_4543	3508299883	[u'amsterdam', u'd300', u'holland', u'nikon']
Amsterdam	[22348617, 728410, 727232, 12592040, 2346379, 15003818, 23424909, 28350886]	http://www.flickr.com/photos/27869195@N04/3509111146/			False	http://farm4.staticflickr.com/3386/3509111146_f687c46883.jpg	13	3b16fb10632588dec659f76bceae1888	jpg	yuri_k	Netherlands	2009-05-07T00:13:48Z	Attribution-NonCommercial License	2009-04-26T13:26:52Z	NIKON CORPORATION NIKON D300	79358810	DSC_4544	3509111146	[u'amsterdam', u'd300', u'holland', u'nikon']
Amsterdam	[22348617, 728410, 727232, 12592040, 2346379, 15003818, 23424909, 28350886]	http://www.flickr.com/photos/27869195@N04/3508300309/			False	http://farm4.staticflickr.com/3392/3508300309_50a65f6a6a.jpg	13	afaadfdf8958a7429c1e90a11f1479f8	jpg	yuri_k	Netherlands	2009-05-07T00:13:55Z	Attribution-NonCommercial License	2009-04-26T13:27:09Z	NIKON CORPORATION NIKON D300	43582548	DSC_4545	3508300309	[u'amsterdam', u'd300', u'holland', u'nikon']
Amsterdam	[22348617, 728410, 727232, 12592040, 2346379, 15003818, 23424909, 28350886]	http://www.flickr.com/photos/27869195@N04/3509111668/			False	http://farm4.staticflickr.com/3297/3509111668_2f8dc3e2b8.jpg	14	7787d9185618c3c04e7fc59bf392dcb7	jpg	yuri_k	Netherlands	2009-05-07T00:14:02Z	Attribution-NonCommercial License	2009-04-26T14:25:59Z	NIKON CORPORATION NIKON D300	94809538	DSC_4556	3509111668	[u'amsterdam', u'd300', u'holland', u'nikon']
Amsterdam	[22348617, 728410, 727232, 12592040, 2346379, 15003818, 23424909, 28350886]	http://www.flickr.com/photos/27869195@N04/3508300733/			False	http://farm4.staticflickr.com/3309/3508300733_15540f2e2d.jpg	14	924cec9c3beca361dc1c7443309e3c0	jpg	yuri_k	Netherlands	2009-05-07T00:14:08Z	Attribution-NonCommercial License	2009-04-26T14:26:09Z	NIKON CORPORATION NIKON D300	71210442	DSC_4559	3508300733	[u'amsterdam', u'd300', u'holland', u'nikon']
Amsterdam	[22348617, 728410, 727232, 12592040, 2346379, 15003818, 23424909, 28350886]	http://www.flickr.com/photos/27869195@N04/3508300999/			False	http://farm4.staticflickr.com/3578/3508300999_76b2a70c2f.jpg	14	a0754d67440b1c739b587f549488c91	jpg	yuri_k	Netherlands	2009-05-07T00:14:16Z	Attribution-NonCommercial License	2009-04-26T14:26:17Z	NIKON CORPORATION NIKON D300	65146174	DSC_4563	3508300999	[u'amsterdam', u'd300', u'holland', u'nikon']
Amsterdam	[22348617, 728410, 727232, 12592040, 2346379, 15003818, 23424909, 28350886]	http://www.flickr.com/photos/27869195@N04/3509112432/			False	http://farm4.staticflickr.com/3358/3509112432_6082342d78.jpg	14	70f2a12091fe1877cd69ff61bfa085	jpg	yuri_k	Netherlands	2009-05-07T00:14:24Z	Attribution-NonCommercial License	2009-04-26T14:33:31Z	NIKON CORPORATION NIKON D300	56377943	DSC_4564	3509112432	[u'amsterdam', u'd300', u'holland', u'nikon']
Amsterdam	[22348617, 728410, 727232, 12592040, 2346379, 15003818, 23424909, 28350886]	http://www.flickr.com/photos/27869195@N04/3509112694/			False	http://farm4.staticflickr.com/3559/3509112694_724e2b9303.jpg	14	24766ad9aa7268378bc8b52406987b1	jpg	yuri_k	Netherlands	2009-05-07T00:14:32Z	Attribution-NonCommercial License	2009-04-26T14:34:22Z	NIKON CORPORATION NIKON D300	98996477	DSC_4566	3509112694	[u'amsterdam', u'd300', u'holland', u'nikon']
Amsterdam	[22348617, 728410, 727232, 12592040, 2346379, 15003818, 23424909, 28350886]	http://www.flickr.com/photos/27869195@N04/3508301839/			False	http://farm4.staticflickr.com/3557/3508301839_8bc1bc77a5.jpg	14	9f974534b267d9a5438ea6f257264	jpg	yuri_k	Netherlands	2009-05-07T00:14:40Z	Attribution-NonCommercial License	2009-04-26T14:36:43Z	NIKON CORPORATION NIKON D300	82771803	DSC_4572	3508301839	[u'amsterdam', u'd300', u'holland', u'nikon']
Amsterdam	[22348617, 728410, 727232, 12592040, 2346379, 15003818, 23424909, 28350886]	http://www.flickr.com/photos/27869195@N04/3509113098/			False	http://farm4.staticflickr.com/3639/3509113098_35ec69454f.jpg	14	527775aa5c632c5232486484723394	jpg	yuri_k	Netherlands	2009-05-07T00:14:46Z	Attribution-NonCommercial License	2009-04-26T14:40:11Z	NIKON CORPORATION NIKON D300	65794545	DSC_4577	3509113098	[u'amsterdam', u'd300', u'holland', u'nikon']
Amsterdam	[22348617, 728410, 727232, 12592040, 2346379, 15003818, 23424909, 28350886]	http://www.flickr.com/photos/27869195@N04/3509113436/			False	http://farm4.staticflickr.com/3318/3509113436_118790d622.jpg	14	1cdad2ce28d36b6b243c3a5fc72b5bb	jpg	yuri_k	Netherlands	2009-05-07T00:14:57Z	Attribution-NonCommercial License	2009-04-26T14:42:55Z	NIKON CORPORATION NIKON D300	83314364	DSC_4583	3509113436	[u'amsterdam', u'd300', u'holland', u'nikon']
Amsterdam	[22348617, 728410, 727232, 12592040, 2346379, 15003818, 23424909, 28350886]	http://www.flickr.com/photos/27869195@N04/3509172192/			False	http://farm4.staticflickr.com/3311/3509172192_dc05112e19.jpg	15	34ca79b1806df1dbb07e64f085ffea3	jpg	yuri_k	Netherlands	2009-05-07T00:45:55Z	Attribution-NonCommercial License	2009-04-26T15:01:25Z	NIKON CORPORATION NIKON D300	88174322	DSC_4589	3509172192	[u'd300', u'holland', u'nikon']
Amsterdam	[22348617, 728410, 727232, 12592040, 2346379, 15003818, 23424909, 28350886]	http://www.flickr.com/photos/27869195@N04/3508360963/			False	http://farm4.staticflickr.com/3305/3508360963_2a615fa81f.jpg	15	423343d7d76c2b328eba8bdac17ed73b	jpg	yuri_k	Netherlands	2009-05-07T00:46:00Z	Attribution-NonCommercial License	2009-04-26T15:01:32Z	NIKON CORPORATION NIKON D300	97809372	DSC_4591	3508360963	[u'd300', u'holland', u'nikon']
Amsterdam	[22348617, 728410, 727232, 12592040, 2346379, 15003818, 23424909, 28350886]	http://www.flickr.com/photos/27869195@N04/3509172558/			False	http://farm4.staticflickr.com/3415/3509172558_5b3af1d964.jpg	15	55f4cf1b1811728e4141c3545cc5fdf	jpg	yuri_k	Netherlands	2009-05-07T00:46:06Z	Attribution-NonCommercial License	2009-04-26T15:03:26Z	NIKON CORPORATION NIKON D300	17697394	DSC_4597	3509172558	[u'd300', u'holland', u'nikon']
Amsterdam	[22348617, 728410, 727232, 12592040, 2346379, 15003818, 23424909, 28350886]	http://www.flickr.com/photos/27869195@N04/3508302641/			False	http://farm4.staticflickr.com/3324/3508302641_9bf2c658e0.jpg	15	9a705adf662ad411ef3b519a5ea951b4	jpg	yuri_k	Netherlands	2009-05-07T00:15:08Z	Attribution-NonCommercial License	2009-04-26T15:21:27Z	NIKON CORPORATION NIKON D300	73873661	DSC_4599	3508302641	[u'amsterdam', u'd300', u'holland', u'nikon']
Amsterdam	[22348617, 728410, 727232, 12592040, 2346379, 15003818, 23424909, 28350886]	http://www.flickr.com/photos/27869195@N04/3508302845/			False	http://farm4.staticflickr.com/3595/3508302845_b36c690cd6.jpg	15	81d6ad4131e1831ff1f6c67d698ec1a7	jpg	yuri_k	Netherlands	2009-05-07T00:15:15Z	Attribution-NonCommercial License	2009-04-26T15:23:04Z	NIKON CORPORATION NIKON D300	98007654	DSC_4601	3508302845	[u'amsterdam', u'd300', u'holland', u'nikon']
Amsterdam	[22348617, 728410, 727232, 12592040, 2346379, 15003818, 23424909, 28350886]	http://www.flickr.com/photos/27869195@N04/3509114090/			False	http://farm4.staticflickr.com/3644/3509114090_a274d6b62a.jpg	15	9cd9fead746baf9eb194ff52513de	jpg	yuri_k	Netherlands	2009-05-07T00:15:21Z	Attribution-NonCommercial License	2009-04-26T15:28:50Z	NIKON CORPORATION NIKON D300	79301367	DSC_4608	3509114090	[u'amsterdam', u'd300', u'holland', u'nikon']
Amsterdam	[22348617, 728410, 727232, 12592040, 2346379, 15003818, 23424909, 28350886]	http://www.flickr.com/photos/27869195@N04/3508303183/			False	http://farm4.staticflickr.com/3619/3508303183_2206c294a2.jpg	15	cfd9c232b62361e95d7cb92fe78f2fd6	jpg	yuri_k	Netherlands	2009-05-07T00:15:28Z	Attribution-NonCommercial License	2009-04-26T15:34:23Z	NIKON CORPORATION NIKON D300	64775387	DSC_4614	3508303183	[u'amsterdam', u'd300', u'holland', u'nikon']
Amsterdam	[22348617, 728410, 727232, 12592040, 2346379, 15003818, 23424909, 28350886]	http://www.flickr.com/photos/27869195@N04/3509114480/			False	http://farm4.staticflickr.com/3414/3509114480_2eab0fac61.jpg	15	dfc2756ca5a86e55a04952f35059a2c2	jpg	yuri_k	Netherlands	2009-05-07T00:15:36Z	Attribution-NonCommercial License	2009-04-26T15:38:55Z	NIKON CORPORATION NIKON D300	61868832	DSC_4615	3509114480	[u'amsterdam', u'd300', u'holland', u'nikon']
Amsterdam	[22348617, 728410, 727232, 12592040, 2346379, 15003818, 23424909, 28350886]	http://www.flickr.com/photos/27869195@N04/3509114696/			False	http://farm4.staticflickr.com/3408/3509114696_f57006be56.jpg	15	5b38c4d6a9c43ebd77330bdbe438d7	jpg	yuri_k	Netherlands	2009-05-07T00:15:44Z	Attribution-NonCommercial License	2009-04-26T15:39:25Z	NIKON CORPORATION NIKON D300	26554148	DSC_4616	3509114696	[u'amsterdam', u'd300', u'holland', u'nikon']
Amsterdam	[22348617, 728410, 727232, 12592040, 2346379, 15003818, 23424909, 28350886]	http://www.flickr.com/photos/27869195@N04/3509115000/			False	http://farm4.staticflickr.com/3636/3509115000_627c4b6cc4.jpg	15	9d8acb266db185d28bce41a9777ae63f	jpg	yuri_k	Netherlands	2009-05-07T00:15:54Z	Attribution-NonCommercial License	2009-04-26T15:40:15Z	NIKON CORPORATION NIKON D300	91444695	DSC_4618	3509115000	[u'amsterdam', u'd300', u'holland', u'nikon']
Amsterdam	[22348617, 728410, 727232, 12592040, 2346379, 15003818, 23424909, 28350886]	http://www.flickr.com/photos/27869195@N04/3508304233/			False	http://farm4.staticflickr.com/3622/3508304233_efa538a85a.jpg	15	cde45bf9f8ed50c464aca78212e646e6	jpg	yuri_k	Netherlands	2009-05-07T00:16:04Z	Attribution-NonCommercial License	2009-04-26T15:42:13Z	NIKON CORPORATION NIKON D300	82523110	DSC_4621	3508304233	[u'amsterdam', u'd300', u'holland', u'nikon']
Amsterdam	[22348617, 728410, 727232, 12592040, 2346379, 15003818, 23424909, 28350886]	http://www.flickr.com/photos/27869195@N04/3509115764/			False	http://farm4.staticflickr.com/3384/3509115764_3d96eb8a22.jpg	15	1ac735d2868d7e18f6f88b9112627f54	jpg	yuri_k	Netherlands	2009-05-07T00:16:18Z	Attribution-NonCommercial License	2009-04-26T15:43:19Z	NIKON CORPORATION NIKON D300	63267048	DSC_4623	3509115764	[u'amsterdam', u'd300', u'holland', u'nikon']
Amsterdam	[22348617, 728410, 727232, 12592040, 2346379, 15003818, 23424909, 28350886]	http://www.flickr.com/photos/27869195@N04/3509116028/			False	http://farm4.staticflickr.com/3400/3509116028_f650b45b65.jpg	15	75ccb327ab213ed782a4b6b8c1431	jpg	yuri_k	Netherlands	2009-05-07T00:16:28Z	Attribution-NonCommercial License	2009-04-26T15:43:38Z	NIKON CORPORATION NIKON D300	86297684	DSC_4625	3509116028	[u'amsterdam', u'd300', u'holland', u'nikon']
Amsterdam	[22348617, 728410, 727232, 12592040, 2346379, 15003818, 23424909, 28350886]	http://www.flickr.com/photos/27869195@N04/3508305129/			False	http://farm4.staticflickr.com/3307/3508305129_bcbdd8a6ef.jpg	15	98c6c3ada03b3be5de8e7f65788b1714	jpg	yuri_k	Netherlands	2009-05-07T00:16:35Z	Attribution-NonCommercial License	2009-04-26T15:44:31Z	NIKON CORPORATION NIKON D300	67602928	DSC_4628	3508305129	[u'amsterdam', u'd300', u'holland', u'nikon']
Amsterdam	[22348617, 728410, 727232, 12592040, 2346379, 15003818, 23424909, 28350886]	http://www.flickr.com/photos/27869195@N04/3508305451/			False	http://farm4.staticflickr.com/3654/3508305451_276f746b4c.jpg	15	578cb84f26b95b4b64c020a0d587ffe4	jpg	yuri_k	Netherlands	2009-05-07T00:16:46Z	Attribution-NonCommercial License	2009-04-26T15:45:12Z	NIKON CORPORATION NIKON D300	76891059	DSC_4630	3508305451	[u'amsterdam', u'd300', u'holland', u'nikon']
Amsterdam	[22348617, 728410, 727232, 12592040, 2346379, 15003818, 23424909, 28350886]	http://www.flickr.com/photos/27869195@N04/3509116794/			False	http://farm4.staticflickr.com/3384/3509116794_df9c8e29e4.jpg	15	12f699a88ba16a713646959937a59c0	jpg	yuri_k	Netherlands	2009-05-07T00:16:54Z	Attribution-NonCommercial License	2009-04-26T15:48:14Z	NIKON CORPORATION NIKON D300	70733405	DSC_4634	3509116794	[u'amsterdam', u'd300', u'holland', u'nikon']
Amsterdam	[22348617, 728410, 727232, 12592040, 2346379, 15003818, 23424909, 28350886]	http://www.flickr.com/photos/27869195@N04/3508305947/			False	http://farm4.staticflickr.com/3644/3508305947_5529dc724c.jpg	15	a52c90cab8463bdc3d6b26cc3c704c4	jpg	yuri_k	Netherlands	2009-05-07T00:17:02Z	Attribution-NonCommercial License	2009-04-26T15:53:21Z	NIKON CORPORATION NIKON D300	61484441	DSC_4654	3508305947	[u'amsterdam', u'd300', u'holland', u'nikon']
Amsterdam	[22348617, 728410, 727232, 12592040, 2346379, 15003818, 23424909, 28350886]	http://www.flickr.com/photos/27869195@N04/3509117218/			False	http://farm4.staticflickr.com/3401/3509117218_5e3cb10199.jpg	15	e6468596c42c60d97518d4c74ca790f8	jpg	yuri_k	Netherlands	2009-05-07T00:17:09Z	Attribution-NonCommercial License	2009-04-26T15:55:13Z	NIKON CORPORATION NIKON D300	65105364	DSC_4656	3509117218	[u'amsterdam', u'd300', u'holland', u'nikon']
Amsterdam	[22348617, 728410, 727232, 12592040, 2346379, 15003818, 23424909, 28350886]	http://www.flickr.com/photos/27869195@N04/3508306533/			False	http://farm4.staticflickr.com/3585/3508306533_117933e048.jpg	15	e7aac946eeab18acffbbe7fdbc65bd5d	jpg	yuri_k	Netherlands	2009-05-07T00:17:21Z	Attribution-NonCommercial License	2009-04-26T15:58:32Z	NIKON CORPORATION NIKON D300	88607742	DSC_4658	3508306533	[u'amsterdam', u'd300', u'holland', u'nikon']
Amsterdam	[22348617, 728410, 727232, 12592040, 2346379, 15003818, 23424909, 28350886]	http://www.flickr.com/photos/27869195@N04/3509117900/			False	http://farm4.staticflickr.com/3390/3509117900_de3b82a2cf.jpg	15	2efd46765e5e8ac7d99da4544c7cda9	jpg	yuri_k	Netherlands	2009-05-07T00:17:32Z	Attribution-NonCommercial License	2009-04-26T15:59:09Z	NIKON CORPORATION NIKON D300	83647538	DSC_4660	3509117900	[u'amsterdam', u'd300', u'holland', u'nikon']
Amsterdam	[22348617, 728410, 727232, 12592040, 2346379, 15003818, 23424909, 28350886]	http://www.flickr.com/photos/27869195@N04/3508307187/			False	http://farm4.staticflickr.com/3333/3508307187_1aa0a7afbf.jpg	15	11b54aaf509eb94d7d04296aded5a4d	jpg	yuri_k	Netherlands	2009-05-07T00:17:42Z	Attribution-NonCommercial License	2009-04-26T15:59:26Z	NIKON CORPORATION NIKON D300	56272577	DSC_4662	3508307187	[u'amsterdam', u'd300', u'holland', u'nikon']
Amsterdam	[22348617, 728410, 727232, 12592040, 2346379, 15003818, 23424909, 28350886]	http://www.flickr.com/photos/27869195@N04/3508307469/			False	http://farm4.staticflickr.com/3355/3508307469_30c06b93f6.jpg	16	084c8621d699f9538866ec10072f0	jpg	yuri_k	Netherlands	2009-05-07T00:17:52Z	Attribution-NonCommercial License	2009-04-26T16:44:25Z	NIKON CORPORATION NIKON D300	96533443	DSC_4667	3508307469	[u'amsterdam', u'd300', u'holland', u'nikon']
Amsterdam	[22348617, 728410, 727232, 12592040, 2346379, 15003818, 23424909, 28350886]	http://www.flickr.com/photos/27869195@N04/3509118830/			False	http://farm4.staticflickr.com/3353/3509118830_4ebab4a999.jpg	16	72af8df9e0fe7165dac7cab8ba8372f	jpg	yuri_k	Netherlands	2009-05-07T00:18:05Z	Attribution-NonCommercial License	2009-04-26T16:50:42Z	NIKON CORPORATION NIKON D300	85309612	DSC_4670	3509118830	[u'amsterdam', u'd300', u'holland', u'nikon']
Amsterdam	[22348617, 728410, 727232, 12592040, 2346379, 15003818, 23424909, 28350886]	http://www.flickr.com/photos/27869195@N04/3508308313/			False	http://farm4.staticflickr.com/3625/3508308313_e602cc0316.jpg	16	ca38313bfe7b93b498ffbafea13ebfb	jpg	yuri_k	Netherlands	2009-05-07T00:18:18Z	Attribution-NonCommercial License	2009-04-26T16:51:44Z	NIKON CORPORATION NIKON D300	87345581	DSC_4679	3508308313	[u'amsterdam', u'd300', u'holland', u'nikon']
Amsterdam	[22348617, 728410, 727232, 12592040, 2346379, 15003818, 23424909, 28350886]	http://www.flickr.com/photos/27869195@N04/3508308621/			False	http://farm4.staticflickr.com/3319/3508308621_d5a14fe06d.jpg	16	8a8bb82e8bae47cbd9127bf22129653c	jpg	yuri_k	Netherlands	2009-05-07T00:18:29Z	Attribution-NonCommercial License	2009-04-26T16:51:52Z	NIKON CORPORATION NIKON D300	7790299	DSC_4680	3508308621	[u'amsterdam', u'd300', u'holland', u'nikon']
Amsterdam	[22348617, 728410, 727232, 12592040, 2346379, 15003818, 23424909, 28350886]	http://www.flickr.com/photos/27869195@N04/3509120070/			False	http://farm4.staticflickr.com/3400/3509120070_321e916308.jpg	16	a2ec1f7af5772e6db12552399535cc0	jpg	yuri_k	Netherlands	2009-05-07T00:18:42Z	Attribution-NonCommercial License	2009-04-26T16:52:01Z	NIKON CORPORATION NIKON D300	76323512	DSC_4681	3509120070	[u'amsterdam', u'd300', u'holland', u'nikon']
Amsterdam	[22348617, 728410, 727232, 12592040, 2346379, 15003818, 23424909, 28350886]	http://www.flickr.com/photos/27869195@N04/3508309363/			False	http://farm4.staticflickr.com/3305/3508309363_b6523ebcf4.jpg	16	f1fdc09282b48ea02c80494e12b92d45	jpg	yuri_k	Netherlands	2009-05-07T00:18:53Z	Attribution-NonCommercial License	2009-04-26T16:52:05Z	NIKON CORPORATION NIKON D300	64389228	DSC_4682	3508309363	[u'amsterdam', u'd300', u'holland', u'nikon']
Amsterdam	[22348617, 728410, 727232, 12592040, 2346379, 15003818, 23424909, 28350886]	http://www.flickr.com/photos/27869195@N04/3508309843/			False	http://farm4.staticflickr.com/3381/3508309843_791e51a09c.jpg	17	39e26bf26fb30c8dbcfb59dbfaee45	jpg	yuri_k	Netherlands	2009-05-07T00:19:07Z	Attribution-NonCommercial License	2009-04-26T17:34:01Z	NIKON CORPORATION NIKON D300	69609713	DSC_4684	3508309843	[u'amsterdam', u'd300', u'holland', u'nikon']
Amsterdam	[22348617, 728410, 727232, 12592040, 2346379, 15003818, 23424909, 28350886]	http://www.flickr.com/photos/27869195@N04/3509121454/			False	http://farm4.staticflickr.com/3575/3509121454_f859f3b06a.jpg	17	63933e7b2523c9d338e3f012a1163978	jpg	yuri_k	Netherlands	2009-05-07T00:19:24Z	Attribution-NonCommercial License	2009-04-26T17:34:44Z	NIKON CORPORATION NIKON D300	16574993	DSC_4686	3509121454	[u'amsterdam', u'd300', u'holland', u'nikon']
Amsterdam	[22348617, 728410, 727232, 12592040, 2346379, 15003818, 23424909, 28350886]	http://www.flickr.com/photos/27869195@N04/3508310739/			False	http://farm4.staticflickr.com/3645/3508310739_870be735dc.jpg	17	e791362caf4375a955eaa77d471c322	jpg	yuri_k	Netherlands	2009-05-07T00:19:36Z	Attribution-NonCommercial License	2009-04-26T17:35:13Z	NIKON CORPORATION NIKON D300	63327047	DSC_4689	3508310739	[u'amsterdam', u'd300', u'holland', u'nikon']
Amsterdam	[22348617, 728410, 727232, 12592040, 2346379, 15003818, 23424909, 28350886]	http://www.flickr.com/photos/27869195@N04/3509122354/			False	http://farm4.staticflickr.com/3297/3509122354_355d5c107b.jpg	17	1f3ed7c43903ca2d0bf2231c2aec14	jpg	yuri_k	Netherlands	2009-05-07T00:19:51Z	Attribution-NonCommercial License	2009-04-26T17:39:22Z	NIKON CORPORATION NIKON D300	85343179	DSC_4696	3509122354	[u'amsterdam', u'd300', u'holland', u'nikon']
Amsterdam	[22348617, 728410, 727232, 12592040, 2346379, 15003818, 23424909, 28350886]	http://www.flickr.com/photos/27869195@N04/3508311459/			False	http://farm4.staticflickr.com/3393/3508311459_63bd9293d0.jpg	17	c83872ff8244308d19147931cca279cb	jpg	yuri_k	Netherlands	2009-05-07T00:19:58Z	Attribution-NonCommercial License	2009-04-26T17:42:42Z	NIKON CORPORATION NIKON D300	79052281	DSC_4705	3508311459	[u'amsterdam', u'd300', u'holland', u'nikon']
Amsterdam	[22348617, 728410, 727232, 12592040, 2346379, 15003818, 23424909, 28350886]	http://www.flickr.com/photos/27869195@N04/3509123196/			False	http://farm4.staticflickr.com/3546/3509123196_1f3eecccf5.jpg	17	75a59d667447244c5c645ff0186d951d	jpg	yuri_k	Netherlands	2009-05-07T00:20:17Z	Attribution-NonCommercial License	2009-04-26T17:45:16Z	NIKON CORPORATION NIKON D300	66899652	DSC_4708	3509123196	[u'amsterdam', u'd300', u'holland', u'nikon']
Amsterdam	[22348617, 728410, 727232, 12592040, 2346379, 15003818, 23424909, 28350886]	http://www.flickr.com/photos/27869195@N04/3508312393/			False	http://farm4.staticflickr.com/3610/3508312393_748269f50b.jpg	17	768abaa74d631b73bb3dabde6f5cb6	jpg	yuri_k	Netherlands	2009-05-07T00:20:27Z	Attribution-NonCommercial License	2009-04-26T17:45:51Z	NIKON CORPORATION NIKON D300	98423346	DSC_4710	3508312393	[u'amsterdam', u'd300', u'holland', u'nikon']
Amsterdam	[22348617, 728410, 727232, 12592040, 2346379, 15003818, 23424909, 28350886]	http://www.flickr.com/photos/27869195@N04/3509123892/			False	http://farm4.staticflickr.com/3628/3509123892_9f2be07b3c.jpg	17	ae69494c43262dd2c0b62d96dab5c27d	jpg	yuri_k	Netherlands	2009-05-07T00:20:38Z	Attribution-NonCommercial License	2009-04-26T17:46:01Z	NIKON CORPORATION NIKON D300	60541710	DSC_4712	3509123892	[u'amsterdam', u'd300', u'holland', u'nikon']
Amsterdam	[22348617, 728410, 727232, 12592040, 2346379, 15003818, 23424909, 28350886]	http://www.flickr.com/photos/27869195@N04/3509124252/			False	http://farm4.staticflickr.com/3627/3509124252_60ae316f39.jpg	17	3dae14b04d6c63d8721b582c7fc10d5	jpg	yuri_k	Netherlands	2009-05-07T00:20:48Z	Attribution-NonCommercial License	2009-04-26T17:48:15Z	NIKON CORPORATION NIKON D300	1807791	DSC_4720	3509124252	[u'amsterdam', u'd300', u'holland', u'nikon']
Amsterdam	[22348617, 728410, 727232, 12592040, 2346379, 15003818, 23424909, 28350886]	http://www.flickr.com/photos/27869195@N04/3508313279/			False	http://farm4.staticflickr.com/3623/3508313279_6eea8a49f1.jpg	17	dcb7f2ebe279c5a289915ba7d8831b2	jpg	yuri_k	Netherlands	2009-05-07T00:20:54Z	Attribution-NonCommercial License	2009-04-26T17:49:07Z	NIKON CORPORATION NIKON D300	98017072	DSC_4727	3508313279	[u'amsterdam', u'd300', u'holland', u'nikon']
Amsterdam	[22348617, 728410, 727232, 12592040, 2346379, 15003818, 23424909, 28350886]	http://www.flickr.com/photos/27869195@N04/3508313581/			False	http://farm4.staticflickr.com/3325/3508313581_36e9bb6077.jpg	17	de7cf23e493cd257bb56a2f47f6919c	jpg	yuri_k	Netherlands	2009-05-07T00:21:04Z	Attribution-NonCommercial License	2009-04-26T17:54:02Z	NIKON CORPORATION NIKON D300	53858563	DSC_4756	3508313581	[u'amsterdam', u'd300', u'holland', u'nikon']
Amsterdam	[22348617, 728410, 727232, 12592040, 2346379, 15003818, 23424909, 28350886]	http://www.flickr.com/photos/27869195@N04/3509125096/			False	http://farm4.staticflickr.com/3107/3509125096_f951a598e9.jpg	17	e793d98688ef63c688c69dbee05566	jpg	yuri_k	Netherlands	2009-05-07T00:21:15Z	Attribution-NonCommercial License	2009-04-26T17:54:59Z	NIKON CORPORATION NIKON D300	90414378	DSC_4758	3509125096	[u'amsterdam', u'd300', u'holland', u'nikon']
Amsterdam	[22348617, 728410, 727232, 12592040, 2346379, 15003818, 23424909, 28350886]	http://www.flickr.com/photos/27869195@N04/3509125550/			False	http://farm4.staticflickr.com/3591/3509125550_6f4d5eb919.jpg	17	96a3226986e4a181402c5a5947916c19	jpg	yuri_k	Netherlands	2009-05-07T00:21:30Z	Attribution-NonCommercial License	2009-04-26T17:56:34Z	NIKON CORPORATION NIKON D300	71910089	DSC_4765	3509125550	[u'amsterdam', u'd300', u'holland', u'nikon']
Amsterdam	[22348617, 728410, 727232, 12592040, 2346379, 15003818, 23424909, 28350886]	http://www.flickr.com/photos/27869195@N04/3508314825/			False	http://farm4.staticflickr.com/3658/3508314825_2055bdab5d.jpg	17	47a371c1f1058ab86a8c927dab7b6f4	jpg	yuri_k	Netherlands	2009-05-07T00:21:47Z	Attribution-NonCommercial License	2009-04-26T17:59:15Z	NIKON CORPORATION NIKON D300	38387635	DSC_4769	3508314825	[u'amsterdam', u'd300', u'holland', u'nikon']
Amsterdam	[22348617, 728410, 727232, 12592040, 2346379, 15003818, 23424909, 28350886]	http://www.flickr.com/photos/27869195@N04/3509126390/			False	http://farm4.staticflickr.com/3227/3509126390_99f5153cc6.jpg	17	fbcca5e77f8aa11c6de38c3c0a24469	jpg	yuri_k	Netherlands	2009-05-07T00:21:58Z	Attribution-NonCommercial License	2009-04-26T17:59:48Z	NIKON CORPORATION NIKON D300	44885378	DSC_4771	3509126390	[u'amsterdam', u'd300', u'holland', u'nikon']
Amsterdam	[22348617, 728410, 727232, 12592040, 2346379, 15003818, 23424909, 28350886]	http://www.flickr.com/photos/27869195@N04/3508315325/			False	http://farm4.staticflickr.com/3659/3508315325_3182b68864.jpg	18	4866a71f7d5756bef7323adbad10ad17	jpg	yuri_k	Netherlands	2009-05-07T00:22:05Z	Attribution-NonCommercial License	2009-04-26T18:16:13Z	NIKON CORPORATION NIKON D300	93735768	DSC_4774	3508315325	[u'amsterdam', u'd300', u'holland', u'nikon']
Amsterdam	[22348617, 728410, 727232, 12592040, 2346379, 15003818, 23424909, 28350886]	http://www.flickr.com/photos/27869195@N04/3508315597/			False	http://farm4.staticflickr.com/3231/3508315597_11b144da37.jpg	18	9636c83ef8f2a4d877c36615c3dd98	jpg	yuri_k	Netherlands	2009-05-07T00:22:14Z	Attribution-NonCommercial License	2009-04-26T18:20:32Z	NIKON CORPORATION NIKON D300	43599861	DSC_4782	3508315597	[u'amsterdam', u'd300', u'holland', u'nikon']
Amsterdam	[22348617, 728410, 727232, 12592040, 2346379, 15003818, 23424909, 28350886]	http://www.flickr.com/photos/27869195@N04/3508315893/			False	http://farm4.staticflickr.com/3355/3508315893_9da57563ac.jpg	18	c52db87b9123e9bd095f609fa5e18d	jpg	yuri_k	Netherlands	2009-05-07T00:22:24Z	Attribution-NonCommercial License	2009-04-26T18:30:56Z	NIKON CORPORATION NIKON D300	75312818	DSC_4785	3508315893	[u'amsterdam', u'd300', u'holland', u'nikon']
Amsterdam	[22348617, 728410, 727232, 12592040, 2346379, 15003818, 23424909, 28350886]	http://www.flickr.com/photos/27869195@N04/3508316117/			False	http://farm4.staticflickr.com/3409/3508316117_99feb33763.jpg	18	e6ebddd1ff5ae92723ade85db938435d	jpg	yuri_k	Netherlands	2009-05-07T00:22:33Z	Attribution-NonCommercial License	2009-04-26T18:34:12Z	NIKON CORPORATION NIKON D300	67400185	DSC_4789	3508316117	[u'amsterdam', u'd300', u'holland', u'nikon']
Amsterdam	[22348617, 728410, 727232, 12592040, 2346379, 15003818, 23424909, 28350886]	http://www.flickr.com/photos/27869195@N04/3509127650/			False	http://farm4.staticflickr.com/3556/3509127650_50bf74b607.jpg	18	7f90d3bd9f5f384fd76d6b95a5c89283	jpg	yuri_k	Netherlands	2009-05-07T00:22:41Z	Attribution-NonCommercial License	2009-04-26T18:35:02Z	NIKON CORPORATION NIKON D300	66029719	DSC_4793	3509127650	[u'amsterdam', u'd300', u'holland', u'nikon']
Amsterdam	[22348617, 728410, 727232, 12592040, 2346379, 15003818, 23424909, 28350886]	http://www.flickr.com/photos/27869195@N04/3509128088/			False	http://farm4.staticflickr.com/3558/3509128088_7bdd51267f.jpg	18	2a73b6d6a8dbd048f7c835e8bde87ea6	jpg	yuri_k	Netherlands	2009-05-07T00:22:56Z	Attribution-NonCommercial License	2009-04-26T18:36:23Z	NIKON CORPORATION NIKON D300	92315615	DSC_4798	3509128088	[u'amsterdam', u'd300', u'holland', u'nikon']
Amsterdam	[22348617, 728410, 727232, 12592040, 2346379, 15003818, 23424909, 28350886]	http://www.flickr.com/photos/27869195@N04/3509128470/			False	http://farm4.staticflickr.com/3402/3509128470_43448fd83f.jpg	18	72e227d116599da739e5d67932be589	jpg	yuri_k	Netherlands	2009-05-07T00:23:08Z	Attribution-NonCommercial License	2009-04-26T18:39:35Z	NIKON CORPORATION NIKON D300	83851725	DSC_4800	3509128470	[u'amsterdam', u'd300', u'holland', u'nikon']
Amsterdam	[22348617, 728410, 727232, 12592040, 2346379, 15003818, 23424909, 28350886]	http://www.flickr.com/photos/27869195@N04/3509128832/			False	http://farm4.staticflickr.com/3388/3509128832_b8e518b826.jpg	18	f564a3a810e12aa225d45ddb92f16c6	jpg	yuri_k	Netherlands	2009-05-07T00:23:17Z	Attribution-NonCommercial License	2009-04-26T18:42:43Z	NIKON CORPORATION NIKON D300	93815568	DSC_4804	3509128832	[u'amsterdam', u'd300', u'holland', u'nikon']
Amsterdam	[22348617, 728410, 727232, 12592040, 2346379, 15003818, 23424909, 28350886]	http://www.flickr.com/photos/27869195@N04/3509129182/			False	http://farm4.staticflickr.com/3399/3509129182_39337f5c7b.jpg	18	2fb6a783f25b23e85b7d77824aa18762	jpg	yuri_k	Netherlands	2009-05-07T00:23:28Z	Attribution-NonCommercial License	2009-04-26T18:44:22Z	NIKON CORPORATION NIKON D300	80340458	DSC_4805	3509129182	[u'amsterdam', u'd300', u'holland', u'nikon']
Amsterdam	[22348617, 728410, 727232, 12592040, 2346379, 15003818, 23424909, 28350886]	http://www.flickr.com/photos/27869195@N04/3508318033/			False	http://farm4.staticflickr.com/3638/3508318033_01c06c7eca.jpg	18	434e5167dd8e1578eb1840ffb431f9	jpg	yuri_k	Netherlands	2009-05-07T00:23:34Z	Attribution-NonCommercial License	2009-04-26T18:44:36Z	NIKON CORPORATION NIKON D300	94208506	DSC_4808	3508318033	[u'amsterdam', u'd300', u'holland', u'nikon']
Amsterdam	[22348617, 728410, 727232, 12592040, 2346379, 15003818, 23424909, 28350886]	http://www.flickr.com/photos/27869195@N04/3509129640/			False	http://farm4.staticflickr.com/3623/3509129640_8c84da426a.jpg	19	72f0ad4490397f2a6ace1664f6ee2721	jpg	yuri_k	Netherlands	2009-05-07T00:23:40Z	Attribution-NonCommercial License	2009-04-26T19:27:07Z	NIKON CORPORATION NIKON D300	77639744	DSC_4810	3509129640	[u'amsterdam', u'd300', u'holland', u'nikon']
