town_s	woe_is	urlpage_s	machine_ss	desc_ws	video_b	url_s	hour_i	hash_s	ext_s	user_s	country_s	upload_dt	license_s	taken_dt	device_s	line_i	title_s	id	tag_ss
Amsterdam	[91408267, 727232, 12592040, 2346379, 15003819, 23424909, 28350886]	http://www.flickr.com/photos/23385510@N00/8230654142/			False	http://farm9.staticflickr.com/8068/8230654142_11326ed6bc.jpg	15	f845b9c28ecbf864b475fc9b69eb2a45	jpg	Turansa Tours	Netherlands	2012-11-29T18:35:12Z	Attribution-NonCommercial License	2012-11-07T15:10:28Z	Panasonic DMC-ZS20	60428730	P1000671	8230654142	
Amsterdam	[91408267, 727232, 12592040, 2346379, 15003819, 23424909, 28350886]	http://www.flickr.com/photos/23385510@N00/8229553083/			False	http://farm9.staticflickr.com/8198/8229553083_1f3a2aea25.jpg	15	91246131fef21cdaff11818acb258da	jpg	Turansa Tours	Netherlands	2012-11-29T18:19:08Z	Attribution-NonCommercial License	2012-11-07T15:10:28Z	Panasonic DMC-ZS20	64686006	P1000671	8229553083	
Amsterdam	[91408267, 727232, 12592040, 2346379, 15003819, 23424909, 28350886]	http://www.flickr.com/photos/23385510@N00/8230650564/			False	http://farm9.staticflickr.com/8066/8230650564_d649ef667d.jpg	15	c491a5d2de144b8fce409112768963c6	jpg	Turansa Tours	Netherlands	2012-11-29T18:33:43Z	Attribution-NonCommercial License	2012-11-07T15:10:36Z	Panasonic DMC-ZS20	81770936	P1000672	8230650564	
Amsterdam	[91408267, 727232, 12592040, 2346379, 15003819, 23424909, 28350886]	http://www.flickr.com/photos/23385510@N00/8229552991/			False	http://farm9.staticflickr.com/8340/8229552991_ccdf0698d4.jpg	15	d635ba3ca70f8892b949079814d3410	jpg	Turansa Tours	Netherlands	2012-11-29T18:19:05Z	Attribution-NonCommercial License	2012-11-07T15:10:36Z	Panasonic DMC-ZS20	93239274	P1000672	8229552991	
Amsterdam	[91403861, 727232, 12592040, 2346379, 15003864, 23424909, 28350886]	http://www.flickr.com/photos/23385510@N00/8230654024/			False	http://farm9.staticflickr.com/8342/8230654024_fb46a64fb6.jpg	15	3f82dae8c7a7c6bd47503459331fce6	jpg	Turansa Tours	Netherlands	2012-11-29T18:35:08Z	Attribution-NonCommercial License	2012-11-07T15:12:34Z	Panasonic DMC-ZS20	5302118	P1000673	8230654024	
Amsterdam	[91403861, 727232, 12592040, 2346379, 15003864, 23424909, 28350886]	http://www.flickr.com/photos/23385510@N00/8229552895/			False	http://farm9.staticflickr.com/8341/8229552895_81c7a43b9e.jpg	15	6458329bcdf87ed7511ce9ab552d8	jpg	Turansa Tours	Netherlands	2012-11-29T18:19:03Z	Attribution-NonCommercial License	2012-11-07T15:12:34Z	Panasonic DMC-ZS20	35211242	P1000673	8229552895	
Amsterdam	[23686006, 728410, 727232, 12592040, 2346379, 15003818, 23424909, 28350886]	http://www.flickr.com/photos/23385510@N00/8230617522/			False	http://farm9.staticflickr.com/8348/8230617522_0c6d4e37db.jpg	15	86ede5cf24ead50144e9598dff359f	jpg	Turansa Tours	Netherlands	2012-11-29T18:19:00Z	Attribution-NonCommercial License	2012-11-07T15:18:53Z	Panasonic DMC-ZS20	61736994	P1000674	8230617522	
Amsterdam	[23686006, 728410, 727232, 12592040, 2346379, 15003818, 23424909, 28350886]	http://www.flickr.com/photos/23385510@N00/8229588757/			False	http://farm9.staticflickr.com/8338/8229588757_b914035ce0.jpg	15	de15bb8e6823a2a158e34f183f6e35b1	jpg	Turansa Tours	Netherlands	2012-11-29T18:35:06Z	Attribution-NonCommercial License	2012-11-07T15:18:53Z	Panasonic DMC-ZS20	80631313	P1000674	8229588757	
Amsterdam	[91415323, 727232, 12592040, 2346379, 15003864, 23424909, 28350886]	http://www.flickr.com/photos/23385510@N00/8229588599/			False	http://farm9.staticflickr.com/8068/8229588599_86ba44ecdd.jpg	15	841acaf524af42375b38806514566f1a	jpg	Turansa Tours	Netherlands	2012-11-29T18:35:02Z	Attribution-NonCommercial License	2012-11-07T15:19:27Z	Panasonic DMC-ZS20	37224418	P1000675	8229588599	
Amsterdam	[91415323, 727232, 12592040, 2346379, 15003864, 23424909, 28350886]	http://www.flickr.com/photos/23385510@N00/8229552711/			False	http://farm9.staticflickr.com/8067/8229552711_4cabf030c0.jpg	15	bb1068a8dd85b526b8ec9817cc371687	jpg	Turansa Tours	Netherlands	2012-11-29T18:18:57Z	Attribution-NonCommercial License	2012-11-07T15:19:27Z	Panasonic DMC-ZS20	76190078	P1000675	8229552711	
Amsterdam	[91415323, 727232, 12592040, 2346379, 15003864, 23424909, 28350886]	http://www.flickr.com/photos/23385510@N00/8229588449/			False	http://farm9.staticflickr.com/8199/8229588449_95b46202e9.jpg	15	695e8fc0b473cd06d78cef2d12dae4	jpg	Turansa Tours	Netherlands	2012-11-29T18:34:58Z	Attribution-NonCommercial License	2012-11-07T15:19:56Z	Panasonic DMC-ZS20	60649246	P1000676	8229588449	
Amsterdam	[91415323, 727232, 12592040, 2346379, 15003864, 23424909, 28350886]	http://www.flickr.com/photos/23385510@N00/8230617318/			False	http://farm9.staticflickr.com/8069/8230617318_ba6497e313.jpg	15	2c917568a12cefe06c337cffbb29151	jpg	Turansa Tours	Netherlands	2012-11-29T18:18:54Z	Attribution-NonCommercial License	2012-11-07T15:19:56Z	Panasonic DMC-ZS20	62821594	P1000676	8230617318	
Amsterdam	[91415323, 727232, 12592040, 2346379, 15003864, 23424909, 28350886]	http://www.flickr.com/photos/23385510@N00/8229588281/			False	http://farm9.staticflickr.com/8348/8229588281_1fc10ee89a.jpg	15	67e7668e5f89c851bd4fb938ecfc2d0	jpg	Turansa Tours	Netherlands	2012-11-29T18:34:54Z	Attribution-NonCommercial License	2012-11-07T15:20:06Z	Panasonic DMC-ZS20	86575388	P1000677	8229588281	
Amsterdam	[91415323, 727232, 12592040, 2346379, 15003864, 23424909, 28350886]	http://www.flickr.com/photos/23385510@N00/8229552535/			False	http://farm9.staticflickr.com/8343/8229552535_c308cbfa51.jpg	15	7149731001eaefdc2fc58eeef8b2cf8	jpg	Turansa Tours	Netherlands	2012-11-29T18:18:52Z	Attribution-NonCommercial License	2012-11-07T15:20:06Z	Panasonic DMC-ZS20	98517272	P1000677	8229552535	
Amsterdam	[91415323, 727232, 12592040, 2346379, 15003864, 23424909, 28350886]	http://www.flickr.com/photos/23385510@N00/8230617084/			False	http://farm9.staticflickr.com/8484/8230617084_d965b3cf46.jpg	15	1e4e7849d8421dc546c114aa5d917a	jpg	Turansa Tours	Netherlands	2012-11-29T18:18:49Z	Attribution-NonCommercial License	2012-11-07T15:20:26Z	Panasonic DMC-ZS20	47052082	P1000678	8230617084	
Amsterdam	[91415323, 727232, 12592040, 2346379, 15003864, 23424909, 28350886]	http://www.flickr.com/photos/23385510@N00/8230653252/			False	http://farm9.staticflickr.com/8347/8230653252_2e2d626031.jpg	15	d14e0628b81daeebb30fe1586bfc791	jpg	Turansa Tours	Netherlands	2012-11-29T18:34:50Z	Attribution-NonCommercial License	2012-11-07T15:20:26Z	Panasonic DMC-ZS20	51529140	P1000678	8230653252	
Amsterdam	[91396952, 727232, 12592040, 2346379, 15003864, 23424909, 28350886]	http://www.flickr.com/photos/23385510@N00/8230653132/			False	http://farm9.staticflickr.com/8067/8230653132_a645b3b8a2.jpg	15	435f4915dbd1a181965cde98f34fe646	jpg	Turansa Tours	Netherlands	2012-11-29T18:34:47Z	Attribution-NonCommercial License	2012-11-07T15:20:56Z	Panasonic DMC-ZS20	74148568	P1000679	8230653132	
Amsterdam	[91396952, 727232, 12592040, 2346379, 15003864, 23424909, 28350886]	http://www.flickr.com/photos/23385510@N00/8229552325/			False	http://farm9.staticflickr.com/8069/8229552325_9c6edc1475.jpg	15	61876ac556794c37817270b2ce8c8f97	jpg	Turansa Tours	Netherlands	2012-11-29T18:18:46Z	Attribution-NonCommercial License	2012-11-07T15:20:56Z	Panasonic DMC-ZS20	76808811	P1000679	8229552325	
Amsterdam	[91396952, 727232, 12592040, 2346379, 15003864, 23424909, 28350886]	http://www.flickr.com/photos/23385510@N00/8229552237/			False	http://farm9.staticflickr.com/8069/8229552237_3bbe7bae9c.jpg	15	5e33f074961b34cf10b9f18e4085599	jpg	Turansa Tours	Netherlands	2012-11-29T18:18:44Z	Attribution-NonCommercial License	2012-11-07T15:21:31Z	Panasonic DMC-ZS20	11906681	P1000680	8229552237	
Amsterdam	[91396952, 727232, 12592040, 2346379, 15003864, 23424909, 28350886]	http://www.flickr.com/photos/23385510@N00/8230653002/			False	http://farm9.staticflickr.com/8484/8230653002_cd1bb03ae5.jpg	15	c0bf1ee0ddf58beebde9a64c17b9f482	jpg	Turansa Tours	Netherlands	2012-11-29T18:34:43Z	Attribution-NonCommercial License	2012-11-07T15:21:31Z	Panasonic DMC-ZS20	62606987	P1000680	8230653002	
Amsterdam	[91396240, 727232, 12592040, 2346379, 15003819, 23424909, 28350886]	http://www.flickr.com/photos/23385510@N00/8229552041/			False	http://farm9.staticflickr.com/8068/8229552041_1a7d88b75d.jpg	15	5f2164b1fe78ed347be826f1726d6921	jpg	Turansa Tours	Netherlands	2012-11-29T18:18:41Z	Attribution-NonCommercial License	2012-11-07T15:22:13Z	Panasonic DMC-ZS20	39883938	P1000681	8229552041	
Amsterdam	[91396240, 727232, 12592040, 2346379, 15003819, 23424909, 28350886]	http://www.flickr.com/photos/23385510@N00/8229587715/			False	http://farm9.staticflickr.com/8060/8229587715_bdba8c1026.jpg	15	7ace90b89139bfacba467332d46e78a6	jpg	Turansa Tours	Netherlands	2012-11-29T18:34:41Z	Attribution-NonCommercial License	2012-11-07T15:22:13Z	Panasonic DMC-ZS20	77429809	P1000681	8229587715	
Amsterdam	[91396240, 727232, 12592040, 2346379, 15003819, 23424909, 28350886]	http://www.flickr.com/photos/23385510@N00/8229549825/			False	http://farm9.staticflickr.com/8057/8229549825_f14d5acfea.jpg	15	3c76bc94c3614fe5c8669beafc3ecf92	jpg	Turansa Tours	Netherlands	2012-11-29T18:17:41Z	Attribution-NonCommercial License	2012-11-07T15:23:34Z	Panasonic DMC-ZS20	35102101	P1000682	8229549825	
Amsterdam	[91396240, 727232, 12592040, 2346379, 15003819, 23424909, 28350886]	http://www.flickr.com/photos/23385510@N00/8230652768/			False	http://farm9.staticflickr.com/8478/8230652768_288f2bc595.jpg	15	f762bb611f71e69c43563f968f4dfe	jpg	Turansa Tours	Netherlands	2012-11-29T18:34:38Z	Attribution-NonCommercial License	2012-11-07T15:23:34Z	Panasonic DMC-ZS20	75947768	P1000682	8230652768	
Amsterdam	[727232, 12592040, 2346379, 15003819, 23424909, 28350886]	http://www.flickr.com/photos/23385510@N00/8229551947/			False	http://farm9.staticflickr.com/8069/8229551947_e481f296a6.jpg	15	e094ecbd42567a48b27bc15bde7278f2	jpg	Turansa Tours	Netherlands	2012-11-29T18:18:36Z	Attribution-NonCommercial License	2012-11-07T15:23:48Z	Panasonic DMC-ZS20	67258999	P1000683	8229551947	
Amsterdam	[727232, 12592040, 2346379, 15003819, 23424909, 28350886]	http://www.flickr.com/photos/23385510@N00/8230652618/			False	http://farm9.staticflickr.com/8199/8230652618_2f5c4ded28.jpg	15	b12e299a746d8d34d0a04a4be87ef859	jpg	Turansa Tours	Netherlands	2012-11-29T18:34:34Z	Attribution-NonCommercial License	2012-11-07T15:23:48Z	Panasonic DMC-ZS20	81329575	P1000683	8230652618	
Amsterdam	[727232, 12592040, 2346379, 15003819, 23424909, 28350886]	http://www.flickr.com/photos/23385510@N00/8229551853/			False	http://farm9.staticflickr.com/8484/8229551853_96a9a0e61b.jpg	15	69102e82d5ba8da18e8a5589e6b8b	jpg	Turansa Tours	Netherlands	2012-11-29T18:18:33Z	Attribution-NonCommercial License	2012-11-07T15:23:54Z	Panasonic DMC-ZS20	65652351	P1000684	8229551853	
Amsterdam	[727232, 12592040, 2346379, 15003819, 23424909, 28350886]	http://www.flickr.com/photos/23385510@N00/8229587229/			False	http://farm9.staticflickr.com/8061/8229587229_b0e61b90a3.jpg	15	3f54bc93d1b3a01d66b11f86d994519	jpg	Turansa Tours	Netherlands	2012-11-29T18:34:30Z	Attribution-NonCommercial License	2012-11-07T15:23:54Z	Panasonic DMC-ZS20	66752950	P1000684	8229587229	
Amsterdam	[727232, 12592040, 2346379, 15003846, 23424909, 28350886]	http://www.flickr.com/photos/23385510@N00/8230652342/			False	http://farm9.staticflickr.com/8340/8230652342_d465c62d55.jpg	15	24bc77d9d77f6ee8e6c2fd5d27c3b94	jpg	Turansa Tours	Netherlands	2012-11-29T18:34:27Z	Attribution-NonCommercial License	2012-11-07T15:24:11Z	Panasonic DMC-ZS20	2864886	P1000685	8230652342	
Amsterdam	[727232, 12592040, 2346379, 15003846, 23424909, 28350886]	http://www.flickr.com/photos/23385510@N00/8229551757/			False	http://farm9.staticflickr.com/8057/8229551757_cebe566c69.jpg	15	73ffcde0263fb08676d329974124bc	jpg	Turansa Tours	Netherlands	2012-11-29T18:18:31Z	Attribution-NonCommercial License	2012-11-07T15:24:11Z	Panasonic DMC-ZS20	76840389	P1000685	8229551757	
Amsterdam	[727232, 12592040, 2346379, 15003846, 23424909, 28350886]	http://www.flickr.com/photos/23385510@N00/8229551623/			False	http://farm9.staticflickr.com/8199/8229551623_f5c2e140bd.jpg	15	1b4cba275ba26dbb367cdb09d3937fe	jpg	Turansa Tours	Netherlands	2012-11-29T18:18:28Z	Attribution-NonCommercial License	2012-11-07T15:24:22Z	Panasonic DMC-ZS20	63437756	P1000686	8229551623	
Amsterdam	[727232, 12592040, 2346379, 15003846, 23424909, 28350886]	http://www.flickr.com/photos/23385510@N00/8230652236/			False	http://farm9.staticflickr.com/8348/8230652236_f55043158b.jpg	15	d27e948997b130fc6427e9760713291	jpg	Turansa Tours	Netherlands	2012-11-29T18:34:25Z	Attribution-NonCommercial License	2012-11-07T15:24:22Z	Panasonic DMC-ZS20	65188008	P1000686	8230652236	
Amsterdam	[727232, 12592040, 2346379, 15003846, 23424909, 28350886]	http://www.flickr.com/photos/23385510@N00/8230652120/			False	http://farm9.staticflickr.com/8350/8230652120_185ff99599.jpg	15	e98c5a70e2a3a1ba44eb85836737152f	jpg	Turansa Tours	Netherlands	2012-11-29T18:34:22Z	Attribution-NonCommercial License	2012-11-07T15:24:55Z	Panasonic DMC-ZS20	24451630	P1000687	8230652120	
Amsterdam	[727232, 12592040, 2346379, 15003846, 23424909, 28350886]	http://www.flickr.com/photos/23385510@N00/8230616182/			False	http://farm9.staticflickr.com/8343/8230616182_b347cff017.jpg	15	9e9df6a37766a1ad4ef857c73ceeefa2	jpg	Turansa Tours	Netherlands	2012-11-29T18:18:24Z	Attribution-NonCommercial License	2012-11-07T15:24:55Z	Panasonic DMC-ZS20	32415760	P1000687	8230616182	
Amsterdam	[727232, 12592040, 2346379, 15003846, 23424909, 28350886]	http://www.flickr.com/photos/23385510@N00/8229586807/			False	http://farm9.staticflickr.com/8345/8229586807_ac30dd60b0.jpg	15	3fd77d6a1e98b42277c9c11736ae4fe7	jpg	Turansa Tours	Netherlands	2012-11-29T18:34:20Z	Attribution-NonCommercial License	2012-11-07T15:24:59Z	Panasonic DMC-ZS20	29194349	P1000688	8229586807	
Amsterdam	[727232, 12592040, 2346379, 15003846, 23424909, 28350886]	http://www.flickr.com/photos/23385510@N00/8229551303/			False	http://farm9.staticflickr.com/8486/8229551303_6eca1c9d77.jpg	15	deb5af59f6995e8a9472a3727cc36231	jpg	Turansa Tours	Netherlands	2012-11-29T18:18:21Z	Attribution-NonCommercial License	2012-11-07T15:24:59Z	Panasonic DMC-ZS20	81560474	P1000688	8229551303	
Amsterdam	[727232, 12592040, 2346379, 15003846, 23424909, 28350886]	http://www.flickr.com/photos/23385510@N00/8230651866/			False	http://farm9.staticflickr.com/8069/8230651866_6b195faa83.jpg	15	f45bb4a720d2afe4e512248d8c7925a9	jpg	Turansa Tours	Netherlands	2012-11-29T18:34:15Z	Attribution-NonCommercial License	2012-11-07T15:25:07Z	Panasonic DMC-ZS20	84095200	P1000689	8230651866	
Amsterdam	[727232, 12592040, 2346379, 15003846, 23424909, 28350886]	http://www.flickr.com/photos/23385510@N00/8230615868/			False	http://farm9.staticflickr.com/8070/8230615868_13c606ced6.jpg	15	17cb6e41b8c1704ce464b6d34e516a	jpg	Turansa Tours	Netherlands	2012-11-29T18:18:16Z	Attribution-NonCommercial License	2012-11-07T15:25:07Z	Panasonic DMC-ZS20	90437296	P1000689	8230615868	
Amsterdam	[727232, 12592040, 2346379, 15003846, 23424909, 28350886]	http://www.flickr.com/photos/23385510@N00/8229586537/			False	http://farm9.staticflickr.com/8477/8229586537_37cc89ff2f.jpg	15	ca2d8d20bd101c6ae2d4b266eddbaa3	jpg	Turansa Tours	Netherlands	2012-11-29T18:34:13Z	Attribution-NonCommercial License	2012-11-07T15:25:31Z	Panasonic DMC-ZS20	43124329	P1000690	8229586537	
Amsterdam	[727232, 12592040, 2346379, 15003846, 23424909, 28350886]	http://www.flickr.com/photos/23385510@N00/8229551113/			False	http://farm9.staticflickr.com/8205/8229551113_48f67a9224.jpg	15	1877836f3fb4114cacd1994c7aedf	jpg	Turansa Tours	Netherlands	2012-11-29T18:18:13Z	Attribution-NonCommercial License	2012-11-07T15:25:31Z	Panasonic DMC-ZS20	79603287	P1000690	8229551113	
Amsterdam	[727232, 12592040, 2346379, 15003846, 23424909, 28350886]	http://www.flickr.com/photos/23385510@N00/8229550989/			False	http://farm9.staticflickr.com/8068/8229550989_0dfcb10e43.jpg	15	fa13ecf11aa3c5dd52e69446724542	jpg	Turansa Tours	Netherlands	2012-11-29T18:18:10Z	Attribution-NonCommercial License	2012-11-07T15:25:41Z	Panasonic DMC-ZS20	71629845	P1000691	8229550989	
Amsterdam	[727232, 12592040, 2346379, 15003846, 23424909, 28350886]	http://www.flickr.com/photos/23385510@N00/8229586427/			False	http://farm9.staticflickr.com/8199/8229586427_0199984703.jpg	15	69ca1116178dad6b7429df0b783f340	jpg	Turansa Tours	Netherlands	2012-11-29T18:34:10Z	Attribution-NonCommercial License	2012-11-07T15:25:41Z	Panasonic DMC-ZS20	83274706	P1000691	8229586427	
Amsterdam	[727232, 12592040, 2346379, 15003846, 23424909, 28350886]	http://www.flickr.com/photos/23385510@N00/8230651566/			False	http://farm9.staticflickr.com/8067/8230651566_fc2ec2de56.jpg	15	f1892a79d9e41307bcae013f8924cd	jpg	Turansa Tours	Netherlands	2012-11-29T18:34:08Z	Attribution-NonCommercial License	2012-11-07T15:26:16Z	Panasonic DMC-ZS20	76726113	P1000692	8230651566	
Amsterdam	[727232, 12592040, 2346379, 15003846, 23424909, 28350886]	http://www.flickr.com/photos/23385510@N00/8230615580/			False	http://farm9.staticflickr.com/8204/8230615580_bb81809d9e.jpg	15	206db82d1b7fa5d39e6445119c5b488c	jpg	Turansa Tours	Netherlands	2012-11-29T18:18:08Z	Attribution-NonCommercial License	2012-11-07T15:26:16Z	Panasonic DMC-ZS20	86956853	P1000692	8230615580	
Amsterdam	[727232, 12592040, 2346379, 15003846, 23424909, 28350886]	http://www.flickr.com/photos/23385510@N00/8229550797/			False	http://farm9.staticflickr.com/8350/8229550797_59bc74a1e4.jpg	15	df6468c0f6b34f13e7d4d7e892ab62e	jpg	Turansa Tours	Netherlands	2012-11-29T18:18:05Z	Attribution-NonCommercial License	2012-11-07T15:27:03Z	Panasonic DMC-ZS20	1779292	P1000693	8229550797	
Amsterdam	[727232, 12592040, 2346379, 15003846, 23424909, 28350886]	http://www.flickr.com/photos/23385510@N00/8230651452/			False	http://farm9.staticflickr.com/8482/8230651452_c3ee2887c3.jpg	15	25eb72d25d8d122d2f2c5ce167ca52	jpg	Turansa Tours	Netherlands	2012-11-29T18:34:05Z	Attribution-NonCommercial License	2012-11-07T15:27:03Z	Panasonic DMC-ZS20	77047259	P1000693	8230651452	
Amsterdam	[727232, 12592040, 2346379, 15003846, 23424909, 28350886]	http://www.flickr.com/photos/23385510@N00/8229586079/			False	http://farm9.staticflickr.com/8197/8229586079_e05cfaf5cd.jpg	15	e6d154d851c3428b2f5653ca1d772ca	jpg	Turansa Tours	Netherlands	2012-11-29T18:34:01Z	Attribution-NonCommercial License	2012-11-07T15:27:08Z	Panasonic DMC-ZS20	75256397	P1000694	8229586079	
Amsterdam	[727232, 12592040, 2346379, 15003846, 23424909, 28350886]	http://www.flickr.com/photos/23385510@N00/8229550693/			False	http://farm9.staticflickr.com/8206/8229550693_a9b2457f3b.jpg	15	a782609bd664f994fdf088b45bce0b7	jpg	Turansa Tours	Netherlands	2012-11-29T18:18:03Z	Attribution-NonCommercial License	2012-11-07T15:27:08Z	Panasonic DMC-ZS20	87917809	P1000694	8229550693	
Amsterdam	[727232, 12592040, 2346379, 15003846, 23424909, 28350886]	http://www.flickr.com/photos/23385510@N00/8230651174/			False	http://farm9.staticflickr.com/8338/8230651174_f2b68bda72.jpg	15	1612fea601cf22a59aeda3c8f295468	jpg	Turansa Tours	Netherlands	2012-11-29T18:33:58Z	Attribution-NonCommercial License	2012-11-07T15:27:22Z	Panasonic DMC-ZS20	76904061	P1000695	8230651174	
Amsterdam	[727232, 12592040, 2346379, 15003846, 23424909, 28350886]	http://www.flickr.com/photos/23385510@N00/8230615298/			False	http://farm9.staticflickr.com/8477/8230615298_3f8d7f416c.jpg	15	c229ff88b9787e8b268ab5b2ae9a748	jpg	Turansa Tours	Netherlands	2012-11-29T18:18:00Z	Attribution-NonCommercial License	2012-11-07T15:27:22Z	Panasonic DMC-ZS20	78984941	P1000695	8230615298	
Amsterdam	[727232, 12592040, 2346379, 15003846, 23424909, 28350886]	http://www.flickr.com/photos/23385510@N00/8230615202/			False	http://farm9.staticflickr.com/8203/8230615202_427bfc0c96.jpg	15	736ef5a53919838fe6f413dc6d3925	jpg	Turansa Tours	Netherlands	2012-11-29T18:17:57Z	Attribution-NonCommercial License	2012-11-07T15:27:29Z	Panasonic DMC-ZS20	46610440	P1000696	8230615202	
Amsterdam	[727232, 12592040, 2346379, 15003846, 23424909, 28350886]	http://www.flickr.com/photos/23385510@N00/8229585893/			False	http://farm9.staticflickr.com/8209/8229585893_4a9cb572e9.jpg	15	ccf0a5c56feecf6ad1b9ad6d5359a7	jpg	Turansa Tours	Netherlands	2012-11-29T18:33:56Z	Attribution-NonCommercial License	2012-11-07T15:27:29Z	Panasonic DMC-ZS20	93549223	P1000696	8229585893	
Amsterdam	[727232, 12592040, 2346379, 15003846, 23424909, 28350886]	http://www.flickr.com/photos/23385510@N00/8229585785/			False	http://farm9.staticflickr.com/8490/8229585785_d8338a6229.jpg	15	b4d72548ffb6f8721ae133d0d89c9ba	jpg	Turansa Tours	Netherlands	2012-11-29T18:33:53Z	Attribution-NonCommercial License	2012-11-07T15:28:36Z	Panasonic DMC-ZS20	88647551	P1000697	8229585785	
Amsterdam	[727232, 12592040, 2346379, 15003846, 23424909, 28350886]	http://www.flickr.com/photos/23385510@N00/8230615094/			False	http://farm9.staticflickr.com/8487/8230615094_611e2d627a.jpg	15	e1ba9e68c8dd1f84be13bdb38d70f395	jpg	Turansa Tours	Netherlands	2012-11-29T18:17:55Z	Attribution-NonCommercial License	2012-11-07T15:28:36Z	Panasonic DMC-ZS20	91502740	P1000697	8230615094	
Amsterdam	[727232, 12592040, 2346379, 15003846, 23424909, 28350886]	http://www.flickr.com/photos/23385510@N00/8230650876/			False	http://farm9.staticflickr.com/8057/8230650876_28762745ef.jpg	15	6916c44c88fe1b8e2c22775c6f721ec6	jpg	Turansa Tours	Netherlands	2012-11-29T18:33:51Z	Attribution-NonCommercial License	2012-11-07T15:28:46Z	Panasonic DMC-ZS20	13232663	P1000698	8230650876	
Amsterdam	[727232, 12592040, 2346379, 15003846, 23424909, 28350886]	http://www.flickr.com/photos/23385510@N00/8230614992/			False	http://farm9.staticflickr.com/8202/8230614992_d79c987180.jpg	15	61372d50c2bca42919135a8420f980ce	jpg	Turansa Tours	Netherlands	2012-11-29T18:17:52Z	Attribution-NonCommercial License	2012-11-07T15:28:46Z	Panasonic DMC-ZS20	70884031	P1000698	8230614992	
Amsterdam	[727232, 12592040, 2346379, 15003846, 23424909, 28350886]	http://www.flickr.com/photos/23385510@N00/8230614388/			False	http://farm9.staticflickr.com/8483/8230614388_eafca229e7.jpg	15	69f162fcb8b996f2637cc8528a5d7d	jpg	Turansa Tours	Netherlands	2012-11-29T18:17:36Z	Attribution-NonCommercial License	2012-11-07T15:29:07Z	Panasonic DMC-ZS20	71125032	P1000699	8230614388	
Amsterdam	[727232, 12592040, 2346379, 15003846, 23424909, 28350886]	http://www.flickr.com/photos/23385510@N00/8230650450/			False	http://farm9.staticflickr.com/8070/8230650450_6eb4c06953.jpg	15	12cebb52ad3deb37884b429ee9e82ef3	jpg	Turansa Tours	Netherlands	2012-11-29T18:33:40Z	Attribution-NonCommercial License	2012-11-07T15:29:07Z	Panasonic DMC-ZS20	86240460	P1000699	8230650450	
Amsterdam	[727232, 12592040, 2346379, 15003846, 23424909, 28350886]	http://www.flickr.com/photos/23385510@N00/8268276884/			False	http://farm9.staticflickr.com/8343/8268276884_291c25b2dc.jpg	15	a850c0d431c945a080fd7ec088352e0	jpg	Turansa Tours	Netherlands	2012-12-12T21:39:41Z	Attribution-NonCommercial License	2012-11-07T15:29:07Z	Panasonic DMC-ZS20	84120517	P1000699	8268276884	
Amsterdam	[727232, 12592040, 2346379, 15003846, 23424909, 28350886]	http://www.flickr.com/photos/23385510@N00/8267211467/			False	http://farm9.staticflickr.com/8199/8267211467_162efab45c.jpg	15	612ab493ba11752d94fdeef8ca02539	jpg	Turansa Tours	Netherlands	2012-12-12T21:41:28Z	Attribution-NonCommercial License	2012-11-07T15:36:03Z	Panasonic DMC-ZS20	96326786	P1000700	8267211467	
Amsterdam	[91397883, 727232, 12592040, 2346379, 15003818, 23424909, 28350886]	http://www.flickr.com/photos/23385510@N00/8268280668/			False	http://farm9.staticflickr.com/8356/8268280668_786ca696f6.jpg	15	1fbf141b50df2584b5ac93a356cf4792	jpg	Turansa Tours	Netherlands	2012-12-12T21:41:18Z	Attribution-NonCommercial License	2012-11-07T15:36:07Z	Panasonic DMC-ZS20	10661115	P1000701	8268280668	
Amsterdam	[22347015, 728410, 727232, 12592040, 2346379, 15003818, 23424909, 28350886]	http://www.flickr.com/photos/23385510@N00/8267210933/			False	http://farm9.staticflickr.com/8202/8267210933_ab634a8b9e.jpg	15	29df81322896b4f7ca7794f453c1b4c	jpg	Turansa Tours	Netherlands	2012-12-12T21:41:14Z	Attribution-NonCommercial License	2012-11-07T15:44:43Z	Panasonic DMC-ZS20	83335541	P1000702	8267210933	
Amsterdam	[727232, 12592040, 2346379, 15003815, 23424909, 28350886]	http://www.flickr.com/photos/23385510@N00/8267210821/			False	http://farm9.staticflickr.com/8220/8267210821_afc9f35955.jpg	15	c1c84637b8baa2ca355668d2f4bf18	jpg	Turansa Tours	Netherlands	2012-12-12T21:41:12Z	Attribution-NonCommercial License	2012-11-07T15:44:47Z	Panasonic DMC-ZS20	83625069	P1000703	8267210821	
Amsterdam	[727232, 12592040, 2346379, 15003815, 23424909, 28350886]	http://www.flickr.com/photos/23385510@N00/8267210719/			False	http://farm9.staticflickr.com/8346/8267210719_a4db41f007.jpg	15	7894a0fc61f294ec713a1177a7a47cab	jpg	Turansa Tours	Netherlands	2012-12-12T21:41:09Z	Attribution-NonCommercial License	2012-11-07T15:46:49Z	Panasonic DMC-ZS20	74173465	P1000704	8267210719	
Amsterdam	[727232, 12592040, 2346379, 15003830, 23424909, 28350886]	http://www.flickr.com/photos/23385510@N00/8267210565/			False	http://farm9.staticflickr.com/8346/8267210565_f2d9c8a7a9.jpg	15	c151e6aad7558cef38f384b2952ac6a	jpg	Turansa Tours	Netherlands	2012-12-12T21:41:05Z	Attribution-NonCommercial License	2012-11-07T15:48:14Z	Panasonic DMC-ZS20	88337906	P1000705	8267210565	
Amsterdam	[727232, 12592040, 2346379, 15003830, 23424909, 28350886]	http://www.flickr.com/photos/23385510@N00/8268279938/			False	http://farm9.staticflickr.com/8200/8268279938_75f516d3a6.jpg	15	58fa1c58434381b82dc7de49b1e8c5d	jpg	Turansa Tours	Netherlands	2012-12-12T21:41:01Z	Attribution-NonCommercial License	2012-11-07T15:48:31Z	Panasonic DMC-ZS20	13106990	P1000706	8268279938	
Amsterdam	[727232, 12592040, 2346379, 15003822, 23424909, 28350886]	http://www.flickr.com/photos/23385510@N00/8267210289/			False	http://farm9.staticflickr.com/8217/8267210289_a98d665f4d.jpg	15	9f98e9e646d022482e1255811ba41e43	jpg	Turansa Tours	Netherlands	2012-12-12T21:40:58Z	Attribution-NonCommercial License	2012-11-07T15:48:54Z	Panasonic DMC-ZS20	60873982	P1000707	8267210289	
Amsterdam	[727232, 12592040, 2346379, 15003822, 23424909, 28350886]	http://www.flickr.com/photos/23385510@N00/8268279708/			False	http://farm9.staticflickr.com/8062/8268279708_ac727c02e8.jpg	15	f9bfc030322bb413263f63638583371	jpg	Turansa Tours	Netherlands	2012-12-12T21:40:56Z	Attribution-NonCommercial License	2012-11-07T15:49:37Z	Panasonic DMC-ZS20	68066913	P1000708	8268279708	
Amsterdam	[727232, 12592040, 2346379, 15003822, 23424909, 28350886]	http://www.flickr.com/photos/23385510@N00/8268279576/			False	http://farm9.staticflickr.com/8213/8268279576_f67b52e181.jpg	15	feaf40f9f0cfb065507863b884a558a	jpg	Turansa Tours	Netherlands	2012-12-12T21:40:52Z	Attribution-NonCommercial License	2012-11-07T15:49:44Z	Panasonic DMC-ZS20	35356504	P1000709	8268279576	
Amsterdam	[727232, 12592040, 2346379, 15003822, 23424909, 28350886]	http://www.flickr.com/photos/23385510@N00/8267209901/			False	http://farm9.staticflickr.com/8205/8267209901_2b16861efb.jpg	15	bb8e139faef8c5e942d87027c551822f	jpg	Turansa Tours	Netherlands	2012-12-12T21:40:48Z	Attribution-NonCommercial License	2012-11-07T15:49:49Z	Panasonic DMC-ZS20	89810570	P1000710	8267209901	
Amsterdam	[727232, 12592040, 2346379, 15003822, 23424909, 28350886]	http://www.flickr.com/photos/23385510@N00/8268279326/			False	http://farm9.staticflickr.com/8342/8268279326_bef51604c5.jpg	15	e85659337849adba8e6f79915ec93a3	jpg	Turansa Tours	Netherlands	2012-12-12T21:40:45Z	Attribution-NonCommercial License	2012-11-07T15:50:37Z	Panasonic DMC-ZS20	89436430	P1000711	8268279326	
Amsterdam	[727232, 12592040, 2346379, 15003821, 23424909, 28350886]	http://www.flickr.com/photos/23385510@N00/8268279230/			False	http://farm9.staticflickr.com/8057/8268279230_db534f556c.jpg	15	faf57891d8e5c28db6d9416b31f881fc	jpg	Turansa Tours	Netherlands	2012-12-12T21:40:43Z	Attribution-NonCommercial License	2012-11-07T15:52:48Z	Panasonic DMC-ZS20	13299969	P1000712	8268279230	
Amsterdam	[22349629, 728410, 727232, 12592040, 2346379, 15003818, 23424909, 28350886]	http://www.flickr.com/photos/23385510@N00/8268279076/			False	http://farm9.staticflickr.com/8067/8268279076_986f5caa15.jpg	15	e071fdd8faa18f2ce8b5c9faeef411bc	jpg	Turansa Tours	Netherlands	2012-12-12T21:40:39Z	Attribution-NonCommercial License	2012-11-07T15:54:04Z	Panasonic DMC-ZS20	95204581	P1000713	8268279076	
Amsterdam	[22349629, 728410, 727232, 12592040, 2346379, 15003818, 23424909, 28350886]	http://www.flickr.com/photos/23385510@N00/8268278986/			False	http://farm9.staticflickr.com/8218/8268278986_1b6ef94f54.jpg	15	eefaca1a7a111bff8773f8a2be9922f6	jpg	Turansa Tours	Netherlands	2012-12-12T21:40:36Z	Attribution-NonCommercial License	2012-11-07T15:54:09Z	Panasonic DMC-ZS20	76079138	P1000714	8268278986	
Amsterdam	[22349629, 728410, 727232, 12592040, 2346379, 15003818, 23424909, 28350886]	http://www.flickr.com/photos/23385510@N00/8268278898/			False	http://farm9.staticflickr.com/8342/8268278898_fbfc4decdc.jpg	15	51c13fd5b1fdcb617047f4874785a7ae	jpg	Turansa Tours	Netherlands	2012-12-12T21:40:34Z	Attribution-NonCommercial License	2012-11-07T15:54:17Z	Panasonic DMC-ZS20	98749625	P1000715	8268278898	
Amsterdam	[22349629, 728410, 727232, 12592040, 2346379, 15003818, 23424909, 28350886]	http://www.flickr.com/photos/23385510@N00/8267209115/			False	http://farm9.staticflickr.com/8064/8267209115_0500dd4bab.jpg	15	8772923789fb2bf73ce236e6aa88ecd	jpg	Turansa Tours	Netherlands	2012-12-12T21:40:30Z	Attribution-NonCommercial License	2012-11-07T15:54:25Z	Panasonic DMC-ZS20	71438456	P1000716	8267209115	
Amsterdam	[22349629, 728410, 727232, 12592040, 2346379, 15003818, 23424909, 28350886]	http://www.flickr.com/photos/23385510@N00/8268278652/			False	http://farm9.staticflickr.com/8060/8268278652_35d762f4fa.jpg	15	efacb851f05ca9f8aeb3f4741610331f	jpg	Turansa Tours	Netherlands	2012-12-12T21:40:27Z	Attribution-NonCommercial License	2012-11-07T15:54:39Z	Panasonic DMC-ZS20	62766619	P1000717	8268278652	
Amsterdam	[22349629, 728410, 727232, 12592040, 2346379, 15003818, 23424909, 28350886]	http://www.flickr.com/photos/23385510@N00/8268278536/			False	http://farm9.staticflickr.com/8487/8268278536_f759fe1583.jpg	15	64589a4174eb8cbb65bc18d1d693ec2	jpg	Turansa Tours	Netherlands	2012-12-12T21:40:24Z	Attribution-NonCommercial License	2012-11-07T15:54:46Z	Panasonic DMC-ZS20	78220308	P1000718	8268278536	
Amsterdam	[22349629, 728410, 727232, 12592040, 2346379, 15003818, 23424909, 28350886]	http://www.flickr.com/photos/23385510@N00/8267208829/			False	http://farm9.staticflickr.com/8220/8267208829_6e2236e747.jpg	15	c292c8bc9826aa490dd3733e0654556	jpg	Turansa Tours	Netherlands	2012-12-12T21:40:22Z	Attribution-NonCommercial License	2012-11-07T15:54:58Z	Panasonic DMC-ZS20	8410910	P1000719	8267208829	
Amsterdam	[22349629, 728410, 727232, 12592040, 2346379, 15003818, 23424909, 28350886]	http://www.flickr.com/photos/23385510@N00/8268278352/			False	http://farm9.staticflickr.com/8057/8268278352_530f0f0af2.jpg	15	547f34ec2fd78878eefd0b715a798fe	jpg	Turansa Tours	Netherlands	2012-12-12T21:40:19Z	Attribution-NonCommercial License	2012-11-07T15:55:08Z	Panasonic DMC-ZS20	61093866	P1000720	8268278352	
Amsterdam	[22349629, 728410, 727232, 12592040, 2346379, 15003818, 23424909, 28350886]	http://www.flickr.com/photos/23385510@N00/8267208547/			False	http://farm9.staticflickr.com/8503/8267208547_211c791dcc.jpg	15	56f0a8406eca6e2237dc7c64b1353278	jpg	Turansa Tours	Netherlands	2012-12-12T21:40:15Z	Attribution-NonCommercial License	2012-11-07T15:55:29Z	Panasonic DMC-ZS20	23399169	P1000721	8267208547	
Amsterdam	[22349629, 728410, 727232, 12592040, 2346379, 15003818, 23424909, 28350886]	http://www.flickr.com/photos/23385510@N00/8268278042/			False	http://farm9.staticflickr.com/8363/8268278042_0ed75268d5.jpg	15	67b190d8411585f26c2c98cb5b98a5	jpg	Turansa Tours	Netherlands	2012-12-12T21:40:11Z	Attribution-NonCommercial License	2012-11-07T15:55:54Z	Panasonic DMC-ZS20	62279675	P1000722	8268278042	
Amsterdam	[22349629, 728410, 727232, 12592040, 2346379, 15003818, 23424909, 28350886]	http://www.flickr.com/photos/23385510@N00/8267208295/			False	http://farm9.staticflickr.com/8206/8267208295_8755e81906.jpg	15	4b81e589372ae8dbd3d54c1938846182	jpg	Turansa Tours	Netherlands	2012-12-12T21:40:08Z	Attribution-NonCommercial License	2012-11-07T15:58:23Z	Panasonic DMC-ZS20	97672872	P1000723	8267208295	
Amsterdam	[727232, 12592040, 2346379, 12851444, 23424909, 28350886]	http://www.flickr.com/photos/23385510@N00/8268277790/			False	http://farm9.staticflickr.com/8201/8268277790_793783a5a8.jpg	15	b04d51319f71162349114d271cee7536	jpg	Turansa Tours	Netherlands	2012-12-12T21:40:05Z	Attribution-NonCommercial License	2012-11-07T15:59:00Z	Panasonic DMC-ZS20	36571582	P1000724	8268277790	
Amsterdam	[727232, 12592040, 2346379, 12851444, 23424909, 28350886]	http://www.flickr.com/photos/23385510@N00/8267208101/			False	http://farm9.staticflickr.com/8493/8267208101_78764e5787.jpg	15	9b9ad46533eb9f78c1f21d8bc31e1a19	jpg	Turansa Tours	Netherlands	2012-12-12T21:40:03Z	Attribution-NonCommercial License	2012-11-07T15:59:24Z	Panasonic DMC-ZS20	79388896	P1000725	8267208101	
Amsterdam	[727232, 12592040, 2346379, 12851444, 23424909, 28350886]	http://www.flickr.com/photos/23385510@N00/8268277512/			False	http://farm9.staticflickr.com/8060/8268277512_6040555564.jpg	16	bfa9abfcb04c4332a6084af5913a5f1	jpg	Turansa Tours	Netherlands	2012-12-12T21:39:57Z	Attribution-NonCommercial License	2012-11-07T16:01:29Z	Panasonic DMC-ZS20	17930446	P1000727	8268277512	
Amsterdam	[91395101, 727232, 12592040, 2346379, 15003820, 23424909, 28350886]	http://www.flickr.com/photos/23385510@N00/8267207805/			False	http://farm9.staticflickr.com/8074/8267207805_e9cd155691.jpg	16	a95f7692ef227ead7fecc5587b7c2a2	jpg	Turansa Tours	Netherlands	2012-12-12T21:39:55Z	Attribution-NonCommercial License	2012-11-07T16:08:41Z	Panasonic DMC-ZS20	63520497	P1000728	8267207805	
Amsterdam	[91395101, 727232, 12592040, 2346379, 15003820, 23424909, 28350886]	http://www.flickr.com/photos/23385510@N00/8268277290/			False	http://farm9.staticflickr.com/8062/8268277290_fcd8eb196e.jpg	16	4bc6e54b712320cd29fb4fc654d99562	jpg	Turansa Tours	Netherlands	2012-12-12T21:39:52Z	Attribution-NonCommercial License	2012-11-07T16:46:47Z	Panasonic DMC-ZS20	65340756	P1000729	8268277290	
Amsterdam	[727232, 12592040, 2346379, 15003866, 23424909, 28350886]	http://www.flickr.com/photos/23385510@N00/8268277230/			False	http://farm9.staticflickr.com/8480/8268277230_1c2b6e52a0.jpg	16	539b968ae6d58c32672c1270e9c3e87a	jpg	Turansa Tours	Netherlands	2012-12-12T21:39:50Z	Attribution-NonCommercial License	2012-11-07T16:46:53Z	Panasonic DMC-ZS20	72555945	P1000730	8268277230	
Amsterdam	[727232, 12592040, 2346379, 15003866, 23424909, 28350886]	http://www.flickr.com/photos/23385510@N00/8267207517/			False	http://farm9.staticflickr.com/8216/8267207517_fd30de36b5.jpg	16	b7a34287f7709cd8c529ba53d87463f	jpg	Turansa Tours	Netherlands	2012-12-12T21:39:47Z	Attribution-NonCommercial License	2012-11-07T16:46:57Z	Panasonic DMC-ZS20	74072341	P1000731	8267207517	
Amsterdam	[727232, 12592040, 2346379, 15003866, 23424909, 28350886]	http://www.flickr.com/photos/23385510@N00/8268276988/			False	http://farm9.staticflickr.com/8209/8268276988_77f38980c7.jpg	16	cf6634c105b33145a15493576b2d884	jpg	Turansa Tours	Netherlands	2012-12-12T21:39:44Z	Attribution-NonCommercial License	2012-11-07T16:49:28Z	Panasonic DMC-ZS20	75365904	P1000732	8268276988	
Amsterdam	[23189222, 728410, 727232, 12592040, 2346379, 15003818, 23424909, 28350886]	http://www.flickr.com/photos/23385510@N00/8267207193/			False	http://farm9.staticflickr.com/8503/8267207193_e8f599ec8c.jpg	16	fe56b0b7ae6c35c05d237c773a55a76	jpg	Turansa Tours	Netherlands	2012-12-12T21:39:38Z	Attribution-NonCommercial License	2012-11-07T16:49:38Z	Panasonic DMC-ZS20	55150864	P1000733	8267207193	
