town_s	woe_is	urlpage_s	machine_ss	desc_ws	video_b	url_s	hour_i	hash_s	ext_s	user_s	country_s	upload_dt	license_s	taken_dt	device_s	line_i	title_s	id	tag_ss
Amsterdam	[91394109, 727232, 12592040, 2346379, 15003814, 23424909, 28350886]	http://www.flickr.com/photos/89333651@N00/6913759123/			False	http://farm8.staticflickr.com/7196/6913759123_754f52b589.jpg	13	34d0e03636744aa713a23f1c131846cf	jpg	kmoliver	Netherlands	2012-02-21T02:53:13Z	Attribution-NonCommercial-NoDerivs License	2012-02-16T13:48:27Z	FUJIFILM FinePix XP30	75242819	Dam Square, Amsterdam, View from Hotel	6913759123	[u'amsterdam', u'dam square']
Amsterdam	[91394109, 727232, 12592040, 2346379, 15003814, 23424909, 28350886]	http://www.flickr.com/photos/89333651@N00/6913759953/			False	http://farm8.staticflickr.com/7039/6913759953_f0e2605e9d.jpg	13	5dbce53c68efdc9f7ec341293e161b	jpg	kmoliver	Netherlands	2012-02-21T02:53:23Z	Attribution-NonCommercial-NoDerivs License	2012-02-16T13:48:38Z	FUJIFILM FinePix XP30	96494979	Dam Square, Amsterdam, View from Hotel	6913759953	[u'amsterdam', u'dam square']
Amsterdam	[91394109, 727232, 12592040, 2346379, 15003814, 23424909, 28350886]	http://www.flickr.com/photos/89333651@N00/6913760633/			False	http://farm8.staticflickr.com/7179/6913760633_4b871f5211.jpg	13	176d6ac04f8caf2330cd5f7cdceca2d1	jpg	kmoliver	Netherlands	2012-02-21T02:53:31Z	Attribution-NonCommercial-NoDerivs License	2012-02-16T13:48:46Z	FUJIFILM FinePix XP30	28338170	Dam Square, Amsterdam, View from Hotel	6913760633	[u'amsterdam', u'dam square']
Amsterdam	[91394109, 727232, 12592040, 2346379, 15003814, 23424909, 28350886]	http://www.flickr.com/photos/89333651@N00/6913648953/			False	http://farm8.staticflickr.com/7036/6913648953_c884068395.jpg	13	7927b311c01879a986fde1ec724aa6de	jpg	kmoliver	Netherlands	2012-02-21T02:30:59Z	Attribution-NonCommercial-NoDerivs License	2012-02-16T13:49:45Z	FUJIFILM FinePix XP30	84222513	NH Hotel Krasnapolsky	6913648953	[u'amsterdam', u'dam square', u'nh hotel krasnapolsky']
Amsterdam	[91394109, 727232, 12592040, 2346379, 15003814, 23424909, 28350886]	http://www.flickr.com/photos/89333651@N00/6913651239/			False	http://farm8.staticflickr.com/7200/6913651239_4fc1366a81.jpg	13	76ab9753919d3d35ded7a49fd35eb73	jpg	kmoliver	Netherlands	2012-02-21T02:31:27Z	Attribution-NonCommercial-NoDerivs License	2012-02-16T13:50:09Z	FUJIFILM FinePix XP30	43337905	NH Hotel Krasnapolsky	6913651239	[u'amsterdam', u'dam square', u'nh hotel krasnapolsky']
Amsterdam	[91394109, 727232, 12592040, 2346379, 15003814, 23424909, 28350886]	http://www.flickr.com/photos/89333651@N00/6913653609/			False	http://farm8.staticflickr.com/7053/6913653609_a1b74e39a7.jpg	13	ae8645fa33c7d18aeac6a2650d694d7	jpg	kmoliver	Netherlands	2012-02-21T02:31:54Z	Attribution-NonCommercial-NoDerivs License	2012-02-16T13:50:19Z	FUJIFILM FinePix XP30	69916703	NH Hotel Krasnapolsky	6913653609	[u'amsterdam', u'dam square', u'nh hotel krasnapolsky']
Amsterdam	[91394109, 727232, 12592040, 2346379, 15003814, 23424909, 28350886]	http://www.flickr.com/photos/89333651@N00/6913656019/			False	http://farm8.staticflickr.com/7195/6913656019_568b622065.jpg	13	87845278d6686bbc26bcff14693c76a	jpg	kmoliver	Netherlands	2012-02-21T02:32:23Z	Attribution-NonCommercial-NoDerivs License	2012-02-16T13:50:27Z	FUJIFILM FinePix XP30	15674209	NH Hotel Krasnapolsky	6913656019	[u'amsterdam', u'dam square', u'nh hotel krasnapolsky']
Amsterdam	[23189187, 728410, 727232, 12592040, 2346379, 15003818, 23424909, 28350886]	http://www.flickr.com/photos/89333651@N00/6913657197/			False	http://farm8.staticflickr.com/7041/6913657197_2da48de3d6.jpg	14	253fa5dad5beede168e7cc9044f99a	jpg	kmoliver	Netherlands	2012-02-21T02:32:37Z	Attribution-NonCommercial-NoDerivs License	2012-02-16T14:08:44Z	FUJIFILM FinePix XP30	93810387	NH Hotel Krasnapolsky	6913657197	[u'amsterdam', u'dam square', u'nh hotel krasnapolsky']
Amsterdam	[22347679, 728410, 727232, 12592040, 2346379, 15003818, 23424909, 28350886]	http://www.flickr.com/photos/89333651@N00/6913676109/			False	http://farm8.staticflickr.com/7209/6913676109_9f8ac10b2f.jpg	14	3fdfaffad1df98fae2216ac7cd5ccd	jpg	kmoliver	Netherlands	2012-02-21T02:36:31Z	Attribution-NonCommercial-NoDerivs License	2012-02-16T14:09:03Z	FUJIFILM FinePix XP30	69223343	Royal Palace, Amsterdam	6913676109	[u'amsterdam', u'royal palace']
Amsterdam	[91396494, 727232, 12592040, 2346379, 15003814, 23424909, 28350886]	http://www.flickr.com/photos/89333651@N00/6913762985/			False	http://farm8.staticflickr.com/7070/6913762985_4a38c29382.jpg	14	2d77fda899f57568ff2ff75238b61787	jpg	kmoliver	Netherlands	2012-02-21T02:53:59Z	Attribution-NonCommercial-NoDerivs License	2012-02-16T14:09:15Z	FUJIFILM FinePix XP30	5541772	Dam Square, Amsterdam	6913762985	[u'amsterdam', u'dam square']
Amsterdam	[22347679, 728410, 727232, 12592040, 2346379, 15003818, 23424909, 28350886]	http://www.flickr.com/photos/89333651@N00/6913678291/			False	http://farm8.staticflickr.com/7207/6913678291_86e8ff5334.jpg	14	fe34fa18fd43bc1c927fd9ccf9a3be	jpg	kmoliver	Netherlands	2012-02-21T02:36:59Z	Attribution-NonCommercial-NoDerivs License	2012-02-16T14:09:24Z	FUJIFILM FinePix XP30	78535331	Royal Palace, Amsterdam	6913678291	[u'amsterdam', u'royal palace']
Amsterdam	[91396494, 727232, 12592040, 2346379, 15003814, 23424909, 28350886]	http://www.flickr.com/photos/89333651@N00/6913765409/			False	http://farm8.staticflickr.com/7045/6913765409_c452d5bae1.jpg	14	51d712172655ed2ffed513d6c26e6964	jpg	kmoliver	Netherlands	2012-02-21T02:54:28Z	Attribution-NonCommercial-NoDerivs License	2012-02-16T14:09:24Z	FUJIFILM FinePix XP30	94592800	Dam Square, Royal Palace, Amsterdam	6913765409	[u'amsterdam', u'dam square']
Amsterdam	[23189187, 728410, 727232, 12592040, 2346379, 15003818, 23424909, 28350886]	http://www.flickr.com/photos/89333651@N00/6913766127/			False	http://farm8.staticflickr.com/7194/6913766127_f3b1b357f3.jpg	14	b68146d6b735165685832eb267b7e035	jpg	kmoliver	Netherlands	2012-02-21T02:54:36Z	Attribution-NonCommercial-NoDerivs License	2012-02-16T14:09:40Z	FUJIFILM FinePix XP30	28802607	Dam Square, WWII Monument, Amsterdam	6913766127	[u'amsterdam', u'dam square']
Amsterdam	[23189187, 728410, 727232, 12592040, 2346379, 15003818, 23424909, 28350886]	http://www.flickr.com/photos/89333651@N00/6913659493/			False	http://farm8.staticflickr.com/7205/6913659493_468eddefd0.jpg	14	5295cf65036e885dcbdaa3f1b55ddcc	jpg	kmoliver	Netherlands	2012-02-21T02:33:05Z	Attribution-NonCommercial-NoDerivs License	2012-02-16T14:09:52Z	FUJIFILM FinePix XP30	94816661	NH Hotel Krasnapolsky	6913659493	[u'amsterdam', u'dam square', u'nh hotel krasnapolsky']
Amsterdam	[22347679, 728410, 727232, 12592040, 2346379, 15003818, 23424909, 28350886]	http://www.flickr.com/photos/89333651@N00/6913679015/			False	http://farm8.staticflickr.com/7050/6913679015_21fc3003dc.jpg	14	52fb6c55cd58775ad65481ae2ebfbabd	jpg	kmoliver	Netherlands	2012-02-21T02:37:08Z	Attribution-NonCommercial-NoDerivs License	2012-02-16T14:10:53Z	FUJIFILM FinePix XP30	62598045	Royal Palace, Amsterdam	6913679015	[u'amsterdam', u'royal palace']
Amsterdam	[23189187, 728410, 727232, 12592040, 2346379, 15003818, 23424909, 28350886]	http://www.flickr.com/photos/89333651@N00/6913766767/			False	http://farm8.staticflickr.com/7056/6913766767_302d475aee.jpg	14	37d9137a1222511aeeff138f4eca21f	jpg	kmoliver	Netherlands	2012-02-21T02:54:44Z	Attribution-NonCommercial-NoDerivs License	2012-02-16T14:11:12Z	FUJIFILM FinePix XP30	82327595	Dam Square, WWII Monument, Amsterdam	6913766767	[u'amsterdam', u'dam square']
Amsterdam	[22347679, 728410, 727232, 12592040, 2346379, 15003818, 23424909, 28350886]	http://www.flickr.com/photos/89333651@N00/6913768927/			False	http://farm8.staticflickr.com/7059/6913768927_e4135a50ca.jpg	14	8a26ba19ebd10aa2636947a45fdc9c6	jpg	kmoliver	Netherlands	2012-02-21T02:55:12Z	Attribution-NonCommercial-NoDerivs License	2012-02-16T14:15:16Z	FUJIFILM FinePix XP30	60779146	Dam Square, Amsterdam	6913768927	[u'amsterdam', u'dam square']
Amsterdam	[22347679, 728410, 727232, 12592040, 2346379, 15003818, 23424909, 28350886]	http://www.flickr.com/photos/89333651@N00/6913681361/			False	http://farm8.staticflickr.com/7188/6913681361_863b0df4c3.jpg	14	1648d0f68cd272d7bca648efecc0e7	jpg	kmoliver	Netherlands	2012-02-21T02:37:37Z	Attribution-NonCommercial-NoDerivs License	2012-02-16T14:15:16Z	FUJIFILM FinePix XP30	90452076	Royal Palace, Amsterdam	6913681361	[u'amsterdam', u'royal palace']
Amsterdam	[22347679, 728410, 727232, 12592040, 2346379, 15003818, 23424909, 28350886]	http://www.flickr.com/photos/89333651@N00/6913683621/			False	http://farm8.staticflickr.com/7183/6913683621_a0d9eab560.jpg	14	15a7a62c4bb650d140ad46f1df53c	jpg	kmoliver	Netherlands	2012-02-21T02:38:04Z	Attribution-NonCommercial-NoDerivs License	2012-02-16T14:15:24Z	FUJIFILM FinePix XP30	65946324	Royal Palace, Amsterdam	6913683621	[u'amsterdam', u'royal palace']
Amsterdam	[22347679, 728410, 727232, 12592040, 2346379, 15003818, 23424909, 28350886]	http://www.flickr.com/photos/89333651@N00/6913771177/			False	http://farm8.staticflickr.com/7180/6913771177_d00efc4d59.jpg	14	62d0c6426857848ea74e5d1f10b73482	jpg	kmoliver	Netherlands	2012-02-21T02:55:40Z	Attribution-NonCommercial-NoDerivs License	2012-02-16T14:15:35Z	FUJIFILM FinePix XP30	87190734	Dam Square, Amsterdam	6913771177	[u'amsterdam', u'dam square']
Amsterdam	[22347679, 728410, 727232, 12592040, 2346379, 15003818, 23424909, 28350886]	http://www.flickr.com/photos/89333651@N00/6913719357/			False	http://farm8.staticflickr.com/7064/6913719357_ecc339b760.jpg	14	608850b2de9f2d8aff175389b2ecff	jpg	kmoliver	Netherlands	2012-02-21T02:45:08Z	Attribution-NonCommercial-NoDerivs License	2012-02-16T14:18:03Z	FUJIFILM FinePix XP30	36090374	Royal Palace, Amsterdam	6913719357	[u'amsterdam', u'royal palace']
Amsterdam	[22347679, 728410, 727232, 12592040, 2346379, 15003818, 23424909, 28350886]	http://www.flickr.com/photos/89333651@N00/6913773521/			False	http://farm8.staticflickr.com/7041/6913773521_948e756561.jpg	14	c424ee3e55b7c95194ce72ef8e228a	jpg	kmoliver	Netherlands	2012-02-21T02:56:07Z	Attribution-NonCommercial-NoDerivs License	2012-02-16T14:18:27Z	FUJIFILM FinePix XP30	97441931	Dam Square, Amsterdam	6913773521	[u'amsterdam', u'dam square']
Amsterdam	[22347679, 728410, 727232, 12592040, 2346379, 15003818, 23424909, 28350886]	http://www.flickr.com/photos/89333651@N00/6913776061/			False	http://farm8.staticflickr.com/7036/6913776061_c7af689f61.jpg	14	64e4ed9494f89092b8545413f3c760	jpg	kmoliver	Netherlands	2012-02-21T02:56:36Z	Attribution-NonCommercial-NoDerivs License	2012-02-16T14:18:49Z	FUJIFILM FinePix XP30	88211540	Dam Square, Amsterdam	6913776061	[u'amsterdam', u'dam square']
Amsterdam	[22347679, 728410, 727232, 12592040, 2346379, 15003818, 23424909, 28350886]	http://www.flickr.com/photos/89333651@N00/6913778569/			False	http://farm8.staticflickr.com/7052/6913778569_4a87caf6de.jpg	14	ae15b327223e5c62e027c494bd90f22b	jpg	kmoliver	Netherlands	2012-02-21T02:57:05Z	Attribution-NonCommercial-NoDerivs License	2012-02-16T14:19:05Z	FUJIFILM FinePix XP30	97552844	Dam Square, Amsterdam	6913778569	[u'amsterdam', u'dam square']
Amsterdam	[22347679, 728410, 727232, 12592040, 2346379, 15003818, 23424909, 28350886]	http://www.flickr.com/photos/89333651@N00/6913720041/			False	http://farm8.staticflickr.com/7201/6913720041_7a96ec5da1.jpg	14	ad944c4b43eb041b5589ed694699180	jpg	kmoliver	Netherlands	2012-02-21T02:45:16Z	Attribution-NonCommercial-NoDerivs License	2012-02-16T14:20:33Z	FUJIFILM FinePix XP30	99181261	Royal Palace, Amsterdam	6913720041	[u'amsterdam', u'royal palace']
Amsterdam	[22347679, 728410, 727232, 12592040, 2346379, 15003818, 23424909, 28350886]	http://www.flickr.com/photos/89333651@N00/6913780735/			False	http://farm8.staticflickr.com/7046/6913780735_a02e33d5ff.jpg	14	4beedf50133797483bab3fdd5a098a4	jpg	kmoliver	Netherlands	2012-02-21T02:57:32Z	Attribution-NonCommercial-NoDerivs License	2012-02-16T14:23:27Z	FUJIFILM FinePix XP30	18180374	Dam Square, Amsterdam	6913780735	[u'amsterdam', u'dam square']
Amsterdam	[91394658, 727232, 12592040, 2346379, 15003814, 23424909, 28350886]	http://www.flickr.com/photos/89333651@N00/6913781759/			False	http://farm8.staticflickr.com/7061/6913781759_68102fef87.jpg	14	c5d3a0806b2af2a2a5dfd0135ebb7553	jpg	kmoliver	Netherlands	2012-02-21T02:57:45Z	Attribution-NonCommercial-NoDerivs License	2012-02-16T14:24:07Z	FUJIFILM FinePix XP30	87409984	Dam Square, Amsterdam	6913781759	[u'amsterdam', u'dam square']
Amsterdam	[56058596, 728410, 727232, 12592040, 2346379, 15003818, 23424909, 28350886]	http://www.flickr.com/photos/89333651@N00/6915550553/			False	http://farm8.staticflickr.com/7198/6915550553_cbff1ee76f.jpg	14	e0f2cae6bdcc9cce13a10e4ac69bbb0	jpg	kmoliver	Netherlands	2012-02-21T11:12:45Z	Attribution-NonCommercial-NoDerivs License	2012-02-16T14:28:06Z	FUJIFILM FinePix XP30	69177060	Northwest Amsterdam, Jordaan Area	6915550553	[u'amsterdam']
Amsterdam	[91394658, 727232, 12592040, 2346379, 15003814, 23424909, 28350886]	http://www.flickr.com/photos/89333651@N00/6913783941/			False	http://farm8.staticflickr.com/7199/6913783941_1be223b1ac.jpg	14	87f893302840732757f5eceda0fb70d6	jpg	kmoliver	Netherlands	2012-02-21T02:58:13Z	Attribution-NonCommercial-NoDerivs License	2012-02-16T14:29:10Z	FUJIFILM FinePix XP30	62006632	Dam Square, Amsterdam	6913783941	[u'amsterdam', u'dam square']
Amsterdam	[56058596, 728410, 727232, 12592040, 2346379, 15003818, 23424909, 28350886]	http://www.flickr.com/photos/89333651@N00/6915552245/			False	http://farm8.staticflickr.com/7055/6915552245_64b2253e06.jpg	14	88e7c2116028dd4f589c555c554fffc	jpg	kmoliver	Netherlands	2012-02-21T11:13:13Z	Attribution-NonCommercial-NoDerivs License	2012-02-16T14:32:04Z	FUJIFILM FinePix XP30	84745859	Northwest Amsterdam, Jordaan Area	6915552245	[u'amsterdam']
Amsterdam	[56058596, 728410, 727232, 12592040, 2346379, 15003818, 23424909, 28350886]	http://www.flickr.com/photos/89333651@N00/6915552907/			False	http://farm8.staticflickr.com/7068/6915552907_826e052610.jpg	14	59aab6952382c4efa182c8bd3232c3	jpg	kmoliver	Netherlands	2012-02-21T11:13:24Z	Attribution-NonCommercial-NoDerivs License	2012-02-16T14:32:51Z	FUJIFILM FinePix XP30	80320872	Northwest Amsterdam, Jordaan Area	6915552907	[u'amsterdam']
Amsterdam	[56058596, 728410, 727232, 12592040, 2346379, 15003818, 23424909, 28350886]	http://www.flickr.com/photos/89333651@N00/6915554571/			False	http://farm8.staticflickr.com/7068/6915554571_fb772cd9fa.jpg	14	8d97ceefbdda6597a55c71b5cb204d4	jpg	kmoliver	Netherlands	2012-02-21T11:13:52Z	Attribution-NonCommercial-NoDerivs License	2012-02-16T14:33:00Z	FUJIFILM FinePix XP30	79454452	Northwest Amsterdam, Jordaan Area	6915554571	[u'amsterdam']
Amsterdam	[91394919, 727232, 12592040, 2346379, 15003817, 23424909, 28350886]	http://www.flickr.com/photos/89333651@N00/6915556177/			False	http://farm8.staticflickr.com/7177/6915556177_23d70a4573.jpg	14	b744c5ec5cd4e176b23a2482dfcc8a1	jpg	kmoliver	Netherlands	2012-02-21T11:14:20Z	Attribution-NonCommercial-NoDerivs License	2012-02-16T14:33:13Z	FUJIFILM FinePix XP30	85092850	Northwest Amsterdam, Jordaan Area	6915556177	[u'amsterdam']
Amsterdam	[91394919, 727232, 12592040, 2346379, 15003817, 23424909, 28350886]	http://www.flickr.com/photos/89333651@N00/6915557673/			False	http://farm8.staticflickr.com/7180/6915557673_b11c9e7873.jpg	14	61a1d9507fa9cb3dc86ebd68cdec53d	jpg	kmoliver	Netherlands	2012-02-21T11:14:49Z	Attribution-NonCommercial-NoDerivs License	2012-02-16T14:35:15Z	FUJIFILM FinePix XP30	76717940	Northwest Amsterdam, Jordaan Area	6915557673	[u'amsterdam']
Amsterdam	[91394919, 727232, 12592040, 2346379, 15003817, 23424909, 28350886]	http://www.flickr.com/photos/89333651@N00/6915559329/			False	http://farm8.staticflickr.com/7036/6915559329_3cff5581b5.jpg	14	ba5454d0f203f0563a41826c69d46	jpg	kmoliver	Netherlands	2012-02-21T11:15:18Z	Attribution-NonCommercial-NoDerivs License	2012-02-16T14:35:28Z	FUJIFILM FinePix XP30	81329460	Northwest Amsterdam, Jordaan Area	6915559329	[u'amsterdam']
Amsterdam	[91394919, 727232, 12592040, 2346379, 15003817, 23424909, 28350886]	http://www.flickr.com/photos/89333651@N00/6915560823/			False	http://farm8.staticflickr.com/7053/6915560823_832a77ceec.jpg	14	bba3463956f9e90bf3f6e6bfa4d42a	jpg	kmoliver	Netherlands	2012-02-21T11:15:46Z	Attribution-NonCommercial-NoDerivs License	2012-02-16T14:35:37Z	FUJIFILM FinePix XP30	74965767	Northwest Amsterdam, Jordaan Area	6915560823	[u'amsterdam']
Amsterdam	[91394919, 727232, 12592040, 2346379, 15003817, 23424909, 28350886]	http://www.flickr.com/photos/89333651@N00/6915562399/			False	http://farm8.staticflickr.com/7052/6915562399_7b9f8d4747.jpg	14	6544a453c52278187f5737b2982b3455	jpg	kmoliver	Netherlands	2012-02-21T11:16:14Z	Attribution-NonCommercial-NoDerivs License	2012-02-16T14:36:28Z	FUJIFILM FinePix XP30	85994437	Northwest Amsterdam, Jordaan Area	6915562399	[u'amsterdam']
Amsterdam	[91394919, 727232, 12592040, 2346379, 15003817, 23424909, 28350886]	http://www.flickr.com/photos/89333651@N00/6915564107/			False	http://farm8.staticflickr.com/7200/6915564107_cd0ecd8dda.jpg	14	1516c391c0eea12fb652f1406c2e5ef	jpg	kmoliver	Netherlands	2012-02-21T11:16:43Z	Attribution-NonCommercial-NoDerivs License	2012-02-16T14:36:34Z	FUJIFILM FinePix XP30	65918549	Northwest Amsterdam, Jordaan Area	6915564107	[u'amsterdam']
Amsterdam	[91394919, 727232, 12592040, 2346379, 15003817, 23424909, 28350886]	http://www.flickr.com/photos/89333651@N00/6915565673/			False	http://farm8.staticflickr.com/7053/6915565673_bd1fae0a52.jpg	14	df4888495b61475b6e523d19cdb64e9c	jpg	kmoliver	Netherlands	2012-02-21T11:17:11Z	Attribution-NonCommercial-NoDerivs License	2012-02-16T14:37:27Z	FUJIFILM FinePix XP30	54648833	Northwest Amsterdam, Jordaan Area	6915565673	[u'amsterdam']
Amsterdam	[727232, 12592040, 2346379, 15003817, 23424909, 28350886]	http://www.flickr.com/photos/89333651@N00/6915566267/			False	http://farm8.staticflickr.com/7055/6915566267_603922e3ee.jpg	14	dc7d27408be6df919964f5d9b27418cf	jpg	kmoliver	Netherlands	2012-02-21T11:17:21Z	Attribution-NonCommercial-NoDerivs License	2012-02-16T14:40:48Z	FUJIFILM FinePix XP30	87127771	Northwest Amsterdam, Jordaan Area	6915566267	[u'amsterdam']
Amsterdam	[727232, 12592040, 2346379, 15003817, 23424909, 28350886]	http://www.flickr.com/photos/89333651@N00/6915567737/			False	http://farm8.staticflickr.com/7063/6915567737_d23b31605f.jpg	14	2585a25803f96afc83a2d1fb96c7174	jpg	kmoliver	Netherlands	2012-02-21T11:17:47Z	Attribution-NonCommercial-NoDerivs License	2012-02-16T14:40:58Z	FUJIFILM FinePix XP30	16883499	Northwest Amsterdam, Jordaan Area	6915567737	[u'amsterdam']
Amsterdam	[727232, 12592040, 2346379, 15003817, 23424909, 28350886]	http://www.flickr.com/photos/89333651@N00/6915569327/			False	http://farm8.staticflickr.com/7065/6915569327_1ee701e4e7.jpg	14	3c2192e81f7a3d94911e772fc64d7f	jpg	kmoliver	Netherlands	2012-02-21T11:18:13Z	Attribution-NonCommercial-NoDerivs License	2012-02-16T14:41:06Z	FUJIFILM FinePix XP30	21800928	Northwest Amsterdam, Jordaan Area	6915569327	[u'amsterdam']
Amsterdam	[727232, 12592040, 2346379, 15003817, 23424909, 28350886]	http://www.flickr.com/photos/89333651@N00/6915570787/			False	http://farm8.staticflickr.com/7049/6915570787_e3fcebf1e4.jpg	14	99b2b962eb1d604614366460343a79d8	jpg	kmoliver	Netherlands	2012-02-21T11:18:40Z	Attribution-NonCommercial-NoDerivs License	2012-02-16T14:41:24Z	FUJIFILM FinePix XP30	70840208	Northwest Amsterdam, Jordaan Area	6915570787	[u'amsterdam']
Amsterdam	[727232, 12592040, 2346379, 15003817, 23424909, 28350886]	http://www.flickr.com/photos/89333651@N00/6915571089/			False	http://farm8.staticflickr.com/7188/6915571089_a5e625ee53.jpg	14	2e7171114f7523606ffc453f37daef53	jpg	kmoliver	Netherlands	2012-02-21T11:18:47Z	Attribution-NonCommercial-NoDerivs License	2012-02-16T14:41:46Z	FUJIFILM FinePix XP30	26303428	Northwest Amsterdam, Jordaan Area	6915571089	[u'amsterdam']
Amsterdam	[727232, 12592040, 2346379, 15003817, 23424909, 28350886]	http://www.flickr.com/photos/89333651@N00/6915572803/			False	http://farm8.staticflickr.com/7053/6915572803_1e287820e5.jpg	14	3892f6b8af202d57a531396598be85c8	jpg	kmoliver	Netherlands	2012-02-21T11:19:16Z	Attribution-NonCommercial-NoDerivs License	2012-02-16T14:43:06Z	FUJIFILM FinePix XP30	98914519	Northwest Amsterdam, Jordaan Area	6915572803	[u'amsterdam']
Amsterdam	[727232, 12592040, 2346379, 15003817, 23424909, 28350886]	http://www.flickr.com/photos/89333651@N00/6915574525/			False	http://farm8.staticflickr.com/7047/6915574525_5081b378fc.jpg	14	eff6819250f793616b738e19ab59fe0	jpg	kmoliver	Netherlands	2012-02-21T11:19:44Z	Attribution-NonCommercial-NoDerivs License	2012-02-16T14:46:28Z	FUJIFILM FinePix XP30	82811914	Northwest Amsterdam, Jordaan Area	6915574525	[u'amsterdam']
Amsterdam	[727232, 12592040, 2346379, 15003817, 23424909, 28350886]	http://www.flickr.com/photos/89333651@N00/6915575045/			False	http://farm8.staticflickr.com/7046/6915575045_f62aa7cb63.jpg	14	38e29c6d4b748b966f7abb3ae1fc3737	jpg	kmoliver	Netherlands	2012-02-21T11:19:53Z	Attribution-NonCommercial-NoDerivs License	2012-02-16T14:46:43Z	FUJIFILM FinePix XP30	60315875	Northwest Amsterdam, Jordaan Area	6915575045	[u'amsterdam']
Amsterdam	[727232, 12592040, 2346379, 15003817, 23424909, 28350886]	http://www.flickr.com/photos/89333651@N00/6915576649/			False	http://farm8.staticflickr.com/7068/6915576649_5fbcb1b74b.jpg	14	a37b7a9e72a5d269e03f2021b07e927e	jpg	kmoliver	Netherlands	2012-02-21T11:20:22Z	Attribution-NonCommercial-NoDerivs License	2012-02-16T14:49:25Z	FUJIFILM FinePix XP30	97020829	Northwest Amsterdam, Jordaan Area	6915576649	[u'amsterdam']
Amsterdam	[727232, 12592040, 2346379, 15003817, 23424909, 28350886]	http://www.flickr.com/photos/89333651@N00/6915578273/			False	http://farm8.staticflickr.com/7185/6915578273_1cf51c7b48.jpg	14	654994a1134b469364d7c6983b1fc940	jpg	kmoliver	Netherlands	2012-02-21T11:20:51Z	Attribution-NonCommercial-NoDerivs License	2012-02-16T14:50:39Z	FUJIFILM FinePix XP30	95163139	Northwest Amsterdam, Jordaan Area	6915578273	[u'amsterdam']
Amsterdam	[727232, 12592040, 2346379, 15003817, 23424909, 28350886]	http://www.flickr.com/photos/89333651@N00/6915581441/			False	http://farm8.staticflickr.com/7046/6915581441_2469403eef.jpg	14	3aeed7fef743809c9ba63c6217d6ce62	jpg	kmoliver	Netherlands	2012-02-21T11:21:46Z	Attribution-NonCommercial-NoDerivs License	2012-02-16T14:51:42Z	FUJIFILM FinePix XP30	82293340	Northwest Amsterdam, Jordaan Area	6915581441	[u'amsterdam']
Amsterdam	[91394341, 727232, 12592040, 2346379, 15003817, 23424909, 28350886]	http://www.flickr.com/photos/89333651@N00/6915582247/			False	http://farm8.staticflickr.com/7189/6915582247_278a8f0e2a.jpg	14	4616b389eb795df9124821f2423d6	jpg	kmoliver	Netherlands	2012-02-21T11:22:00Z	Attribution-NonCommercial-NoDerivs License	2012-02-16T14:58:15Z	FUJIFILM FinePix XP30	73396001	Northwest Amsterdam, Jordaan Area	6915582247	[u'amsterdam']
Amsterdam	[91394341, 727232, 12592040, 2346379, 15003817, 23424909, 28350886]	http://www.flickr.com/photos/89333651@N00/6915583935/			False	http://farm8.staticflickr.com/7199/6915583935_a8f8528eb5.jpg	14	b60ce80a3c22112a25a8895f2c4fa5a	jpg	kmoliver	Netherlands	2012-02-21T11:22:28Z	Attribution-NonCommercial-NoDerivs License	2012-02-16T14:59:11Z	FUJIFILM FinePix XP30	96467234	Northwest Amsterdam, Jordaan Area	6915583935	[u'amsterdam']
Amsterdam	[91394341, 727232, 12592040, 2346379, 15003817, 23424909, 28350886]	http://www.flickr.com/photos/89333651@N00/6915584549/			False	http://farm8.staticflickr.com/7181/6915584549_67613f8a29.jpg	14	dd6ae9a3db8c69787941c34411b73a8f	jpg	kmoliver	Netherlands	2012-02-21T11:22:40Z	Attribution-NonCommercial-NoDerivs License	2012-02-16T14:59:29Z	FUJIFILM FinePix XP30	28721143	Northwest Amsterdam, Jordaan Area	6915584549	[u'amsterdam']
Amsterdam	[91394341, 727232, 12592040, 2346379, 15003817, 23424909, 28350886]	http://www.flickr.com/photos/89333651@N00/6915585255/			False	http://farm8.staticflickr.com/7059/6915585255_f88c3d8db3.jpg	15	aeb7e4a381409dcdf8611e0715690c3	jpg	kmoliver	Netherlands	2012-02-21T11:22:52Z	Attribution-NonCommercial-NoDerivs License	2012-02-16T15:00:37Z	FUJIFILM FinePix XP30	87960350	Northwest Amsterdam, Jordaan Area	6915585255	[u'amsterdam']
Amsterdam	[727232, 12592040, 2346379, 15003817, 23424909, 28350886]	http://www.flickr.com/photos/89333651@N00/6915586775/			False	http://farm8.staticflickr.com/7053/6915586775_1412fb1cf7.jpg	15	df47c9fed1d09b87df6d53339887b15d	jpg	kmoliver	Netherlands	2012-02-21T11:23:20Z	Attribution-NonCommercial-NoDerivs License	2012-02-16T15:01:42Z	FUJIFILM FinePix XP30	98232337	Northwest Amsterdam, Jordaan Area	6915586775	[u'amsterdam']
Amsterdam	[727232, 12592040, 2346379, 15003817, 23424909, 28350886]	http://www.flickr.com/photos/89333651@N00/6915588347/			False	http://farm8.staticflickr.com/7195/6915588347_853d135f28.jpg	15	36d4f281d3fe578f836f13ec2c53e0	jpg	kmoliver	Netherlands	2012-02-21T11:23:48Z	Attribution-NonCommercial-NoDerivs License	2012-02-16T15:04:34Z	FUJIFILM FinePix XP30	77766653	Northwest Amsterdam, Jordaan Area	6915588347	[u'amsterdam']
Amsterdam	[727232, 12592040, 2346379, 15003817, 23424909, 28350886]	http://www.flickr.com/photos/89333651@N00/6915589077/			False	http://farm8.staticflickr.com/7041/6915589077_5c31432c7e.jpg	15	5116bc17d9520746b61b7d519e15	jpg	kmoliver	Netherlands	2012-02-21T11:24:02Z	Attribution-NonCommercial-NoDerivs License	2012-02-16T15:17:08Z	FUJIFILM FinePix XP30	84609923	Northwest Amsterdam, Jordaan Area	6915589077	[u'amsterdam']
Amsterdam	[727232, 12592040, 2346379, 15003817, 23424909, 28350886]	http://www.flickr.com/photos/89333651@N00/6915589623/			False	http://farm8.staticflickr.com/7202/6915589623_012f6ba245.jpg	15	974c1baedab2ee1a54320e02b3fed	jpg	kmoliver	Netherlands	2012-02-21T11:24:12Z	Attribution-NonCommercial-NoDerivs License	2012-02-16T15:22:47Z	FUJIFILM FinePix XP30	99734744	Northwest Amsterdam, Jordaan Area	6915589623	[u'amsterdam']
Amsterdam	[727232, 12592040, 2346379, 15003817, 23424909, 28350886]	http://www.flickr.com/photos/89333651@N00/6915591179/			False	http://farm8.staticflickr.com/7061/6915591179_ba2477abcb.jpg	15	625b35176b9b7947322c1b4ca0a8b72e	jpg	kmoliver	Netherlands	2012-02-21T11:24:40Z	Attribution-NonCommercial-NoDerivs License	2012-02-16T15:24:03Z	FUJIFILM FinePix XP30	17793119	Northwest Amsterdam, Jordaan Area	6915591179	[u'amsterdam']
Amsterdam	[727232, 12592040, 2346379, 15003817, 23424909, 28350886]	http://www.flickr.com/photos/89333651@N00/6915592701/			False	http://farm8.staticflickr.com/7187/6915592701_7d675c2461.jpg	15	8a307dcb115b81add3aaddabb2fcd8b0	jpg	kmoliver	Netherlands	2012-02-21T11:25:09Z	Attribution-NonCommercial-NoDerivs License	2012-02-16T15:24:51Z	FUJIFILM FinePix XP30	85568421	Northwest Amsterdam, Jordaan Area	6915592701	[u'amsterdam']
Amsterdam	[56556777, 728410, 727232, 12592040, 2346379, 15003818, 23424909, 28350886]	http://www.flickr.com/photos/89333651@N00/6913786143/			False	http://farm8.staticflickr.com/7051/6913786143_5fe49e44d9.jpg	15	468a7d276cc756485b1c7ea545a0cf3b	jpg	kmoliver	Netherlands	2012-02-21T02:58:40Z	Attribution-NonCommercial-NoDerivs License	2012-02-16T15:35:44Z	FUJIFILM FinePix XP30	96431707	Dam Square, Amsterdam	6913786143	[u'amsterdam', u'dam square']
Amsterdam	[91394658, 727232, 12592040, 2346379, 15003814, 23424909, 28350886]	http://www.flickr.com/photos/89333651@N00/6913788227/			False	http://farm8.staticflickr.com/7204/6913788227_d99447fe2a.jpg	15	cca480fd425831acf29be518d0652ab	jpg	kmoliver	Netherlands	2012-02-21T02:59:07Z	Attribution-NonCommercial-NoDerivs License	2012-02-16T15:56:04Z	FUJIFILM FinePix XP30	81686087	Dam Square, Amsterdam	6913788227	[u'amsterdam', u'dam square']
