town_s	woe_is	urlpage_s	machine_ss	desc_ws	video_b	url_s	hour_i	hash_s	ext_s	user_s	country_s	upload_dt	license_s	taken_dt	device_s	line_i	title_s	id	tag_ss
Amsterdam	[727232, 12592040, 2346379, 15003814, 23424909, 28350886]	http://www.flickr.com/photos/84751239@N00/5999508660/			False	http://farm7.staticflickr.com/6143/5999508660_0bbf87680a.jpg	10	f6187d85cea5561e9544b9b063642d	jpg	jose_gonzalvo	Netherlands	2011-08-01T20:32:33Z	Attribution-NonCommercial-NoDerivs License	2011-07-26T10:45:10Z	Canon DIGITAL IXUS 100 IS	72286191	2011 Amsterdam	5999508660	[u'2011', u'netherlands', u'north holland', u'schiphol']
Amsterdam	[91394436, 727232, 12592040, 2346379, 15003820, 23424909, 28350886]	http://www.flickr.com/photos/84751239@N00/5999523678/			False	http://farm7.staticflickr.com/6128/5999523678_471388a2a9.jpg	12	955012bd5a2421c3921555415add5f6	jpg	jose_gonzalvo	Netherlands	2011-08-01T20:36:36Z	Attribution-NonCommercial-NoDerivs License	2011-07-26T12:01:07Z	Canon DIGITAL IXUS 100 IS	81097935	2011 Amsterdam	5999523678	[u'2011', u'amsterdam', u'netherlands', u'north holland']
Amsterdam	[56058563, 728410, 727232, 12592040, 2346379, 15003818, 23424909, 28350886]	http://www.flickr.com/photos/84751239@N00/5998984195/			False	http://farm7.staticflickr.com/6013/5998984195_821bc304d3.jpg	12	88711e1751e984756b44e825faccb61	jpg	jose_gonzalvo	Netherlands	2011-08-01T20:38:06Z	Attribution-NonCommercial-NoDerivs License	2011-07-26T12:10:05Z	Canon DIGITAL IXUS 100 IS	76526609	2011 Amsterdam	5998984195	[u'2011', u'amsterdam', u'netherlands', u'north holland']
Amsterdam	[56058563, 728410, 727232, 12592040, 2346379, 15003818, 23424909, 28350886]	http://www.flickr.com/photos/84751239@N00/5999535220/			False	http://farm7.staticflickr.com/6143/5999535220_9e6a1bb439.jpg	12	f55d1c534c5c5087d6c8312452e3df9	jpg	jose_gonzalvo	Netherlands	2011-08-01T20:39:41Z	Attribution-NonCommercial-NoDerivs License	2011-07-26T12:11:16Z	Canon EOS 1000D	85897481	2011 Amsterdam	5999535220	[u'2011', u'amsterdam', u'netherlands', u'north holland']
Amsterdam	[56058475, 728410, 727232, 12592040, 2346379, 15003818, 23424909, 28350886]	http://www.flickr.com/photos/84751239@N00/5998996757/			False	http://farm7.staticflickr.com/6142/5998996757_2c705d5f11.jpg	12	303acaaf37d54795cb056b7aea81ae1	jpg	jose_gonzalvo	Netherlands	2011-08-01T20:41:31Z	Attribution-NonCommercial-NoDerivs License	2011-07-26T12:38:46Z	Canon DIGITAL IXUS 100 IS	95101954	2011 Amsterdam	5998996757	[u'2011', u'amsterdam', u'netherlands', u'north holland']
Amsterdam	[56058475, 728410, 727232, 12592040, 2346379, 15003818, 23424909, 28350886]	http://www.flickr.com/photos/84751239@N00/5998998681/			False	http://farm7.staticflickr.com/6011/5998998681_5bb8497a63.jpg	12	b6b8b259ead8ca6a29529a35b06a7887	jpg	jose_gonzalvo	Netherlands	2011-08-01T20:42:02Z	Attribution-NonCommercial-NoDerivs License	2011-07-26T12:42:25Z	Canon EOS 1000D	82388014	2011 Amsterdam	5998998681	[u'2011', u'amsterdam', u'animal', u'cisne', u'fotos encadenadas', u'netherlands', u'north holland']
Amsterdam	[56058475, 728410, 727232, 12592040, 2346379, 15003818, 23424909, 28350886]	http://www.flickr.com/photos/84751239@N00/5999550994/			False	http://farm7.staticflickr.com/6013/5999550994_982bc006b4.jpg	12	c6545d6acf5549d477954a3633cd78	jpg	jose_gonzalvo	Netherlands	2011-08-01T20:43:49Z	Attribution-NonCommercial-NoDerivs License	2011-07-26T12:44:02Z	Canon DIGITAL IXUS 100 IS	66980077	2011 Amsterdam	5999550994	[u'2011', u'amsterdam', u'flor', u'netherlands', u'north holland']
Amsterdam	[56058563, 728410, 727232, 12592040, 2346379, 15003818, 23424909, 28350886]	http://www.flickr.com/photos/84751239@N00/5999556536/			False	http://farm7.staticflickr.com/6003/5999556536_66ffa17c52.jpg	13	204ce5aac78aadba43a2fdeb6a3284	jpg	jose_gonzalvo	Netherlands	2011-08-01T20:45:20Z	Attribution-NonCommercial-NoDerivs License	2011-07-26T13:08:35Z	Canon EOS 1000D	74027963	2011 Amsterdam	5999556536	[u'2011', u'amsterdam', u'netherlands', u'north holland']
Amsterdam	[56058563, 728410, 727232, 12592040, 2346379, 15003818, 23424909, 28350886]	http://www.flickr.com/photos/84751239@N00/5999016889/			False	http://farm7.staticflickr.com/6016/5999016889_d1b53419ce.jpg	13	eb4cb01ec3351826634d1488606527	jpg	jose_gonzalvo	Netherlands	2011-08-01T20:47:05Z	Attribution-NonCommercial-NoDerivs License	2011-07-26T13:14:59Z	Canon EOS 1000D	82052830	2011 Amsterdam	5999016889	[u'2011', u'amsterdam', u'netherlands', u'north holland', u'tram']
Amsterdam	[56058563, 728410, 727232, 12592040, 2346379, 15003818, 23424909, 28350886]	http://www.flickr.com/photos/84751239@N00/5999567118/			False	http://farm7.staticflickr.com/6028/5999567118_7dba0e5f79.jpg	13	ff99ae571cd9d9e4cb7833fea8c5b6	jpg	jose_gonzalvo	Netherlands	2011-08-01T20:48:19Z	Attribution-NonCommercial-NoDerivs License	2011-07-26T13:23:52Z	Canon EOS 1000D	86408580	2011 Amsterdam	5999567118	[u'2011', u'amsterdam', u'netherlands', u'north holland']
Amsterdam	[22348349, 728410, 727232, 12592040, 2346379, 15003818, 23424909, 28350886]	http://www.flickr.com/photos/84751239@N00/5999571580/			False	http://farm7.staticflickr.com/6029/5999571580_c9f04e4332.jpg	13	e398b8d52ec451301b2a68e316398972	jpg	jose_gonzalvo	Netherlands	2011-08-01T20:49:38Z	Attribution-NonCommercial-NoDerivs License	2011-07-26T13:36:18Z	Canon DIGITAL IXUS 100 IS	84697212	2011 Amsterdam	5999571580	[u'2011', u'amsterdam', u'netherlands', u'north holland']
Amsterdam	[56058475, 728410, 727232, 12592040, 2346379, 15003818, 23424909, 28350886]	http://www.flickr.com/photos/84751239@N00/5999579402/			False	http://farm7.staticflickr.com/6026/5999579402_60da83562a.jpg	13	7d74149dee38ea52808aeddc1e2349b0	jpg	jose_gonzalvo	Netherlands	2011-08-01T20:51:51Z	Attribution-NonCommercial-NoDerivs License	2011-07-26T13:38:00Z	Canon EOS 1000D	69271401	2011 Amsterdam	5999579402	[u'2011', u'amsterdam', u'netherlands', u'north holland']
Amsterdam	[56058475, 728410, 727232, 12592040, 2346379, 15003818, 23424909, 28350886]	http://www.flickr.com/photos/84751239@N00/5999036811/			False	http://farm7.staticflickr.com/6148/5999036811_0cae6554da.jpg	13	3d134ebcbe7b1d6bd694208ea81184b5	jpg	jose_gonzalvo	Netherlands	2011-08-01T20:52:49Z	Attribution-NonCommercial-NoDerivs License	2011-07-26T13:42:11Z	Canon DIGITAL IXUS 100 IS	57610782	2011 Amsterdam	5999036811	[u'2011', u'amsterdam', u'animal', u'fotos encadenadas', u'netherlands', u'north holland']
Amsterdam	[91394780, 727232, 12592040, 2346379, 15003819, 23424909, 28350886]	http://www.flickr.com/photos/84751239@N00/5999041029/			False	http://farm7.staticflickr.com/6013/5999041029_396623eb23.jpg	13	a75ba8124e43ffef6fa1ba3ac45d	jpg	jose_gonzalvo	Netherlands	2011-08-01T20:54:03Z	Attribution-NonCommercial-NoDerivs License	2011-07-26T13:50:29Z	Canon DIGITAL IXUS 100 IS	69886055	2011 Amsterdam	5999041029	[u'2011', u'amsterdam', u'netherlands', u'north holland']
Amsterdam	[727232, 12592040, 2346379, 15003820, 23424909, 28350886]	http://www.flickr.com/photos/84751239@N00/5999592416/			False	http://farm7.staticflickr.com/6025/5999592416_b5d02e586c.jpg	14	9554b7d78737f1f8efa4c7c0b2f952	jpg	jose_gonzalvo	Netherlands	2011-08-01T20:55:30Z	Attribution-NonCommercial-NoDerivs License	2011-07-26T14:15:20Z	Canon DIGITAL IXUS 100 IS	60521172	2011 Amsterdam	5999592416	[u'2011', u'amsterdam', u'netherlands', u'north holland']
Amsterdam	[727232, 12592040, 2346379, 15003819, 23424909, 28350886]	http://www.flickr.com/photos/84751239@N00/5999053999/			False	http://farm7.staticflickr.com/6001/5999053999_2757ec07fb.jpg	14	d7f75a94fe78f0d0d5bfbd6f27c968	jpg	jose_gonzalvo	Netherlands	2011-08-01T20:57:47Z	Attribution-NonCommercial-NoDerivs License	2011-07-26T14:42:36Z	Canon EOS 1000D	71399109	2011 Amsterdam	5999053999	[u'2011', u'amsterdam', u'netherlands', u'north holland']
Amsterdam	[56058615, 728410, 727232, 12592040, 2346379, 15003818, 23424909, 28350886]	http://www.flickr.com/photos/84751239@N00/5999612304/			False	http://farm7.staticflickr.com/6011/5999612304_80519c9baa.jpg	14	dd4c9e39cd4ca49f5b8a5182587eba	jpg	jose_gonzalvo	Netherlands	2011-08-01T21:01:19Z	Attribution-NonCommercial-NoDerivs License	2011-07-26T14:44:30Z	Canon EOS 1000D	61573098	2011 Amsterdam	5999612304	[u'2011', u'amsterdam', u'netherlands', u'north holland']
Amsterdam	[56058615, 728410, 727232, 12592040, 2346379, 15003818, 23424909, 28350886]	http://www.flickr.com/photos/84751239@N00/5999619860/			False	http://farm7.staticflickr.com/6122/5999619860_73e916b729.jpg	14	39515b6521d670ecd1bbb828b44d6bb	jpg	jose_gonzalvo	Netherlands	2011-08-01T21:03:21Z	Attribution-NonCommercial-NoDerivs License	2011-07-26T14:45:12Z	Canon EOS 1000D	73660206	2011 Amsterdam	5999619860	[u'2011', u'amsterdam', u'netherlands', u'north holland']
Amsterdam	[727232, 12592040, 2346379, 15003819, 23424909, 28350886]	http://www.flickr.com/photos/84751239@N00/5999077083/			False	http://farm7.staticflickr.com/6002/5999077083_3753bff895.jpg	14	6998e065f32d21fae92d43b24bf1c2	jpg	jose_gonzalvo	Netherlands	2011-08-01T21:04:30Z	Attribution-NonCommercial-NoDerivs License	2011-07-26T14:47:23Z	Canon EOS 1000D	93293710	2011 Amsterdam	5999077083	[u'2011', u'amsterdam', u'netherlands', u'north holland']
Amsterdam	[91394780, 727232, 12592040, 2346379, 15003819, 23424909, 28350886]	http://www.flickr.com/photos/84751239@N00/5999627368/			False	http://farm7.staticflickr.com/6122/5999627368_5c692b9cfe.jpg	14	c8bdabcf8f52bf3efcbc8254853bdd	jpg	jose_gonzalvo	Netherlands	2011-08-01T21:05:31Z	Attribution-NonCommercial-NoDerivs License	2011-07-26T14:51:21Z	Canon DIGITAL IXUS 100 IS	67808516	2011 Amsterdam	5999627368	[u'2011', u'amsterdam', u'farola', u'netherlands', u'north holland']
Amsterdam	[727232, 12592040, 2346379, 15003819, 23424909, 28350886]	http://www.flickr.com/photos/84751239@N00/5999087243/			False	http://farm7.staticflickr.com/6126/5999087243_64a499034c.jpg	14	233f94f3daaac021afda9050fa83a23	jpg	jose_gonzalvo	Netherlands	2011-08-01T21:07:19Z	Attribution-NonCommercial-NoDerivs License	2011-07-26T14:52:38Z	Canon EOS 1000D	92177929	2011 Amsterdam	5999087243	[u'2011', u'amsterdam', u'netherlands', u'north holland']
Amsterdam	[56058615, 728410, 727232, 12592040, 2346379, 15003818, 23424909, 28350886]	http://www.flickr.com/photos/84751239@N00/5999091651/			False	http://farm7.staticflickr.com/6023/5999091651_e58ee91e83.jpg	14	f635d47dfe959ae25ef68cc9e8e3b2ef	jpg	jose_gonzalvo	Netherlands	2011-08-01T21:08:37Z	Attribution-NonCommercial-NoDerivs License	2011-07-26T14:52:46Z	Canon DIGITAL IXUS 100 IS	52335661	2011 Amsterdam	5999091651	[u'2011', u'amsterdam', u'netherlands', u'north holland']
Amsterdam	[727232, 12592040, 2346379, 15003819, 23424909, 28350886]	http://www.flickr.com/photos/84751239@N00/5999643692/			False	http://farm7.staticflickr.com/6023/5999643692_14f6bc0682.jpg	14	89ee51bcb29614524072107bde3dc719	jpg	jose_gonzalvo	Netherlands	2011-08-01T21:10:09Z	Attribution-NonCommercial-NoDerivs License	2011-07-26T14:53:49Z	Canon EOS 1000D	29423041	2011 Amsterdam	5999643692	[u'2011', u'amsterdam', u'netherlands', u'north holland']
Amsterdam	[91394780, 727232, 12592040, 2346379, 15003819, 23424909, 28350886]	http://www.flickr.com/photos/84751239@N00/5999099893/			False	http://farm7.staticflickr.com/6150/5999099893_56f0be42e6.jpg	14	8857d28046b1375a9e2777986984a8f	jpg	jose_gonzalvo	Netherlands	2011-08-01T21:11:05Z	Attribution-NonCommercial-NoDerivs License	2011-07-26T14:53:54Z	Canon DIGITAL IXUS 100 IS	61816892	2011 Amsterdam	5999099893	[u'2011', u'amsterdam', u'farola', u'fotos encadenadas', u'netherlands', u'north holland']
Amsterdam	[91394780, 727232, 12592040, 2346379, 15003819, 23424909, 28350886]	http://www.flickr.com/photos/84751239@N00/5999105861/			False	http://farm7.staticflickr.com/6011/5999105861_6c48657ba3.jpg	14	5a3745dce2283572a9b1b659a111c85	jpg	jose_gonzalvo	Netherlands	2011-08-01T21:12:45Z	Attribution-NonCommercial-NoDerivs License	2011-07-26T14:54:07Z	Canon DIGITAL IXUS 100 IS	69012146	2011 Amsterdam	5999105861	[u'2011', u'amsterdam', u'netherlands', u'north holland']
Amsterdam	[727232, 12592040, 2346379, 15003819, 23424909, 28350886]	http://www.flickr.com/photos/84751239@N00/5999661260/			False	http://farm7.staticflickr.com/6146/5999661260_4bc8a17aa8.jpg	14	1367fbc85fc256e025baa4e290391	jpg	jose_gonzalvo	Netherlands	2011-08-01T21:15:08Z	Attribution-NonCommercial-NoDerivs License	2011-07-26T14:55:14Z	Canon EOS 1000D	19191573	2011 Amsterdam	5999661260	[u'2011', u'amsterdam', u'netherlands', u'north holland']
Amsterdam	[727232, 12592040, 2346379, 15003819, 23424909, 28350886]	http://www.flickr.com/photos/84751239@N00/5999664592/			False	http://farm7.staticflickr.com/6016/5999664592_d834e60dd4.jpg	14	10fcd4d1269edbbbce2bc8e451e04ba1	jpg	jose_gonzalvo	Netherlands	2011-08-01T21:16:07Z	Attribution-NonCommercial-NoDerivs License	2011-07-26T14:59:56Z	Canon DIGITAL IXUS 100 IS	56780059	2011 Amsterdam	5999664592	[u'2011', u'amsterdam', u'netherlands', u'north holland']
Amsterdam	[727232, 12592040, 2346379, 15003819, 23424909, 28350886]	http://www.flickr.com/photos/84751239@N00/5999121499/			False	http://farm7.staticflickr.com/6007/5999121499_f7bd364d86.jpg	15	747d996f4e4b27aadf9fc836d49b7669	jpg	jose_gonzalvo	Netherlands	2011-08-01T21:17:25Z	Attribution-NonCommercial-NoDerivs License	2011-07-26T15:02:34Z	Canon DIGITAL IXUS 100 IS	62425729	2011 Amsterdam	5999121499	[u'2011', u'amsterdam', u'netherlands', u'north holland']
Amsterdam	[91403362, 727232, 12592040, 2346379, 15003819, 23424909, 28350886]	http://www.flickr.com/photos/84751239@N00/5999672904/			False	http://farm7.staticflickr.com/6028/5999672904_1386ec3278.jpg	15	22399f545d24b826e3db2a1bbc797ac	jpg	jose_gonzalvo	Netherlands	2011-08-01T21:18:40Z	Attribution-NonCommercial-NoDerivs License	2011-07-26T15:05:38Z	Canon DIGITAL IXUS 100 IS	71858909	2011 Amsterdam	5999672904	[u'2011', u'amsterdam', u'escalera', u'fotos encadenadas', u'netherlands', u'north holland']
Amsterdam	[727232, 12592040, 2346379, 15003819, 23424909, 28350886]	http://www.flickr.com/photos/84751239@N00/5999686566/			False	http://farm7.staticflickr.com/6013/5999686566_66d7c7793c.jpg	15	7f1b1149e98a1b3107f1c9f5c01abe	jpg	jose_gonzalvo	Netherlands	2011-08-01T21:22:39Z	Attribution-NonCommercial-NoDerivs License	2011-07-26T15:06:24Z	Canon EOS 1000D	72736572	2011 Amsterdam	5999686566	[u'2011', u'amsterdam', u'netherlands', u'north holland']
Amsterdam	[727232, 12592040, 2346379, 15003819, 23424909, 28350886]	http://www.flickr.com/photos/84751239@N00/5999694552/			False	http://farm7.staticflickr.com/6135/5999694552_65e0281e89.jpg	15	ddf3d57a1111bd8893b25ae454d4c21	jpg	jose_gonzalvo	Netherlands	2011-08-01T21:24:58Z	Attribution-NonCommercial-NoDerivs License	2011-07-26T15:07:58Z	Canon EOS 1000D	38738633	2011 Amsterdam	5999694552	[u'2011', u'amsterdam', u'netherlands', u'north holland']
Amsterdam	[91403362, 727232, 12592040, 2346379, 15003819, 23424909, 28350886]	http://www.flickr.com/photos/84751239@N00/5999699010/			False	http://farm7.staticflickr.com/6003/5999699010_c3b0d5b5ac.jpg	15	3d14405b1de52d3988f6db42bdd4340	jpg	jose_gonzalvo	Netherlands	2011-08-01T21:26:17Z	Attribution-NonCommercial-NoDerivs License	2011-07-26T15:08:27Z	Canon DIGITAL IXUS 100 IS	85031773	2011 Amsterdam	5999699010	[u'2011', u'amsterdam', u'netherlands', u'north holland']
Amsterdam	[727232, 12592040, 2346379, 15003819, 23424909, 28350886]	http://www.flickr.com/photos/84751239@N00/5999156635/			False	http://farm7.staticflickr.com/6030/5999156635_611ea413f2.jpg	15	a28ec5fec5ccda8599e5cec94a974ce0	jpg	jose_gonzalvo	Netherlands	2011-08-01T21:27:40Z	Attribution-NonCommercial-NoDerivs License	2011-07-26T15:08:59Z	Canon DIGITAL IXUS 100 IS	65236437	2011 Amsterdam	5999156635	[u'2011', u'amsterdam', u'netherlands', u'north holland']
Amsterdam	[727232, 12592040, 2346379, 15003819, 23424909, 28350886]	http://www.flickr.com/photos/84751239@N00/5999162971/			False	http://farm7.staticflickr.com/6025/5999162971_2b64efd84a.jpg	15	2723e4bb496ef1dc15cbd70f6d1edb1	jpg	jose_gonzalvo	Netherlands	2011-08-01T21:29:31Z	Attribution-NonCommercial-NoDerivs License	2011-07-26T15:10:39Z	Canon EOS 1000D	97658900	2011 Amsterdam	5999162971	[u'2011', u'amsterdam', u'netherlands', u'north holland']
Amsterdam	[91403362, 727232, 12592040, 2346379, 15003819, 23424909, 28350886]	http://www.flickr.com/photos/84751239@N00/5999712998/			False	http://farm7.staticflickr.com/6022/5999712998_97c0c839dd.jpg	15	83db726c3aab83bae1aa95888e84268d	jpg	jose_gonzalvo	Netherlands	2011-08-01T21:30:25Z	Attribution-NonCommercial-NoDerivs License	2011-07-26T15:11:22Z	Canon DIGITAL IXUS 100 IS	61048063	2011 Amsterdam	5999712998	[u'2011', u'amsterdam', u'netherlands', u'north holland']
Amsterdam	[727232, 12592040, 2346379, 15003819, 23424909, 28350886]	http://www.flickr.com/photos/84751239@N00/5999717222/			False	http://farm7.staticflickr.com/6130/5999717222_87b83cce3c.jpg	15	3e90a57599595d8b362537fd0c2341d	jpg	jose_gonzalvo	Netherlands	2011-08-01T21:31:39Z	Attribution-NonCommercial-NoDerivs License	2011-07-26T15:13:42Z	Canon EOS 1000D	77374549	2011 Amsterdam	5999717222	[u'2011', u'amsterdam', u'netherlands', u'north holland']
Amsterdam	[727232, 12592040, 2346379, 15003819, 23424909, 28350886]	http://www.flickr.com/photos/84751239@N00/5999173465/			False	http://farm7.staticflickr.com/6128/5999173465_cb4ec7d669.jpg	15	815d2fd8a932aa19ca79d694aa6b8963	jpg	jose_gonzalvo	Netherlands	2011-08-01T21:32:35Z	Attribution-NonCommercial-NoDerivs License	2011-07-26T15:13:48Z	Canon DIGITAL IXUS 100 IS	95754029	2011 Amsterdam	5999173465	[u'2011', u'amsterdam', u'netherlands', u'north holland']
Amsterdam	[727232, 12592040, 2346379, 15003819, 23424909, 28350886]	http://www.flickr.com/photos/84751239@N00/5999724822/			False	http://farm7.staticflickr.com/6005/5999724822_fa7aebd47f.jpg	15	921a352599ce732269e7bfa61225783	jpg	jose_gonzalvo	Netherlands	2011-08-01T21:33:53Z	Attribution-NonCommercial-NoDerivs License	2011-07-26T15:13:52Z	Canon DIGITAL IXUS 100 IS	60536495	2011 Amsterdam	5999724822	[u'2011', u'amsterdam', u'netherlands', u'north holland']
Amsterdam	[727232, 12592040, 2346379, 15003819, 23424909, 28350886]	http://www.flickr.com/photos/84751239@N00/5999729298/			False	http://farm7.staticflickr.com/6007/5999729298_0cf0430f06.jpg	15	df6de31186ce457725d885dd89116	jpg	jose_gonzalvo	Netherlands	2011-08-01T21:35:10Z	Attribution-NonCommercial-NoDerivs License	2011-07-26T15:13:57Z	Canon DIGITAL IXUS 100 IS	76810090	2011 Amsterdam	5999729298	[u'2011', u'amsterdam', u'netherlands', u'north holland']
Amsterdam	[727232, 12592040, 2346379, 15003819, 23424909, 28350886]	http://www.flickr.com/photos/84751239@N00/5999187307/			False	http://farm7.staticflickr.com/6025/5999187307_5c7e7a8dda.jpg	15	69cd29e8631db94514e1beb4e603aa6	jpg	jose_gonzalvo	Netherlands	2011-08-01T21:36:40Z	Attribution-NonCommercial-NoDerivs License	2011-07-26T15:14:57Z	Canon DIGITAL IXUS 100 IS	77292310	2011 Amsterdam	5999187307	[u'2011', u'amsterdam', u'netherlands', u'north holland']
Amsterdam	[727232, 12592040, 2346379, 15003819, 23424909, 28350886]	http://www.flickr.com/photos/84751239@N00/5999739582/			False	http://farm7.staticflickr.com/6007/5999739582_8d9b29bdc5.jpg	15	ccca2e2020114f9347be225d7845210	jpg	jose_gonzalvo	Netherlands	2011-08-01T21:38:11Z	Attribution-NonCommercial-NoDerivs License	2011-07-26T15:15:18Z	Canon DIGITAL IXUS 100 IS	80752836	2011 Amsterdam	5999739582	[u'2011', u'amsterdam', u'netherlands', u'north holland']
Amsterdam	[727232, 12592040, 2346379, 15003819, 23424909, 28350886]	http://www.flickr.com/photos/84751239@N00/5999200163/			False	http://farm7.staticflickr.com/6125/5999200163_4694461372.jpg	15	c0b1275bcd6c3d435d22b38c9aedfe0	jpg	jose_gonzalvo	Netherlands	2011-08-01T21:40:29Z	Attribution-NonCommercial-NoDerivs License	2011-07-26T15:15:42Z	Canon EOS 1000D	95897498	2011 Amsterdam	5999200163	[u'2011', u'amsterdam', u'netherlands', u'north holland']
Amsterdam	[727232, 12592040, 2346379, 15003819, 23424909, 28350886]	http://www.flickr.com/photos/84751239@N00/5999206533/			False	http://farm7.staticflickr.com/6006/5999206533_4d62297151.jpg	15	8db29bff8b975bcc2266fc40c998e552	jpg	jose_gonzalvo	Netherlands	2011-08-01T21:42:20Z	Attribution-NonCommercial-NoDerivs License	2011-07-26T15:17:51Z	Canon DIGITAL IXUS 100 IS	76866025	2011 Amsterdam	5999206533	[u'2011', u'amsterdam', u'netherlands', u'north holland']
Amsterdam	[727232, 12592040, 2346379, 15003819, 23424909, 28350886]	http://www.flickr.com/photos/84751239@N00/5999210993/			False	http://farm7.staticflickr.com/6138/5999210993_db4c7812a8.jpg	15	1e35fe8d84094b3afc5f81158b689a	jpg	jose_gonzalvo	Netherlands	2011-08-01T21:43:37Z	Attribution-NonCommercial-NoDerivs License	2011-07-26T15:18:07Z	Canon DIGITAL IXUS 100 IS	85372457	2011 Amsterdam	5999210993	[u'2011', u'amsterdam', u'fotos encadenadas', u'netherlands', u'north holland']
Amsterdam	[727232, 12592040, 2346379, 15003819, 23424909, 28350886]	http://www.flickr.com/photos/84751239@N00/5999215757/			False	http://farm7.staticflickr.com/6122/5999215757_8d8a364de1.jpg	15	47d88aff184b5b15dc739e79fa24a85	jpg	jose_gonzalvo	Netherlands	2011-08-01T21:45:04Z	Attribution-NonCommercial-NoDerivs License	2011-07-26T15:18:30Z	Canon DIGITAL IXUS 100 IS	64526110	2011 Amsterdam	5999215757	[u'2011', u'amsterdam', u'netherlands', u'north holland']
Amsterdam	[91394545, 727232, 12592040, 2346379, 15003819, 23424909, 28350886]	http://www.flickr.com/photos/84751239@N00/5999220171/			False	http://farm7.staticflickr.com/6133/5999220171_91a32d89d6.jpg	15	ae814eda8cc614368b49a2bf5ce0e965	jpg	jose_gonzalvo	Netherlands	2011-08-01T21:46:26Z	Attribution-NonCommercial-NoDerivs License	2011-07-26T15:24:00Z	Canon EOS 1000D	62789419	2011 Amsterdam	5999220171	[u'2011', u'amsterdam', u'netherlands', u'north holland', u'tram', u'tramvia']
Amsterdam	[91394545, 727232, 12592040, 2346379, 15003819, 23424909, 28350886]	http://www.flickr.com/photos/84751239@N00/5999771340/			False	http://farm7.staticflickr.com/6123/5999771340_b139a5bbf1.jpg	15	1ee675484563ec5cf153071ae60bd	jpg	jose_gonzalvo	Netherlands	2011-08-01T21:47:37Z	Attribution-NonCommercial-NoDerivs License	2011-07-26T15:31:37Z	Canon EOS 1000D	79122807	2011 Amsterdam	5999771340	[u'2011', u'amsterdam', u'netherlands', u'north holland']
Amsterdam	[727232, 12592040, 2346379, 15003819, 23424909, 28350886]	http://www.flickr.com/photos/84751239@N00/5999231277/			False	http://farm7.staticflickr.com/6132/5999231277_3b881482fb.jpg	15	95c407163467cd4787258154b5860	jpg	jose_gonzalvo	Netherlands	2011-08-01T21:49:58Z	Attribution-NonCommercial-NoDerivs License	2011-07-26T15:47:27Z	Canon DIGITAL IXUS 100 IS	47643478	2011 Amsterdam	5999231277	[u'2011', u'amsterdam', u'netherlands', u'north holland']
Amsterdam	[727232, 12592040, 2346379, 15003862, 23424909, 28350886]	http://www.flickr.com/photos/84751239@N00/5999783094/			False	http://farm7.staticflickr.com/6010/5999783094_97fcde3fc8.jpg	17	7341c25f455fa18fb9a91dedd85e1c2	jpg	jose_gonzalvo	Netherlands	2011-08-01T21:51:17Z	Attribution-NonCommercial-NoDerivs License	2011-07-26T17:28:01Z	Canon EOS 1000D	96135211	2011 Amsterdam	5999783094	[u'2011', u'amsterdam', u'netherlands', u'north holland']
Amsterdam	[727232, 12592040, 2346379, 15003862, 23424909, 28350886]	http://www.flickr.com/photos/84751239@N00/5999241269/			False	http://farm7.staticflickr.com/6007/5999241269_5cd225180f.jpg	17	386b1b2f24474ab53dd8fa8eb8f9	jpg	jose_gonzalvo	Netherlands	2011-08-01T21:53:06Z	Attribution-NonCommercial-NoDerivs License	2011-07-26T17:28:45Z	Canon DIGITAL IXUS 100 IS	98286712	2011 Amsterdam	5999241269	[u'2011', u'amsterdam', u'natura', u'netherlands', u'north holland']
Amsterdam	[56058534, 728410, 727232, 12592040, 2346379, 15003818, 23424909, 28350886]	http://www.flickr.com/photos/84751239@N00/5999246029/			False	http://farm7.staticflickr.com/6001/5999246029_d85bf824a2.jpg	17	653f31db7e446558a0dbee64aa2eef9b	jpg	jose_gonzalvo	Netherlands	2011-08-01T21:54:35Z	Attribution-NonCommercial-NoDerivs License	2011-07-26T17:33:53Z	Canon DIGITAL IXUS 100 IS	97740004	2011 Amsterdam	5999246029	[u'2011', u'amsterdam', u'netherlands', u'north holland']
Amsterdam	[727232, 12592040, 2346379, 15003862, 23424909, 28350886]	http://www.flickr.com/photos/84751239@N00/5999250641/			False	http://farm7.staticflickr.com/6021/5999250641_f9923cbcb5.jpg	17	94e63d47a1f2ba4b8b372214461769d	jpg	jose_gonzalvo	Netherlands	2011-08-01T21:56:02Z	Attribution-NonCommercial-NoDerivs License	2011-07-26T17:34:30Z	Canon DIGITAL IXUS 100 IS	1513042	2011 Amsterdam	5999250641	[u'2011', u'amsterdam', u'netherlands', u'north holland']
Amsterdam	[727232, 12592040, 2346379, 15003862, 23424909, 28350886]	http://www.flickr.com/photos/84751239@N00/5999803994/			False	http://farm7.staticflickr.com/6005/5999803994_49ac281cfe.jpg	17	5881e5d434f7b76c699552cc8f1fdc	jpg	jose_gonzalvo	Netherlands	2011-08-01T21:57:31Z	Attribution-NonCommercial-NoDerivs License	2011-07-26T17:35:01Z	Canon DIGITAL IXUS 100 IS	77495563	2011 Amsterdam	5999803994	[u'2011', u'amsterdam', u'netherlands', u'north holland']
Amsterdam	[727232, 12592040, 2346379, 15003862, 23424909, 28350886]	http://www.flickr.com/photos/84751239@N00/5999808548/			False	http://farm7.staticflickr.com/6126/5999808548_819e1ba8f9.jpg	17	bdd43a5b6b94961f89e9e4d5ffc5732	jpg	jose_gonzalvo	Netherlands	2011-08-01T21:58:52Z	Attribution-NonCommercial-NoDerivs License	2011-07-26T17:36:33Z	Canon EOS 1000D	9046025	2011 Amsterdam	5999808548	[u'2011', u'amsterdam', u'netherlands', u'north holland']
Amsterdam	[727232, 12592040, 2346379, 15003862, 23424909, 28350886]	http://www.flickr.com/photos/84751239@N00/5999813300/			False	http://farm7.staticflickr.com/6003/5999813300_9184f9e6f7.jpg	17	8727c97460309b4d6bfef2630a17d3	jpg	jose_gonzalvo	Netherlands	2011-08-01T22:00:17Z	Attribution-NonCommercial-NoDerivs License	2011-07-26T17:36:54Z	Canon EOS 1000D	99157847	2011 Amsterdam	5999813300	[u'2011', u'amsterdam', u'netherlands', u'north holland']
Amsterdam	[727232, 12592040, 2346379, 15003862, 23424909, 28350886]	http://www.flickr.com/photos/84751239@N00/5999825266/			False	http://farm7.staticflickr.com/6008/5999825266_b2847ec35c.jpg	17	903cccc172669a19b63b80b1ca7f97b0	jpg	jose_gonzalvo	Netherlands	2011-08-01T22:03:56Z	Attribution-NonCommercial-NoDerivs License	2011-07-26T17:38:28Z	Canon DIGITAL IXUS 100 IS	95747952	2011 Amsterdam	5999825266	[u'2011', u'amsterdam', u'fotos encadenadas', u'netherlands', u'north holland']
Amsterdam	[727232, 12592040, 2346379, 15003862, 23424909, 28350886]	http://www.flickr.com/photos/84751239@N00/5999832432/			False	http://farm7.staticflickr.com/6002/5999832432_e0231a511e.jpg	17	e6dd4f8eef2787256c649709ea5e3f	jpg	jose_gonzalvo	Netherlands	2011-08-01T22:06:02Z	Attribution-NonCommercial-NoDerivs License	2011-07-26T17:38:46Z	Canon DIGITAL IXUS 100 IS	97189159	2011 Amsterdam	5999832432	[u'2011', u'amsterdam', u'natura', u'netherlands', u'north holland']
Amsterdam	[727232, 12592040, 2346379, 15003862, 23424909, 28350886]	http://www.flickr.com/photos/84751239@N00/5999288559/			False	http://farm7.staticflickr.com/6013/5999288559_b916c91967.jpg	17	e1696b545a746c13bdcc1eb13b015b	jpg	jose_gonzalvo	Netherlands	2011-08-01T22:07:13Z	Attribution-NonCommercial-NoDerivs License	2011-07-26T17:39:19Z	Canon DIGITAL IXUS 100 IS	89008118	2011 Amsterdam	5999288559	[u'2011', u'amsterdam', u'netherlands', u'north holland']
Amsterdam	[727232, 12592040, 2346379, 15003862, 23424909, 28350886]	http://www.flickr.com/photos/84751239@N00/5999291921/			False	http://farm7.staticflickr.com/6022/5999291921_00ab5d81c7.jpg	17	a04f5d74a0419dbb2e471738694bc977	jpg	jose_gonzalvo	Netherlands	2011-08-01T22:08:13Z	Attribution-NonCommercial-NoDerivs License	2011-07-26T17:40:07Z	Canon EOS 1000D	93048653	2011 Amsterdam	5999291921	[u'2011', u'amsterdam', u'animal', u'netherlands', u'north holland']
Amsterdam	[727232, 12592040, 2346379, 15003846, 23424909, 28350886]	http://www.flickr.com/photos/84751239@N00/5999297889/			False	http://farm7.staticflickr.com/6028/5999297889_72144dc25b.jpg	17	941cfd55135c3f0a199e2723d1fc2d	jpg	jose_gonzalvo	Netherlands	2011-08-01T22:10:06Z	Attribution-NonCommercial-NoDerivs License	2011-07-26T17:53:04Z	Canon EOS 1000D	5982820	2011 Amsterdam	5999297889	[u'2011', u'amsterdam', u'netherlands', u'north holland']
Amsterdam	[22350029, 728410, 727232, 12592040, 2346379, 15003818, 23424909, 28350886]	http://www.flickr.com/photos/84751239@N00/5999301087/			False	http://farm7.staticflickr.com/6129/5999301087_3647596daa.jpg	17	73692a22618fe72a9154ea939dcd65fa	jpg	jose_gonzalvo	Netherlands	2011-08-01T22:11:07Z	Attribution-NonCommercial-NoDerivs License	2011-07-26T17:53:57Z	Canon DIGITAL IXUS 100 IS	99022755	2011 Amsterdam	5999301087	[u'2011', u'amsterdam', u'netherlands', u'north holland']
Amsterdam	[91396306, 727232, 12592040, 2346379, 15003862, 23424909, 28350886]	http://www.flickr.com/photos/84751239@N00/5999303111/			False	http://farm7.staticflickr.com/6014/5999303111_35f9ce3406.jpg	17	5813e02ff83fa8b139b5571a1fe3dc7	jpg	jose_gonzalvo	Netherlands	2011-08-01T22:11:46Z	Attribution-NonCommercial-NoDerivs License	2011-07-26T17:56:25Z	Canon DIGITAL IXUS 100 IS	90855939	2011 Amsterdam	5999303111	[u'2011', u'amsterdam', u'netherlands', u'north holland']
Amsterdam	[91396306, 727232, 12592040, 2346379, 15003862, 23424909, 28350886]	http://www.flickr.com/photos/84751239@N00/5999307371/			False	http://farm7.staticflickr.com/6124/5999307371_1ca170d269.jpg	17	8f94cb70c21fccc89148e9755c2de0a6	jpg	jose_gonzalvo	Netherlands	2011-08-01T22:13:06Z	Attribution-NonCommercial-NoDerivs License	2011-07-26T17:57:09Z	Canon EOS 1000D	94075305	2011 Amsterdam	5999307371	[u'2011', u'amsterdam', u'netherlands', u'north holland', u'tram', u'tramvia']
Amsterdam	[91396306, 727232, 12592040, 2346379, 15003862, 23424909, 28350886]	http://www.flickr.com/photos/84751239@N00/5999311151/			False	http://farm7.staticflickr.com/6149/5999311151_58b7794d98.jpg	17	2975a15788f165e4b3ae56fc55191031	jpg	jose_gonzalvo	Netherlands	2011-08-01T22:14:20Z	Attribution-NonCommercial-NoDerivs License	2011-07-26T17:58:21Z	Canon EOS 1000D	70889444	2011 Amsterdam	5999311151	[u'2011', u'amsterdam', u'netherlands', u'north holland']
Amsterdam	[91396306, 727232, 12592040, 2346379, 15003862, 23424909, 28350886]	http://www.flickr.com/photos/84751239@N00/5999862470/			False	http://farm7.staticflickr.com/6138/5999862470_be31386968.jpg	18	eeac7d9b3339480ea1b15f3e19307c	jpg	jose_gonzalvo	Netherlands	2011-08-01T22:15:34Z	Attribution-NonCommercial-NoDerivs License	2011-07-26T18:00:02Z	Canon EOS 1000D	93126672	2011 Amsterdam	5999862470	[u'2011', u'amsterdam', u'netherlands', u'north holland']
Amsterdam	[91396306, 727232, 12592040, 2346379, 15003862, 23424909, 28350886]	http://www.flickr.com/photos/84751239@N00/5999318831/			False	http://farm7.staticflickr.com/6133/5999318831_fef1790f12.jpg	18	84857b27f992862ae966ed5e55ca2275	jpg	jose_gonzalvo	Netherlands	2011-08-01T22:16:45Z	Attribution-NonCommercial-NoDerivs License	2011-07-26T18:01:11Z	Canon EOS 1000D	98094004	2011 Amsterdam	5999318831	[u'2011', u'amsterdam', u'netherlands', u'north holland']
Amsterdam	[91396306, 727232, 12592040, 2346379, 15003862, 23424909, 28350886]	http://www.flickr.com/photos/84751239@N00/5999322899/			False	http://farm7.staticflickr.com/6022/5999322899_813f62f716.jpg	18	1663f6c2836a83cbcf26f7f5a6bd1b18	jpg	jose_gonzalvo	Netherlands	2011-08-01T22:18:05Z	Attribution-NonCommercial-NoDerivs License	2011-07-26T18:09:59Z	Canon EOS 1000D	32819665	2011 Amsterdam	5999322899	[u'2011', u'amsterdam', u'netherlands', u'north holland']
Amsterdam	[56058534, 728410, 727232, 12592040, 2346379, 15003818, 23424909, 28350886]	http://www.flickr.com/photos/84751239@N00/5999875198/			False	http://farm7.staticflickr.com/6008/5999875198_ce42d8b642.jpg	18	19b15ac08e33343d4e780ab741f9e17	jpg	jose_gonzalvo	Netherlands	2011-08-01T22:19:45Z	Attribution-NonCommercial-NoDerivs License	2011-07-26T18:12:11Z	Canon EOS 1000D	86576924	2011 Amsterdam	5999875198	[u'2011', u'amsterdam', u'animal', u'netherlands', u'north holland']
Amsterdam	[56058534, 728410, 727232, 12592040, 2346379, 15003818, 23424909, 28350886]	http://www.flickr.com/photos/84751239@N00/5999332737/			False	http://farm7.staticflickr.com/6138/5999332737_d16b689e7b.jpg	18	65458ecbddf688e3f8e1a19bbd880f9	jpg	jose_gonzalvo	Netherlands	2011-08-01T22:21:19Z	Attribution-NonCommercial-NoDerivs License	2011-07-26T18:14:28Z	Canon EOS 1000D	61072785	2011 Amsterdam	5999332737	[u'2011', u'amsterdam', u'netherlands', u'north holland']
Amsterdam	[56058534, 728410, 727232, 12592040, 2346379, 15003818, 23424909, 28350886]	http://www.flickr.com/photos/84751239@N00/5999884010/			False	http://farm7.staticflickr.com/6135/5999884010_14faf6f88e.jpg	18	55eb25aeec068cd53492224ddb459	jpg	jose_gonzalvo	Netherlands	2011-08-01T22:22:36Z	Attribution-NonCommercial-NoDerivs License	2011-07-26T18:14:48Z	Canon EOS 1000D	37226365	2011 Amsterdam	5999884010	[u'2011', u'amsterdam', u'netherlands', u'north holland']
Amsterdam	[727232, 12592040, 2346379, 15003862, 23424909, 28350886]	http://www.flickr.com/photos/84751239@N00/5999886608/			False	http://farm7.staticflickr.com/6020/5999886608_f7a037baef.jpg	18	5a944fdc9f43784cafebb2f4495a472	jpg	jose_gonzalvo	Netherlands	2011-08-01T22:23:28Z	Attribution-NonCommercial-NoDerivs License	2011-07-26T18:31:20Z	Canon EOS 1000D	10046219	2011 Amsterdam	5999886608	[u'2011', u'amsterdam', u'animal', u'netherlands', u'north holland']
Amsterdam	[56058534, 728410, 727232, 12592040, 2346379, 15003818, 23424909, 28350886]	http://www.flickr.com/photos/84751239@N00/5999343463/			False	http://farm7.staticflickr.com/6012/5999343463_c797d08f4d.jpg	18	1ec549cdea4a2e47849f8327db776ba	jpg	jose_gonzalvo	Netherlands	2011-08-01T22:24:50Z	Attribution-NonCommercial-NoDerivs License	2011-07-26T18:32:48Z	Canon DIGITAL IXUS 100 IS	44320951	2011 Amsterdam	5999343463	[u'2011', u'amsterdam', u'netherlands', u'north holland']
Amsterdam	[727232, 12592040, 2346379, 15003862, 23424909, 28350886]	http://www.flickr.com/photos/84751239@N00/5999893722/			False	http://farm7.staticflickr.com/6004/5999893722_98ea21eb7a.jpg	18	ad692d1d2d3ffc199f3a3147188cdcd9	jpg	jose_gonzalvo	Netherlands	2011-08-01T22:25:52Z	Attribution-NonCommercial-NoDerivs License	2011-07-26T18:36:48Z	Canon DIGITAL IXUS 100 IS	97681751	2011 Amsterdam	5999893722	[u'2011', u'amsterdam', u'netherlands', u'north holland']
Amsterdam	[727232, 12592040, 2346379, 15003862, 23424909, 28350886]	http://www.flickr.com/photos/84751239@N00/5999897114/			False	http://farm7.staticflickr.com/6132/5999897114_e302e11dab.jpg	18	ac9606b496a8e695c8fe6590f226aa	jpg	jose_gonzalvo	Netherlands	2011-08-01T22:27:00Z	Attribution-NonCommercial-NoDerivs License	2011-07-26T18:41:40Z	Canon EOS 1000D	82574046	2011 Amsterdam	5999897114	[u'2011', u'amsterdam', u'animal', u'netherlands', u'north holland']
Amsterdam	[727232, 12592040, 2346379, 15003846, 23424909, 28350886]	http://www.flickr.com/photos/84751239@N00/5999900540/			False	http://farm7.staticflickr.com/6136/5999900540_4870c6e80b.jpg	18	39fdae5eb9ffc7182d89ae1fe74679ab	jpg	jose_gonzalvo	Netherlands	2011-08-01T22:28:04Z	Attribution-NonCommercial-NoDerivs License	2011-07-26T18:51:33Z	Canon EOS 1000D	6681337	2011 Amsterdam	5999900540	[u'2011', u'amsterdam', u'netherlands', u'north holland']
Amsterdam	[91399741, 727232, 12592040, 2346379, 15003862, 23424909, 28350886]	http://www.flickr.com/photos/84751239@N00/5999904980/			False	http://farm7.staticflickr.com/6013/5999904980_feaeffa3a0.jpg	19	95281b60fa301f8db8a2463e842454e9	jpg	jose_gonzalvo	Netherlands	2011-08-01T22:29:30Z	Attribution-NonCommercial-NoDerivs License	2011-07-26T19:35:51Z	Canon EOS 1000D	87018083	2011 Amsterdam	5999904980	[u'2011', u'amsterdam', u'netherlands', u'north holland']
Amsterdam	[56058563, 728410, 727232, 12592040, 2346379, 15003818, 23424909, 28350886]	http://www.flickr.com/photos/84751239@N00/5999907080/			False	http://farm7.staticflickr.com/6150/5999907080_1ffd60371f.jpg	21	53147e416c1e69bc98b1f7fb6c4e11b6	jpg	jose_gonzalvo	Netherlands	2011-08-01T22:30:10Z	Attribution-NonCommercial-NoDerivs License	2011-07-26T21:17:27Z	Canon DIGITAL IXUS 100 IS	69102684	2011 Amsterdam	5999907080	[u'2011', u'amsterdam', u'netherlands', u'north holland', u'tramvia']
Amsterdam	[56058563, 728410, 727232, 12592040, 2346379, 15003818, 23424909, 28350886]	http://www.flickr.com/photos/84751239@N00/5999909080/			False	http://farm7.staticflickr.com/6127/5999909080_ac0ec8da13.jpg	22	e73d59fa4234d8c0208831b8f63a2	jpg	jose_gonzalvo	Netherlands	2011-08-01T22:30:50Z	Attribution-NonCommercial-NoDerivs License	2011-07-26T22:08:52Z	Canon DIGITAL IXUS 100 IS	82374027	2011 Amsterdam	5999909080	[u'2011', u'amsterdam', u'fotos encadenadas', u'netherlands', u'noche', u'north holland']
