town_s	woe_is	urlpage_s	machine_ss	desc_ws	video_b	url_s	hour_i	hash_s	ext_s	user_s	country_s	upload_dt	license_s	taken_dt	device_s	line_i	title_s	id	tag_ss
Amsterdam	[91417588, 727232, 12592040, 2346379, 15003820, 23424909, 28350886]	http://www.flickr.com/photos/84751239@N00/6004944756/			False	http://farm7.staticflickr.com/6147/6004944756_de234c9cfa.jpg	9	762d35cad4cd0d1159970fc2e5f3ea4	jpg	jose_gonzalvo	Netherlands	2011-08-03T09:13:37Z	Attribution-NonCommercial-NoDerivs License	2011-07-30T09:28:50Z	Canon EOS 1000D	82354287	2011 Amsterdam	6004944756	[u'2011', u'amsterdam', u'netherlands', u'north holland']
Amsterdam	[91394834, 727232, 12592040, 2346379, 15003818, 23424909, 28350886]	http://www.flickr.com/photos/84751239@N00/6004400115/			False	http://farm7.staticflickr.com/6125/6004400115_43ba89f380.jpg	9	2a78825e58b7d918cd83a6ebc9cf3b92	jpg	jose_gonzalvo	Netherlands	2011-08-03T09:14:26Z	Attribution-NonCommercial-NoDerivs License	2011-07-30T09:41:41Z	Canon EOS 1000D	98196718	2011 Amsterdam	6004400115	[u'2011', u'amsterdam', u'netherlands', u'north holland']
Amsterdam	[727232, 12592040, 2346379, 15003818, 23424909, 28350886]	http://www.flickr.com/photos/84751239@N00/6004947250/			False	http://farm7.staticflickr.com/6015/6004947250_429fb58d25.jpg	9	ec56ad21b2407329c36a387b3faa04a	jpg	jose_gonzalvo	Netherlands	2011-08-03T09:15:14Z	Attribution-NonCommercial-NoDerivs License	2011-07-30T09:44:19Z	Canon EOS 1000D	94144831	2011 Amsterdam	6004947250	[u'2011', u'amsterdam', u'netherlands', u'north holland']
Amsterdam	[727232, 12592040, 2346379, 15003818, 23424909, 28350886]	http://www.flickr.com/photos/84751239@N00/6004402709/			False	http://farm7.staticflickr.com/6026/6004402709_0e6b2d52ea.jpg	9	ce48858a436c3f8f16baf2dbe96152	jpg	jose_gonzalvo	Netherlands	2011-08-03T09:16:13Z	Attribution-NonCommercial-NoDerivs License	2011-07-30T09:46:13Z	Canon EOS 1000D	48139958	2011 Amsterdam	6004402709	[u'2011', u'amsterdam', u'netherlands', u'north holland']
Amsterdam	[727232, 12592040, 2346379, 15003818, 23424909, 28350886]	http://www.flickr.com/photos/84751239@N00/6004404271/			False	http://farm7.staticflickr.com/6150/6004404271_acb9bcef91.jpg	9	901367cb528aee8b36d9aa2714a8659	jpg	jose_gonzalvo	Netherlands	2011-08-03T09:17:16Z	Attribution-NonCommercial-NoDerivs License	2011-07-30T09:50:09Z	Canon EOS 1000D	82390396	2011 Amsterdam	6004404271	[u'2011', u'amsterdam', u'netherlands', u'north holland']
Amsterdam	[727232, 12592040, 2346379, 15003818, 23424909, 28350886]	http://www.flickr.com/photos/84751239@N00/6004405575/			False	http://farm7.staticflickr.com/6125/6004405575_b895c96518.jpg	9	df773069e783b9f6454aebad8726ce	jpg	jose_gonzalvo	Netherlands	2011-08-03T09:18:12Z	Attribution-NonCommercial-NoDerivs License	2011-07-30T09:56:16Z	Canon EOS 1000D	96145506	2011 Amsterdam	6004405575	[u'2011', u'amsterdam', u'netherlands', u'north holland']
Amsterdam	[727232, 12592040, 2346379, 15003818, 23424909, 28350886]	http://www.flickr.com/photos/84751239@N00/6004952416/			False	http://farm7.staticflickr.com/6132/6004952416_e51d3f07e9.jpg	9	f8389abb3646b43f5dd45857417baa91	jpg	jose_gonzalvo	Netherlands	2011-08-03T09:18:54Z	Attribution-NonCommercial-NoDerivs License	2011-07-30T09:59:26Z	Canon EOS 1000D	87796489	2011 Amsterdam	6004952416	[u'2011', u'amsterdam', u'netherlands', u'north holland']
Amsterdam	[727232, 12592040, 2346379, 15003817, 23424909, 28350886]	http://www.flickr.com/photos/84751239@N00/6004953886/			False	http://farm7.staticflickr.com/6139/6004953886_42086f5acd.jpg	10	ac87c41d23a113a8621ae8a1a303d48	jpg	jose_gonzalvo	Netherlands	2011-08-03T09:19:54Z	Attribution-NonCommercial-NoDerivs License	2011-07-30T10:03:39Z	Canon EOS 1000D	78430731	2011 Amsterdam	6004953886	[u'2011', u'amsterdam', u'netherlands', u'north holland']
Amsterdam	[727232, 12592040, 2346379, 15003817, 23424909, 28350886]	http://www.flickr.com/photos/84751239@N00/6004955308/			False	http://farm7.staticflickr.com/6012/6004955308_6b5feb8470.jpg	10	f13aaea096bd4c5ccfcc6bb3d5706612	jpg	jose_gonzalvo	Netherlands	2011-08-03T09:20:49Z	Attribution-NonCommercial-NoDerivs License	2011-07-30T10:04:27Z	Canon EOS 1000D	72268324	2011 Amsterdam	6004955308	[u'2011', u'jordaan', u'netherlands', u'north holland']
Amsterdam	[727232, 12592040, 2346379, 15003817, 23424909, 28350886]	http://www.flickr.com/photos/84751239@N00/6004956914/			False	http://farm7.staticflickr.com/6141/6004956914_4c7f7861a2.jpg	10	f69fcf81d83f585e3812ae4878f3560	jpg	jose_gonzalvo	Netherlands	2011-08-03T09:21:49Z	Attribution-NonCommercial-NoDerivs License	2011-07-30T10:06:57Z	Canon DIGITAL IXUS 100 IS	95960326	2011 Amsterdam	6004956914	[u'2011', u'amsterdam', u'fotos encadenadas', u'netherlands', u'north holland']
Amsterdam	[22347958, 728410, 727232, 12592040, 2346379, 15003818, 23424909, 28350886]	http://www.flickr.com/photos/84751239@N00/6004958454/			False	http://farm7.staticflickr.com/6030/6004958454_8c054fe921.jpg	10	c4ac4bb3366da77f5fbfc89ff8d9726	jpg	jose_gonzalvo	Netherlands	2011-08-03T09:22:51Z	Attribution-NonCommercial-NoDerivs License	2011-07-30T10:14:56Z	Canon DIGITAL IXUS 100 IS	68047295	2011 Amsterdam	6004958454	[u'2011', u'amsterdam', u'netherlands', u'north holland']
Amsterdam	[22347958, 728410, 727232, 12592040, 2346379, 15003818, 23424909, 28350886]	http://www.flickr.com/photos/84751239@N00/6004959946/			False	http://farm7.staticflickr.com/6004/6004959946_2e5e591247.jpg	10	156d2fd08d6c141dad54569fdf39c9	jpg	jose_gonzalvo	Netherlands	2011-08-03T09:23:48Z	Attribution-NonCommercial-NoDerivs License	2011-07-30T10:16:10Z	Canon DIGITAL IXUS 100 IS	84373177	2011 Amsterdam	6004959946	[u'2011', u'amsterdam', u'fotos encadenadas', u'netherlands', u'north holland']
Amsterdam	[727232, 12592040, 2346379, 15003817, 23424909, 28350886]	http://www.flickr.com/photos/84751239@N00/6004416367/			False	http://farm7.staticflickr.com/6140/6004416367_0fbea0d908.jpg	10	565d596843ddc1760d6dd519a9111	jpg	jose_gonzalvo	Netherlands	2011-08-03T09:25:12Z	Attribution-NonCommercial-NoDerivs License	2011-07-30T10:24:07Z	Canon EOS 1000D	70761290	2011 Amsterdam	6004416367	[u'2011', u'amsterdam', u'netherlands', u'north holland']
Amsterdam	[91397883, 727232, 12592040, 2346379, 15003818, 23424909, 28350886]	http://www.flickr.com/photos/84751239@N00/6004418101/			False	http://farm7.staticflickr.com/6006/6004418101_f06ecec77c.jpg	10	fb91b1a39acfe644443e1755c963ad4c	jpg	jose_gonzalvo	Netherlands	2011-08-03T09:26:14Z	Attribution-NonCommercial-NoDerivs License	2011-07-30T10:40:12Z	Canon DIGITAL IXUS 100 IS	57155190	2011 Amsterdam	6004418101	[u'2011', u'amsterdam', u'netherlands', u'north holland']
Amsterdam	[91394834, 727232, 12592040, 2346379, 15003818, 23424909, 28350886]	http://www.flickr.com/photos/84751239@N00/6004419571/			False	http://farm7.staticflickr.com/6027/6004419571_e362be7926.jpg	10	73464433baa732188eb6543020e85010	jpg	jose_gonzalvo	Netherlands	2011-08-03T09:27:08Z	Attribution-NonCommercial-NoDerivs License	2011-07-30T10:43:27Z	Canon EOS 1000D	79765630	2011 Amsterdam	6004419571	[u'2011', u'amsterdam', u'netherlands', u'north holland']
Amsterdam	[727232, 12592040, 2346379, 15003818, 23424909, 28350886]	http://www.flickr.com/photos/84751239@N00/6004421257/			False	http://farm7.staticflickr.com/6008/6004421257_1656c70d41.jpg	10	d645c9fda58018f983daa12382bbcfc8	jpg	jose_gonzalvo	Netherlands	2011-08-03T09:28:11Z	Attribution-NonCommercial-NoDerivs License	2011-07-30T10:58:18Z	Canon EOS 1000D	86644405	2011 Amsterdam	6004421257	[u'2011', u'jordaan', u'netherlands', u'north holland']
Amsterdam	[91397883, 727232, 12592040, 2346379, 15003818, 23424909, 28350886]	http://www.flickr.com/photos/84751239@N00/6004423443/			False	http://farm7.staticflickr.com/6011/6004423443_1508612e16.jpg	11	ef8b8fae58129c2d7df8581098953ddf	jpg	jose_gonzalvo	Netherlands	2011-08-03T09:29:30Z	Attribution-NonCommercial-NoDerivs License	2011-07-30T11:02:51Z	Canon DIGITAL IXUS 100 IS	85560189	2011 Amsterdam	6004423443	[u'2011', u'amsterdam', u'netherlands', u'north holland']
Amsterdam	[727232, 12592040, 2346379, 15003817, 23424909, 28350886]	http://www.flickr.com/photos/84751239@N00/6004425177/			False	http://farm7.staticflickr.com/6008/6004425177_c591585085.jpg	11	b12724d09e587a225b84445f351e72e8	jpg	jose_gonzalvo	Netherlands	2011-08-03T09:30:34Z	Attribution-NonCommercial-NoDerivs License	2011-07-30T11:12:44Z	Canon DIGITAL IXUS 100 IS	61855687	2011 Amsterdam	6004425177	[u'2011', u'amsterdam', u'netherlands', u'north holland']
Amsterdam	[22347015, 728410, 727232, 12592040, 2346379, 15003818, 23424909, 28350886]	http://www.flickr.com/photos/84751239@N00/6004972372/			False	http://farm7.staticflickr.com/6010/6004972372_ee5bd797e4.jpg	11	1588bfaa511a57753aaae828addf63f	jpg	jose_gonzalvo	Netherlands	2011-08-03T09:31:33Z	Attribution-NonCommercial-NoDerivs License	2011-07-30T11:15:54Z	Canon EOS 1000D	95815913	2011 Amsterdam	6004972372	[u'2011', u'jordaan', u'netherlands', u'north holland']
Amsterdam	[22347015, 728410, 727232, 12592040, 2346379, 15003818, 23424909, 28350886]	http://www.flickr.com/photos/84751239@N00/6004428033/			False	http://farm7.staticflickr.com/6024/6004428033_38e8a3d1f1.jpg	11	45357fa4b9ba679052e552c942e739d	jpg	jose_gonzalvo	Netherlands	2011-08-03T09:32:25Z	Attribution-NonCommercial-NoDerivs License	2011-07-30T11:31:02Z	Canon EOS 1000D	85337082	2011 Amsterdam	6004428033	[u'2011', u'amsterdam', u'fotos encadenadas', u'netherlands', u'north holland']
Amsterdam	[727232, 12592040, 2346379, 15003818, 23424909, 28350886]	http://www.flickr.com/photos/84751239@N00/6004974652/			False	http://farm7.staticflickr.com/6122/6004974652_345dfe4c93.jpg	11	d9ff9ba0ff1ca5f96e5439578850afb2	jpg	jose_gonzalvo	Netherlands	2011-08-03T09:33:06Z	Attribution-NonCommercial-NoDerivs License	2011-07-30T11:41:59Z	Canon EOS 1000D	91297677	2011 Amsterdam	6004974652	[u'2011', u'amsterdam', u'netherlands', u'north holland']
Amsterdam	[727232, 12592040, 2346379, 15003818, 23424909, 28350886]	http://www.flickr.com/photos/84751239@N00/6004431179/			False	http://farm7.staticflickr.com/6030/6004431179_184af0d471.jpg	11	fcd0872940e12d42dba60ccd5f9f443	jpg	jose_gonzalvo	Netherlands	2011-08-03T09:34:35Z	Attribution-NonCommercial-NoDerivs License	2011-07-30T11:42:22Z	Canon EOS 1000D	75760196	2011 Amsterdam	6004431179	[u'2011', u'amsterdam', u'netherlands', u'north holland']
Amsterdam	[91397883, 727232, 12592040, 2346379, 15003818, 23424909, 28350886]	http://www.flickr.com/photos/84751239@N00/6004432305/			False	http://farm7.staticflickr.com/6012/6004432305_2673fa33b9.jpg	11	a99f2e888e3bd4a2c93b4fff2b58c48	jpg	jose_gonzalvo	Netherlands	2011-08-03T09:35:20Z	Attribution-NonCommercial-NoDerivs License	2011-07-30T11:44:19Z	Canon DIGITAL IXUS 100 IS	96698303	2011 Amsterdam	6004432305	[u'2011', u'amsterdam', u'netherlands', u'north holland']
Amsterdam	[91397883, 727232, 12592040, 2346379, 15003818, 23424909, 28350886]	http://www.flickr.com/photos/84751239@N00/6004434491/			False	http://farm7.staticflickr.com/6135/6004434491_0e724f6998.jpg	11	9e5616d2b7845231bdd6af99123692e9	jpg	jose_gonzalvo	Netherlands	2011-08-03T09:36:46Z	Attribution-NonCommercial-NoDerivs License	2011-07-30T11:44:32Z	Canon EOS 1000D	96829099	2011 Amsterdam	6004434491	[u'2011', u'jordaan', u'netherlands', u'north holland']
Amsterdam	[727232, 12592040, 2346379, 15003818, 23424909, 28350886]	http://www.flickr.com/photos/84751239@N00/6004981924/			False	http://farm7.staticflickr.com/6011/6004981924_de0751b841.jpg	11	46586bce5713a568df74e793ffd4ba1	jpg	jose_gonzalvo	Netherlands	2011-08-03T09:37:43Z	Attribution-NonCommercial-NoDerivs License	2011-07-30T11:45:27Z	Canon EOS 1000D	60673495	2011 Amsterdam	6004981924	[u'2011', u'jordaan', u'netherlands', u'north holland']
Amsterdam	[56058596, 728410, 727232, 12592040, 2346379, 15003818, 23424909, 28350886]	http://www.flickr.com/photos/84751239@N00/6004983660/			False	http://farm7.staticflickr.com/6143/6004983660_b63eec5d2a.jpg	11	935abbd78a141a7c7457913faabe7	jpg	jose_gonzalvo	Netherlands	2011-08-03T09:38:51Z	Attribution-NonCommercial-NoDerivs License	2011-07-30T11:52:05Z	Canon EOS 1000D	25991761	2011 Amsterdam	6004983660	[u'2011', u'amsterdam', u'netherlands', u'north holland']
Amsterdam	[56058596, 728410, 727232, 12592040, 2346379, 15003818, 23424909, 28350886]	http://www.flickr.com/photos/84751239@N00/6004438833/			False	http://farm7.staticflickr.com/6149/6004438833_bedb9401e9.jpg	11	e62cf7c1f7313b5d0c91172ee743f78	jpg	jose_gonzalvo	Netherlands	2011-08-03T09:39:27Z	Attribution-NonCommercial-NoDerivs License	2011-07-30T11:52:08Z	Canon EOS 1000D	96391583	2011 Amsterdam	6004438833	[u'2011', u'amsterdam', u'netherlands', u'north holland']
Amsterdam	[91394834, 727232, 12592040, 2346379, 15003818, 23424909, 28350886]	http://www.flickr.com/photos/84751239@N00/6004440735/			False	http://farm7.staticflickr.com/6150/6004440735_9df19b8024.jpg	11	5f7c66416b916c18223c9046b59ce2ab	jpg	jose_gonzalvo	Netherlands	2011-08-03T09:40:38Z	Attribution-NonCommercial-NoDerivs License	2011-07-30T11:57:00Z	Canon EOS 1000D	69665766	2011 Amsterdam	6004440735	[u'2011', u'amsterdam', u'netherlands', u'north holland']
Amsterdam	[727232, 12592040, 2346379, 15003818, 23424909, 28350886]	http://www.flickr.com/photos/84751239@N00/6004988506/			False	http://farm7.staticflickr.com/6026/6004988506_4fb4298ab0.jpg	12	1fd8369d40a79a5120776bf95db0ec74	jpg	jose_gonzalvo	Netherlands	2011-08-03T09:41:47Z	Attribution-NonCommercial-NoDerivs License	2011-07-30T12:00:14Z	Canon EOS 1000D	24003670	2011 Amsterdam	6004988506	[u'2011', u'jordaan', u'netherlands', u'north holland']
Amsterdam	[56058475, 728410, 727232, 12592040, 2346379, 15003818, 23424909, 28350886]	http://www.flickr.com/photos/84751239@N00/6004990658/			False	http://farm7.staticflickr.com/6005/6004990658_526fd7dfe2.jpg	12	13e910c9140ef1f3a0a9b6b885bf4	jpg	jose_gonzalvo	Netherlands	2011-08-03T09:43:13Z	Attribution-NonCommercial-NoDerivs License	2011-07-30T12:03:49Z	Canon EOS 1000D	89886323	2011 Amsterdam	6004990658	[u'2011', u'amsterdam', u'netherlands', u'north holland']
Amsterdam	[56058475, 728410, 727232, 12592040, 2346379, 15003818, 23424909, 28350886]	http://www.flickr.com/photos/84751239@N00/6004992054/			False	http://farm7.staticflickr.com/6137/6004992054_fc87c7f9c4.jpg	12	1966339dd4c2b8e95a5ff572e6473ddd	jpg	jose_gonzalvo	Netherlands	2011-08-03T09:43:59Z	Attribution-NonCommercial-NoDerivs License	2011-07-30T12:05:12Z	Canon EOS 1000D	89776224	2011 Amsterdam	6004992054	[u'2011', u'amsterdam', u'netherlands', u'north holland']
Amsterdam	[56058475, 728410, 727232, 12592040, 2346379, 15003818, 23424909, 28350886]	http://www.flickr.com/photos/84751239@N00/6004992840/			False	http://farm7.staticflickr.com/6136/6004992840_71abff9c87.jpg	12	6f25ca6037389949babd708859a63ed5	jpg	jose_gonzalvo	Netherlands	2011-08-03T09:44:27Z	Attribution-NonCommercial-NoDerivs License	2011-07-30T12:08:16Z	Canon EOS 1000D	92732751	2011 Amsterdam	6004992840	[u'2011', u'amsterdam', u'fotos encadenadas', u'netherlands', u'north holland']
Amsterdam	[727232, 12592040, 2346379, 12851444, 23424909, 28350886]	http://www.flickr.com/photos/84751239@N00/6004448683/			False	http://farm7.staticflickr.com/6022/6004448683_942c7e0236.jpg	12	ed7cdd72818f3b98f7573ff96c25e9c	jpg	jose_gonzalvo	Netherlands	2011-08-03T09:45:20Z	Attribution-NonCommercial-NoDerivs License	2011-07-30T12:14:29Z	Canon EOS 1000D	70838212	2011 Amsterdam	6004448683	[u'2011', u'amsterdam', u'netherlands', u'north holland']
Amsterdam	[727232, 12592040, 2346379, 15003818, 23424909, 28350886]	http://www.flickr.com/photos/84751239@N00/6004450677/			False	http://farm7.staticflickr.com/6142/6004450677_3b6a77d07c.jpg	12	e6afe1c3a8358d64878873aaa435a85e	jpg	jose_gonzalvo	Netherlands	2011-08-03T09:46:30Z	Attribution-NonCommercial-NoDerivs License	2011-07-30T12:23:39Z	Canon DIGITAL IXUS 100 IS	70234404	2011 Amsterdam	6004450677	[u'2011', u'amsterdam', u'fotos encadenadas', u'netherlands', u'north holland']
Amsterdam	[56058596, 728410, 727232, 12592040, 2346379, 15003818, 23424909, 28350886]	http://www.flickr.com/photos/84751239@N00/6004997694/			False	http://farm7.staticflickr.com/6024/6004997694_c2a0500123.jpg	12	d5f3f0dd8de4ee4294fb3d565cd437a9	jpg	jose_gonzalvo	Netherlands	2011-08-03T09:47:19Z	Attribution-NonCommercial-NoDerivs License	2011-07-30T12:38:54Z	Canon DIGITAL IXUS 100 IS	74359227	2011 Amsterdam	6004997694	[u'2011', u'amsterdam', u'netherlands', u'north holland']
Amsterdam	[56058596, 728410, 727232, 12592040, 2346379, 15003818, 23424909, 28350886]	http://www.flickr.com/photos/84751239@N00/6004999160/		La casa habitada m��s estrecha de Amsterdam, 1,20 m. de fachada, al fondo llega a 1,80 m.	False	http://farm7.staticflickr.com/6139/6004999160_c3f96964ff.jpg	12	e34182991c8fa2e36c67e7c2252d0fb	jpg	jose_gonzalvo	Netherlands	2011-08-03T09:48:16Z	Attribution-NonCommercial-NoDerivs License	2011-07-30T12:41:14Z	Canon DIGITAL IXUS 100 IS	66088349	2011 Amsterdam	6004999160	[u'2011', u'amsterdam', u'netherlands', u'north holland']
Amsterdam	[56058596, 728410, 727232, 12592040, 2346379, 15003818, 23424909, 28350886]	http://www.flickr.com/photos/84751239@N00/6005000520/			False	http://farm7.staticflickr.com/6121/6005000520_1f8941e81f.jpg	12	a19b5fae7b3facefffc2b469c2e3c4	jpg	jose_gonzalvo	Netherlands	2011-08-03T09:49:05Z	Attribution-NonCommercial-NoDerivs License	2011-07-30T12:41:52Z	Canon EOS 1000D	91765649	2011 Amsterdam	6005000520	[u'2011', u'amsterdam', u'netherlands', u'north holland']
Amsterdam	[56058596, 728410, 727232, 12592040, 2346379, 15003818, 23424909, 28350886]	http://www.flickr.com/photos/84751239@N00/6005002794/			False	http://farm7.staticflickr.com/6003/6005002794_8390667522.jpg	12	9b675cdd092fe8d8fab5d28cf56106a	jpg	jose_gonzalvo	Netherlands	2011-08-03T09:50:33Z	Attribution-NonCommercial-NoDerivs License	2011-07-30T12:47:22Z	Canon EOS 1000D	93527037	2011 Amsterdam	6005002794	[u'2011', u'amsterdam', u'netherlands', u'north holland']
Amsterdam	[56058596, 728410, 727232, 12592040, 2346379, 15003818, 23424909, 28350886]	http://www.flickr.com/photos/84751239@N00/6005004702/			False	http://farm7.staticflickr.com/6006/6005004702_15ccf2803b.jpg	12	dde229d8717dcaacc025757eb7b8d58b	jpg	jose_gonzalvo	Netherlands	2011-08-03T09:51:40Z	Attribution-NonCommercial-NoDerivs License	2011-07-30T12:51:35Z	Canon EOS 1000D	79592950	2011 Amsterdam	6005004702	[u'2011', u'amsterdam', u'netherlands', u'north holland', u'tram']
Amsterdam	[56058475, 728410, 727232, 12592040, 2346379, 15003818, 23424909, 28350886]	http://www.flickr.com/photos/84751239@N00/6004461437/			False	http://farm7.staticflickr.com/6001/6004461437_c812790c22.jpg	13	2a5e2d88f1361736e56898414c5cd0c8	jpg	jose_gonzalvo	Netherlands	2011-08-03T09:52:53Z	Attribution-NonCommercial-NoDerivs License	2011-07-30T13:08:27Z	Canon EOS 1000D	57661854	2011 Amsterdam	6004461437	[u'2011', u'amsterdam', u'netherlands', u'north holland']
Amsterdam	[56058475, 728410, 727232, 12592040, 2346379, 15003818, 23424909, 28350886]	http://www.flickr.com/photos/84751239@N00/6004463535/			False	http://farm7.staticflickr.com/6140/6004463535_90e9c1768b.jpg	13	43896462fde5e9243dab4e6db1cd96f0	jpg	jose_gonzalvo	Netherlands	2011-08-03T09:54:07Z	Attribution-NonCommercial-NoDerivs License	2011-07-30T13:10:29Z	Canon EOS 1000D	95997040	2011 Amsterdam	6004463535	[u'2011', u'amsterdam', u'netherlands', u'north holland']
Amsterdam	[727232, 12592040, 2346379, 12851444, 23424909, 28350886]	http://www.flickr.com/photos/84751239@N00/6004465269/			False	http://farm7.staticflickr.com/6121/6004465269_031632090d.jpg	13	263460c1cfb5b91dd48b5ceb4a56043	jpg	jose_gonzalvo	Netherlands	2011-08-03T09:55:05Z	Attribution-NonCommercial-NoDerivs License	2011-07-30T13:12:46Z	Canon EOS 1000D	65069423	2011 Amsterdam	6004465269	[u'2011', u'amsterdam', u'fotos encadenadas', u'netherlands', u'north holland']
Amsterdam	[56058475, 728410, 727232, 12592040, 2346379, 15003818, 23424909, 28350886]	http://www.flickr.com/photos/84751239@N00/6005012626/			False	http://farm7.staticflickr.com/6122/6005012626_c19e30c173.jpg	13	4946384825313c72ddb5f7bd3c1d3b2	jpg	jose_gonzalvo	Netherlands	2011-08-03T09:56:08Z	Attribution-NonCommercial-NoDerivs License	2011-07-30T13:42:12Z	Canon EOS 1000D	94955060	2011 Amsterdam	6005012626	[u'2011', u'amsterdam', u'netherlands', u'north holland']
Amsterdam	[56058475, 728410, 727232, 12592040, 2346379, 15003818, 23424909, 28350886]	http://www.flickr.com/photos/84751239@N00/6004468909/			False	http://farm7.staticflickr.com/6128/6004468909_8e36d4ffc9.jpg	13	c27c21f1ec1dc3ba88809317a572de	jpg	jose_gonzalvo	Netherlands	2011-08-03T09:57:06Z	Attribution-NonCommercial-NoDerivs License	2011-07-30T13:43:57Z	Canon EOS 1000D	96151746	2011 Amsterdam	6004468909	[u'2011', u'amsterdam', u'animal', u'fotos encadenadas', u'gato', u'netherlands', u'north holland']
Amsterdam	[91394358, 727232, 12592040, 2346379, 12851444, 23424909, 28350886]	http://www.flickr.com/photos/84751239@N00/5995106093/			False	http://farm7.staticflickr.com/6022/5995106093_a3d8e32ff1.jpg	13	1c8728b371a11762d956b5fffd64344	jpg	jose_gonzalvo	Netherlands	2011-07-31T21:32:34Z	Attribution-NonCommercial-NoDerivs License	2011-07-30T13:59:27Z	Canon EOS 1000D	90479751	2011 Amsterdam	5995106093	[u'2011', u'amsterdam', u'escaparate', u'netherlands', u'north holland']
Amsterdam	[727232, 12592040, 2346379, 15003814, 23424909, 28350886]	http://www.flickr.com/photos/84751239@N00/6004470115/			False	http://farm7.staticflickr.com/6025/6004470115_bfafc8038f.jpg	14	93a33f52c859e602687ea5c89fdfa74	jpg	jose_gonzalvo	Netherlands	2011-08-03T09:57:50Z	Attribution-NonCommercial-NoDerivs License	2011-07-30T14:03:16Z	Canon EOS 1000D	17192891	2011 Amsterdam	6004470115	[u'2011', u'amsterdam', u'fotos encadenadas', u'netherlands', u'north holland']
Amsterdam	[727232, 12592040, 2346379, 15003814, 23424909, 28350886]	http://www.flickr.com/photos/84751239@N00/6005016888/			False	http://farm7.staticflickr.com/6144/6005016888_1972b1b812.jpg	14	7112645c22ee75e2bfb6fe5f7925db0	jpg	jose_gonzalvo	Netherlands	2011-08-03T09:58:40Z	Attribution-NonCommercial-NoDerivs License	2011-07-30T14:05:25Z	Canon EOS 1000D	65558340	2011 Amsterdam	6005016888	[u'2011', u'amsterdam', u'netherlands', u'north holland']
Amsterdam	[727232, 12592040, 2346379, 15003814, 23424909, 28350886]	http://www.flickr.com/photos/84751239@N00/6005017936/			False	http://farm7.staticflickr.com/6142/6005017936_445db115ab.jpg	14	d1913a4acf824cccca250296f713d	jpg	jose_gonzalvo	Netherlands	2011-08-03T09:59:18Z	Attribution-NonCommercial-NoDerivs License	2011-07-30T14:07:09Z	Canon DIGITAL IXUS 100 IS	61222673	2011 Amsterdam	6005017936	[u'2011', u'amsterdam', u'netherlands', u'north holland', u'wonderful world of flowers']
Amsterdam	[727232, 12592040, 2346379, 15003814, 23424909, 28350886]	http://www.flickr.com/photos/84751239@N00/6005019766/			False	http://farm7.staticflickr.com/6011/6005019766_99186d24c2.jpg	14	2d8aa69e211df5c0a24f8d1b613e4750	jpg	jose_gonzalvo	Netherlands	2011-08-03T10:00:19Z	Attribution-NonCommercial-NoDerivs License	2011-07-30T14:09:48Z	Canon DIGITAL IXUS 100 IS	74336269	2011 Amsterdam	6005019766	[u'2011', u'amsterdam', u'netherlands', u'north holland']
Amsterdam	[56058475, 728410, 727232, 12592040, 2346379, 15003818, 23424909, 28350886]	http://www.flickr.com/photos/84751239@N00/6005021840/			False	http://farm7.staticflickr.com/6126/6005021840_6ffac6abff.jpg	14	8fccf43c84d744577797549a6abda6	jpg	jose_gonzalvo	Netherlands	2011-08-03T10:01:38Z	Attribution-NonCommercial-NoDerivs License	2011-07-30T14:48:05Z	Canon EOS 1000D	74766778	2011 Amsterdam	6005021840	[u'2011', u'amsterdam', u'netherlands', u'north holland', u'puerta', u'roja']
Amsterdam	[91394358, 727232, 12592040, 2346379, 12851444, 23424909, 28350886]	http://www.flickr.com/photos/84751239@N00/6004478653/			False	http://farm7.staticflickr.com/6129/6004478653_039988fc0a.jpg	14	58ae63cdd1b2d8ca33b37cd12c4194a6	jpg	jose_gonzalvo	Netherlands	2011-08-03T10:02:57Z	Attribution-NonCommercial-NoDerivs License	2011-07-30T14:49:32Z	Canon EOS 1000D	11373378	2011 Amsterdam	6004478653	[u'2011', u'amsterdam', u'netherlands', u'north holland']
Amsterdam	[91394358, 727232, 12592040, 2346379, 12851444, 23424909, 28350886]	http://www.flickr.com/photos/84751239@N00/6005026488/			False	http://farm7.staticflickr.com/6129/6005026488_0d7dcc8304.jpg	14	7248c01a38e0ec655c6626a3668830	jpg	jose_gonzalvo	Netherlands	2011-08-03T10:04:17Z	Attribution-NonCommercial-NoDerivs License	2011-07-30T14:50:48Z	Canon EOS 1000D	79865850	2011 Amsterdam	6005026488	[u'2011', u'amsterdam', u'fotos encadenadas', u'netherlands', u'north holland']
Amsterdam	[91394358, 727232, 12592040, 2346379, 12851444, 23424909, 28350886]	http://www.flickr.com/photos/84751239@N00/6004482159/			False	http://farm7.staticflickr.com/6020/6004482159_a0d3422c1e.jpg	14	c2226436579282767a468891aca772b1	jpg	jose_gonzalvo	Netherlands	2011-08-03T10:04:59Z	Attribution-NonCommercial-NoDerivs License	2011-07-30T14:54:04Z	Canon EOS 1000D	73306474	2011 Amsterdam	6004482159	[u'2011', u'amsterdam', u'netherlands', u'north holland']
Amsterdam	[727232, 12592040, 2346379, 15003814, 23424909, 28350886]	http://www.flickr.com/photos/84751239@N00/6005029448/			False	http://farm7.staticflickr.com/6003/6005029448_9613786f3a.jpg	15	df61f7675cdd63068ac4c52494338a	jpg	jose_gonzalvo	Netherlands	2011-08-03T10:06:09Z	Attribution-NonCommercial-NoDerivs License	2011-07-30T15:01:12Z	Canon EOS 1000D	98652427	2011 Amsterdam	6005029448	[u'2011', u'amsterdam', u'netherlands', u'north holland']
Amsterdam	[727232, 12592040, 2346379, 15003814, 23424909, 28350886]	http://www.flickr.com/photos/84751239@N00/6005030902/			False	http://farm7.staticflickr.com/6132/6005030902_3a454943d7.jpg	15	bdb7dab5ed30f98fc444c22add56b9ad	jpg	jose_gonzalvo	Netherlands	2011-08-03T10:07:01Z	Attribution-NonCommercial-NoDerivs License	2011-07-30T15:01:51Z	Canon DIGITAL IXUS 100 IS	87581094	2011 Amsterdam	6005030902	[u'2011', u'amsterdam', u'fotos encadenadas', u'gafas', u'netherlands', u'north holland']
Amsterdam	[727232, 12592040, 2346379, 15003814, 23424909, 28350886]	http://www.flickr.com/photos/84751239@N00/6005032450/			False	http://farm7.staticflickr.com/6139/6005032450_4d583c4ec0.jpg	15	61cf82c299819e059ef4519e6b2928	jpg	jose_gonzalvo	Netherlands	2011-08-03T10:08:00Z	Attribution-NonCommercial-NoDerivs License	2011-07-30T15:09:32Z	Canon EOS 1000D	87603783	2011 Amsterdam	6005032450	[u'2011', u'amsterdam', u'netherlands', u'north holland']
Amsterdam	[727232, 12592040, 2346379, 15003814, 23424909, 28350886]	http://www.flickr.com/photos/84751239@N00/6005033878/			False	http://farm7.staticflickr.com/6136/6005033878_5e1b54b955.jpg	15	dba6c813a15e8cff1851b28adc88293b	jpg	jose_gonzalvo	Netherlands	2011-08-03T10:09:00Z	Attribution-NonCommercial-NoDerivs License	2011-07-30T15:12:27Z	Canon EOS 1000D	97470107	2011 Amsterdam	6005033878	[u'2011', u'amsterdam', u'netherlands', u'north holland']
Amsterdam	[727232, 12592040, 2346379, 15003814, 23424909, 28350886]	http://www.flickr.com/photos/84751239@N00/6004490085/			False	http://farm7.staticflickr.com/6150/6004490085_2285268754.jpg	15	a749c3e8d3d53ff72aaacfcad93b3442	jpg	jose_gonzalvo	Netherlands	2011-08-03T10:10:07Z	Attribution-NonCommercial-NoDerivs License	2011-07-30T15:13:16Z	Canon EOS 1000D	78615749	2011 Amsterdam	6004490085	[u'2011', u'amsterdam', u'netherlands', u'north holland']
Amsterdam	[91396019, 727232, 12592040, 2346379, 15003814, 23424909, 28350886]	http://www.flickr.com/photos/84751239@N00/6005037416/			False	http://farm7.staticflickr.com/6147/6005037416_b34daae230.jpg	15	673e55b02e7418301841824f251d8982	jpg	jose_gonzalvo	Netherlands	2011-08-03T10:11:13Z	Attribution-NonCommercial-NoDerivs License	2011-07-30T15:18:36Z	Canon EOS 1000D	62111357	2011 Amsterdam	6005037416	[u'2011', u'amsterdam', u'fotos encadenadas', u'netherlands', u'north holland']
Amsterdam	[91396019, 727232, 12592040, 2346379, 15003814, 23424909, 28350886]	http://www.flickr.com/photos/84751239@N00/6004493251/			False	http://farm7.staticflickr.com/6025/6004493251_93660a8c4a.jpg	15	657df3e7f3a2ef9188551f44b40f8b9	jpg	jose_gonzalvo	Netherlands	2011-08-03T10:12:08Z	Attribution-NonCommercial-NoDerivs License	2011-07-30T15:19:17Z	Canon EOS 1000D	32518254	2011 Amsterdam	6004493251	[u'2011', u'amsterdam', u'netherlands', u'north holland']
Amsterdam	[23189187, 728410, 727232, 12592040, 2346379, 15003818, 23424909, 28350886]	http://www.flickr.com/photos/84751239@N00/6004495159/			False	http://farm7.staticflickr.com/6005/6004495159_2185191c76.jpg	15	2348a1e65abc90caba1a15ae813f259	jpg	jose_gonzalvo	Netherlands	2011-08-03T10:13:26Z	Attribution-NonCommercial-NoDerivs License	2011-07-30T15:20:11Z	Canon EOS 1000D	75058324	2011 Amsterdam	6004495159	[u'2011', u'amsterdam', u'fotos encadenadas', u'netherlands', u'north holland']
Amsterdam	[23189187, 728410, 727232, 12592040, 2346379, 15003818, 23424909, 28350886]	http://www.flickr.com/photos/84751239@N00/6004496711/			False	http://farm7.staticflickr.com/6134/6004496711_f8e6cf7692.jpg	15	295f4c84513d5691fb6e31957e085a1	jpg	jose_gonzalvo	Netherlands	2011-08-03T10:14:24Z	Attribution-NonCommercial-NoDerivs License	2011-07-30T15:21:44Z	Canon EOS 1000D	37842175	2011 Amsterdam	6004496711	[u'2011', u'amsterdam', u'netherlands', u'north holland']
Amsterdam	[727232, 12592040, 2346379, 15003820, 23424909, 28350886]	http://www.flickr.com/photos/84751239@N00/6004499785/			False	http://farm7.staticflickr.com/6008/6004499785_66830a9c72.jpg	15	1ea638c5143b80c124c44b2a565e3ae5	jpg	jose_gonzalvo	Netherlands	2011-08-03T10:16:34Z	Attribution-NonCommercial-NoDerivs License	2011-07-30T15:49:19Z	Canon EOS 1000D	18967262	2011 Amsterdam	6004499785	[u'2011', u'amsterdam', u'netherlands', u'north holland']
Amsterdam	[91394916, 727232, 12592040, 2346379, 15003814, 23424909, 28350886]	http://www.flickr.com/photos/84751239@N00/6004501073/			False	http://farm7.staticflickr.com/6028/6004501073_66580429fd.jpg	17	8edc617ef7f9afb597d01929491f1be3	jpg	jose_gonzalvo	Netherlands	2011-08-03T10:17:22Z	Attribution-NonCommercial-NoDerivs License	2011-07-30T17:46:29Z	Canon DIGITAL IXUS 100 IS	76179411	2011 Amsterdam	6004501073	[u'2011', u'amsterdam', u'netherlands', u'north holland']
Amsterdam	[91394916, 727232, 12592040, 2346379, 15003814, 23424909, 28350886]	http://www.flickr.com/photos/84751239@N00/6005048126/			False	http://farm7.staticflickr.com/6022/6005048126_fb153d22c6.jpg	17	a49775652c37eb6fe3da03b36ad9e2f	jpg	jose_gonzalvo	Netherlands	2011-08-03T10:18:09Z	Attribution-NonCommercial-NoDerivs License	2011-07-30T17:46:51Z	Canon DIGITAL IXUS 100 IS	22621449	2011 Amsterdam	6005048126	[u'2011', u'amsterdam', u'netherlands', u'north holland']
