[{"name":"28871325584_70a7d41a9d_b.jpg","datetaken":"2016-09-04 10:38:07","tags":"2016 16 amsterdam netherlands nl travel vacation europe schiphol airport","title":"Arrival at Schiphol Airport","owner":"27790978@N02","latitude":"52.308916","longitude":"4.763619","desc":{"_content":""},"url":"http://farm9.static.flickr.com/8096/28871325584_70a7d41a9d_b.jpg"},{"name":"28871327594_037a0fa84c_b.jpg","datetaken":"2016-09-04 10:38:11","tags":"2016 16 amsterdam netherlands nl travel vacation europe schiphol airport","title":"Arrival at Schiphol Airport","owner":"27790978@N02","latitude":"52.308916","longitude":"4.763619","desc":{"_content":""},"url":"http://farm9.static.flickr.com/8235/28871327594_037a0fa84c_b.jpg"},{"name":"29207218180_16daa7c8d9_b.jpg","datetaken":"2016-09-04 11:23:52","tags":"2016 16 amsterdam netherlands nl travel vacation europe","title":"Our \"Front Yard\"","owner":"27790978@N02","latitude":"52.376663","longitude":"4.891352","desc":{"_content":"The canal directly in front our apartment."},"url":"http://farm9.static.flickr.com/8423/29207218180_16daa7c8d9_b.jpg"},{"name":"28873893933_27b8e565f7_b.jpg","datetaken":"2016-09-04 11:23:57","tags":"2016 16 amsterdam netherlands nl travel vacation europe","title":"Another \"Front Yard\" Shot","owner":"27790978@N02","latitude":"52.376663","longitude":"4.891352","desc":{"_content":"The canal in front of our apartment."},"url":"http://farm9.static.flickr.com/8446/28873893933_27b8e565f7_b.jpg"},{"name":"29462015016_bfff72378d_b.jpg","datetaken":"2016-09-04 15:40:01","tags":"2016 16 amsterdam netherlands nl travel vacation europe","title":"Canal Action","owner":"27790978@N02","latitude":"52.377586","longitude":"4.887880","desc":{"_content":""},"url":"http://farm9.static.flickr.com/8363/29462015016_bfff72378d_b.jpg"},{"name":"29462029906_2d2be43278_b.jpg","datetaken":"2016-09-04 15:42:57","tags":"2016 16 amsterdam netherlands nl travel vacation europe","title":"Canal Action","owner":"27790978@N02","latitude":"52.378169","longitude":"4.886244","desc":{"_content":""},"url":"http://farm9.static.flickr.com/8173/29462029906_2d2be43278_b.jpg"},{"name":"28873946943_6e273b26e5_b.jpg","datetaken":"2016-09-04 16:14:03","tags":"2016 16 amsterdam netherlands nl travel vacation europe bitterballen food diningout snacks","title":"Bitterballen","owner":"27790978@N02","latitude":"52.380113","longitude":"4.887625","desc":{"_content":""},"url":"http://farm9.static.flickr.com/8156/28873946943_6e273b26e5_b.jpg"},{"name":"29387763392_8929efc8fc_b.jpg","datetaken":"2016-09-04 17:19:04","tags":"2016 16 amsterdam netherlands nl travel vacation europe","title":"Canal, Boats, Etc","owner":"27790978@N02","latitude":"52.380391","longitude":"4.888222","desc":{"_content":""},"url":"http://farm9.static.flickr.com/8009/29387763392_8929efc8fc_b.jpg"},{"name":"29496121625_f7569c26c7_b.jpg","datetaken":"2016-09-04 17:25:11","tags":"2016 16 amsterdam netherlands nl travel vacation europe","title":"Row Houses, Canal, etc...","owner":"27790978@N02","latitude":"52.379152","longitude":"4.891738","desc":{"_content":""},"url":"http://farm9.static.flickr.com/8418/29496121625_f7569c26c7_b.jpg"},{"name":"28873942923_cd5f6aac8e_b.jpg","datetaken":"2016-09-04 18:18:45","tags":"2016 16 amsterdam netherlands nl travel vacation europe","title":"Tiiger Nootjes","owner":"27790978@N02","latitude":"52.379733","longitude":"4.887691","desc":{"_content":"Or Tiger Nuts, or Tigger Noodles, or Tiger Noodles..."},"url":"http://farm9.static.flickr.com/8339/28873942923_cd5f6aac8e_b.jpg"},{"name":"29207266810_a21b41591a_b.jpg","datetaken":"2016-09-04 18:29:00","tags":"2016 16 amsterdam netherlands nl travel vacation europe apartment airbnb","title":"Our Apartment","owner":"27790978@N02","latitude":"52.376708","longitude":"4.891383","desc":{"_content":"We spent a lot of time in that front room watching the world go by."},"url":"http://farm9.static.flickr.com/8297/29207266810_a21b41591a_b.jpg"},{"name":"28873961503_7d32ac33b1_b.jpg","datetaken":"2016-09-04 18:48:29","tags":"2016 16 amsterdam netherlands nl travel vacation europe apartment airbnb","title":"Our View","owner":"27790978@N02","latitude":"52.376708","longitude":"4.891383","desc":{"_content":""},"url":"http://farm9.static.flickr.com/8297/28873961503_7d32ac33b1_b.jpg"},{"name":"29462077816_d55c581076_b.jpg","datetaken":"2016-09-04 20:49:13","tags":"2016 16 amsterdam netherlands nl travel vacation europe","title":"Legs","owner":"27790978@N02","latitude":"52.377944","longitude":"4.886669","desc":{"_content":"There was actually another pair sticking out of there too.  "},"url":"http://farm9.static.flickr.com/8059/29462077816_d55c581076_b.jpg"},{"name":"29496147235_f487f9ae18_b.jpg","datetaken":"2016-09-05 12:38:26","tags":"2016 16 amsterdam netherlands nl travel vacation europe","title":"Just some schenkstroop","owner":"27790978@N02","latitude":"52.362708","longitude":"4.881125","desc":{"_content":""},"url":"http://farm9.static.flickr.com/8444/29496147235_f487f9ae18_b.jpg"},{"name":"28871426834_f1a4b3eab2_b.jpg","datetaken":"2016-09-05 12:42:31","tags":"2016 16 amsterdam netherlands nl travel vacation europe","title":"Bees like the schenkstroop","owner":"27790978@N02","latitude":"52.362708","longitude":"4.881125","desc":{"_content":""},"url":"http://farm9.static.flickr.com/8160/28871426834_f1a4b3eab2_b.jpg"},{"name":"29207295870_caab391231_b.jpg","datetaken":"2016-09-05 13:12:25","tags":"2016 16 amsterdam netherlands nl travel vacation europe table brunch diningout drinks","title":"Brunch Carnage","owner":"27790978@N02","latitude":"52.362708","longitude":"4.881125","desc":{"_content":"We ate and drank all the things\n"},"url":"http://farm9.static.flickr.com/8046/29207295870_caab391231_b.jpg"},{"name":"29207298710_4a4cacfe1a_b.jpg","datetaken":"2016-09-05 17:04:21","tags":"2016 16 amsterdam netherlands nl travel vacation europe poll","title":"Providing Feedback","owner":"27790978@N02","latitude":"52.357961","longitude":"4.881011","desc":{"_content":"They had these things all over.  I want to give feedback.  Constantly."},"url":"http://farm9.static.flickr.com/8431/29207298710_4a4cacfe1a_b.jpg"},{"name":"29387813892_6eca1b4289_b.jpg","datetaken":"2016-09-05 17:09:25","tags":"2016 16 amsterdam netherlands nl travel vacation europe","title":"Grocery Store Spread","owner":"27790978@N02","latitude":"52.357211","longitude":"4.879469","desc":{"_content":""},"url":"http://farm9.static.flickr.com/8480/29387813892_6eca1b4289_b.jpg"},{"name":"29416275861_519a52c201_b.jpg","datetaken":"2016-09-05 17:09:35","tags":"2016 16 amsterdam netherlands nl travel vacation europe grocerystore meat delimeat","title":"Bear Face Meat?","owner":"27790978@N02","latitude":"52.357216","longitude":"4.879505","desc":{"_content":""},"url":"http://farm9.static.flickr.com/8526/29416275861_519a52c201_b.jpg"},{"name":"28871456514_7c04bc2554_b.jpg","datetaken":"2016-09-05 17:49:17","tags":"2016 16 amsterdam netherlands nl travel vacation europe","title":"Greg.  Outside.","owner":"27790978@N02","latitude":"52.357630","longitude":"4.880952","desc":{"_content":""},"url":"http://farm9.static.flickr.com/8007/28871456514_7c04bc2554_b.jpg"},{"name":"28874007223_15c49d464f_b.jpg","datetaken":"2016-09-05 17:51:45","tags":"2016 16 amsterdam netherlands nl travel vacation europe snacks bread meat cheese nutella","title":"Impromptu Snack Carnage","owner":"27790978@N02","latitude":"52.357805","longitude":"4.880777","desc":{"_content":""},"url":"http://farm9.static.flickr.com/8044/28874007223_15c49d464f_b.jpg"},{"name":"28871463544_684063f57e_b.jpg","datetaken":"2016-09-05 18:01:28","tags":"2016 16 amsterdam netherlands nl travel vacation europe","title":"Grassy Flare","owner":"27790978@N02","latitude":"52.356966","longitude":"4.882911","desc":{"_content":""},"url":"http://farm9.static.flickr.com/8424/28871463544_684063f57e_b.jpg"},{"name":"29496193345_c8cb00761b_b.jpg","datetaken":"2016-09-05 18:51:11","tags":"2016 16 amsterdam netherlands nl travel vacation europe museumplein","title":"Museumplein","owner":"27790978@N02","latitude":"52.357775","longitude":"4.879969","desc":{"_content":""},"url":"http://farm9.static.flickr.com/8276/29496193345_c8cb00761b_b.jpg"},{"name":"28874017753_632bac4a4a_b.jpg","datetaken":"2016-09-05 19:00:16","tags":"2016 16 amsterdam netherlands nl travel vacation europe legitmo legitaf legitimatemovement acroyoga newfriends","title":"Greg Makes an Acro Yoga Friend","owner":"27790978@N02","latitude":"52.357797","longitude":"4.880983","desc":{"_content":""},"url":"http://farm9.static.flickr.com/8604/28874017753_632bac4a4a_b.jpg"},{"name":"29207333770_fb24867570_b.jpg","datetaken":"2016-09-05 19:25:45","tags":"2016 16 amsterdam netherlands nl travel vacation europe park fitness legitaf lefitmo legitimatemovement museumplein","title":"Greg Does Fitness THINGS","owner":"27790978@N02","latitude":"52.357288","longitude":"4.881191","desc":{"_content":""},"url":"http://farm9.static.flickr.com/8428/29207333770_fb24867570_b.jpg"},{"name":"29416304401_f6e6af6aa5_b.jpg","datetaken":"2016-09-05 19:38:22","tags":"2016 16 amsterdam netherlands nl travel vacation europe iamsterdam","title":"I Amsterdam","owner":"27790978@N02","latitude":"52.359205","longitude":"4.883202","desc":{"_content":""},"url":"http://farm9.static.flickr.com/8254/29416304401_f6e6af6aa5_b.jpg"},{"name":"29462139126_2deae2f160_b.jpg","datetaken":"2016-09-05 19:42:07","tags":"2016 16 amsterdam netherlands nl travel vacation europe iamsterdam","title":"Greg Is Amsterdam","owner":"27790978@N02","latitude":"52.359261","longitude":"4.883836","desc":{"_content":""},"url":"http://farm9.static.flickr.com/8557/29462139126_2deae2f160_b.jpg"},{"name":"29207335730_d772574e7f_b.jpg","datetaken":"2016-09-05 19:53:09","tags":"2016 16 amsterdam netherlands nl travel vacation europe","title":"Canal Action","owner":"27790978@N02","latitude":"52.362238","longitude":"4.887422","desc":{"_content":""},"url":"http://farm9.static.flickr.com/8506/29207335730_d772574e7f_b.jpg"},{"name":"29387878332_c0092b5d53_b.jpg","datetaken":"2016-09-05 19:54:19","tags":"2016 16 amsterdam netherlands nl travel vacation europe","title":"Canal Action","owner":"27790978@N02","latitude":"52.362683","longitude":"4.887758","desc":{"_content":""},"url":"http://farm9.static.flickr.com/8894/29387878332_c0092b5d53_b.jpg"},{"name":"28871500644_a03d7cfc2c_b.jpg","datetaken":"2016-09-05 19:54:23","tags":"2016 16 amsterdam netherlands nl travel vacation europe","title":"Canal Action","owner":"27790978@N02","latitude":"52.362683","longitude":"4.887758","desc":{"_content":""},"url":"http://farm9.static.flickr.com/8344/28871500644_a03d7cfc2c_b.jpg"},{"name":"28871501944_e5ee8203f6_b.jpg","datetaken":"2016-09-05 20:08:45","tags":"2016 16 amsterdam netherlands nl travel vacation europe","title":"Canal Action","owner":"27790978@N02","latitude":"52.367636","longitude":"4.886975","desc":{"_content":""},"url":"http://farm9.static.flickr.com/8263/28871501944_e5ee8203f6_b.jpg"},{"name":"28874037123_a4f80554ef_b.jpg","datetaken":"2016-09-06 00:46:38","tags":"2016 16 amsterdam netherlands nl travel vacation europe beer drinking lachouffe","title":"La Chouffe","owner":"27790978@N02","latitude":"52.374519","longitude":"4.889852","desc":{"_content":""},"url":"http://farm9.static.flickr.com/8514/28874037123_a4f80554ef_b.jpg"},{"name":"28895111443_661137e532_b.jpg","datetaken":"2016-09-06 13:21:03","tags":"2016 16 amsterdam netherlands nl travel vacation europe flowers bouquet","title":"Lee Ann & the Bouquet","owner":"27790978@N02","latitude":"52.376661","longitude":"4.891236","desc":{"_content":""},"url":"http://farm9.static.flickr.com/8462/28895111443_661137e532_b.jpg"},{"name":"29517278655_ea461ce073_b.jpg","datetaken":"2016-09-06 13:28:46","tags":"2016 16 amsterdam netherlands nl travel vacation europe bouquet flowers","title":"The Bouquet & Our View","owner":"27790978@N02","latitude":"52.376708","longitude":"4.891383","desc":{"_content":""},"url":"http://farm9.static.flickr.com/8541/29517278655_ea461ce073_b.jpg"},{"name":"28895112363_07f0dd851a_b.jpg","datetaken":"2016-09-06 13:36:59","tags":"2016 16 amsterdam netherlands nl travel vacation europe walking","title":"Greg & Phil","owner":"27790978@N02","latitude":"52.375269","longitude":"4.891297","desc":{"_content":""},"url":"http://farm9.static.flickr.com/8127/28895112363_07f0dd851a_b.jpg"},{"name":"29408481462_f766f0a795_b.jpg","datetaken":"2016-09-06 14:46:49","tags":"2016 16 amsterdam netherlands nl travel vacation europe","title":"Ducks!","owner":"27790978@N02","latitude":"52.374744","longitude":"4.888438","desc":{"_content":""},"url":"http://farm9.static.flickr.com/8400/29408481462_f766f0a795_b.jpg"},{"name":"29517288555_afa6e7faaa_b.jpg","datetaken":"2016-09-06 15:00:03","tags":"2016 16 amsterdam netherlands nl travel vacation europe flower bouquet","title":"Our Bouquet","owner":"27790978@N02","latitude":"52.376708","longitude":"4.891383","desc":{"_content":"Lee Ann went to the flower market and brought this home."},"url":"http://farm9.static.flickr.com/8351/29517288555_afa6e7faaa_b.jpg"},{"name":"29408490772_8c6be02ac3_b.jpg","datetaken":"2016-09-06 15:51:45","tags":"2016 16 amsterdam netherlands nl travel vacation europe flower plant passionflower","title":"Passion Flower Blooming","owner":"27790978@N02","latitude":"52.373405","longitude":"4.878150","desc":{"_content":""},"url":"http://farm9.static.flickr.com/8553/29408490772_8c6be02ac3_b.jpg"},{"name":"28895123883_4949fe60e3_b.jpg","datetaken":"2016-09-06 17:59:23","tags":"2016 16 amsterdam netherlands nl travel vacation europe cat kitty","title":"Eye Glasses Shop Cat & Window Display","owner":"27790978@N02","latitude":"52.380072","longitude":"4.892705","desc":{"_content":"Yep.  This store sold glasses.  For your eyes.  Also, it is kneading and purring."},"url":"http://farm9.static.flickr.com/8141/28895123883_4949fe60e3_b.jpg"},{"name":"29437069411_553de16972_b.jpg","datetaken":"2016-09-06 18:32:26","tags":"2016 16 amsterdam netherlands nl travel vacation europe","title":"Mojito","owner":"27790978@N02","latitude":"52.378425","longitude":"4.894177","desc":{"_content":"Despite that silly adornment...solid drink!"},"url":"http://farm9.static.flickr.com/8167/29437069411_553de16972_b.jpg"},{"name":"28895132543_1d9a122af8_b.jpg","datetaken":"2016-09-06 18:32:34","tags":"2016 16 amsterdam netherlands nl travel vacation europe","title":"Many Drinks of our Snacking","owner":"27790978@N02","latitude":"52.378425","longitude":"4.894177","desc":{"_content":""},"url":"http://farm9.static.flickr.com/8849/28895132543_1d9a122af8_b.jpg"},{"name":"29437071161_a05582ac3e_b.jpg","datetaken":"2016-09-06 18:46:51","tags":"2016 16 amsterdam netherlands nl travel vacation europe drinking cocktails","title":"Serious Cocktails","owner":"27790978@N02","latitude":"52.378425","longitude":"4.894177","desc":{"_content":""},"url":"http://farm9.static.flickr.com/8199/29437071161_a05582ac3e_b.jpg"},{"name":"29437070461_a8827a1df5_b.jpg","datetaken":"2016-09-06 19:14:29","tags":"2016 16 amsterdam netherlands nl travel vacation europe","title":"Cat Boat","owner":"27790978@N02","latitude":"52.377958","longitude":"4.893369","desc":{"_content":""},"url":"http://farm9.static.flickr.com/8157/29437070461_a8827a1df5_b.jpg"},{"name":"29249238490_33fde3012f_b.jpg","datetaken":"2016-09-07 13:29:26","tags":"2016 16 amsterdam netherlands nl travel vacation europe","title":"Hanging Out in our Nook","owner":"27790978@N02","latitude":"52.378413","longitude":"4.894152","desc":{"_content":"Also, the view from our apartment."},"url":"http://farm9.static.flickr.com/8421/29249238490_33fde3012f_b.jpg"},{"name":"29504625916_e656157313_b.jpg","datetaken":"2016-09-07 14:54:27","tags":"2016 16 amsterdam netherlands nl travel vacation europe banksy art moco museum","title":"Banksy Exhibit","owner":"27790978@N02","latitude":"52.358916","longitude":"4.882113","desc":{"_content":"We were pretty excited about this!"},"url":"http://farm9.static.flickr.com/8548/29504625916_e656157313_b.jpg"},{"name":"29504628816_d5092af846_b.jpg","datetaken":"2016-09-07 15:01:30","tags":"2016 16 amsterdam netherlands nl travel vacation europe","title":"Lee Ann Lounges at Moco","owner":"27790978@N02","latitude":"52.358655","longitude":"4.882380","desc":{"_content":""},"url":"http://farm9.static.flickr.com/8142/29504628816_d5092af846_b.jpg"},{"name":"29504630976_e068880460_b.jpg","datetaken":"2016-09-07 15:02:47","tags":"2016 16 amsterdam netherlands nl travel vacation europe banksy art moco museum","title":"Banksy Exhibit","owner":"27790978@N02","latitude":"52.358655","longitude":"4.882380","desc":{"_content":""},"url":"http://farm9.static.flickr.com/8148/29504630976_e068880460_b.jpg"},{"name":"29504633906_a24a8bd969_b.jpg","datetaken":"2016-09-07 15:06:46","tags":"2016 16 amsterdam netherlands nl travel vacation europe banksy art moco museum","title":"Banksy Exhibit","owner":"27790978@N02","latitude":"52.358916","longitude":"4.882113","desc":{"_content":""},"url":"http://farm9.static.flickr.com/8109/29504633906_a24a8bd969_b.jpg"},{"name":"29249254270_720be8d5cc_b.jpg","datetaken":"2016-09-07 15:07:21","tags":"2016 16 amsterdam netherlands nl travel vacation europe banksy art moco museum","title":"Banksy Exhibit","owner":"27790978@N02","latitude":"52.358925","longitude":"4.881908","desc":{"_content":""},"url":"http://farm9.static.flickr.com/8334/29249254270_720be8d5cc_b.jpg"},{"name":"29249256780_827c743d10_b.jpg","datetaken":"2016-09-07 15:14:48","tags":"2016 16 amsterdam netherlands nl travel vacation europe banksy art moco museum","title":"Banksy Exhibit","owner":"27790978@N02","latitude":"52.358288","longitude":"4.882158","desc":{"_content":""},"url":"http://farm9.static.flickr.com/8366/29249256780_827c743d10_b.jpg"},{"name":"29249259770_ce58f66f50_b.jpg","datetaken":"2016-09-07 15:15:33","tags":"2016 16 amsterdam netherlands nl travel vacation europe banksy art moco museum","title":"Banksy Exhibit","owner":"27790978@N02","latitude":"52.358327","longitude":"4.882219","desc":{"_content":""},"url":"http://farm9.static.flickr.com/8234/29249259770_ce58f66f50_b.jpg"},{"name":"29249264020_a7b3890bba_b.jpg","datetaken":"2016-09-07 16:25:30","tags":"2016 16 amsterdam netherlands nl travel vacation europe spacecake","title":"Space Cake Disclaimer","owner":"27790978@N02","latitude":"52.364500","longitude":"4.882852","desc":{"_content":""},"url":"http://farm9.static.flickr.com/8105/29249264020_a7b3890bba_b.jpg"},{"name":"29249265240_fcd5cebd14_b.jpg","datetaken":"2016-09-07 17:52:03","tags":"2016 16 amsterdam netherlands nl travel vacation europe vondelpark park","title":"Beers in the Park","owner":"27790978@N02","latitude":"52.358238","longitude":"4.872736","desc":{"_content":""},"url":"http://farm9.static.flickr.com/8469/29249265240_fcd5cebd14_b.jpg"},{"name":"28928724293_20f0fc3595_b.jpg","datetaken":"2016-09-08 13:45:43","tags":"2016 16 amsterdam netherlands nl travel vacation europe","title":"We found a gaming store","owner":"27790978@N02","latitude":"52.384244","longitude":"4.884513","desc":{"_content":""},"url":"http://farm8.static.flickr.com/7780/28928724293_20f0fc3595_b.jpg"},{"name":"29551607655_67c4d9c103_b.jpg","datetaken":"2016-09-08 14:18:38","tags":"2016 16 amsterdam netherlands nl travel vacation europe","title":"This Is Happening","owner":"27790978@N02","latitude":"52.382222","longitude":"4.888050","desc":{"_content":""},"url":"http://farm9.static.flickr.com/8504/29551607655_67c4d9c103_b.jpg"},{"name":"28928735533_de0982f9e6_b.jpg","datetaken":"2016-09-08 14:38:26","tags":"2016 16 amsterdam netherlands nl travel vacation europe","title":"2016-09-09_01-29-54","owner":"27790978@N02","latitude":"52.380702","longitude":"4.887522","desc":{"_content":""},"url":"http://farm9.static.flickr.com/8166/28928735533_de0982f9e6_b.jpg"},{"name":"29551618675_9d1487ee95_b.jpg","datetaken":"2016-09-08 14:46:17","tags":"2016 16 amsterdam netherlands nl travel vacation europe drinks beers lunch","title":"Lunch Beers","owner":"27790978@N02","latitude":"52.380616","longitude":"4.887647","desc":{"_content":""},"url":"http://farm9.static.flickr.com/8185/29551618675_9d1487ee95_b.jpg"},{"name":"28928743283_514036e96f_b.jpg","datetaken":"2016-09-08 14:55:31","tags":"2016 16 amsterdam netherlands nl travel vacation europe food diningout lunch sandwich","title":"Lunch","owner":"27790978@N02","latitude":"52.380702","longitude":"4.887522","desc":{"_content":""},"url":"http://farm9.static.flickr.com/8454/28928743283_514036e96f_b.jpg"},{"name":"29551629605_57ee0d33d1_b.jpg","datetaken":"2016-09-08 16:58:29","tags":"2016 16 amsterdam netherlands nl travel vacation europe onaboat canals","title":"Canal Adventures","owner":"27790978@N02","latitude":"52.385488","longitude":"4.877622","desc":{"_content":""},"url":"http://farm9.static.flickr.com/8427/29551629605_57ee0d33d1_b.jpg"},{"name":"28926363004_1db42b1e9c_b.jpg","datetaken":"2016-09-08 17:07:04","tags":"2016 16 amsterdam netherlands nl travel vacation europe onaboat canals","title":"Canal Adventures","owner":"27790978@N02","latitude":"52.383100","longitude":"4.883999","desc":{"_content":""},"url":"http://farm9.static.flickr.com/8051/28926363004_1db42b1e9c_b.jpg"},{"name":"29471169451_716b70a820_b.jpg","datetaken":"2016-09-08 17:10:45","tags":"2016 16 amsterdam netherlands nl travel vacation europe onaboat canals boats","title":"Canal Adventures","owner":"27790978@N02","latitude":"52.381522","longitude":"4.886630","desc":{"_content":""},"url":"http://farm9.static.flickr.com/8305/29471169451_716b70a820_b.jpg"},{"name":"28926376564_17c84efce4_b.jpg","datetaken":"2016-09-08 17:17:49","tags":"2016 16 amsterdam netherlands nl travel vacation europe onaboat canals boats","title":"Canal Adventures","owner":"27790978@N02","latitude":"52.379322","longitude":"4.889613","desc":{"_content":"Also, these ladies bumped into our boat."},"url":"http://farm9.static.flickr.com/8129/28926376564_17c84efce4_b.jpg"},{"name":"29442218932_6d5eabd60c_b.jpg","datetaken":"2016-09-08 17:26:33","tags":"2016 16 amsterdam netherlands nl travel vacation europe onaboat canals","title":"Canal Adventures","owner":"27790978@N02","latitude":"52.375666","longitude":"4.886319","desc":{"_content":""},"url":"http://farm9.static.flickr.com/8323/29442218932_6d5eabd60c_b.jpg"},{"name":"28928774053_c0c301170b_b.jpg","datetaken":"2016-09-08 17:28:21","tags":"2016 16 amsterdam netherlands nl travel vacation europe onaboat canals","title":"Canal Adventures","owner":"27790978@N02","latitude":"52.375922","longitude":"4.885172","desc":{"_content":""},"url":"http://farm9.static.flickr.com/8266/28928774053_c0c301170b_b.jpg"},{"name":"28926386654_48f42fd191_b.jpg","datetaken":"2016-09-08 17:29:13","tags":"2016 16 amsterdam netherlands nl travel vacation europe onaboat canals","title":"Canal Adventures","owner":"27790978@N02","latitude":"52.373847","longitude":"4.884908","desc":{"_content":""},"url":"http://farm9.static.flickr.com/8530/28926386654_48f42fd191_b.jpg"},{"name":"29517696396_1f601d4c74_b.jpg","datetaken":"2016-09-08 17:31:51","tags":"2016 16 amsterdam netherlands nl travel vacation europe onaboat canals","title":"Canal Adventures","owner":"27790978@N02","latitude":"52.372227","longitude":"4.884777","desc":{"_content":""},"url":"http://farm9.static.flickr.com/8180/29517696396_1f601d4c74_b.jpg"},{"name":"29261760730_159458db40_b.jpg","datetaken":"2016-09-08 17:44:40","tags":"2016 16 amsterdam netherlands nl travel vacation europe onaboat canals boats","title":"The Black Pearl...Amsterdam Canal Style","owner":"27790978@N02","latitude":"52.364997","longitude":"4.888272","desc":{"_content":""},"url":"http://farm9.static.flickr.com/8028/29261760730_159458db40_b.jpg"},{"name":"28928790183_4fc8728595_b.jpg","datetaken":"2016-09-08 17:45:40","tags":"2016 16 amsterdam netherlands nl travel vacation europe onaboat canals boats","title":"Canal Adventures","owner":"27790978@N02","latitude":"52.364497","longitude":"4.889272","desc":{"_content":""},"url":"http://farm9.static.flickr.com/8516/28928790183_4fc8728595_b.jpg"},{"name":"28926411494_c4dd347e02_b.jpg","datetaken":"2016-09-08 17:48:14","tags":"2016 16 amsterdam netherlands nl travel vacation europe onaboat canals","title":"Canal Adventures","owner":"27790978@N02","latitude":"52.363883","longitude":"4.891697","desc":{"_content":""},"url":"http://farm9.static.flickr.com/8324/28926411494_c4dd347e02_b.jpg"},{"name":"28928810423_67cc9bc9f3_b.jpg","datetaken":"2016-09-08 17:57:28","tags":"2016 16 amsterdam netherlands nl travel vacation europe onaboat canals","title":"Canal Adventures","owner":"27790978@N02","latitude":"52.361652","longitude":"4.896236","desc":{"_content":""},"url":"http://farm9.static.flickr.com/8125/28928810423_67cc9bc9f3_b.jpg"},{"name":"29261784450_cb082cfd92_b.jpg","datetaken":"2016-09-08 18:07:32","tags":"2016 16 amsterdam netherlands nl travel vacation europe onaboat canals","title":"Phillip - Our Captain","owner":"27790978@N02","latitude":"52.361055","longitude":"4.902930","desc":{"_content":""},"url":"http://farm9.static.flickr.com/8377/29261784450_cb082cfd92_b.jpg"},{"name":"29442287982_264ba8c2b9_b.jpg","datetaken":"2016-09-08 18:12:12","tags":"2016 16 amsterdam netherlands nl travel vacation europe onaboat canals","title":"Canal Adventures","owner":"27790978@N02","latitude":"52.360066","longitude":"4.903638","desc":{"_content":""},"url":"http://farm9.static.flickr.com/8527/29442287982_264ba8c2b9_b.jpg"},{"name":"28926442414_b1671196f0_b.jpg","datetaken":"2016-09-08 18:18:18","tags":"2016 16 amsterdam netherlands nl travel vacation europe onaboat canals","title":"Canal Adventures","owner":"27790978@N02","latitude":"52.360586","longitude":"4.904213","desc":{"_content":""},"url":"http://farm9.static.flickr.com/8482/28926442414_b1671196f0_b.jpg"},{"name":"29551729625_fe6b44fe4c_b.jpg","datetaken":"2016-09-08 18:20:43","tags":"2016 16 amsterdam netherlands nl travel vacation europe onaboat canals","title":"Canal Adventures","owner":"27790978@N02","latitude":"52.362266","longitude":"4.903408","desc":{"_content":""},"url":"http://farm9.static.flickr.com/8435/29551729625_fe6b44fe4c_b.jpg"},{"name":"28928839553_14c71cf2ce_b.jpg","datetaken":"2016-09-08 18:45:59","tags":"2016 16 amsterdam netherlands nl travel vacation europe hotel waldorfastoria onaboat canals","title":"Waldorf Astoria","owner":"27790978@N02","latitude":"52.364994","longitude":"4.896894","desc":{"_content":"As seen from the canal."},"url":"http://farm9.static.flickr.com/8459/28928839553_14c71cf2ce_b.jpg"},{"name":"29471230101_ee240207d5_b.jpg","datetaken":"2016-09-08 18:57:24","tags":"2016 16 amsterdam netherlands nl travel vacation europe onaboat canals","title":"Canal Adventures","owner":"27790978@N02","latitude":"52.367638","longitude":"4.886966","desc":{"_content":""},"url":"http://farm9.static.flickr.com/8047/29471230101_ee240207d5_b.jpg"},{"name":"29261816850_e91b9c4d86_b.jpg","datetaken":"2016-09-08 19:02:48","tags":"2016 16 amsterdam netherlands nl travel vacation europe onaboat canals","title":"Feet...Dirty Dirty Feet","owner":"27790978@N02","latitude":"52.371294","longitude":"4.887086","desc":{"_content":""},"url":"http://farm9.static.flickr.com/8457/29261816850_e91b9c4d86_b.jpg"},{"name":"29471243291_3a643e3766_b.jpg","datetaken":"2016-09-08 19:14:42","tags":"2016 16 amsterdam netherlands nl travel vacation europe onaboat canals","title":"Our Place!","owner":"27790978@N02","latitude":"52.376586","longitude":"4.891641","desc":{"_content":"We stayed in the basement apartment of 100 Singel."},"url":"http://farm9.static.flickr.com/8154/29471243291_3a643e3766_b.jpg"},{"name":"29442334372_abde4ab729_b.jpg","datetaken":"2016-09-08 19:15:17","tags":"2016 16 amsterdam netherlands nl travel vacation europe onaboat canals boats","title":"Across from our apartment","owner":"27790978@N02","latitude":"52.376738","longitude":"4.891594","desc":{"_content":""},"url":"http://farm9.static.flickr.com/8180/29442334372_abde4ab729_b.jpg"},{"name":"28928859943_919698ffd3_b.jpg","datetaken":"2016-09-08 19:16:38","tags":"2016 16 amsterdam netherlands nl travel vacation europe onaboat canals","title":"Lee Ann Helps During our Pit Stop","owner":"27790978@N02","latitude":"52.376375","longitude":"4.891322","desc":{"_content":""},"url":"http://farm9.static.flickr.com/8771/28928859943_919698ffd3_b.jpg"},{"name":"28928886903_067557c243_b.jpg","datetaken":"2016-09-08 19:22:40","tags":"amsterdam vacation nl netherlands travel europe onaboat canals","title":"We stopped off at our apartment","owner":"27790978@N02","latitude":"52.376580","longitude":"4.891411","desc":{"_content":""},"url":"http://farm9.static.flickr.com/8526/28928886903_067557c243_b.jpg"},{"name":"28928893463_1d662ed596_b.jpg","datetaken":"2016-09-08 19:39:24","tags":"amsterdam vacation nl netherlands travel europe onaboat canals boats","title":"Canal Adventures","owner":"27790978@N02","latitude":"52.381997","longitude":"4.885805","desc":{"_content":""},"url":"http://farm9.static.flickr.com/8499/28928893463_1d662ed596_b.jpg"},{"name":"29261855350_c26dc692c9_b.jpg","datetaken":"2016-09-08 19:41:03","tags":"amsterdam vacation nl netherlands travel europe onaboat canals boats","title":"Canal Adventures","owner":"27790978@N02","latitude":"52.382658","longitude":"4.884566","desc":{"_content":""},"url":"http://farm9.static.flickr.com/8450/29261855350_c26dc692c9_b.jpg"},{"name":"29261860480_a27678ae96_b.jpg","datetaken":"2016-09-08 21:35:07","tags":"amsterdam vacation nl netherlands travel europe diningout","title":"Appetizer Platter","owner":"27790978@N02","latitude":"52.380208","longitude":"4.884372","desc":{"_content":""},"url":"http://farm9.static.flickr.com/8538/29261860480_a27678ae96_b.jpg"},{"name":"29486656931_85ee1fbdcc_b.jpg","datetaken":"2016-09-09 12:46:59","tags":"amsterdam vacation nl netherlands travel europe legitaf legitimatemovement legitmo train transit publictransit","title":"Representing Legitimate Movement","owner":"27790978@N02","latitude":"52.364088","longitude":"4.833663","desc":{"_content":"En Route to Rotterdam!"},"url":"http://farm9.static.flickr.com/8788/29486656931_85ee1fbdcc_b.jpg"},{"name":"28943616163_26845d5276_b.jpg","datetaken":"2016-09-09 13:58:46","tags":"amsterdam vacation nl netherlands travel europe food meal diningout satay","title":"Chicken Satay Lunch","owner":"27790978@N02","latitude":"51.922219","longitude":"4.476883","desc":{"_content":""},"url":"http://farm9.static.flickr.com/8774/28943616163_26845d5276_b.jpg"},{"name":"29277388590_15c2c2640d_b.jpg","datetaken":"2016-09-09 15:18:23","tags":"amsterdam vacation nl netherlands travel europe","title":"Dog in Basket","owner":"27790978@N02","latitude":"51.920391","longitude":"4.498652","desc":{"_content":"Also - we're on bikes too!"},"url":"http://farm9.static.flickr.com/8842/29277388590_15c2c2640d_b.jpg"},{"name":"28941638394_a4efae0c50_b.jpg","datetaken":"2016-09-09 15:53:40","tags":"amsterdam vacation nl netherlands travel europe cows livestock onabike","title":"En Route to Kinderdijk","owner":"27790978@N02","latitude":"51.901913","longitude":"4.601933","desc":{"_content":""},"url":"http://farm9.static.flickr.com/8382/28941638394_a4efae0c50_b.jpg"},{"name":"29567381895_ee6d218ab0_b.jpg","datetaken":"2016-09-09 16:31:02","tags":"amsterdam vacation nl netherlands travel europe kinderdijk kinderdijknetherlands","title":"Kinderdijk","owner":"27790978@N02","latitude":"51.868583","longitude":"4.646730","desc":{"_content":""},"url":"http://farm9.static.flickr.com/8273/29567381895_ee6d218ab0_b.jpg"},{"name":"29533610336_167f1802a6_b.jpg","datetaken":"2016-09-09 17:36:09","tags":"amsterdam vacation nl netherlands travel europe kinderdijk kinderdijknetherlands","title":"Kinderdijk","owner":"27790978@N02","latitude":"51.875858","longitude":"4.660705","desc":{"_content":""},"url":"http://farm9.static.flickr.com/8397/29533610336_167f1802a6_b.jpg"},{"name":"28944192943_d90a942a9d_b.jpg","datetaken":"2016-09-09 17:37:28","tags":"amsterdam vacation nl netherlands travel europe kinderdijk kinderdijknetherlands","title":"Kinderdijk","owner":"27790978@N02","latitude":"51.875350","longitude":"4.660488","desc":{"_content":""},"url":"http://farm9.static.flickr.com/8271/28944192943_d90a942a9d_b.jpg"},{"name":"28942046124_e18d1ca3d6_b.jpg","datetaken":"2016-09-09 18:33:09","tags":"amsterdam vacation nl netherlands travel europe turbine windturbine infrastructure","title":"Wind Turbine In Progress","owner":"27790978@N02","latitude":"51.909055","longitude":"4.540038","desc":{"_content":""},"url":"http://farm9.static.flickr.com/8229/28942046124_e18d1ca3d6_b.jpg"},{"name":"28955049814_091a3edc42_b.jpg","datetaken":"2016-09-09 22:15:45","tags":"amsterdam vacation nl netherlands travel europe drinking shots","title":"...Everybody","owner":"27790978@N02","latitude":"52.376666","longitude":"4.891111","desc":{"_content":""},"url":"http://farm9.static.flickr.com/8309/28955049814_091a3edc42_b.jpg"},{"name":"29481906532_9ede9d9aa9_b.jpg","datetaken":"2016-09-10 18:00:16","tags":"amsterdam vacation nl netherlands travel europe beer drinks drinking proeflokaalarendsnest","title":"Proeflokaal Arendsnest","owner":"27790978@N02","latitude":"52.376744","longitude":"4.889469","desc":{"_content":""},"url":"http://farm8.static.flickr.com/7536/29481906532_9ede9d9aa9_b.jpg"},{"name":"29481911602_220eda46d2_b.jpg","datetaken":"2016-09-10 18:29:44","tags":"amsterdam vacation nl netherlands travel europe","title":"Random Dutch Girl Statue","owner":"27790978@N02","latitude":"52.376763","longitude":"4.894130","desc":{"_content":""},"url":"http://farm9.static.flickr.com/8751/29481911602_220eda46d2_b.jpg"},{"name":"29301530770_0022bb70f2_b.jpg","datetaken":"2016-09-10 18:57:44","tags":"amsterdam vacation nl netherlands travel europe beer drinks drinking kwak","title":"Kwak","owner":"27790978@N02","latitude":"52.374216","longitude":"4.893122","desc":{"_content":"So good in its wanky glass.  Although candidly, I have had it before in Brooklyn.  "},"url":"http://farm9.static.flickr.com/8130/29301530770_0022bb70f2_b.jpg"},{"name":"29482014652_20fb7fed2c_b.jpg","datetaken":"2016-09-10 19:03:29","tags":"amsterdam vacation nl netherlands travel europe","title":"La Banda Fanastica","owner":"27790978@N02","latitude":"52.374275","longitude":"4.893055","desc":{"_content":"Also - I stole this poster as a souvenir.  "},"url":"http://farm8.static.flickr.com/7577/29482014652_20fb7fed2c_b.jpg"},{"name":"28968854243_53a943f26c_b.jpg","datetaken":"2016-09-10 19:14:02","tags":"amsterdam vacation nl netherlands travel europe","title":"2016-09-10_11-32-08","owner":"27790978@N02","latitude":"52.373075","longitude":"4.892502","desc":{"_content":""},"url":"http://farm8.static.flickr.com/7555/28968854243_53a943f26c_b.jpg"},{"name":"28968845783_866b256b0c_b.jpg","datetaken":"2016-09-10 19:46:15","tags":"amsterdam vacation nl netherlands travel europe","title":"Bottle Opener","owner":"27790978@N02","latitude":"52.372463","longitude":"4.894211","desc":{"_content":""},"url":"http://farm9.static.flickr.com/8025/28968845783_866b256b0c_b.jpg"},{"name":"29482407122_f643a42c07_b.jpg","datetaken":"2016-09-10 19:48:05","tags":"amsterdam vacation nl netherlands travel europe","title":"George Bush Statue","owner":"27790978@N02","latitude":"52.372413","longitude":"4.894358","desc":{"_content":"We discussed the situation with the bar tender."},"url":"http://farm9.static.flickr.com/8216/29482407122_f643a42c07_b.jpg"}]

