[{"name":"18980182436_e85af375e7_b.jpg","datetaken":"2015-05-22 13:03:08","tags":"turkey istanbul","title":"New Mosque at night","owner":"22519514@N08","latitude":"41.019308","longitude":"28.972888","desc":{"_content":"New Mosque at night"},"url":"http://farm1.static.flickr.com/398/18980182436_e85af375e7_b.jpg"},{"name":"19009332431_a46c4c9283_b.jpg","datetaken":"2015-05-21 11:00:12","tags":"dog cat turkey istanbul","title":"Street pets","owner":"22519514@N08","latitude":"41.025494","longitude":"28.974022","desc":{"_content":"Street pets"},"url":"http://farm1.static.flickr.com/293/19009332431_a46c4c9283_b.jpg"},{"name":"18383684454_4b26e5810c_b.jpg","datetaken":"2015-05-21 08:29:58","tags":"turkey istanbul mosque","title":"Lina being conservative","owner":"22519514@N08","latitude":"41.005419","longitude":"28.976958","desc":{"_content":"Lina being conservative"},"url":"http://farm4.static.flickr.com/3758/18383684454_4b26e5810c_b.jpg"},{"name":"19000781422_7159293d7a_b.jpg","datetaken":"2015-05-21 08:31:26","tags":"turkey istanbul mosque","title":"Inside the Blue Mosque","owner":"22519514@N08","latitude":"41.005413","longitude":"28.976955","desc":{"_content":"Inside the Blue Mosque"},"url":"http://farm1.static.flickr.com/282/19000781422_7159293d7a_b.jpg"},{"name":"19009284841_4573d959f4_b.jpg","datetaken":"2015-05-21 08:27:36","tags":"turkey istanbul mosque","title":"Inside the Blue Mosque (Sultan Ahmet Mosque)","owner":"22519514@N08","latitude":"41.005216","longitude":"28.976819","desc":{"_content":"Inside the Blue Mosque (Sultan Ahmet Mosque)"},"url":"http://farm4.static.flickr.com/3757/19009284841_4573d959f4_b.jpg"},{"name":"18820016109_1375f1ee36_b.jpg","datetaken":"2015-05-21 08:00:35","tags":"turkey istanbul","title":"Mother of pearl and wood detail on a door to a sultans tomb outside of Hagia Sophia","owner":"22519514@N08","latitude":"41.007813","longitude":"28.978772","desc":{"_content":"Mother of pearl and wood detail on a door to a sultans tomb outside of Hagia Sophia"},"url":"http://farm1.static.flickr.com/539/18820016109_1375f1ee36_b.jpg"},{"name":"19009275131_22226eb5bf_b.jpg","datetaken":"2015-05-21 08:13:21","tags":"turkey istanbul mosque","title":"Blue Mosque","owner":"22519514@N08","latitude":"41.007800","longitude":"28.979997","desc":{"_content":"Blue Mosque"},"url":"http://farm1.static.flickr.com/327/19009275131_22226eb5bf_b.jpg"},{"name":"19000758682_648cb9d46e_b.jpg","datetaken":"2015-05-21 07:17:53","tags":"museum turkey cathedral istanbul mosque","title":"For some reason, murals were painted over beautiful mosaic in the Hagia Sophia!","owner":"22519514@N08","latitude":"41.008580","longitude":"28.979777","desc":{"_content":"For some reason, murals were painted over beautiful mosaic in the Hagia Sophia!"},"url":"http://farm1.static.flickr.com/441/19000758682_648cb9d46e_b.jpg"},{"name":"18383651484_c04bd6129e_b.jpg","datetaken":"2015-05-21 07:18:44","tags":"museum turkey cathedral istanbul mosque","title":"Hagia Sophia mosaic","owner":"22519514@N08","latitude":"41.008580","longitude":"28.979777","desc":{"_content":"Hagia Sophia mosaic"},"url":"http://farm4.static.flickr.com/3761/18383651484_c04bd6129e_b.jpg"},{"name":"18820000209_c4f0535db5_b.jpg","datetaken":"2015-05-21 07:56:15","tags":"turkey istanbul tombs","title":"Sultan tombs outside of Hagia Sophia","owner":"22519514@N08","latitude":"41.007738","longitude":"28.980063","desc":{"_content":"Sultan tombs outside of Hagia Sophia"},"url":"http://farm1.static.flickr.com/510/18820000209_c4f0535db5_b.jpg"},{"name":"19006208725_8acf89779e_b.jpg","datetaken":"2015-05-21 07:16:24","tags":"turkey istanbul","title":"View of the Blue Mosque from Hagia Sophia","owner":"22519514@N08","latitude":"41.008438","longitude":"28.979836","desc":{"_content":"View of the Blue Mosque from Hagia Sophia"},"url":"http://farm1.static.flickr.com/369/19006208725_8acf89779e_b.jpg"},{"name":"18385511473_dc853cf702_b.jpg","datetaken":"2015-05-21 07:05:43","tags":"museum turkey cathedral istanbul mosque","title":"view from the upper level of Hagia Sophia","owner":"22519514@N08","latitude":"41.008533","longitude":"28.979711","desc":{"_content":"view from the upper level of Hagia Sophia"},"url":"http://farm4.static.flickr.com/3898/18385511473_dc853cf702_b.jpg"},{"name":"18818525288_d80b7d9ce1_b.jpg","datetaken":"2015-05-21 07:07:39","tags":"museum turkey cathedral istanbul mosque","title":"from the upper level of Hagia Sophia","owner":"22519514@N08","latitude":"41.008480","longitude":"28.979905","desc":{"_content":"from the upper level of Hagia Sophia"},"url":"http://farm1.static.flickr.com/318/18818525288_d80b7d9ce1_b.jpg"},{"name":"18819984999_bbe77c5fd8_b.jpg","datetaken":"2015-05-21 07:12:09","tags":"museum turkey cathedral istanbul mosque","title":"The columns were all mosaic","owner":"22519514@N08","latitude":"41.008591","longitude":"28.979799","desc":{"_content":"The columns were all mosaic"},"url":"http://farm1.static.flickr.com/268/18819984999_bbe77c5fd8_b.jpg"},{"name":"19000727392_bf7191a0a9_b.jpg","datetaken":"2015-05-21 06:18:31","tags":"museum turkey cathedral istanbul mosque","title":"Virgin Mary and Jesus along side Islam script in Hagia Sophia","owner":"22519514@N08","latitude":"41.008447","longitude":"28.979797","desc":{"_content":"Virgin Mary and Jesus along side Islam script in Hagia Sophia"},"url":"http://farm4.static.flickr.com/3751/19000727392_bf7191a0a9_b.jpg"},{"name":"19006185245_de4211784f_b.jpg","datetaken":"2015-05-21 07:01:45","tags":"museum turkey cathedral istanbul mosque","title":"Lina in the \"staircase\" to the upper level of Hagia Sophia","owner":"22519514@N08","latitude":"41.008533","longitude":"28.979711","desc":{"_content":"Lina in the &quot;staircase&quot; to the upper level of Hagia Sophia"},"url":"http://farm1.static.flickr.com/391/19006185245_de4211784f_b.jpg"},{"name":"19000718542_8ea2aeedf1_b.jpg","datetaken":"2015-05-21 06:35:24","tags":"museum turkey cathedral istanbul mosque","title":"Hagia Sophia mosaic","owner":"22519514@N08","latitude":"41.008563","longitude":"28.979699","desc":{"_content":"Hagia Sophia mosaic"},"url":"http://farm4.static.flickr.com/3828/19000718542_8ea2aeedf1_b.jpg"},{"name":"19009225761_ec1051e341_b.jpg","datetaken":"2015-05-21 06:42:28","tags":"museum turkey cathedral istanbul mosque","title":"Hagia Sophia mural","owner":"22519514@N08","latitude":"41.008522","longitude":"28.979758","desc":{"_content":"Hagia Sophia mural"},"url":"http://farm1.static.flickr.com/268/19009225761_ec1051e341_b.jpg"},{"name":"19009219421_999af1d2d1_b.jpg","datetaken":"2015-05-21 06:29:32","tags":"museum turkey cathedral istanbul mosque","title":"Hagia Sophia main room","owner":"22519514@N08","latitude":"41.008588","longitude":"28.979730","desc":{"_content":"Hagia Sophia main room"},"url":"http://farm1.static.flickr.com/544/19009219421_999af1d2d1_b.jpg"},{"name":"18818452420_b50f3d4e2b_b.jpg","datetaken":"2015-05-21 06:21:49","tags":"museum turkey cathedral istanbul mosque","title":"Hagia Sophia details","owner":"22519514@N08","latitude":"41.008447","longitude":"28.979788","desc":{"_content":"Hagia Sophia details"},"url":"http://farm4.static.flickr.com/3789/18818452420_b50f3d4e2b_b.jpg"},{"name":"19009479051_6fd648e9f0_b.jpg","datetaken":"2015-05-22 10:47:55","tags":"turkey istanbul","title":"Unkapani Bridge","owner":"22519514@N08","latitude":"41.018655","longitude":"28.971591","desc":{"_content":"Unkapani Bridge"},"url":"http://farm1.static.flickr.com/343/19009479051_6fd648e9f0_b.jpg"},{"name":"19009472611_8e752f177d_b.jpg","datetaken":"2015-05-22 07:54:31","tags":"turkey istanbul","title":"Me on the Bosphorus","owner":"22519514@N08","latitude":"41.080427","longitude":"29.056719","desc":{"_content":"Me on the Bosphorus"},"url":"http://farm1.static.flickr.com/257/19009472611_8e752f177d_b.jpg"},{"name":"18818747158_e294004f69_b.jpg","datetaken":"2015-05-22 08:38:29","tags":"turkey istanbul","title":"Galata Bridge Istanbul","owner":"22519514@N08","latitude":"41.019230","longitude":"28.974755","desc":{"_content":"Galata Bridge Istanbul"},"url":"http://farm1.static.flickr.com/399/18818747158_e294004f69_b.jpg"},{"name":"18383849804_ac0f3c23e5_b.jpg","datetaken":"2015-05-22 08:40:06","tags":"turkey istanbul","title":"New Mosque with the Suleymaniye Mosque in the background","owner":"22519514@N08","latitude":"41.018022","longitude":"28.973905","desc":{"_content":"New Mosque with the Suleymaniye Mosque in the background"},"url":"http://farm1.static.flickr.com/426/18383849804_ac0f3c23e5_b.jpg"},{"name":"19006415915_aabd6252d7_b.jpg","datetaken":"2015-05-22 07:25:52","tags":"turkey istanbul","title":"Notice the great pool","owner":"22519514@N08","latitude":"41.101644","longitude":"29.063713","desc":{"_content":"Notice the great pool"},"url":"http://farm4.static.flickr.com/3697/19006415915_aabd6252d7_b.jpg"},{"name":"18385716993_0c0872159c_b.jpg","datetaken":"2015-05-22 07:52:43","tags":"turkey istanbul","title":"Rumelihisarı (Rumeli Fortress)","owner":"22519514@N08","latitude":"41.083830","longitude":"29.058258","desc":{"_content":"Rumelihisarı (Rumeli Fortress)"},"url":"http://farm1.static.flickr.com/320/18385716993_0c0872159c_b.jpg"},{"name":"18818700090_a48145aaec_b.jpg","datetaken":"2015-05-22 07:53:35","tags":"turkey istanbul","title":"Lina on the Bosphorus","owner":"22519514@N08","latitude":"41.083830","longitude":"29.058258","desc":{"_content":"Lina on the Bosphorus"},"url":"http://farm1.static.flickr.com/378/18818700090_a48145aaec_b.jpg"},{"name":"18980159566_b7e3b1e7b6_b.jpg","datetaken":"2015-05-22 07:21:15","tags":"turkey istanbul","title":"IMG_2524","owner":"22519514@N08","latitude":"41.088311","longitude":"29.063530","desc":{"_content":""},"url":"http://farm1.static.flickr.com/402/18980159566_b7e3b1e7b6_b.jpg"},{"name":"19000935082_eb6617638a_b.jpg","datetaken":"2015-05-22 07:17:55","tags":"turkey istanbul","title":"Küçüksu Palace","owner":"22519514@N08","latitude":"41.079388","longitude":"29.060988","desc":{"_content":"Küçüksu Palace"},"url":"http://farm1.static.flickr.com/389/19000935082_eb6617638a_b.jpg"},{"name":"19000930952_37b94760b0_b.jpg","datetaken":"2015-05-22 07:18:55","tags":"turkey istanbul","title":"Anadoluhisari Fort","owner":"22519514@N08","latitude":"41.079388","longitude":"29.060988","desc":{"_content":"Anadoluhisari Fort"},"url":"http://farm1.static.flickr.com/492/19000930952_37b94760b0_b.jpg"},{"name":"19000922282_48d1183e96_b.jpg","datetaken":"2015-05-22 07:02:29","tags":"turkey istanbul","title":"IMG_2511","owner":"22519514@N08","latitude":"41.045088","longitude":"29.039688","desc":{"_content":""},"url":"http://farm1.static.flickr.com/503/19000922282_48d1183e96_b.jpg"},{"name":"18818676060_15eefe6942_b.jpg","datetaken":"2015-05-22 05:40:19","tags":"turkey istanbul","title":"Topkapi Palace kitchen dome","owner":"22519514@N08","latitude":"41.011861","longitude":"28.984502","desc":{"_content":"Topkapi Palace kitchen dome"},"url":"http://farm4.static.flickr.com/3844/18818676060_15eefe6942_b.jpg"},{"name":"18385684113_fb8cf52944_b.jpg","datetaken":"2015-05-22 06:46:53","tags":"turkey istanbul","title":"palace on the Bosphorus","owner":"22519514@N08","latitude":"41.041411","longitude":"29.012911","desc":{"_content":"palace on the Bosphorus"},"url":"http://farm1.static.flickr.com/300/18385684113_fb8cf52944_b.jpg"},{"name":"18818700458_9ee5f42443_b.jpg","datetaken":"2015-05-22 06:56:09","tags":"turkey istanbul","title":"Ortaköy Mosque on the Bosphorus","owner":"22519514@N08","latitude":"41.047088","longitude":"29.025644","desc":{"_content":"Ortaköy Mosque on the Bosphorus"},"url":"http://farm1.static.flickr.com/463/18818700458_9ee5f42443_b.jpg"},{"name":"18820161639_cbc3264fce_b.jpg","datetaken":"2015-05-22 06:48:49","tags":"turkey istanbul","title":"Graffiti","owner":"22519514@N08","latitude":"41.045258","longitude":"29.020650","desc":{"_content":"Graffiti"},"url":"http://farm4.static.flickr.com/3788/18820161639_cbc3264fce_b.jpg"},{"name":"18980125376_c35d4f38d4_b.jpg","datetaken":"2015-05-22 05:16:24","tags":"turkey istanbul","title":"Intricate stained glass inside the Inside the Topkapi Palace","owner":"22519514@N08","latitude":"41.012419","longitude":"28.983502","desc":{"_content":"Intricate stained glass inside the Inside the Topkapi Palace"},"url":"http://farm1.static.flickr.com/498/18980125376_c35d4f38d4_b.jpg"},{"name":"18818659650_27a26807e5_b.jpg","datetaken":"2015-05-22 05:39:50","tags":"turkey istanbul","title":"Topkapi Palace kitchen","owner":"22519514@N08","latitude":"41.011861","longitude":"28.984502","desc":{"_content":"Topkapi Palace kitchen"},"url":"http://farm1.static.flickr.com/516/18818659650_27a26807e5_b.jpg"},{"name":"18980117466_607126d69a_b.jpg","datetaken":"2015-05-22 05:10:40","tags":"turkey istanbul","title":"As you can tell... I loved these things hanging from the domes of the Inside the Topkapi Palace","owner":"22519514@N08","latitude":"41.012419","longitude":"28.983502","desc":{"_content":"As you can tell... I loved these things hanging from the domes of the Inside the Topkapi Palace"},"url":"http://farm4.static.flickr.com/3926/18980117466_607126d69a_b.jpg"},{"name":"19009408711_789b96a01b_b.jpg","datetaken":"2015-05-22 05:14:05","tags":"turkey istanbul","title":"Lina camoflage?","owner":"22519514@N08","latitude":"41.012419","longitude":"28.983502","desc":{"_content":"Lina camoflage?"},"url":"http://farm1.static.flickr.com/263/19009408711_789b96a01b_b.jpg"},{"name":"18820142079_ca7502e8f6_b.jpg","datetaken":"2015-05-22 05:15:35","tags":"turkey istanbul","title":"Intricate stained glass inside the Inside the Topkapi Palace","owner":"22519514@N08","latitude":"41.012419","longitude":"28.983502","desc":{"_content":"Intricate stained glass inside the Inside the Topkapi Palace"},"url":"http://farm4.static.flickr.com/3692/18820142079_ca7502e8f6_b.jpg"},{"name":"19006350805_580c916ea0_b.jpg","datetaken":"2015-05-22 05:07:04","tags":"turkey istanbul","title":"Inside the Topkapi Palace","owner":"22519514@N08","latitude":"41.012419","longitude":"28.983502","desc":{"_content":"Inside the Topkapi Palace"},"url":"http://farm1.static.flickr.com/361/19006350805_580c916ea0_b.jpg"},{"name":"19000880182_894836bdca_b.jpg","datetaken":"2015-05-22 05:10:26","tags":"turkey istanbul","title":"Topkapi Palace","owner":"22519514@N08","latitude":"41.012419","longitude":"28.983502","desc":{"_content":"Topkapi Palace"},"url":"http://farm1.static.flickr.com/265/19000880182_894836bdca_b.jpg"},{"name":"18385647453_1ce99232ca_b.jpg","datetaken":"2015-05-22 05:05:43","tags":"turkey istanbul","title":"Topkapi Palace","owner":"22519514@N08","latitude":"41.012922","longitude":"28.983655","desc":{"_content":"Topkapi Palace"},"url":"http://farm1.static.flickr.com/396/18385647453_1ce99232ca_b.jpg"},{"name":"18385640723_654735bc56_b.jpg","datetaken":"2015-05-22 05:06:19","tags":"turkey istanbul","title":"Topkapi Palace","owner":"22519514@N08","latitude":"41.012922","longitude":"28.983655","desc":{"_content":"Topkapi Palace"},"url":"http://farm1.static.flickr.com/331/18385640723_654735bc56_b.jpg"},{"name":"18385638623_71d7323eb6_b.jpg","datetaken":"2015-05-22 03:33:08","tags":"turkey istanbul","title":"Topkapi Palace roses","owner":"22519514@N08","latitude":"41.013975","longitude":"28.984886","desc":{"_content":"Topkapi Palace roses"},"url":"http://farm1.static.flickr.com/431/18385638623_71d7323eb6_b.jpg"},{"name":"18820115399_aac4820dcf_b.jpg","datetaken":"2015-05-22 03:37:48","tags":"turkey istanbul","title":"View from the Topkapi Palace","owner":"22519514@N08","latitude":"41.013638","longitude":"28.986025","desc":{"_content":"View from the Topkapi Palace"},"url":"http://farm1.static.flickr.com/349/18820115399_aac4820dcf_b.jpg"},{"name":"19009375281_8153a34747_b.jpg","datetaken":"2015-05-22 04:27:55","tags":"turkey istanbul","title":"\"Deck\" on the Topkapi Palace","owner":"22519514@N08","latitude":"41.013005","longitude":"28.985541","desc":{"_content":"&quot;Deck&quot; on the Topkapi Palace"},"url":"http://farm1.static.flickr.com/307/19009375281_8153a34747_b.jpg"},{"name":"18383757714_515bc349ac_b.jpg","datetaken":"2015-05-22 03:25:36","tags":"turkey istanbul","title":"Inside the Topkapi Palace","owner":"22519514@N08","latitude":"41.014413","longitude":"28.984163","desc":{"_content":"Inside the Topkapi Palace"},"url":"http://farm1.static.flickr.com/339/18383757714_515bc349ac_b.jpg"},{"name":"19006320115_3a5cca59c1_b.jpg","datetaken":"2015-05-22 03:31:08","tags":"turkey istanbul","title":"Inside the Topkapi Palace","owner":"22519514@N08","latitude":"41.014116","longitude":"28.984280","desc":{"_content":"Inside the Topkapi Palace"},"url":"http://farm1.static.flickr.com/337/19006320115_3a5cca59c1_b.jpg"},{"name":"19006316145_528371ace9_b.jpg","datetaken":"2015-05-22 02:36:07","tags":"turkey istanbul","title":"IMG_2387","owner":"22519514@N08","latitude":"41.011180","longitude":"28.982702","desc":{"_content":""},"url":"http://farm1.static.flickr.com/256/19006316145_528371ace9_b.jpg"},{"name":"19000847462_ef04a096b8_b.jpg","datetaken":"2015-05-22 03:22:18","tags":"turkey istanbul","title":"Galata Tower from the Topkapi Palace","owner":"22519514@N08","latitude":"41.013788","longitude":"28.984666","desc":{"_content":"Galata Tower from the Topkapi Palace"},"url":"http://farm1.static.flickr.com/547/19000847462_ef04a096b8_b.jpg"},{"name":"18385614763_7e0d6f6d0d_b.jpg","datetaken":"2015-05-21 15:31:41","tags":"turkey istanbul","title":"Hotel Nena at night","owner":"22519514@N08","latitude":"41.007405","longitude":"28.976552","desc":{"_content":"Hotel Nena at night"},"url":"http://farm1.static.flickr.com/431/18385614763_7e0d6f6d0d_b.jpg"},{"name":"18818597920_538428514f_b.jpg","datetaken":"2015-05-22 02:32:50","tags":"turkey istanbul","title":"Topkapi Palace","owner":"22519514@N08","latitude":"41.011180","longitude":"28.982702","desc":{"_content":"Topkapi Palace"},"url":"http://farm1.static.flickr.com/363/18818597920_538428514f_b.jpg"},{"name":"18385606813_d5a2ac82c1_b.jpg","datetaken":"2015-05-21 14:50:39","tags":"turkey istanbul","title":"Istanbul streets at night","owner":"22519514@N08","latitude":"41.024094","longitude":"28.974797","desc":{"_content":"Istanbul streets at night"},"url":"http://farm4.static.flickr.com/3743/18385606813_d5a2ac82c1_b.jpg"},{"name":"18820084109_042b620f1f_b.jpg","datetaken":"2015-05-21 15:15:25","tags":"turkey istanbul","title":"Hagia Sophia at night","owner":"22519514@N08","latitude":"41.006955","longitude":"28.977788","desc":{"_content":"Hagia Sophia at night"},"url":"http://farm1.static.flickr.com/427/18820084109_042b620f1f_b.jpg"},{"name":"18820080749_08ff57c4de_b.jpg","datetaken":"2015-05-21 15:19:02","tags":"turkey istanbul","title":"Blue Mosque at night","owner":"22519514@N08","latitude":"41.006497","longitude":"28.977861","desc":{"_content":"Blue Mosque at night"},"url":"http://farm1.static.flickr.com/521/18820080749_08ff57c4de_b.jpg"},{"name":"19006292535_d619a104a7_b.jpg","datetaken":"2015-05-21 11:10:22","tags":"turkey istanbul","title":"One of the first \"subway\" cars in the world (after the London tube)","owner":"22519514@N08","latitude":"41.028338","longitude":"28.974249","desc":{"_content":"One of the first &quot;subway&quot; cars in the world (after the London tube)"},"url":"http://farm1.static.flickr.com/314/19006292535_d619a104a7_b.jpg"},{"name":"18383721744_66edc96df9_b.jpg","datetaken":"2015-05-21 11:11:59","tags":"turkey istanbul","title":"Walking along the main strip of Istanbul","owner":"22519514@N08","latitude":"41.029036","longitude":"28.975002","desc":{"_content":"Walking along the main strip of Istanbul"},"url":"http://farm1.static.flickr.com/455/18383721744_66edc96df9_b.jpg"},{"name":"19006285635_2b9d21c575_b.jpg","datetaken":"2015-05-21 14:46:25","tags":"turkey istanbul","title":"Galata Tower","owner":"22519514@N08","latitude":"41.026619","longitude":"28.973611","desc":{"_content":"Galata Tower"},"url":"http://farm1.static.flickr.com/484/19006285635_2b9d21c575_b.jpg"},{"name":"18818572180_65136ca2b3_b.jpg","datetaken":"2015-05-21 11:07:32","tags":"cat turkey istanbul","title":"Matching eyes to background","owner":"22519514@N08","latitude":"41.027991","longitude":"28.974080","desc":{"_content":"Matching eyes to background"},"url":"http://farm1.static.flickr.com/270/18818572180_65136ca2b3_b.jpg"},{"name":"18385583153_6be44eabb5_b.jpg","datetaken":"2015-05-21 10:53:16","tags":"turkey istanbul","title":"Galata tower in Istanbul","owner":"22519514@N08","latitude":"41.026008","longitude":"28.974063","desc":{"_content":"Galata tower in Istanbul"},"url":"http://farm1.static.flickr.com/369/18385583153_6be44eabb5_b.jpg"},{"name":"19000809882_3334080a46_b.jpg","datetaken":"2015-05-21 10:58:40","tags":"turkey istanbul","title":"Door details","owner":"22519514@N08","latitude":"41.025769","longitude":"28.974213","desc":{"_content":"Door details"},"url":"http://farm1.static.flickr.com/467/19000809882_3334080a46_b.jpg"},{"name":"18980025996_70e28dfc64_b.jpg","datetaken":"2015-05-21 10:08:58","tags":"turkey dessert istanbul baklava","title":"Different types of baklava!","owner":"22519514@N08","latitude":"41.023297","longitude":"28.977608","desc":{"_content":"Different types of baklava!"},"url":"http://farm1.static.flickr.com/518/18980025996_70e28dfc64_b.jpg"},{"name":"19000804492_fdcae1f561_b.jpg","datetaken":"2015-05-21 10:38:24","tags":"turkey istanbul","title":"Lina on the streets of Istanbul","owner":"22519514@N08","latitude":"41.026930","longitude":"28.975475","desc":{"_content":"Lina on the streets of Istanbul"},"url":"http://farm1.static.flickr.com/410/19000804492_fdcae1f561_b.jpg"},{"name":"18820051859_0fbd6c0706_b.jpg","datetaken":"2015-05-21 08:41:31","tags":"turkey cathedral istanbul mosque","title":"Hagia Sophia","owner":"22519514@N08","latitude":"41.006822","longitude":"28.977836","desc":{"_content":"Hagia Sophia"},"url":"http://farm1.static.flickr.com/378/18820051859_0fbd6c0706_b.jpg"},{"name":"19000797182_51f7c504d2_b.jpg","datetaken":"2015-05-21 08:49:19","tags":"turkey istanbul","title":"Obelisk from Egypt","owner":"22519514@N08","latitude":"41.006116","longitude":"28.975652","desc":{"_content":"Obelisk from Egypt"},"url":"http://farm1.static.flickr.com/485/19000797182_51f7c504d2_b.jpg"},{"name":"18820045439_367393988d_b.jpg","datetaken":"2015-05-21 09:04:08","tags":"turkey istanbul","title":"Lina and the colors of Istanbul","owner":"22519514@N08","latitude":"41.007872","longitude":"28.977905","desc":{"_content":"Lina and the colors of Istanbul"},"url":"http://farm1.static.flickr.com/507/18820045439_367393988d_b.jpg"},{"name":"18980012196_293648d5ef_b.jpg","datetaken":"2015-05-21 08:38:05","tags":"turkey cathedral istanbul mosque","title":"View of the Hagia Sophia from the Blue Mosque","owner":"22519514@N08","latitude":"41.005877","longitude":"28.977244","desc":{"_content":"View of the Hagia Sophia from the Blue Mosque"},"url":"http://farm4.static.flickr.com/3908/18980012196_293648d5ef_b.jpg"},{"name":"19009302411_2d8d30c14c_b.jpg","datetaken":"2015-05-21 08:40:05","tags":"turkey istanbul mosque","title":"Blue Mosque","owner":"22519514@N08","latitude":"41.006519","longitude":"28.977863","desc":{"_content":"Blue Mosque"},"url":"http://farm1.static.flickr.com/368/19009302411_2d8d30c14c_b.jpg"},{"name":"18818489368_6ed990383b_b.jpg","datetaken":"2015-05-21 04:49:28","tags":"museum turkey cathedral istanbul mosque","title":"View of the Blue Mosque and Hagia Sophia from Hotel Nena","owner":"22519514@N08","latitude":"41.007891","longitude":"28.973197","desc":{"_content":"View of the Blue Mosque and Hagia Sophia from Hotel Nena"},"url":"http://farm1.static.flickr.com/464/18818489368_6ed990383b_b.jpg"},{"name":"19006152445_5839378300_b.jpg","datetaken":"2015-05-21 04:48:22","tags":"turkey istanbul mosque","title":"View of the Blue Mosque from Hotel Nena","owner":"22519514@N08","latitude":"41.007805","longitude":"28.973152","desc":{"_content":"View of the Blue Mosque from Hotel Nena"},"url":"http://farm1.static.flickr.com/500/19006152445_5839378300_b.jpg"},{"name":"19001010452_c6708759d1_b.jpg","datetaken":"2015-05-23 08:20:36","tags":"turkey istanbul","title":"This is a boat, serving fish!","owner":"22519514@N08","latitude":"41.018436","longitude":"28.970855","desc":{"_content":"This is a boat, serving fish!"},"url":"http://farm1.static.flickr.com/393/19001010452_c6708759d1_b.jpg"},{"name":"19006460275_4785fb1490_b.jpg","datetaken":"2015-05-23 07:34:54","tags":"turkey istanbul","title":"Suleymaniye tombs","owner":"22519514@N08","latitude":"41.015311","longitude":"28.963580","desc":{"_content":"Suleymaniye tombs"},"url":"http://farm1.static.flickr.com/450/19006460275_4785fb1490_b.jpg"},{"name":"18980210446_d18d0f18bc_b.jpg","datetaken":"2015-05-23 07:48:02","tags":"turkey istanbul","title":"Inside the Suleymaniye Mosque","owner":"22519514@N08","latitude":"41.015475","longitude":"28.963430","desc":{"_content":"Inside the Suleymaniye Mosque"},"url":"http://farm1.static.flickr.com/509/18980210446_d18d0f18bc_b.jpg"},{"name":"18818778248_daa06d9b64_b.jpg","datetaken":"2015-05-23 07:22:48","tags":"turkey istanbul","title":"Suleymaniye Mosque","owner":"22519514@N08","latitude":"41.016980","longitude":"28.963333","desc":{"_content":"Suleymaniye Mosque"},"url":"http://farm1.static.flickr.com/495/18818778248_daa06d9b64_b.jpg"},{"name":"18383876384_0d0581e230_b.jpg","datetaken":"2015-05-23 06:51:02","tags":"turkey istanbul","title":"Suleymaniye Hamam","owner":"22519514@N08","latitude":"41.016369","longitude":"28.966269","desc":{"_content":"Suleymaniye Hamam"},"url":"http://farm1.static.flickr.com/524/18383876384_0d0581e230_b.jpg"},{"name":"18820228499_8e57a72248_b.jpg","datetaken":"2015-05-23 07:17:21","tags":"turkey istanbul","title":"Suleymaniye Mosque","owner":"22519514@N08","latitude":"41.016213","longitude":"28.965102","desc":{"_content":"Suleymaniye Mosque"},"url":"http://farm1.static.flickr.com/265/18820228499_8e57a72248_b.jpg"},{"name":"19009487271_1241d43a31_b.jpg","datetaken":"2015-05-23 07:18:09","tags":"turkey istanbul","title":"View from the Suleymaniye Mosque","owner":"22519514@N08","latitude":"41.016347","longitude":"28.964866","desc":{"_content":"View from the Suleymaniye Mosque"},"url":"http://farm1.static.flickr.com/312/19009487271_1241d43a31_b.jpg"},{"name":"19006435205_39a8e55597_b.jpg","datetaken":"2015-05-23 03:44:22","tags":"turkey istanbul","title":"Grand Baazar","owner":"22519514@N08","latitude":"41.010458","longitude":"28.968780","desc":{"_content":"Grand Baazar"},"url":"http://farm1.static.flickr.com/436/19006435205_39a8e55597_b.jpg"},{"name":"18820219219_4b984c043d_b.jpg","datetaken":"2015-05-23 06:38:49","tags":"turkey istanbul","title":"Suleymaniye Hamam","owner":"22519514@N08","latitude":"41.016369","longitude":"28.966269","desc":{"_content":"Suleymaniye Hamam"},"url":"http://farm4.static.flickr.com/3955/18820219219_4b984c043d_b.jpg"},{"name":"18980180616_9c359875ac_b.jpg","datetaken":"2015-05-23 03:43:32","tags":"turkey istanbul","title":"Grand Baazar","owner":"22519514@N08","latitude":"41.010458","longitude":"28.968780","desc":{"_content":"Grand Baazar"},"url":"http://farm1.static.flickr.com/551/18980180616_9c359875ac_b.jpg"},{"name":"19009678511_d313a88177_b.jpg","datetaken":"2015-06-01 11:18:54","tags":"sunset turkey istanbul","title":"Sunset bar, blends into the cityscape","owner":"22519514@N08","latitude":"41.031066","longitude":"28.973988","desc":{"_content":"Sunset bar, blends into the cityscape"},"url":"http://farm1.static.flickr.com/445/19009678511_d313a88177_b.jpg"},{"name":"18818954708_9d92c8d47b_b.jpg","datetaken":"2015-06-01 12:21:25","tags":"sunset turkey istanbul","title":"Sunset view of the Bosphorous from the rooftop bar at Mikla at The Marmara Pera","owner":"22519514@N08","latitude":"41.031052","longitude":"28.974011","desc":{"_content":"Sunset view of the Bosphorous from the rooftop bar at Mikla at The Marmara Pera"},"url":"http://farm1.static.flickr.com/387/18818954708_9d92c8d47b_b.jpg"},{"name":"18384051124_dce8da5b66_b.jpg","datetaken":"2015-06-01 12:25:20","tags":"sunset turkey istanbul","title":"Sunset lens flare","owner":"22519514@N08","latitude":"41.031055","longitude":"28.974011","desc":{"_content":"Sunset lens flare"},"url":"http://farm4.static.flickr.com/3709/18384051124_dce8da5b66_b.jpg"},{"name":"19001154302_9ac2db0af6_b.jpg","datetaken":"2015-06-01 12:32:11","tags":"sunset turkey istanbul","title":"Boats and Suleymaniye Mosque at sunset","owner":"22519514@N08","latitude":"41.031102","longitude":"28.973952","desc":{"_content":"Boats and Suleymaniye Mosque at sunset"},"url":"http://farm1.static.flickr.com/400/19001154302_9ac2db0af6_b.jpg"},{"name":"19001145172_23bcf68c28_b.jpg","datetaken":"2015-06-01 11:59:09","tags":"sunset turkey istanbul","title":"Sunset view of the Galata tower and bridge from the rooftop bar at Mikla at The Marmara Pera","owner":"22519514@N08","latitude":"41.031030","longitude":"28.974002","desc":{"_content":"Sunset view of the Galata tower and bridge from the rooftop bar at Mikla at The Marmara Pera"},"url":"http://farm4.static.flickr.com/3926/19001145172_23bcf68c28_b.jpg"},{"name":"18818915378_523a12044a_b.jpg","datetaken":"2015-06-01 12:19:01","tags":"sunset turkey istanbul","title":"Sunset view from the rooftop bar at Mikla at The Marmara Pera","owner":"22519514@N08","latitude":"41.031086","longitude":"28.974008","desc":{"_content":"Sunset view from the rooftop bar at Mikla at The Marmara Pera"},"url":"http://farm1.static.flickr.com/492/18818915378_523a12044a_b.jpg"},{"name":"18384015204_ab1c6715dd_b.jpg","datetaken":"2015-06-01 11:48:04","tags":"sunset turkey istanbul","title":"Sunset view of the Hagia Sophia, the Blue Mosque, and the Galata Tower from the rooftop bar at Mikla at The Marmara Pera","owner":"22519514@N08","latitude":"41.031055","longitude":"28.973994","desc":{"_content":"Sunset view of the Hagia Sophia, the Blue Mosque, and the Galata Tower from the rooftop bar at Mikla at The Marmara Pera"},"url":"http://farm1.static.flickr.com/330/18384015204_ab1c6715dd_b.jpg"},{"name":"18980332526_74cc5d5a35_b.jpg","datetaken":"2015-06-01 12:04:44","tags":"sunset turkey istanbul","title":"Sunset view from the rooftop bar at Mikla at The Marmara Pera","owner":"22519514@N08","latitude":"41.031052","longitude":"28.973999","desc":{"_content":"Sunset view from the rooftop bar at Mikla at The Marmara Pera"},"url":"http://farm1.static.flickr.com/305/18980332526_74cc5d5a35_b.jpg"},{"name":"18980328106_b3484b931f_b.jpg","datetaken":"2015-06-01 08:19:24","tags":"turkey istanbul","title":"Lina in the Basilica Cistern in Istanbul","owner":"22519514@N08","latitude":"41.008480","longitude":"28.978286","desc":{"_content":"Lina in the Basilica Cistern in Istanbul"},"url":"http://farm1.static.flickr.com/267/18980328106_b3484b931f_b.jpg"},{"name":"19001103502_d0e4a94445_b.jpg","datetaken":"2015-06-01 08:32:53","tags":"turkey istanbul","title":"All columns were imported, including this Medusa","owner":"22519514@N08","latitude":"41.008480","longitude":"28.978286","desc":{"_content":"All columns were imported, including this Medusa"},"url":"http://farm4.static.flickr.com/3756/19001103502_d0e4a94445_b.jpg"},{"name":"19001098712_1cf654b741_b.jpg","datetaken":"2015-06-01 06:45:15","tags":"turkey istanbul","title":"Chora Church mosaic of Mary and Jesus surrounded by the decendents of Jesus","owner":"22519514@N08","latitude":"41.031261","longitude":"28.939083","desc":{"_content":"Chora Church mosaic of Mary and Jesus surrounded by the decendents of Jesus"},"url":"http://farm4.static.flickr.com/3805/19001098712_1cf654b741_b.jpg"},{"name":"18818850930_08692ffb8a_b.jpg","datetaken":"2015-06-01 08:15:38","tags":"turkey istanbul","title":"Basilica Cistern in Istanbul","owner":"22519514@N08","latitude":"41.008480","longitude":"28.978286","desc":{"_content":"Basilica Cistern in Istanbul"},"url":"http://farm4.static.flickr.com/3829/18818850930_08692ffb8a_b.jpg"},{"name":"19001089062_b4dab81090_b.jpg","datetaken":"2015-06-01 08:20:55","tags":"turkey istanbul","title":"Basilica Cistern in Istanbul","owner":"22519514@N08","latitude":"41.008480","longitude":"28.978286","desc":{"_content":"Basilica Cistern in Istanbul"},"url":"http://farm1.static.flickr.com/261/19001089062_b4dab81090_b.jpg"},{"name":"19001064152_29893679a1_b.jpg","datetaken":"2015-06-01 06:34:43","tags":"turkey istanbul","title":"Chora Church murals","owner":"22519514@N08","latitude":"41.031261","longitude":"28.939083","desc":{"_content":"Chora Church murals"},"url":"http://farm4.static.flickr.com/3925/19001064152_29893679a1_b.jpg"},{"name":"18818846718_cef4aaca50_b.jpg","datetaken":"2015-06-01 06:43:48","tags":"turkey istanbul","title":"Chora Church murals","owner":"22519514@N08","latitude":"41.031261","longitude":"28.939083","desc":{"_content":"Chora Church murals"},"url":"http://farm1.static.flickr.com/397/18818846718_cef4aaca50_b.jpg"},{"name":"18385819393_d8b8a580ab_b.jpg","datetaken":"2015-06-01 06:26:06","tags":"turkey istanbul","title":"Chora Church mosaic","owner":"22519514@N08","latitude":"41.031261","longitude":"28.939083","desc":{"_content":"Chora Church mosaic"},"url":"http://farm1.static.flickr.com/335/18385819393_d8b8a580ab_b.jpg"},{"name":"19009533991_a2c6cfd1e0_b.jpg","datetaken":"2015-06-01 06:28:11","tags":"turkey istanbul","title":"Chora Church mosaic","owner":"22519514@N08","latitude":"41.031261","longitude":"28.939083","desc":{"_content":"Chora Church mosaic"},"url":"http://farm1.static.flickr.com/540/19009533991_a2c6cfd1e0_b.jpg"},{"name":"19001005772_19cdf424d0_b.jpg","datetaken":"2015-06-01 06:24:17","tags":"turkey istanbul","title":"Chora Church mosaic","owner":"22519514@N08","latitude":"41.031261","longitude":"28.939083","desc":{"_content":"Chora Church mosaic"},"url":"http://farm1.static.flickr.com/266/19001005772_19cdf424d0_b.jpg"},{"name":"18820251979_7f628c4269_b.jpg","datetaken":"2015-06-01 06:25:16","tags":"turkey istanbul","title":"Chora Church mosaic","owner":"22519514@N08","latitude":"41.031261","longitude":"28.939083","desc":{"_content":"Chora Church mosaic"},"url":"http://farm1.static.flickr.com/477/18820251979_7f628c4269_b.jpg"}]

