[{"name":"34433956162_9ce6aaf6c1_b.jpg","datetaken":"2017-05-10 12:40:49","tags":"honeymoon vacation france francia paris parís food","title":"hmoon-20170510-0002","owner":"54583080@N00","latitude":"36.111488","longitude":"-79.877023","desc":{"_content":"One of the reasons I love to fly is these Biscoff wafers! ...¡Estas galletas de Biscoff forman una razón porque me encanta volar!"},"url":"http://farm5.static.flickr.com/4167/34433956162_9ce6aaf6c1_b.jpg"},{"name":"33752109234_51979dc639_b.jpg","datetaken":"2017-05-11 13:05:38","tags":"honeymoon vacation france francia paris parís","title":"hmoon-20170511-0002","owner":"54583080@N00","latitude":"48.880111","longitude":"2.289163","desc":{"_content":"Paris, France; 2017-05-11."},"url":"http://farm5.static.flickr.com/4175/33752109234_51979dc639_b.jpg"},{"name":"34554545846_e196b0ba42_b.jpg","datetaken":"2017-05-11 14:03:30","tags":"honeymoon vacation france francia paris parís","title":"hmoon-20170511-0006","owner":"54583080@N00","latitude":"48.874247","longitude":"2.294225","desc":{"_content":""},"url":"http://farm5.static.flickr.com/4188/34554545846_e196b0ba42_b.jpg"},{"name":"33752826564_03072fe94b_b.jpg","datetaken":"2017-05-11 14:03:57","tags":"honeymoon vacation france francia paris parís","title":"hmoon-20170511-0008","owner":"54583080@N00","latitude":"48.874275","longitude":"2.294130","desc":{"_content":""},"url":"http://farm5.static.flickr.com/4179/33752826564_03072fe94b_b.jpg"},{"name":"34209915470_23b8fd413b_b.jpg","datetaken":"2017-05-11 15:21:52","tags":"honeymoon vacation france francia paris parís","title":"hmoon-20170511-0012","owner":"54583080@N00","latitude":"48.873572","longitude":"2.296138","desc":{"_content":""},"url":"http://farm5.static.flickr.com/4180/34209915470_23b8fd413b_b.jpg"},{"name":"34433954532_6986ab6469_b.jpg","datetaken":"2017-05-11 15:22:32","tags":"honeymoon vacation france francia paris parís","title":"hmoon-20170511-0020","owner":"54583080@N00","latitude":"48.873572","longitude":"2.296138","desc":{"_content":""},"url":"http://farm5.static.flickr.com/4177/34433954532_6986ab6469_b.jpg"},{"name":"34433953212_ba7fe302ca_b.jpg","datetaken":"2017-05-11 15:22:59","tags":"honeymoon vacation france francia paris parís","title":"hmoon-20170511-0019","owner":"54583080@N00","latitude":"48.874327","longitude":"2.293902","desc":{"_content":""},"url":"http://farm5.static.flickr.com/4167/34433953212_ba7fe302ca_b.jpg"},{"name":"33785976813_fff84b4d2b_b.jpg","datetaken":"2017-05-11 15:30:28","tags":"honeymoon vacation france francia paris parís","title":"hmoon-20170511-0018","owner":"54583080@N00","latitude":"48.873822","longitude":"2.295272","desc":{"_content":""},"url":"http://farm5.static.flickr.com/4171/33785976813_fff84b4d2b_b.jpg"},{"name":"34554543736_59173bdf9d_b.jpg","datetaken":"2017-05-11 15:30:47","tags":"honeymoon vacation france francia paris parís","title":"hmoon-20170511-0017","owner":"54583080@N00","latitude":"48.873863","longitude":"2.295322","desc":{"_content":""},"url":"http://farm5.static.flickr.com/4186/34554543736_59173bdf9d_b.jpg"},{"name":"34209914290_f8b2ccd77b_b.jpg","datetaken":"2017-05-11 15:32:16","tags":"honeymoon vacation france francia paris parís","title":"hmoon-20170511-0016","owner":"54583080@N00","latitude":"48.873975","longitude":"2.295086","desc":{"_content":""},"url":"http://farm5.static.flickr.com/4159/34209914290_f8b2ccd77b_b.jpg"},{"name":"33785976793_ce9b3457b9_b.jpg","datetaken":"2017-05-11 15:34:10","tags":"honeymoon vacation france francia paris parís","title":"hmoon-20170511-0021","owner":"54583080@N00","latitude":"48.873680","longitude":"2.294950","desc":{"_content":""},"url":"http://farm5.static.flickr.com/4168/33785976793_ce9b3457b9_b.jpg"},{"name":"34209914180_301535fcdc_b.jpg","datetaken":"2017-05-11 15:46:11","tags":"honeymoon vacation france francia paris parís","title":"hmoon-20170511-0022","owner":"54583080@N00","latitude":"48.875594","longitude":"2.299099","desc":{"_content":""},"url":"http://farm5.static.flickr.com/4164/34209914180_301535fcdc_b.jpg"},{"name":"34554543746_21f28850b8_b.jpg","datetaken":"2017-05-11 15:47:24","tags":"honeymoon vacation france francia paris parís","title":"hmoon-20170511-0024","owner":"54583080@N00","latitude":"48.875255","longitude":"2.299241","desc":{"_content":""},"url":"http://farm5.static.flickr.com/4157/34554543746_21f28850b8_b.jpg"},{"name":"33752109294_b5eb99eedf_b.jpg","datetaken":"2017-05-11 17:26:59","tags":"honeymoon vacation france francia paris parís","title":"hmoon-20170511-0025","owner":"54583080@N00","latitude":"48.880047","longitude":"2.289141","desc":{"_content":"Vista desde nuestro piso del patio central del edificio. ... View from our apartment of the central courtyard of the building. Paris, France; 2017-05-11."},"url":"http://farm5.static.flickr.com/4172/33752109294_b5eb99eedf_b.jpg"},{"name":"34617882275_f3bbafa176_b.jpg","datetaken":"2017-05-11 19:11:07","tags":"honeymoon vacation france francia paris parís","title":"hmoon-20170511-0028","owner":"54583080@N00","latitude":"48.864155","longitude":"2.307444","desc":{"_content":""},"url":"http://farm5.static.flickr.com/4170/34617882275_f3bbafa176_b.jpg"},{"name":"34231815910_29d9134bee_b.jpg","datetaken":"2017-05-11 20:39:39","tags":"honeymoon vacation france francia paris parís","title":"hmoon-20170511-0029","owner":"54583080@N00","latitude":"48.863452","longitude":"2.309111","desc":{"_content":""},"url":"http://farm5.static.flickr.com/4168/34231815910_29d9134bee_b.jpg"},{"name":"34487437371_3b8df51c11_b.jpg","datetaken":"2017-05-11 20:46:07","tags":"honeymoon vacation france francia paris parís food","title":"hmoon-20170511-0030","owner":"54583080@N00","latitude":"48.863077","longitude":"2.319958","desc":{"_content":""},"url":"http://farm5.static.flickr.com/4171/34487437371_3b8df51c11_b.jpg"},{"name":"34576327206_d22685867c_b.jpg","datetaken":"2017-05-11 20:46:17","tags":"honeymoon vacation france francia paris parís food","title":"hmoon-20170511-0031","owner":"54583080@N00","latitude":"48.862961","longitude":"2.320325","desc":{"_content":""},"url":"http://farm5.static.flickr.com/4190/34576327206_d22685867c_b.jpg"},{"name":"34620178005_6c8da68f11_b.jpg","datetaken":"2017-05-11 21:18:34","tags":"honeymoon vacation france francia paris parís food","title":"hmoon-20170511-0032","owner":"54583080@N00","latitude":"48.843441","longitude":"2.367858","desc":{"_content":""},"url":"http://farm5.static.flickr.com/4159/34620178005_6c8da68f11_b.jpg"},{"name":"34576326966_d63d1cc3bd_b.jpg","datetaken":"2017-05-11 22:14:19","tags":"honeymoon vacation france francia paris parís food","title":"hmoon-20170511-0037","owner":"54583080@N00","latitude":"48.854861","longitude":"2.285363","desc":{"_content":""},"url":"http://farm5.static.flickr.com/4156/34576326966_d63d1cc3bd_b.jpg"},{"name":"34458211552_a3639f1315_b.jpg","datetaken":"2017-05-11 22:14:52","tags":"honeymoon vacation france francia paris parís food","title":"hmoon-20170511-0035","owner":"54583080@N00","latitude":"48.854144","longitude":"2.284408","desc":{"_content":""},"url":"http://farm5.static.flickr.com/4166/34458211552_a3639f1315_b.jpg"},{"name":"34578649786_585ed25bb8_b.jpg","datetaken":"2017-05-11 22:33:41","tags":"honeymoon vacation france francia paris parís","title":"","owner":"54583080@N00","latitude":"48.860836","longitude":"2.293544","desc":{"_content":""},"url":"http://farm5.static.flickr.com/4159/34578649786_585ed25bb8_b.jpg"},{"name":"33798927413_c56a3a7bdc_b.jpg","datetaken":"2017-05-12 09:39:04","tags":"honeymoon vacation france francia paris parís food","title":"hmoon-20170512-0001","owner":"54583080@N00","latitude":"48.880066","longitude":"2.289158","desc":{"_content":""},"url":"http://farm5.static.flickr.com/4169/33798927413_c56a3a7bdc_b.jpg"},{"name":"34576326766_c629c52b07_b.jpg","datetaken":"2017-05-12 11:55:45","tags":"honeymoon vacation france francia paris parís","title":"","owner":"54583080@N00","latitude":"48.879169","longitude":"2.302811","desc":{"_content":""},"url":"http://farm5.static.flickr.com/4168/34576326766_c629c52b07_b.jpg"},{"name":"33774873044_7c5a6fb033_b.jpg","datetaken":"2017-05-12 12:05:53","tags":"honeymoon vacation france francia paris parís","title":"","owner":"54583080@N00","latitude":"48.881194","longitude":"2.313005","desc":{"_content":""},"url":"http://farm5.static.flickr.com/4172/33774873044_7c5a6fb033_b.jpg"},{"name":"33774873074_08a7b69220_b.jpg","datetaken":"2017-05-12 12:44:56","tags":"honeymoon vacation france francia paris parís graffiti","title":"","owner":"54583080@N00","latitude":"48.885247","longitude":"2.342627","desc":{"_content":""},"url":"http://farm5.static.flickr.com/4168/33774873074_08a7b69220_b.jpg"},{"name":"34489645461_d2b36c0b6e_b.jpg","datetaken":"2017-05-12 12:45:12","tags":"honeymoon vacation france francia paris parís graffiti","title":"","owner":"54583080@N00","latitude":"48.885236","longitude":"2.342594","desc":{"_content":""},"url":"http://farm5.static.flickr.com/4168/34489645461_d2b36c0b6e_b.jpg"},{"name":"34578650826_30e3e1508a_b.jpg","datetaken":"2017-05-12 12:45:24","tags":"honeymoon vacation france francia paris parís graffiti","title":"","owner":"54583080@N00","latitude":"48.885230","longitude":"2.342538","desc":{"_content":""},"url":"http://farm5.static.flickr.com/4163/34578650826_30e3e1508a_b.jpg"},{"name":"34620178975_dda448b27a_b.jpg","datetaken":"2017-05-12 12:51:43","tags":"honeymoon vacation france francia paris parís","title":"","owner":"54583080@N00","latitude":"48.885650","longitude":"2.343322","desc":{"_content":""},"url":"http://farm5.static.flickr.com/4183/34620178975_dda448b27a_b.jpg"},{"name":"34576326216_690e5f925a_b.jpg","datetaken":"2017-05-12 12:51:48","tags":"honeymoon vacation france francia paris parís","title":"","owner":"54583080@N00","latitude":"48.885650","longitude":"2.343322","desc":{"_content":""},"url":"http://farm5.static.flickr.com/4181/34576326216_690e5f925a_b.jpg"},{"name":"34487436151_75ae1a2cb7_b.jpg","datetaken":"2017-05-12 12:52:08","tags":"honeymoon vacation france francia paris parís","title":"","owner":"54583080@N00","latitude":"48.885658","longitude":"2.343319","desc":{"_content":""},"url":"http://farm5.static.flickr.com/4178/34487436151_75ae1a2cb7_b.jpg"},{"name":"33774871654_f5bd4dc974_b.jpg","datetaken":"2017-05-12 13:06:16","tags":"honeymoon vacation france francia paris parís","title":"","owner":"54583080@N00","latitude":"48.886013","longitude":"2.343316","desc":{"_content":""},"url":"http://farm5.static.flickr.com/4186/33774871654_f5bd4dc974_b.jpg"},{"name":"33774871394_0ed40c3864_b.jpg","datetaken":"2017-05-12 13:15:33","tags":"honeymoon vacation france francia paris parís","title":"","owner":"54583080@N00","latitude":"48.886780","longitude":"2.342686","desc":{"_content":""},"url":"http://farm5.static.flickr.com/4161/33774871394_0ed40c3864_b.jpg"},{"name":"34576325716_1443da850b_b.jpg","datetaken":"2017-05-12 13:16:20","tags":"honeymoon vacation france francia paris parís","title":"","owner":"54583080@N00","latitude":"48.886719","longitude":"2.342852","desc":{"_content":""},"url":"http://farm5.static.flickr.com/4155/34576325716_1443da850b_b.jpg"},{"name":"34455990122_12d145cab6_b.jpg","datetaken":"2017-05-12 13:17:25","tags":"honeymoon vacation france francia paris parís","title":"","owner":"54583080@N00","latitude":"48.886641","longitude":"2.343016","desc":{"_content":""},"url":"http://farm5.static.flickr.com/4155/34455990122_12d145cab6_b.jpg"},{"name":"34617880155_f32a53b590_b.jpg","datetaken":"2017-05-12 13:20:06","tags":"honeymoon vacation france francia paris parís","title":"","owner":"54583080@N00","latitude":"48.886708","longitude":"2.342863","desc":{"_content":""},"url":"http://farm5.static.flickr.com/4187/34617880155_f32a53b590_b.jpg"},{"name":"33774870784_6ed8288818_b.jpg","datetaken":"2017-05-12 13:20:15","tags":"honeymoon vacation france francia paris parís","title":"","owner":"54583080@N00","latitude":"48.886708","longitude":"2.342863","desc":{"_content":""},"url":"http://farm5.static.flickr.com/4189/33774870784_6ed8288818_b.jpg"},{"name":"33774870414_f18fdbe04b_b.jpg","datetaken":"2017-05-12 13:20:59","tags":"honeymoon vacation france francia paris parís","title":"","owner":"54583080@N00","latitude":"48.886763","longitude":"2.342952","desc":{"_content":""},"url":"http://farm5.static.flickr.com/4161/33774870414_f18fdbe04b_b.jpg"},{"name":"33807943593_8c1d0b92de_b.jpg","datetaken":"2017-05-12 13:21:03","tags":"honeymoon vacation france francia paris parís","title":"","owner":"54583080@N00","latitude":"48.886763","longitude":"2.342952","desc":{"_content":""},"url":"http://farm5.static.flickr.com/4168/33807943593_8c1d0b92de_b.jpg"},{"name":"33807943123_df770ff023_b.jpg","datetaken":"2017-05-12 13:21:23","tags":"honeymoon vacation france francia paris parís","title":"","owner":"54583080@N00","latitude":"48.886805","longitude":"2.342944","desc":{"_content":""},"url":"http://farm5.static.flickr.com/4156/33807943123_df770ff023_b.jpg"},{"name":"34487434231_aedf3d8d96_b.jpg","datetaken":"2017-05-12 13:21:43","tags":"honeymoon vacation france francia paris parís","title":"","owner":"54583080@N00","latitude":"48.886825","longitude":"2.343002","desc":{"_content":""},"url":"http://farm5.static.flickr.com/4183/34487434231_aedf3d8d96_b.jpg"},{"name":"34617879135_83f9d390e0_b.jpg","datetaken":"2017-05-12 13:36:11","tags":"honeymoon vacation france francia paris parís","title":"","owner":"54583080@N00","latitude":"48.886397","longitude":"2.342755","desc":{"_content":""},"url":"http://farm5.static.flickr.com/4176/34617879135_83f9d390e0_b.jpg"},{"name":"33807942473_24fa3fac8f_b.jpg","datetaken":"2017-05-12 13:36:21","tags":"honeymoon vacation france francia paris parís","title":"","owner":"54583080@N00","latitude":"48.886394","longitude":"2.342747","desc":{"_content":""},"url":"http://farm5.static.flickr.com/4156/33807942473_24fa3fac8f_b.jpg"},{"name":"33807942343_bf6de8d1bc_b.jpg","datetaken":"2017-05-12 14:17:20","tags":"honeymoon vacation france francia paris parís food","title":"","owner":"54583080@N00","latitude":"48.882422","longitude":"2.345763","desc":{"_content":""},"url":"http://farm5.static.flickr.com/4156/33807942343_bf6de8d1bc_b.jpg"},{"name":"33774869404_683dcfc81e_b.jpg","datetaken":"2017-05-12 14:24:49","tags":"honeymoon vacation france francia paris parís food","title":"","owner":"54583080@N00","latitude":"48.882369","longitude":"2.345975","desc":{"_content":""},"url":"http://farm5.static.flickr.com/4181/33774869404_683dcfc81e_b.jpg"},{"name":"34231809120_ec586749e6_b.jpg","datetaken":"2017-05-12 14:42:02","tags":"honeymoon vacation france francia paris parís food","title":"","owner":"54583080@N00","latitude":"48.882375","longitude":"2.345777","desc":{"_content":""},"url":"http://farm5.static.flickr.com/4177/34231809120_ec586749e6_b.jpg"},{"name":"34487432681_0f2d1edd3b_b.jpg","datetaken":"2017-05-12 15:20:40","tags":"honeymoon vacation france francia paris parís","title":"","owner":"54583080@N00","latitude":"48.882683","longitude":"2.335819","desc":{"_content":""},"url":"http://farm5.static.flickr.com/4182/34487432681_0f2d1edd3b_b.jpg"},{"name":"34231807740_b144df79d1_b.jpg","datetaken":"2017-05-12 15:25:01","tags":"honeymoon vacation france francia paris parís","title":"","owner":"54583080@N00","latitude":"48.883633","longitude":"2.332247","desc":{"_content":""},"url":"http://farm5.static.flickr.com/4162/34231807740_b144df79d1_b.jpg"},{"name":"34487432011_d0f3a55805_b.jpg","datetaken":"2017-05-12 15:36:27","tags":"honeymoon vacation france francia paris parís","title":"","owner":"54583080@N00","latitude":"48.886269","longitude":"2.332480","desc":{"_content":""},"url":"http://farm5.static.flickr.com/4178/34487432011_d0f3a55805_b.jpg"},{"name":"33807940573_a13490af74_b.jpg","datetaken":"2017-05-12 15:36:36","tags":"honeymoon vacation france francia paris parís","title":"","owner":"54583080@N00","latitude":"48.886275","longitude":"2.332502","desc":{"_content":""},"url":"http://farm5.static.flickr.com/4185/33807940573_a13490af74_b.jpg"},{"name":"34487431681_b1455967d4_b.jpg","datetaken":"2017-05-12 15:36:48","tags":"honeymoon vacation france francia paris parís","title":"","owner":"54583080@N00","latitude":"48.886269","longitude":"2.332497","desc":{"_content":""},"url":"http://farm5.static.flickr.com/4192/34487431681_b1455967d4_b.jpg"},{"name":"34231806570_42208f38a5_b.jpg","datetaken":"2017-05-12 15:37:28","tags":"honeymoon vacation france francia paris parís","title":"","owner":"54583080@N00","latitude":"48.886269","longitude":"2.332411","desc":{"_content":""},"url":"http://farm5.static.flickr.com/4186/34231806570_42208f38a5_b.jpg"},{"name":"34231806500_3088b4965c_b.jpg","datetaken":"2017-05-12 15:37:39","tags":"honeymoon vacation france francia paris parís","title":"","owner":"54583080@N00","latitude":"48.886222","longitude":"2.332427","desc":{"_content":""},"url":"http://farm5.static.flickr.com/4160/34231806500_3088b4965c_b.jpg"},{"name":"33807939003_8173bfbece_b.jpg","datetaken":"2017-05-12 16:40:42","tags":"honeymoon vacation france francia paris parís","title":"","owner":"54583080@N00","latitude":"48.861800","longitude":"2.351033","desc":{"_content":""},"url":"http://farm5.static.flickr.com/4161/33807939003_8173bfbece_b.jpg"},{"name":"34487430021_dd3ce3730e_b.jpg","datetaken":"2017-05-12 16:55:28","tags":"honeymoon vacation france francia paris parís","title":"","owner":"54583080@N00","latitude":"48.859561","longitude":"2.357816","desc":{"_content":""},"url":"http://farm5.static.flickr.com/4165/34487430021_dd3ce3730e_b.jpg"},{"name":"34487429831_2761beee80_b.jpg","datetaken":"2017-05-12 17:45:59","tags":"honeymoon vacation france francia paris parís","title":"","owner":"54583080@N00","latitude":"48.855300","longitude":"2.345858","desc":{"_content":""},"url":"http://farm5.static.flickr.com/4190/34487429831_2761beee80_b.jpg"},{"name":"34231803680_7ab62b9132_b.jpg","datetaken":"2017-05-12 17:47:37","tags":"honeymoon vacation france francia paris parís","title":"","owner":"54583080@N00","latitude":"48.854769","longitude":"2.345541","desc":{"_content":""},"url":"http://farm5.static.flickr.com/4186/34231803680_7ab62b9132_b.jpg"},{"name":"34231803190_a312259c8a_b.jpg","datetaken":"2017-05-12 17:59:35","tags":"honeymoon vacation france francia paris parís","title":"","owner":"54583080@N00","latitude":"48.855475","longitude":"2.344858","desc":{"_content":""},"url":"http://farm5.static.flickr.com/4173/34231803190_a312259c8a_b.jpg"},{"name":"34487428911_e3c7ef1571_b.jpg","datetaken":"2017-05-12 18:00:29","tags":"honeymoon vacation france francia paris parís","title":"","owner":"54583080@N00","latitude":"48.855358","longitude":"2.345002","desc":{"_content":""},"url":"http://farm5.static.flickr.com/4188/34487428911_e3c7ef1571_b.jpg"},{"name":"34231801150_f722abac9f_b.jpg","datetaken":"2017-05-12 18:20:22","tags":"honeymoon vacation france francia paris parís","title":"","owner":"54583080@N00","latitude":"48.853672","longitude":"2.348536","desc":{"_content":""},"url":"http://farm5.static.flickr.com/4185/34231801150_f722abac9f_b.jpg"},{"name":"34487427931_97eb936a87_b.jpg","datetaken":"2017-05-12 18:39:42","tags":"honeymoon vacation france francia paris parís","title":"","owner":"54583080@N00","latitude":"48.852516","longitude":"2.351566","desc":{"_content":""},"url":"http://farm5.static.flickr.com/4186/34487427931_97eb936a87_b.jpg"},{"name":"34231801220_bcfb762f5d_b.jpg","datetaken":"2017-05-12 18:40:37","tags":"honeymoon vacation france francia paris parís","title":"","owner":"54583080@N00","latitude":"48.852497","longitude":"2.351469","desc":{"_content":""},"url":"http://farm5.static.flickr.com/4162/34231801220_bcfb762f5d_b.jpg"},{"name":"34231800920_1dfcfe7ae1_b.jpg","datetaken":"2017-05-12 18:41:11","tags":"honeymoon vacation france francia paris parís","title":"","owner":"54583080@N00","latitude":"48.852425","longitude":"2.351702","desc":{"_content":""},"url":"http://farm5.static.flickr.com/4179/34231800920_1dfcfe7ae1_b.jpg"},{"name":"34234037180_e042295d8d_b.jpg","datetaken":"2017-05-12 23:54:01","tags":"honeymoon vacation france francia paris parís","title":"","owner":"54583080@N00","latitude":"48.880055","longitude":"2.289147","desc":{"_content":""},"url":"http://farm5.static.flickr.com/4161/34234037180_e042295d8d_b.jpg"},{"name":"34578495426_49038dfc5c_b.jpg","datetaken":"2017-05-12 23:54:34","tags":"honeymoon vacation france francia paris parís","title":"","owner":"54583080@N00","latitude":"48.880066","longitude":"2.289161","desc":{"_content":""},"url":"http://farm5.static.flickr.com/4187/34578495426_49038dfc5c_b.jpg"},{"name":"34509564671_068c5b30f0_b.jpg","datetaken":"2017-05-13 09:42:48","tags":"honeymoon vacation france francia paris parís","title":"","owner":"54583080@N00","latitude":"48.878386","longitude":"2.280922","desc":{"_content":""},"url":"http://farm5.static.flickr.com/4178/34509564671_068c5b30f0_b.jpg"},{"name":"33797383564_f2395080ce_b.jpg","datetaken":"2017-05-13 09:46:10","tags":"honeymoon vacation france francia paris parís","title":"","owner":"54583080@N00","latitude":"48.881863","longitude":"2.283541","desc":{"_content":""},"url":"http://farm5.static.flickr.com/4183/33797383564_f2395080ce_b.jpg"},{"name":"33830537203_1e0657f400_b.jpg","datetaken":"2017-05-13 10:00:35","tags":"honeymoon vacation france francia paris parís","title":"","owner":"54583080@N00","latitude":"48.860938","longitude":"2.338616","desc":{"_content":""},"url":"http://farm5.static.flickr.com/4175/33830537203_1e0657f400_b.jpg"},{"name":"34969931096_efd43b7187_b.jpg","datetaken":"2017-05-13 10:02:42","tags":"honeymoon vacation france francia paris parís","title":"","owner":"54583080@N00","latitude":"48.860588","longitude":"2.337183","desc":{"_content":""},"url":"http://farm5.static.flickr.com/4246/34969931096_efd43b7187_b.jpg"},{"name":"34640328035_15613958e5_b.jpg","datetaken":"2017-05-13 10:29:42","tags":"honeymoon vacation france francia paris parís","title":"","owner":"54583080@N00","latitude":"48.860152","longitude":"2.335375","desc":{"_content":""},"url":"http://farm5.static.flickr.com/4179/34640328035_15613958e5_b.jpg"},{"name":"34599336246_c93fa4385c_b.jpg","datetaken":"2017-05-13 10:29:51","tags":"honeymoon vacation france francia paris parís","title":"","owner":"54583080@N00","latitude":"48.860163","longitude":"2.335372","desc":{"_content":""},"url":"http://farm5.static.flickr.com/4176/34599336246_c93fa4385c_b.jpg"},{"name":"34640327935_8bf49da818_b.jpg","datetaken":"2017-05-13 10:32:30","tags":"honeymoon vacation france francia paris parís","title":"","owner":"54583080@N00","latitude":"48.859852","longitude":"2.335200","desc":{"_content":""},"url":"http://farm5.static.flickr.com/4181/34640327935_8bf49da818_b.jpg"},{"name":"34254907240_0b6c18d311_b.jpg","datetaken":"2017-05-13 10:32:38","tags":"honeymoon vacation france francia paris parís","title":"","owner":"54583080@N00","latitude":"48.859852","longitude":"2.335202","desc":{"_content":""},"url":"http://farm5.static.flickr.com/4185/34254907240_0b6c18d311_b.jpg"},{"name":"34254910270_52cf6282fd_b.jpg","datetaken":"2017-05-13 10:33:08","tags":"honeymoon vacation france francia paris parís","title":"","owner":"54583080@N00","latitude":"48.859883","longitude":"2.335205","desc":{"_content":""},"url":"http://farm5.static.flickr.com/4170/34254910270_52cf6282fd_b.jpg"},{"name":"33830541233_8257a48766_b.jpg","datetaken":"2017-05-13 11:16:09","tags":"honeymoon vacation france francia paris parís","title":"","owner":"54583080@N00","latitude":"48.860511","longitude":"2.335894","desc":{"_content":""},"url":"http://farm5.static.flickr.com/4164/33830541233_8257a48766_b.jpg"},{"name":"34254911070_31cf06e0c6_b.jpg","datetaken":"2017-05-13 11:21:51","tags":"honeymoon vacation france francia paris parís","title":"","owner":"54583080@N00","latitude":"48.859997","longitude":"2.335097","desc":{"_content":""},"url":"http://farm5.static.flickr.com/4179/34254911070_31cf06e0c6_b.jpg"},{"name":"34478334962_5d2f36844d_b.jpg","datetaken":"2017-05-13 11:52:07","tags":"honeymoon vacation france francia paris parís","title":"","owner":"54583080@N00","latitude":"48.860497","longitude":"2.339886","desc":{"_content":""},"url":"http://farm5.static.flickr.com/4194/34478334962_5d2f36844d_b.jpg"},{"name":"34478335012_d5b4fa04c0_b.jpg","datetaken":"2017-05-13 12:13:56","tags":"honeymoon vacation france francia paris parís","title":"","owner":"54583080@N00","latitude":"48.859919","longitude":"2.337172","desc":{"_content":""},"url":"http://farm5.static.flickr.com/4167/34478335012_d5b4fa04c0_b.jpg"},{"name":"34599344956_0ecd672b6b_b.jpg","datetaken":"2017-05-13 13:44:14","tags":"honeymoon vacation france francia paris parís","title":"","owner":"54583080@N00","latitude":"48.865186","longitude":"2.321838","desc":{"_content":""},"url":"http://farm5.static.flickr.com/4166/34599344956_0ecd672b6b_b.jpg"},{"name":"34599340996_7fc35522b9_b.jpg","datetaken":"2017-05-13 20:26:02","tags":"honeymoon vacation france francia paris parís food","title":"","owner":"54583080@N00","latitude":"48.877788","longitude":"2.291938","desc":{"_content":""},"url":"http://farm5.static.flickr.com/4157/34599340996_7fc35522b9_b.jpg"},{"name":"33797385644_33b0afd928_b.jpg","datetaken":"2017-05-13 20:33:17","tags":"honeymoon vacation france francia paris parís","title":"","owner":"54583080@N00","latitude":"48.877730","longitude":"2.291866","desc":{"_content":""},"url":"http://farm5.static.flickr.com/4182/33797385644_33b0afd928_b.jpg"},{"name":"34478331292_0126032be0_b.jpg","datetaken":"2017-05-13 20:38:59","tags":"honeymoon vacation france francia paris parís food","title":"","owner":"54583080@N00","latitude":"48.877708","longitude":"2.291816","desc":{"_content":""},"url":"http://farm5.static.flickr.com/4178/34478331292_0126032be0_b.jpg"},{"name":"34478330992_e532e29493_b.jpg","datetaken":"2017-05-13 21:24:31","tags":"honeymoon vacation france francia paris parís food","title":"","owner":"54583080@N00","latitude":"48.877725","longitude":"2.291872","desc":{"_content":""},"url":"http://farm5.static.flickr.com/4155/34478330992_e532e29493_b.jpg"},{"name":"33830539303_2f30bc570c_b.jpg","datetaken":"2017-05-13 22:17:50","tags":"honeymoon vacation france francia paris parís","title":"","owner":"54583080@N00","latitude":"48.860244","longitude":"2.291672","desc":{"_content":""},"url":"http://farm5.static.flickr.com/4188/33830539303_2f30bc570c_b.jpg"},{"name":"34478331382_23277bec79_b.jpg","datetaken":"2017-05-13 22:52:18","tags":"honeymoon vacation france francia paris parís","title":"","owner":"54583080@N00","latitude":"48.858366","longitude":"2.294613","desc":{"_content":""},"url":"http://farm5.static.flickr.com/4159/34478331382_23277bec79_b.jpg"},{"name":"34640329805_65b2010af1_b.jpg","datetaken":"2017-05-13 22:52:37","tags":"honeymoon vacation france francia paris parís","title":"","owner":"54583080@N00","latitude":"48.858372","longitude":"2.294683","desc":{"_content":""},"url":"http://farm5.static.flickr.com/4171/34640329805_65b2010af1_b.jpg"},{"name":"33797384824_4eb7ec3c4c_b.jpg","datetaken":"2017-05-13 22:52:55","tags":"honeymoon vacation france francia paris parís","title":"","owner":"54583080@N00","latitude":"48.858372","longitude":"2.294683","desc":{"_content":""},"url":"http://farm5.static.flickr.com/4189/33797384824_4eb7ec3c4c_b.jpg"},{"name":"34478329442_4a69429067_b.jpg","datetaken":"2017-05-13 22:55:37","tags":"honeymoon vacation france francia paris parís","title":"","owner":"54583080@N00","latitude":"48.858263","longitude":"2.294969","desc":{"_content":""},"url":"http://farm5.static.flickr.com/4175/34478329442_4a69429067_b.jpg"},{"name":"34478329892_2079d2d80f_b.jpg","datetaken":"2017-05-13 22:57:42","tags":"honeymoon vacation france francia paris parís","title":"","owner":"54583080@N00","latitude":"48.858097","longitude":"2.294380","desc":{"_content":""},"url":"http://farm5.static.flickr.com/4194/34478329892_2079d2d80f_b.jpg"},{"name":"34254908420_994d90017d_b.jpg","datetaken":"2017-05-13 22:58:22","tags":"honeymoon vacation france francia paris parís","title":"","owner":"54583080@N00","latitude":"48.858080","longitude":"2.294477","desc":{"_content":""},"url":"http://farm5.static.flickr.com/4191/34254908420_994d90017d_b.jpg"},{"name":"34640329415_df9f7cec7c_b.jpg","datetaken":"2017-05-13 22:59:53","tags":"honeymoon vacation france francia paris parís","title":"","owner":"54583080@N00","latitude":"48.858300","longitude":"2.294452","desc":{"_content":""},"url":"http://farm5.static.flickr.com/4155/34640329415_df9f7cec7c_b.jpg"},{"name":"34478329572_5f10cef51f_b.jpg","datetaken":"2017-05-14 01:16:19","tags":"honeymoon vacation france francia paris parís","title":"","owner":"54583080@N00","latitude":"48.856850","longitude":"2.353936","desc":{"_content":""},"url":"http://farm5.static.flickr.com/4161/34478329572_5f10cef51f_b.jpg"},{"name":"33927094743_c0964e4a06_b.jpg","datetaken":"2017-05-14 12:25:32","tags":"honeymoon vacation france francia paris parís","title":"","owner":"54583080@N00","latitude":"48.897397","longitude":"2.322947","desc":{"_content":""},"url":"http://farm5.static.flickr.com/4192/33927094743_c0964e4a06_b.jpg"},{"name":"34573929262_30492b7659_b.jpg","datetaken":"2017-05-14 12:38:35","tags":"honeymoon vacation france francia paris parís","title":"","owner":"54583080@N00","latitude":"48.901402","longitude":"2.330180","desc":{"_content":""},"url":"http://farm5.static.flickr.com/4166/34573929262_30492b7659_b.jpg"},{"name":"34696085396_638d274c33_b.jpg","datetaken":"2017-05-14 14:34:17","tags":"honeymoon vacation france francia paris parís","title":"","owner":"54583080@N00","latitude":"48.902894","longitude":"2.336602","desc":{"_content":""},"url":"http://farm5.static.flickr.com/4165/34696085396_638d274c33_b.jpg"},{"name":"34105103124_7b966d6f44_b.jpg","datetaken":"2017-05-14 15:34:33","tags":"honeymoon vacation france francia paris parís","title":"","owner":"54583080@N00","latitude":"48.902049","longitude":"2.341158","desc":{"_content":""},"url":"http://farm5.static.flickr.com/4276/34105103124_7b966d6f44_b.jpg"},{"name":"34907695616_03c524e43b_b.jpg","datetaken":"2017-05-14 17:13:34","tags":"honeymoon vacation france francia paris parís","title":"","owner":"54583080@N00","latitude":"48.884297","longitude":"2.296388","desc":{"_content":""},"url":"http://farm5.static.flickr.com/4227/34907695616_03c524e43b_b.jpg"},{"name":"34907695726_8a30b90772_b.jpg","datetaken":"2017-05-14 17:14:04","tags":"honeymoon vacation france francia paris parís","title":"","owner":"54583080@N00","latitude":"48.884197","longitude":"2.296088","desc":{"_content":""},"url":"http://farm5.static.flickr.com/4273/34907695726_8a30b90772_b.jpg"},{"name":"34137575153_c347e14bcb_b.jpg","datetaken":"2017-05-14 17:15:36","tags":"honeymoon vacation france francia paris parís","title":"","owner":"54583080@N00","latitude":"48.883852","longitude":"2.295041","desc":{"_content":""},"url":"http://farm5.static.flickr.com/4243/34137575153_c347e14bcb_b.jpg"},{"name":"34135807874_ff985e4edb_b.jpg","datetaken":"2017-05-15 08:57:43","tags":"honeymoon vacation france francia paris parís","title":"","owner":"54583080@N00","latitude":"48.880016","longitude":"2.354958","desc":{"_content":""},"url":"http://farm5.static.flickr.com/4269/34135807874_ff985e4edb_b.jpg"},{"name":"34168034943_43f436ba41_b.jpg","datetaken":"2017-05-15 08:57:47","tags":"honeymoon vacation france francia paris parís","title":"","owner":"54583080@N00","latitude":"48.879983","longitude":"2.354902","desc":{"_content":""},"url":"http://farm5.static.flickr.com/4224/34168034943_43f436ba41_b.jpg"}]

