[{"name":"31491967501_943d2148a8_b.jpg","datetaken":"2016-08-19 10:58:24","tags":"hitachiōmiyashi ibarakiken japan jp tokyo map south korea seoul 2016 holiday vacation asia far east nippon nihon honshu","title":"Almost In Tokyo","owner":"37824151@N00","latitude":"36.589069","longitude":"140.262450","desc":{"_content":""},"url":"http://farm1.static.flickr.com/366/31491967501_943d2148a8_b.jpg"},{"name":"31608027855_8f57048232_b.jpg","datetaken":"2016-08-19 12:39:51","tags":"narita chibaprefecture japan jp 2016 holiday vacation asia far east nippon nihon tokyo honshu train station","title":"Waiting For My Train","owner":"37824151@N00","latitude":"35.773050","longitude":"140.387419","desc":{"_content":"This turned out to be the train before but still a funky Japanese train."},"url":"http://farm1.static.flickr.com/542/31608027855_8f57048232_b.jpg"},{"name":"31570695886_9055b86860_b.jpg","datetaken":"2016-08-19 13:47:21","tags":"taitōku tōkyōto japan jp 2016 holiday vacation asia far east nippon nihon tokyo honshu ueno station keisei train","title":"Arrival At Ueno Station!","owner":"37824151@N00","latitude":"35.715052","longitude":"139.776991","desc":{"_content":""},"url":"http://farm6.static.flickr.com/5518/31570695886_9055b86860_b.jpg"},{"name":"31491956691_105f214e8a_b.jpg","datetaken":"2016-08-19 14:54:51","tags":"taitōku tōkyōto japan jp 2016 holiday vacation asia far east nippon nihon tokyo honshu house rental ueno park shinobazu dori bedroom lounge sink accommodation apartment building","title":"First Floor Lounge Plus Beds","owner":"37824151@N00","latitude":"35.716413","longitude":"139.766436","desc":{"_content":"Just a perfect place to stay in Tokyo...\n\n5115 Clean And Comfortable House in Tokyo, Nezu\n\n<a href=\"https://www.homeaway.com/vacation-rental/p1671412\" rel=\"nofollow\">www.homeaway.com/vacation-rental/p1671412</a>\n\n"},"url":"http://farm6.static.flickr.com/5594/31491956691_105f214e8a_b.jpg"},{"name":"31491953681_b2481742ae_b.jpg","datetaken":"2016-08-19 14:56:21","tags":"taitōku tōkyōto japan jp 2016 holiday vacation asia far east nippon nihon tokyo honshu house rental ueno park shinobazu dori balcony accommodation apartment building","title":"Balcony","owner":"37824151@N00","latitude":"35.716413","longitude":"139.766436","desc":{"_content":"Just a perfect place to stay in Tokyo...\n\n5115 Clean And Comfortable House in Tokyo, Nezu\n\n<a href=\"https://www.homeaway.com/vacation-rental/p1671412\" rel=\"nofollow\">www.homeaway.com/vacation-rental/p1671412</a>\n\n"},"url":"http://farm1.static.flickr.com/111/31491953681_b2481742ae_b.jpg"},{"name":"31608010635_d076ecba60_b.jpg","datetaken":"2016-08-19 15:48:40","tags":"taitōku tōkyōto japan jp 2016 holiday vacation asia far east nippon nihon tokyo honshu octopus tentacles supermarket","title":"Octopus Tentacles Anyone?","owner":"37824151@N00","latitude":"35.716094","longitude":"139.766625","desc":{"_content":""},"url":"http://farm1.static.flickr.com/681/31608010635_d076ecba60_b.jpg"},{"name":"31491947951_d8e13beecc_b.jpg","datetaken":"2016-08-19 17:49:36","tags":"taitōku tōkyōto japan jp 2016 holiday vacation asia far east nippon nihon tokyo honshu ueno park lake shinobazu pond terrapin benten island jima","title":"Ueno Park Terrapin","owner":"37824151@N00","latitude":"35.712786","longitude":"139.770247","desc":{"_content":""},"url":"http://farm1.static.flickr.com/128/31491947951_d8e13beecc_b.jpg"},{"name":"31461224132_775fa96213_b.jpg","datetaken":"2016-08-19 17:54:40","tags":"taitōku tōkyōto japan jp 2016 holiday vacation asia far east nippon nihon tokyo honshu ueno park shinobazunoike bentendo buddhist temple prayers benten island jima","title":"Shinobazunoike Bentendo Paper Offerings","owner":"37824151@N00","latitude":"35.712258","longitude":"139.771280","desc":{"_content":""},"url":"http://farm6.static.flickr.com/5592/31461224132_775fa96213_b.jpg"},{"name":"31491942471_5bfc5c75f7_b.jpg","datetaken":"2016-08-19 17:58:47","tags":"taitōku tōkyōto japan jp 2016 holiday vacation asia far east nippon nihon tokyo honshu ueno park lake shinobazu pond lotus flower leaf benten island jima lily pad pads plants","title":"Endless Lotus Flower Lily Pads","owner":"37824151@N00","latitude":"35.712341","longitude":"139.772086","desc":{"_content":""},"url":"http://farm1.static.flickr.com/42/31491942471_5bfc5c75f7_b.jpg"},{"name":"31570677976_73edddc11a_b.jpg","datetaken":"2016-08-19 18:05:01","tags":"taitōku tōkyōto japan jp 2016 holiday vacation asia far east nippon nihon tokyo honshu ueno park benten island jima kiyomizu kannondo temple buddhist","title":"Kiyomizu Kannon-do Temple","owner":"37824151@N00","latitude":"35.712544","longitude":"139.773055","desc":{"_content":""},"url":"http://farm1.static.flickr.com/708/31570677976_73edddc11a_b.jpg"},{"name":"31243845010_1ed17aaa8d_b.jpg","datetaken":"2016-08-20 08:15:05","tags":"chiyodaku tōkyōto japan jp moat gate water imperial palace typhoon mindulle 2016 holiday vacation asia far east nippon nihon tokyo honshu","title":"Imperial Palace Moat","owner":"37824151@N00","latitude":"35.683497","longitude":"139.758325","desc":{"_content":""},"url":"http://farm1.static.flickr.com/756/31243845010_1ed17aaa8d_b.jpg"},{"name":"31243842260_78fd38f19b_b.jpg","datetaken":"2016-08-20 08:19:11","tags":"chiyodaku tōkyōto japan jp imperial palace typhoon mindulle 2016 holiday vacation asia far east nippon nihon tokyo honshu","title":"Grey Day Imperial Palace Moat","owner":"37824151@N00","latitude":"35.683922","longitude":"139.760052","desc":{"_content":""},"url":"http://farm1.static.flickr.com/754/31243842260_78fd38f19b_b.jpg"},{"name":"30806562273_0f808e100f_b.jpg","datetaken":"2016-08-20 08:39:10","tags":"chiyodaku tōkyōto japan jp imperial palace typhoon mindulle 2016 holiday vacation asia far east nippon nihon tokyo honshu","title":"Gardens Outside","owner":"37824151@N00","latitude":"35.683322","longitude":"139.758561","desc":{"_content":""},"url":"http://farm1.static.flickr.com/58/30806562273_0f808e100f_b.jpg"},{"name":"31579169486_23c1596fe1_b.jpg","datetaken":"2016-08-20 08:58:59","tags":"chiyodaku tōkyōto japan jp wadakura fountain park typhoon mindulle 2016 holiday vacation asia far east nippon nihon tokyo honshu","title":"Wadakura Fountain Park","owner":"37824151@N00","latitude":"35.682163","longitude":"139.764058","desc":{"_content":""},"url":"http://farm1.static.flickr.com/763/31579169486_23c1596fe1_b.jpg"},{"name":"31500586591_c34e14e384_b.jpg","datetaken":"2016-08-20 10:08:39","tags":"chiyodaku tōkyōto japan jp imperial palace typhoon mindulle 2016 holiday vacation asia far east nippon nihon tokyo honshu","title":"Raining Heavily Outside","owner":"37824151@N00","latitude":"35.684394","longitude":"139.758866","desc":{"_content":""},"url":"http://farm1.static.flickr.com/691/31500586591_c34e14e384_b.jpg"},{"name":"30806575223_2b6e309daa_b.jpg","datetaken":"2016-08-20 10:16:08","tags":"chiyodaku tōkyōto japan jp imperial palace typhoon mindulle 2016 holiday vacation asia far east nippon nihon tokyo honshu","title":"Flooding From The Sky","owner":"37824151@N00","latitude":"35.684202","longitude":"139.758919","desc":{"_content":""},"url":"http://farm1.static.flickr.com/589/30806575223_2b6e309daa_b.jpg"},{"name":"31243820790_2b2e89af91_b.jpg","datetaken":"2016-08-20 10:26:41","tags":"chiyodaku tōkyōto japan jp imperial palace kikyomon gate typhoon mindulle 2016 holiday vacation asia far east nippon nihon tokyo honshu","title":"Leaving Via The Kikyo-mon Gate","owner":"37824151@N00","latitude":"35.684013","longitude":"139.758394","desc":{"_content":""},"url":"http://farm1.static.flickr.com/389/31243820790_2b2e89af91_b.jpg"},{"name":"31579141726_08acb31c2f_b.jpg","datetaken":"2016-08-20 10:49:05","tags":"chiyodaku tōkyōto japan jp tokyo central station south gate tower 2016 holiday vacation asia far east nippon nihon honshu","title":"Tokyo Central Station - South Gate Tower Dome","owner":"37824151@N00","latitude":"35.680508","longitude":"139.765688","desc":{"_content":""},"url":"http://farm1.static.flickr.com/341/31579141726_08acb31c2f_b.jpg"},{"name":"31500572391_fa0526f093_b.jpg","datetaken":"2016-08-20 11:32:44","tags":"chiyodaku tōkyōto japan jp tokyo central station shop totoro studio ghibli store 2016 holiday vacation asia far east nippon nihon honshu","title":"Tokyo Central Station - Totoro Shop","owner":"37824151@N00","latitude":"35.681858","longitude":"139.767733","desc":{"_content":""},"url":"http://farm1.static.flickr.com/156/31500572391_fa0526f093_b.jpg"},{"name":"31243813110_b863d1f88a_b.jpg","datetaken":"2016-08-20 13:17:43","tags":"chiyodaku tōkyōto japan jp tokyo metro subway people carriage 2016 holiday vacation asia far east nippon nihon honshu","title":"On The Tokyo Metro","owner":"37824151@N00","latitude":"35.668872","longitude":"139.758325","desc":{"_content":""},"url":"http://farm1.static.flickr.com/341/31243813110_b863d1f88a_b.jpg"},{"name":"31474778342_20d5870afc_b.jpg","datetaken":"2016-08-20 13:34:44","tags":"bunkyōku tōkyōto japan jp origami kaikan tiger wet fold 2016 holiday vacation asia far east nippon nihon tokyo honshu","title":"Origami Tiger","owner":"37824151@N00","latitude":"35.702952","longitude":"139.765491","desc":{"_content":""},"url":"http://farm6.static.flickr.com/5500/31474778342_20d5870afc_b.jpg"},{"name":"30811683683_40e75e1bbe_b.jpg","datetaken":"2016-08-20 13:37:49","tags":"bunkyōku tōkyōto japan jp origami kaikan pegasus wet fold 2016 holiday vacation asia far east nippon nihon tokyo honshu","title":"Origami Pegasus","owner":"37824151@N00","latitude":"35.702952","longitude":"139.765491","desc":{"_content":""},"url":"http://farm1.static.flickr.com/157/30811683683_40e75e1bbe_b.jpg"},{"name":"31584515236_4cd52de5c1_b.jpg","datetaken":"2016-08-20 13:42:56","tags":"bunkyōku tōkyōto japan jp kobayashi kazuo origami master centre director kaikan flower 2016 holiday vacation asia far east nippon nihon tokyo honshu","title":"Origami Flower","owner":"37824151@N00","latitude":"35.702952","longitude":"139.765491","desc":{"_content":""},"url":"http://farm6.static.flickr.com/5595/31584515236_4cd52de5c1_b.jpg"},{"name":"31621673585_c369b01531_b.jpg","datetaken":"2016-08-20 13:48:57","tags":"bunkyōku tōkyōto japan jp kobayashi kazuo origami master centre director kaikan dragon 2016 holiday vacation asia far east nippon nihon tokyo honshu","title":"Making a Dragon","owner":"37824151@N00","latitude":"35.702952","longitude":"139.765491","desc":{"_content":""},"url":"http://farm1.static.flickr.com/382/31621673585_c369b01531_b.jpg"},{"name":"31584502776_4a10eed8a8_b.jpg","datetaken":"2016-08-20 14:01:48","tags":"bunkyōku tōkyōto japan jp kobayashi kazuo origami master centre director kaikan 2016 holiday vacation asia far east nippon nihon tokyo honshu","title":"Kazuo Kobayashi Amazing The Locals","owner":"37824151@N00","latitude":"35.702952","longitude":"139.765491","desc":{"_content":""},"url":"http://farm1.static.flickr.com/70/31584502776_4a10eed8a8_b.jpg"},{"name":"31584973706_3c8f87bb42_b.jpg","datetaken":"2016-08-20 14:20:08","tags":"chiyodaku tōkyōto japan jp ema temple prayer plaques shinto kanda myojin shrine 2016 holiday vacation asia far east nippon nihon tokyo honshu wood wooden","title":"Ema Plaques","owner":"37824151@N00","latitude":"35.701822","longitude":"139.767652","desc":{"_content":""},"url":"http://farm1.static.flickr.com/274/31584973706_3c8f87bb42_b.jpg"},{"name":"31622131775_ea9f746c61_b.jpg","datetaken":"2016-08-20 14:23:21","tags":"chiyodaku tōkyōto japan jp shinto temple kanda myojin shrine wedding ceremony bridge groom 2016 holiday vacation asia far east nippon nihon tokyo honshu","title":"Just Married","owner":"37824151@N00","latitude":"35.701822","longitude":"139.767652","desc":{"_content":""},"url":"http://farm1.static.flickr.com/485/31622131775_ea9f746c61_b.jpg"},{"name":"31481771902_4bc04c1ff3_b.jpg","datetaken":"2016-08-20 14:36:13","tags":"chiyodaku tōkyōto japan jp traditional japanese house 2016 holiday vacation asia far east nippon nihon tokyo honshu","title":"Japanese House Entrance","owner":"37824151@N00","latitude":"35.701263","longitude":"139.767272","desc":{"_content":""},"url":"http://farm1.static.flickr.com/642/31481771902_4bc04c1ff3_b.jpg"},{"name":"30818234643_f88aa65690_b.jpg","datetaken":"2016-08-20 15:17:16","tags":"taitōku tōkyōto japan jp ueno zoo park giant panda shinshin 2016 holiday vacation asia far east nippon nihon tokyo honshu","title":"Another Tired Giant Panda","owner":"37824151@N00","latitude":"35.716725","longitude":"139.770969","desc":{"_content":"It's a hard life being giant"},"url":"http://farm1.static.flickr.com/475/30818234643_f88aa65690_b.jpg"},{"name":"31256131860_a74ae01b8e_b.jpg","datetaken":"2016-08-20 16:08:10","tags":"taitōku tōkyōto japan jp ueno zoo park pagado five storey storeys 2016 holiday vacation asia far east nippon nihon tokyo honshu","title":"Five-storied Pagoda, Ueno Zoo","owner":"37824151@N00","latitude":"35.716725","longitude":"139.770969","desc":{"_content":""},"url":"http://farm1.static.flickr.com/476/31256131860_a74ae01b8e_b.jpg"},{"name":"30787403364_b1f9c842f7_b.jpg","datetaken":"2016-08-20 19:10:16","tags":"taitōku tōkyōto japan jp 2016 holiday vacation asia far east nippon nihon tokyo honshu ueno park ameyoko market chuo dori","title":"Chuo Dori By Night","owner":"37824151@N00","latitude":"35.710669","longitude":"139.773669","desc":{"_content":""},"url":"http://farm1.static.flickr.com/713/30787403364_b1f9c842f7_b.jpg"},{"name":"30787404194_942355f358_b.jpg","datetaken":"2016-08-20 19:29:49","tags":"taitōku tōkyōto japan jp 2016 holiday vacation asia far east nippon nihon tokyo honshu ueno park ameyoko market chuo dori","title":"Eating in Ameyoko Market","owner":"37824151@N00","latitude":"35.710436","longitude":"139.775022","desc":{"_content":""},"url":"http://farm1.static.flickr.com/58/30787404194_942355f358_b.jpg"},{"name":"31591769746_8d856dd582_b.jpg","datetaken":"2016-08-20 19:48:35","tags":"taitōku tōkyōto japan jp 2016 holiday vacation asia far east nippon nihon tokyo honshu chicken skin pork diaphragm ueno park ameyoko market chuo dori","title":"Chicken Skin and Pork Diaphragm","owner":"37824151@N00","latitude":"35.710505","longitude":"139.775005","desc":{"_content":""},"url":"http://farm1.static.flickr.com/343/31591769746_8d856dd582_b.jpg"},{"name":"31629236835_9f0e6d0c07_b.jpg","datetaken":"2016-08-21 09:49:06","tags":"taitōku tōkyōto japan jp nakamise dori sensoji senso ji hozo mon 2016 holiday vacation asia far east nippon nihon tokyo honshu","title":"Nakamise Dori Crowds","owner":"37824151@N00","latitude":"35.711230","longitude":"139.796369","desc":{"_content":""},"url":"http://farm1.static.flickr.com/682/31629236835_9f0e6d0c07_b.jpg"},{"name":"30818933953_2a130f1031_b.jpg","datetaken":"2016-08-21 10:06:47","tags":"taitōku tōkyōto japan jp sensoji senso ji hozo mon 2016 holiday vacation asia far east nippon nihon tokyo honshu","title":"Hozo Mon","owner":"37824151@N00","latitude":"35.713702","longitude":"139.796616","desc":{"_content":""},"url":"http://farm1.static.flickr.com/145/30818933953_2a130f1031_b.jpg"},{"name":"31629253405_8036a92ef3_b.jpg","datetaken":"2016-08-21 10:13:10","tags":"taitōku tōkyōto japan jp sensoji senso ji hozo mon 2016 holiday vacation asia far east nippon nihon tokyo honshu","title":"Hozo Mon - Side View","owner":"37824151@N00","latitude":"35.714052","longitude":"139.797130","desc":{"_content":""},"url":"http://farm1.static.flickr.com/530/31629253405_8036a92ef3_b.jpg"},{"name":"31482414782_ee08506999_b.jpg","datetaken":"2016-08-21 10:19:42","tags":"taitōku tōkyōto japan jp sensoji senso ji fortune lottery omikuji 2016 holiday vacation asia far east nippon nihon tokyo honshu","title":"My Fortune No 83 Bad Fortune (Omikuji)","owner":"37824151@N00","latitude":"35.714161","longitude":"139.796766","desc":{"_content":""},"url":"http://farm1.static.flickr.com/632/31482414782_ee08506999_b.jpg"},{"name":"31482429432_d0e200d8a4_b.jpg","datetaken":"2016-08-21 10:24:15","tags":"taitōku tōkyōto japan jp sensoji senso ji 2016 holiday vacation asia far east nippon nihon tokyo honshu","title":"Burning Incense To Cleanse","owner":"37824151@N00","latitude":"35.714308","longitude":"139.796691","desc":{"_content":""},"url":"http://farm1.static.flickr.com/353/31482429432_d0e200d8a4_b.jpg"},{"name":"31513411121_b67521376e_b.jpg","datetaken":"2016-08-21 10:25:57","tags":"taitōku tōkyōto japan jp sensoji senso ji hozo mon kimono japanese 2016 holiday vacation asia far east nippon nihon tokyo honshu","title":"Beautifully Dressed Japanese","owner":"37824151@N00","latitude":"35.714458","longitude":"139.796713","desc":{"_content":""},"url":"http://farm1.static.flickr.com/690/31513411121_b67521376e_b.jpg"},{"name":"31482419752_a77fca1212_b.jpg","datetaken":"2016-08-21 10:31:00","tags":"taitōku tōkyōto japan jp sensoji senso ji 2016 holiday vacation asia far east nippon nihon tokyo honshu washing purification","title":"Dragon Purification","owner":"37824151@N00","latitude":"35.714386","longitude":"139.796780","desc":{"_content":""},"url":"http://farm1.static.flickr.com/680/31482419752_a77fca1212_b.jpg"},{"name":"31265022000_13d1dd75be_b.jpg","datetaken":"2016-08-21 11:20:23","tags":"taitōku tōkyōto japan jp cat cafe calaugh 2016 holiday vacation asia far east nippon nihon tokyo honshu asakusa","title":"Calaugh Cat Cafe","owner":"37824151@N00","latitude":"35.710516","longitude":"139.797319","desc":{"_content":""},"url":"http://farm1.static.flickr.com/235/31265022000_13d1dd75be_b.jpg"},{"name":"30827180783_7feec5787a_b.jpg","datetaken":"2016-08-21 11:32:07","tags":"taitōku tōkyōto japan jp cat cafe calaugh eating lunch dinner food cats 2016 holiday vacation asia far east nippon nihon tokyo honshu asakusa","title":"Cat Cafe Lunchtime","owner":"37824151@N00","latitude":"35.710516","longitude":"139.797319","desc":{"_content":""},"url":"http://farm1.static.flickr.com/271/30827180783_7feec5787a_b.jpg"},{"name":"31265013350_d417f89dcd_b.jpg","datetaken":"2016-08-21 12:03:00","tags":"taitōku tōkyōto japan jp cat cafe calaugh box cardboard 2016 holiday vacation asia far east nippon nihon tokyo honshu asakusa","title":"Sleepy Box Time","owner":"37824151@N00","latitude":"35.710516","longitude":"139.797319","desc":{"_content":""},"url":"http://farm1.static.flickr.com/454/31265013350_d417f89dcd_b.jpg"},{"name":"30796446124_e574090e1c_b.jpg","datetaken":"2016-08-21 12:19:50","tags":"taitōku tōkyōto japan jp sign metro underground asakusa 2016 holiday vacation asia far east nippon nihon tokyo honshu","title":"Asakusa Station","owner":"37824151@N00","latitude":"35.709122","longitude":"139.796766","desc":{"_content":""},"url":"http://farm1.static.flickr.com/42/30796446124_e574090e1c_b.jpg"},{"name":"30796450614_d8a048c98b_b.jpg","datetaken":"2016-08-21 12:54:01","tags":"sumidaku tōkyōto japan jp pokemon rayquaza tokyo skytree store shop 2016 holiday vacation asia far east nippon nihon honshu","title":"Pikachu & Rayquaza","owner":"37824151@N00","latitude":"35.710072","longitude":"139.810736","desc":{"_content":""},"url":"http://farm1.static.flickr.com/673/30796450614_d8a048c98b_b.jpg"},{"name":"31667871955_b44e684687_b.jpg","datetaken":"2016-08-21 13:15:22","tags":"sumidaku tōkyōto japan jp cafe bar 2016 holiday vacation asia far east nippon nihon tokyo honshu","title":"Inside Cafe Tokyo","owner":"37824151@N00","latitude":"35.709261","longitude":"139.810811","desc":{"_content":""},"url":"http://farm1.static.flickr.com/650/31667871955_b44e684687_b.jpg"},{"name":"30857992673_c0895ebf7b_b.jpg","datetaken":"2016-08-21 15:41:44","tags":"sumidaku tōkyōto japan jp tokyo skytree queue 2016 holiday vacation asia far east nippon nihon honshu","title":"Queuing To Go Up Tokyo Skytree","owner":"37824151@N00","latitude":"35.710072","longitude":"139.810736","desc":{"_content":""},"url":"http://farm1.static.flickr.com/522/30857992673_c0895ebf7b_b.jpg"},{"name":"31667878395_f488d82503_b.jpg","datetaken":"2016-08-21 15:59:53","tags":"sumidaku tōkyōto japan jp tokyo skytree tower 2016 holiday vacation asia far east nippon nihon honshu","title":"Tokyo Tower","owner":"37824151@N00","latitude":"35.710072","longitude":"139.810736","desc":{"_content":""},"url":"http://farm1.static.flickr.com/431/31667878395_f488d82503_b.jpg"},{"name":"31522001242_4840fb6992_b.jpg","datetaken":"2016-08-21 16:03:20","tags":"sumidaku tōkyōto japan jp tokyo skytree minature circuit board 2016 holiday vacation asia far east nippon nihon honshu","title":"Minature Tokyo","owner":"37824151@N00","latitude":"35.710072","longitude":"139.810736","desc":{"_content":"Looks a little like a circuit board"},"url":"http://farm1.static.flickr.com/410/31522001242_4840fb6992_b.jpg"},{"name":"31552372431_557bcec976_b.jpg","datetaken":"2016-08-21 16:06:53","tags":"sumidaku tōkyōto japan jp tokyo skytree 2016 holiday vacation asia far east nippon nihon honshu","title":"Looking North","owner":"37824151@N00","latitude":"35.710072","longitude":"139.810736","desc":{"_content":""},"url":"http://farm1.static.flickr.com/584/31552372431_557bcec976_b.jpg"},{"name":"31295433940_58784395a3_b.jpg","datetaken":"2016-08-21 16:20:49","tags":"sumidaku tōkyōto japan jp sakurabashi bridge x tokyo skytree sumida river 2016 holiday vacation asia far east nippon nihon honshu","title":"Sakurabashi Bridge","owner":"37824151@N00","latitude":"35.710072","longitude":"139.810736","desc":{"_content":""},"url":"http://farm1.static.flickr.com/576/31295433940_58784395a3_b.jpg"},{"name":"31667868975_8ba0ed7de5_b.jpg","datetaken":"2016-08-21 16:55:55","tags":"sumidaku tōkyōto japan jp mount fuji fujiyama tokyo skytree mountain 2016 holiday vacation asia far east nippon nihon honshu","title":"Watching Fujiyama","owner":"37824151@N00","latitude":"35.710072","longitude":"139.810736","desc":{"_content":""},"url":"http://farm1.static.flickr.com/681/31667868975_8ba0ed7de5_b.jpg"},{"name":"31639960146_5160196194_b.jpg","datetaken":"2016-08-21 18:15:06","tags":"shibuyaku tōkyōto japan jp shibuya crossing zebra pedestrian people 2016 holiday vacation asia far east nippon nihon tokyo honshu","title":"Shibuya Crossing - Poised And Ready","owner":"37824151@N00","latitude":"35.659491","longitude":"139.700336","desc":{"_content":""},"url":"http://farm1.static.flickr.com/64/31639960146_5160196194_b.jpg"},{"name":"31561442731_c2c1b2be73_b.jpg","datetaken":"2016-08-21 18:20:27","tags":"shibuyaku tōkyōto japan jp shibuya crossing zebra pedestrian people 2016 holiday vacation asia far east nippon nihon tokyo honshu","title":"Shibuya Crossing - Movement","owner":"37824151@N00","latitude":"35.659491","longitude":"139.700336","desc":{"_content":""},"url":"http://farm1.static.flickr.com/695/31561442731_c2c1b2be73_b.jpg"},{"name":"31639946116_037a2a8a5d_b.jpg","datetaken":"2016-08-21 18:44:05","tags":"shibuyaku tōkyōto japan jp shibuya crossing zebra pedestrian people neon signs 2016 holiday vacation asia far east nippon nihon tokyo honshu","title":"Stood On Shibuya Crossing","owner":"37824151@N00","latitude":"35.659491","longitude":"139.700336","desc":{"_content":""},"url":"http://farm1.static.flickr.com/549/31639946116_037a2a8a5d_b.jpg"},{"name":"31530852432_00b50e4d73_b.jpg","datetaken":"2016-08-21 18:48:31","tags":"shibuyaku tōkyōto japan jp shibuya crossing zebra pedestrian people neon signs 2016 holiday vacation asia far east nippon nihon tokyo honshu","title":"Shibuya Crossing - At Night","owner":"37824151@N00","latitude":"35.659491","longitude":"139.700336","desc":{"_content":""},"url":"http://farm1.static.flickr.com/545/31530852432_00b50e4d73_b.jpg"},{"name":"31530846852_eb791798b1_b.jpg","datetaken":"2016-08-21 18:54:51","tags":"shibuyaku tōkyōto japan jp shibuya hachiko dog statue bronze 2016 holiday vacation asia far east nippon nihon tokyo honshu","title":"Statue of Hachiko In Shibuya","owner":"37824151@N00","latitude":"35.659044","longitude":"139.700583","desc":{"_content":"The story of Hachiko is here -&gt; <a href=\"http://en.rocketnews24.com/2013/12/06/the-last-photo-of-faithful-dog-hachiko-breaks-our-hearts/\" rel=\"nofollow\">en.rocketnews24.com/2013/12/06/the-last-photo-of-faithful...</a>"},"url":"http://farm1.static.flickr.com/358/31530846852_eb791798b1_b.jpg"},{"name":"31561411071_4682541aa4_b.jpg","datetaken":"2016-08-21 19:26:38","tags":"shibuyaku tōkyōto japan jp shibuya ramen pork noodles 2016 holiday vacation asia far east nippon nihon tokyo honshu","title":"First Real Japanese Ramen in Shibuya","owner":"37824151@N00","latitude":"35.660208","longitude":"139.699380","desc":{"_content":""},"url":"http://farm1.static.flickr.com/450/31561411071_4682541aa4_b.jpg"},{"name":"31677209545_28665361b7_b.jpg","datetaken":"2016-08-22 11:06:14","tags":"chiyodaku tōkyōto japan jp akihabara metro entrance 2016 holiday vacation asia far east nippon nihon tokyo honshu","title":"Typhoon Mindulle Still Rains","owner":"37824151@N00","latitude":"35.698383","longitude":"139.772969","desc":{"_content":""},"url":"http://farm1.static.flickr.com/693/31677209545_28665361b7_b.jpg"},{"name":"30867218843_ae274cd43b_b.jpg","datetaken":"2016-08-22 11:48:50","tags":"chiyodaku tōkyōto japan jp akihabara maidreamin maid cafe arcade amusement 2016 holiday vacation asia far east nippon nihon tokyo honshu","title":"Maid Cafe and Amusement Arcades","owner":"37824151@N00","latitude":"35.698274","longitude":"139.771447","desc":{"_content":""},"url":"http://farm1.static.flickr.com/274/30867218843_ae274cd43b_b.jpg"},{"name":"31677213135_0e5b815553_b.jpg","datetaken":"2016-08-22 13:16:47","tags":"chiyodaku tōkyōto japan jp akihabara maid cafe cosplay maidreamin 2016 holiday vacation asia far east nippon nihon tokyo honshu","title":"Leaving The Maid Cafe","owner":"37824151@N00","latitude":"35.698391","longitude":"139.771483","desc":{"_content":"You're not allowed to take photographs which is probably why the woman at the table is staring at me"},"url":"http://farm6.static.flickr.com/5557/31677213135_0e5b815553_b.jpg"},{"name":"31640266056_8bc405a6a5_b.jpg","datetaken":"2016-08-22 13:33:52","tags":"chiyodaku tōkyōto japan jp akihabara super potato 2016 holiday vacation asia far east nippon nihon tokyo honshu","title":"Super Potato Vintage Treasure Trove","owner":"37824151@N00","latitude":"35.699461","longitude":"139.770658","desc":{"_content":""},"url":"http://farm1.static.flickr.com/733/31640266056_8bc405a6a5_b.jpg"},{"name":"30835876784_2e207962b2_b.jpg","datetaken":"2016-08-22 13:39:25","tags":"chiyodaku tōkyōto japan jp akihabara amusement arcade game vintage super potato 2016 holiday vacation asia far east nippon nihon tokyo honshu","title":"Vintage Arcade Games - Super Potato","owner":"37824151@N00","latitude":"35.699461","longitude":"139.770658","desc":{"_content":""},"url":"http://farm1.static.flickr.com/683/30835876784_2e207962b2_b.jpg"},{"name":"30867978303_5956d603ab_b.jpg","datetaken":"2016-08-22 15:51:40","tags":"typhoon mindulle tropical storm taitōku tōkyōto japan jp forecast weather 2016 holiday vacation asia far east nippon nihon tokyo honshu tv television","title":"Tropical Storm Mindulle's Overhead","owner":"37824151@N00","latitude":"35.716413","longitude":"139.766436","desc":{"_content":""},"url":"http://farm1.static.flickr.com/287/30867978303_5956d603ab_b.jpg"},{"name":"31683380735_229333f3ca_b.jpg","datetaken":"2016-08-23 09:43:19","tags":"taitōku tōkyōto japan jp ueno toshogu shrine lanterns shinto park lantern 2016 holiday vacation asia far east nippon nihon tokyo honshu","title":"Ueno Toshogu Shrine Lanterns","owner":"37824151@N00","latitude":"35.715313","longitude":"139.771302","desc":{"_content":""},"url":"http://farm6.static.flickr.com/5558/31683380735_229333f3ca_b.jpg"},{"name":"30873109113_8fd3eb8c52_b.jpg","datetaken":"2016-08-23 09:47:43","tags":"taitōku tōkyōto japan jp ueno toshogu shrine shinto park 2016 holiday vacation asia far east nippon nihon tokyo honshu","title":"Ueno Toshogu Shrine Vista","owner":"37824151@N00","latitude":"35.715330","longitude":"139.771344","desc":{"_content":""},"url":"http://farm1.static.flickr.com/762/30873109113_8fd3eb8c52_b.jpg"},{"name":"30873096453_7899de2189_b.jpg","datetaken":"2016-08-23 09:49:30","tags":"taitōku tōkyōto japan jp ueno toshogu shrine temizuya chozuya shinto park 2016 holiday vacation asia far east nippon nihon tokyo honshu","title":"Chozuya Hand Washing Station","owner":"37824151@N00","latitude":"35.715313","longitude":"139.771302","desc":{"_content":""},"url":"http://farm1.static.flickr.com/502/30873096453_7899de2189_b.jpg"},{"name":"30841796454_f46b0c6692_b.jpg","datetaken":"2016-08-23 09:51:34","tags":"taitōku tōkyōto japan jp ueno toshogu shrine shinto park lanterns lantern trees avenue 2016 holiday vacation asia far east nippon nihon tokyo honshu","title":"Trees and Lanterns - Ueno Toshogu Shrine","owner":"37824151@N00","latitude":"35.715316","longitude":"139.771769","desc":{"_content":""},"url":"http://farm6.static.flickr.com/5560/30841796454_f46b0c6692_b.jpg"},{"name":"31568368481_641288a6b2_b.jpg","datetaken":"2016-08-23 10:14:51","tags":"taitōku tōkyōto japan jp national museum box artefact 2016 holiday vacation asia far east nippon nihon tokyo honshu","title":"Tokyo National Museum - Ancient Box","owner":"37824151@N00","latitude":"35.718700","longitude":"139.776338","desc":{"_content":""},"url":"http://farm1.static.flickr.com/654/31568368481_641288a6b2_b.jpg"},{"name":"31568373031_7415edc61d_b.jpg","datetaken":"2016-08-23 10:17:58","tags":"taitōku tōkyōto japan jp national museum 2016 holiday vacation asia far east nippon nihon tokyo honshu","title":"Tokyo National Museum - Dragon","owner":"37824151@N00","latitude":"35.718700","longitude":"139.776338","desc":{"_content":""},"url":"http://farm1.static.flickr.com/363/31568373031_7415edc61d_b.jpg"},{"name":"31646900626_b8da638c0b_b.jpg","datetaken":"2016-08-23 10:39:31","tags":"taitōku tōkyōto japan jp national museum 2016 holiday vacation asia far east nippon nihon tokyo honshu","title":"Tokyo National Museum - Hidden Message Mirror","owner":"37824151@N00","latitude":"35.718700","longitude":"139.776338","desc":{"_content":""},"url":"http://farm1.static.flickr.com/599/31646900626_b8da638c0b_b.jpg"},{"name":"31646905926_cd5d4b1196_b.jpg","datetaken":"2016-08-23 10:51:49","tags":"taitōku tōkyōto japan jp national museum samurai armour armor 2016 holiday vacation asia far east nippon nihon tokyo honshu","title":"Tokyo National Museum - More Samurai Armour","owner":"37824151@N00","latitude":"35.718700","longitude":"139.776338","desc":{"_content":""},"url":"http://farm1.static.flickr.com/656/31646905926_cd5d4b1196_b.jpg"},{"name":"31683738385_243f78a8ec_b.jpg","datetaken":"2016-08-23 10:55:55","tags":"taitōku tōkyōto japan jp national museum ancient scroll 2016 holiday vacation asia far east nippon nihon tokyo honshu","title":"Tokyo National Museum - Ancient Scroll","owner":"37824151@N00","latitude":"35.718700","longitude":"139.776338","desc":{"_content":""},"url":"http://farm1.static.flickr.com/598/31683738385_243f78a8ec_b.jpg"},{"name":"31683741965_f2a25f5601_b.jpg","datetaken":"2016-08-23 11:12:30","tags":"taitōku tōkyōto japan jp national museum 2016 holiday vacation asia far east nippon nihon tokyo honshu","title":"Tokyo National Museum - Outside The Building","owner":"37824151@N00","latitude":"35.717825","longitude":"139.775711","desc":{"_content":""},"url":"http://farm6.static.flickr.com/5500/31683741965_f2a25f5601_b.jpg"},{"name":"31538279742_ebc259527f_b.jpg","datetaken":"2016-08-23 13:28:44","tags":"shibuyaku tōkyōto japan jp shibuya myth tomorrow taro okamoto metro mural painting 2016 holiday vacation asia far east nippon nihon tokyo honshu","title":"Taro Okamoto's The Myth Of Tomorrow Mural - Shibuya Station","owner":"37824151@N00","latitude":"35.659491","longitude":"139.700336","desc":{"_content":""},"url":"http://farm1.static.flickr.com/531/31538279742_ebc259527f_b.jpg"},{"name":"31647527166_2385543fcd_b.jpg","datetaken":"2016-08-23 13:41:14","tags":"shibuyaku tōkyōto japan jp shibuya 2016 holiday vacation asia far east nippon nihon tokyo honshu","title":"Shibuya Shopping By Day","owner":"37824151@N00","latitude":"35.660072","longitude":"139.699777","desc":{"_content":""},"url":"http://farm1.static.flickr.com/337/31647527166_2385543fcd_b.jpg"},{"name":"30874368333_d7d79a5ddf_b.jpg","datetaken":"2016-08-23 14:51:40","tags":"shibuyaku tōkyōto japan jp torii gate shinto temple shrine yoyogi park 2016 holiday vacation asia far east nippon nihon tokyo honshu","title":"Yoyogi Park Southern Torii Gate","owner":"37824151@N00","latitude":"35.670127","longitude":"139.701888","desc":{"_content":""},"url":"http://farm1.static.flickr.com/232/30874368333_d7d79a5ddf_b.jpg"},{"name":"30874373713_c92862140b_b.jpg","datetaken":"2016-08-23 15:02:17","tags":"shibuyaku tōkyōto japan jp torii gate shinto temple shrine yoyogi park 2016 holiday vacation asia far east nippon nihon tokyo honshu","title":"Western Torii Gate Yoyogi Park","owner":"37824151@N00","latitude":"35.673761","longitude":"139.701752","desc":{"_content":""},"url":"http://farm1.static.flickr.com/147/30874373713_c92862140b_b.jpg"},{"name":"31569391341_27e0be92ed_b.jpg","datetaken":"2016-08-23 15:13:07","tags":"shibuyaku tōkyōto japan jp shinto temple shrine yoyogi park meiji jingu 2016 holiday vacation asia far east nippon nihon tokyo honshu","title":"The Inner Shrine - Meiji Jingu","owner":"37824151@N00","latitude":"35.675852","longitude":"139.699444","desc":{"_content":""},"url":"http://farm1.static.flickr.com/401/31569391341_27e0be92ed_b.jpg"},{"name":"31569396871_ed3fb481de_b.jpg","datetaken":"2016-08-23 15:17:21","tags":"shibuyaku tōkyōto japan jp torii gate shinto temple shrine yoyogi park meiji jingu 2016 holiday vacation asia far east nippon nihon tokyo honshu","title":"Mini Torii Gate - Meiji Jingu","owner":"37824151@N00","latitude":"35.675547","longitude":"139.698736","desc":{"_content":""},"url":"http://farm1.static.flickr.com/460/31569396871_ed3fb481de_b.jpg"},{"name":"31647815286_d5b6ed7507_b.jpg","datetaken":"2016-08-23 15:36:15","tags":"shibuyaku tōkyōto japan jp yoyogi park terrapin pond 2016 holiday vacation asia far east nippon nihon tokyo honshu","title":"Yoyogi Park Terrapin","owner":"37824151@N00","latitude":"35.675958","longitude":"139.703119","desc":{"_content":""},"url":"http://farm1.static.flickr.com/387/31647815286_d5b6ed7507_b.jpg"},{"name":"31685884055_9b94014e37_b.jpg","datetaken":"2016-08-24 11:01:16","tags":"taitōku tōkyōto japan jp yanaka ginza street 2016 holiday vacation asia far east nippon nihon tokyo honshu","title":"Yanaka Ginza - Old World Shopping","owner":"37824151@N00","latitude":"35.727711","longitude":"139.765180","desc":{"_content":""},"url":"http://farm1.static.flickr.com/638/31685884055_9b94014e37_b.jpg"},{"name":"31685879675_249fa9d259_b.jpg","datetaken":"2016-08-24 11:59:51","tags":"arakawaku tōkyōto japan jp yanaka ginza kyooji buddhist temple 2016 holiday vacation asia far east nippon nihon tokyo honshu","title":"Entrance To Kyooji Temple","owner":"37824151@N00","latitude":"35.727911","longitude":"139.768797","desc":{"_content":""},"url":"http://farm1.static.flickr.com/381/31685879675_249fa9d259_b.jpg"},{"name":"30875673373_9ee0cc4e17_b.jpg","datetaken":"2016-08-24 12:05:52","tags":"taitōku tōkyōto japan jp yanaka cemetery toba tohba wooden sticks graveyard 2016 holiday vacation asia far east nippon nihon tokyo honshu","title":"Graveyard To-ba","owner":"37824151@N00","latitude":"35.727047","longitude":"139.770222","desc":{"_content":""},"url":"http://farm1.static.flickr.com/508/30875673373_9ee0cc4e17_b.jpg"},{"name":"30844195854_f3f448d8f3_b.jpg","datetaken":"2016-08-24 12:14:00","tags":"taitōku tōkyōto japan jp yanaka cemetery graveyard toba tohba 2016 holiday vacation asia far east nippon nihon tokyo honshu","title":"Graves, To-ba and Weeds","owner":"37824151@N00","latitude":"35.727047","longitude":"139.770222","desc":{"_content":""},"url":"http://farm1.static.flickr.com/284/30844195854_f3f448d8f3_b.jpg"},{"name":"30844200174_7e81cbd972_b.jpg","datetaken":"2016-08-24 12:29:52","tags":"taitōku tōkyōto japan jp yanaka cemetery graveyard lizard 2016 holiday vacation asia far east nippon nihon tokyo honshu","title":"Lizard In Yanaka Cemetery","owner":"37824151@N00","latitude":"35.725516","longitude":"139.770941","desc":{"_content":""},"url":"http://farm6.static.flickr.com/5608/30844200174_7e81cbd972_b.jpg"},{"name":"31313425990_c4e13aa869_b.jpg","datetaken":"2016-08-24 12:43:58","tags":"taitōku tōkyōto japan jp yanaka cemetery graveyard shogun 2016 holiday vacation asia far east nippon nihon tokyo honshu","title":"Tomb Of The Last Shogun - Yanaka Cemetery","owner":"37824151@N00","latitude":"35.725061","longitude":"139.772294","desc":{"_content":""},"url":"http://farm1.static.flickr.com/671/31313425990_c4e13aa869_b.jpg"},{"name":"30844779464_b5507180a0_b.jpg","datetaken":"2016-08-24 13:19:27","tags":"taitōku tōkyōto japan jp fish head heads soup ice iced ameyoko market ueno 2016 holiday vacation asia far east nippon nihon tokyo honshu","title":"Get Your Fish Heads! Lovely Fish Heads!","owner":"37824151@N00","latitude":"35.710602","longitude":"139.774191","desc":{"_content":""},"url":"http://farm1.static.flickr.com/128/30844779464_b5507180a0_b.jpg"},{"name":"31571234141_d6d0053323_b.jpg","datetaken":"2016-08-24 15:39:11","tags":"shibuyaku tōkyōto japan jp shinjuku gyoen gardens garden japanese taiwan pavillion 2016 holiday vacation asia far east nippon nihon tokyo honshu","title":"Shinjuku Gyoen Gardens","owner":"37824151@N00","latitude":"35.684450","longitude":"139.708691","desc":{"_content":""},"url":"http://farm6.static.flickr.com/5614/31571234141_d6d0053323_b.jpg"},{"name":"31314071930_859d22ef58_b.jpg","datetaken":"2016-08-24 15:44:47","tags":"shinjukuku tōkyōto japan jp shinjuku gyoen gardens garden japanese taiwan pavillion 2016 holiday vacation asia far east nippon nihon tokyo honshu","title":"Looking Back At Taiwan Pavillion","owner":"37824151@N00","latitude":"35.684961","longitude":"139.708816","desc":{"_content":""},"url":"http://farm1.static.flickr.com/727/31314071930_859d22ef58_b.jpg"},{"name":"30844925494_a6d2495172_b.jpg","datetaken":"2016-08-24 15:55:29","tags":"shinjukuku tōkyōto japan jp shinjuku gyoen gardens garden japanese 2016 holiday vacation asia far east nippon nihon tokyo honshu","title":"Japanese Bridge in Shinjuku Gyoen Gardens","owner":"37824151@N00","latitude":"35.685744","longitude":"139.706530","desc":{"_content":""},"url":"http://farm1.static.flickr.com/124/30844925494_a6d2495172_b.jpg"},{"name":"31540407192_3769fd2304_b.jpg","datetaken":"2016-08-24 15:59:56","tags":"shinjukuku tōkyōto japan jp shinjuku gyoen gardens garden japanese 2016 holiday vacation asia far east nippon nihon tokyo honshu","title":"Shinjuku Gyoen Gardens","owner":"37824151@N00","latitude":"35.685744","longitude":"139.706530","desc":{"_content":""},"url":"http://farm1.static.flickr.com/311/31540407192_3769fd2304_b.jpg"},{"name":"30845543734_1c9c5b4da8_b.jpg","datetaken":"2016-08-24 18:17:25","tags":"taitōku tōkyōto japan jp super maretsu supermarket market petit ueno park 2016 holiday vacation asia far east nippon nihon tokyo honshu","title":"The Local Supermarket in Ueno","owner":"37824151@N00","latitude":"35.716413","longitude":"139.766436","desc":{"_content":""},"url":"http://farm1.static.flickr.com/335/30845543734_1c9c5b4da8_b.jpg"},{"name":"31687038335_d73c59456c_b.jpg","datetaken":"2016-08-25 09:02:22","tags":"taitōku tōkyōto japan jp house rental shinobazu dori accommodation apartment building toilet japanese ueno park 2016 holiday vacation asia far east nippon nihon tokyo honshu electronic","title":"Modern Japanese Toilet","owner":"37824151@N00","latitude":"35.716413","longitude":"139.766436","desc":{"_content":""},"url":"http://farm1.static.flickr.com/573/31687038335_d73c59456c_b.jpg"},{"name":"31540971282_78e28124a8_b.jpg","datetaken":"2016-08-25 09:21:59","tags":"taitōku tōkyōto japan jp house rental shinobazu dori accommodation apartment building kitchen table tv sink microwave ueno park 2016 holiday vacation asia far east nippon nihon tokyo honshu","title":"Tokyo Rental Kitchen","owner":"37824151@N00","latitude":"35.716413","longitude":"139.766436","desc":{"_content":""},"url":"http://farm1.static.flickr.com/670/31540971282_78e28124a8_b.jpg"},{"name":"31540966392_a6e3183f6c_b.jpg","datetaken":"2016-08-25 09:23:11","tags":"taitōku tōkyōto japan jp house rental shinobazu dori accommodation apartment building shoe rack ueno park 2016 holiday vacation asia far east nippon nihon tokyo honshu","title":"Entranceway ShoeRack","owner":"37824151@N00","latitude":"35.716413","longitude":"139.766436","desc":{"_content":""},"url":"http://farm1.static.flickr.com/546/31540966392_a6e3183f6c_b.jpg"},{"name":"31541325012_7a57fa17ed_b.jpg","datetaken":"2016-08-25 10:14:15","tags":"chiyodaku tōkyōto japan jp shinkansen bullet train hikari 2016 holiday vacation asia far east nippon nihon tokyo honshu","title":"Tokyo Central Bento Box Shop","owner":"37824151@N00","latitude":"35.681283","longitude":"139.766950","desc":{"_content":""},"url":"http://farm6.static.flickr.com/5612/31541325012_7a57fa17ed_b.jpg"},{"name":"31541330752_1b5433155d_b.jpg","datetaken":"2016-08-25 10:56:12","tags":"chiyodaku tōkyōto japan jp shinkansen bullet train hikari white light 2016 holiday vacation asia far east nippon nihon tokyo honshu","title":"The Bullet Train Arrives","owner":"37824151@N00","latitude":"35.681283","longitude":"139.766950","desc":{"_content":""},"url":"http://farm6.static.flickr.com/5564/31541330752_1b5433155d_b.jpg"},{"name":"31650743056_d021dbb3a0_b.jpg","datetaken":"2016-08-25 11:03:43","tags":"chiyodaku tōkyōto japan jp shinkansen bullet train hikari 2016 holiday vacation asia far east nippon nihon tokyo honshu","title":"The 11:33 To Kyoto (well To Osaka)","owner":"37824151@N00","latitude":"35.681283","longitude":"139.766950","desc":{"_content":""},"url":"http://farm1.static.flickr.com/321/31650743056_d021dbb3a0_b.jpg"},{"name":"31650746986_cd80fe3f76_b.jpg","datetaken":"2016-08-25 11:47:25","tags":"minatoku tōkyōto japan jp shinkansen bullet train hikari bento box food 2016 holiday vacation asia far east nippon nihon tokyo honshu","title":"Amazing Cooked Bento Box","owner":"37824151@N00","latitude":"35.646208","longitude":"139.748925","desc":{"_content":""},"url":"http://farm1.static.flickr.com/481/31650746986_cd80fe3f76_b.jpg"}]

