[{"name":"27448722556_d4809e94ef_b.jpg","datetaken":"2016-05-13 08:30:39","tags":"venice vacation italy holiday gold canal grande italia day grand carving gondola arrival venezia gondolier","title":"Gondola Decor - Neptune, Poseidon, Triton","owner":"30004891@N00","latitude":"45.434523","longitude":"12.336487","desc":{"_content":""},"url":"http://farm8.static.flickr.com/7465/27448722556_d4809e94ef_b.jpg"},{"name":"27448728746_990bbd1fa2_b.jpg","datetaken":"2016-05-13 14:17:11","tags":"venice vacation italy holiday gold canal grande italia day grand carving gondola arrival venezia gondolier","title":"Gondolas and Rialto Bridge","owner":"30004891@N00","latitude":"45.436440","longitude":"12.333322","desc":{"_content":""},"url":"http://farm8.static.flickr.com/7728/27448728746_990bbd1fa2_b.jpg"},{"name":"27482929185_93e7bab85f_b.jpg","datetaken":"2016-05-13 14:41:12","tags":"venice vacation italy holiday gold canal grande italia day grand carving gondola arrival venezia gondolier","title":"Scenes From an Italian Restaurant (Accidental Tilt Shift)","owner":"30004891@N00","latitude":"45.434523","longitude":"12.336487","desc":{"_content":""},"url":"http://farm8.static.flickr.com/7495/27482929185_93e7bab85f_b.jpg"},{"name":"27448737146_269d23bc57_b.jpg","datetaken":"2016-05-13 14:41:53","tags":"venice vacation italy holiday gold canal grande italia day grand carving gondola arrival venezia gondolier","title":"Scenes From an Italian Restaurant","owner":"30004891@N00","latitude":"45.434523","longitude":"12.336487","desc":{"_content":""},"url":"http://farm8.static.flickr.com/7394/27448737146_269d23bc57_b.jpg"},{"name":"27412176002_7a5bf35050_b.jpg","datetaken":"2016-05-14 05:13:53","tags":"new old bridge venice vacation italy holiday reflection church water boats boat canal italia locals basilica bricks grand gondola walls venezia gondolier","title":"Old and New - Godolas and Boats","owner":"30004891@N00","latitude":"45.431753","longitude":"12.328870","desc":{"_content":""},"url":"http://farm8.static.flickr.com/7788/27412176002_7a5bf35050_b.jpg"},{"name":"26901887364_e50b899678_b.jpg","datetaken":"2016-05-14 05:21:03","tags":"new old bridge venice vacation italy holiday reflection church water boats boat canal italia locals basilica bricks grand gondola walls venezia gondolier","title":"Column Patterns","owner":"30004891@N00","latitude":"45.431463","longitude":"12.327979","desc":{"_content":""},"url":"http://farm8.static.flickr.com/7048/26901887364_e50b899678_b.jpg"},{"name":"26903139913_1015db2682_b.jpg","datetaken":"2016-05-14 05:22:33","tags":"new old bridge venice vacation italy holiday reflection church water boats boat canal italia locals basilica bricks grand gondola walls venezia gondolier","title":"Blending in With the Tourists","owner":"30004891@N00","latitude":"45.431764","longitude":"12.327346","desc":{"_content":""},"url":"http://farm8.static.flickr.com/7687/26903139913_1015db2682_b.jpg"},{"name":"27412186592_c5d658493e_b.jpg","datetaken":"2016-05-14 05:51:32","tags":"new old bridge venice vacation italy holiday reflection church water boats boat canal italia locals basilica bricks grand gondola walls venezia gondolier","title":"Reserved","owner":"30004891@N00","latitude":"45.430921","longitude":"12.328494","desc":{"_content":""},"url":"http://farm8.static.flickr.com/7528/27412186592_c5d658493e_b.jpg"},{"name":"27438873861_6e60194fca_b.jpg","datetaken":"2016-05-14 05:53:02","tags":"new old bridge venice vacation italy holiday reflection church water boats boat canal italia locals basilica bricks grand gondola walls venezia gondolier","title":"Reflections and Moss","owner":"30004891@N00","latitude":"45.432570","longitude":"12.325168","desc":{"_content":""},"url":"http://farm8.static.flickr.com/7249/27438873861_6e60194fca_b.jpg"},{"name":"26901900984_b8f868bc1e_b.jpg","datetaken":"2016-05-14 05:54:02","tags":"new old bridge venice vacation italy holiday reflection church water boats boat canal italia locals basilica bricks grand gondola walls venezia gondolier","title":"Venice, Italy","owner":"30004891@N00","latitude":"45.432570","longitude":"12.325168","desc":{"_content":""},"url":"http://farm8.static.flickr.com/7420/26901900984_b8f868bc1e_b.jpg"},{"name":"27412201872_5718ae5a5a_b.jpg","datetaken":"2016-05-14 05:57:20","tags":"new old bridge venice vacation italy holiday reflection church water boats boat canal italia locals basilica bricks grand gondola walls venezia gondolier","title":"The Bridge","owner":"30004891@N00","latitude":"45.432570","longitude":"12.325168","desc":{"_content":""},"url":"http://farm8.static.flickr.com/7514/27412201872_5718ae5a5a_b.jpg"},{"name":"26901908664_c697e785ea_b.jpg","datetaken":"2016-05-14 05:57:36","tags":"new old bridge venice vacation italy holiday reflection church water boats boat canal italia locals basilica bricks grand gondola walls venezia gondolier","title":"Gondola Ferro","owner":"30004891@N00","latitude":"45.432570","longitude":"12.325168","desc":{"_content":""},"url":"http://farm8.static.flickr.com/7407/26901908664_c697e785ea_b.jpg"},{"name":"26901910744_ed3e77efed_b.jpg","datetaken":"2016-05-14 06:07:06","tags":"new old bridge venice vacation italy holiday reflection church water boats boat canal italia locals basilica bricks grand gondola walls venezia gondolier","title":"Venice, Italy","owner":"30004891@N00","latitude":"45.432570","longitude":"12.325168","desc":{"_content":""},"url":"http://farm8.static.flickr.com/7390/26901910744_ed3e77efed_b.jpg"},{"name":"27438884431_8a392e8240_b.jpg","datetaken":"2016-05-14 06:14:03","tags":"new old bridge venice vacation italy holiday reflection church water boats boat canal italia locals basilica bricks grand gondola walls venezia gondolier","title":"Venice Reflections","owner":"30004891@N00","latitude":"45.430921","longitude":"12.328494","desc":{"_content":""},"url":"http://farm8.static.flickr.com/7394/27438884431_8a392e8240_b.jpg"},{"name":"26903159863_1f1927bdf2_b.jpg","datetaken":"2016-05-14 06:17:37","tags":"new old bridge venice vacation italy holiday reflection church water boats boat canal italia locals basilica bricks grand gondola walls venezia gondolier","title":"Gondola Ornaments","owner":"30004891@N00","latitude":"45.433067","longitude":"12.324975","desc":{"_content":""},"url":"http://farm8.static.flickr.com/7717/26903159863_1f1927bdf2_b.jpg"},{"name":"26901920064_2870fcfdd0_b.jpg","datetaken":"2016-05-14 06:19:40","tags":"new old bridge venice vacation italy holiday reflection church water boats boat canal italia locals basilica bricks grand gondola walls venezia gondolier","title":"Da Vince","owner":"30004891@N00","latitude":"45.433067","longitude":"12.324975","desc":{"_content":""},"url":"http://farm8.static.flickr.com/7242/26901920064_2870fcfdd0_b.jpg"},{"name":"26901922524_415a6a5afd_b.jpg","datetaken":"2016-05-14 06:47:04","tags":"new old bridge venice vacation italy holiday reflection church water boats boat canal italia locals basilica bricks grand gondola walls venezia gondolier","title":"Venice, Italy","owner":"30004891@N00","latitude":"45.433067","longitude":"12.324975","desc":{"_content":""},"url":"http://farm8.static.flickr.com/7747/26901922524_415a6a5afd_b.jpg"},{"name":"26903169193_fb49c25441_b.jpg","datetaken":"2016-05-14 07:06:44","tags":"new old bridge venice vacation italy holiday reflection church water boats boat canal italia locals basilica bricks grand gondola walls venezia gondolier","title":"MC Escher in Venice","owner":"30004891@N00","latitude":"45.434565","longitude":"12.326123","desc":{"_content":""},"url":"http://farm8.static.flickr.com/7702/26903169193_fb49c25441_b.jpg"},{"name":"27412227862_1a62ab7e6d_b.jpg","datetaken":"2016-05-14 07:16:09","tags":"new old bridge venice vacation italy holiday reflection church water boats boat canal italia locals basilica bricks grand gondola walls venezia gondolier","title":"MC Escher in Venice","owner":"30004891@N00","latitude":"45.434565","longitude":"12.326123","desc":{"_content":""},"url":"http://farm8.static.flickr.com/7426/27412227862_1a62ab7e6d_b.jpg"},{"name":"27438900281_5f815e2a42_b.jpg","datetaken":"2016-05-14 07:16:09","tags":"new old bridge venice vacation italy holiday reflection church water boats boat canal italia locals basilica bricks grand gondola walls venezia gondolier","title":"MC Escher in Venice","owner":"30004891@N00","latitude":"45.434565","longitude":"12.326123","desc":{"_content":""},"url":"http://farm8.static.flickr.com/7297/27438900281_5f815e2a42_b.jpg"},{"name":"27412230152_60e81d6e1c_b.jpg","datetaken":"2016-05-14 07:23:49","tags":"new old bridge venice vacation italy holiday reflection church water boats boat canal italia locals basilica bricks grand gondola walls venezia gondolier","title":"We're All Vampires","owner":"30004891@N00","latitude":"45.430921","longitude":"12.328494","desc":{"_content":""},"url":"http://farm8.static.flickr.com/7340/27412230152_60e81d6e1c_b.jpg"},{"name":"27438903091_104801f300_b.jpg","datetaken":"2016-05-14 07:32:13","tags":"new old bridge venice vacation italy holiday reflection church water boats boat canal italia locals basilica bricks grand gondola walls venezia gondolier","title":"Ornaments Wearing Ornaments","owner":"30004891@N00","latitude":"45.430921","longitude":"12.328494","desc":{"_content":""},"url":"http://farm8.static.flickr.com/7545/27438903091_104801f300_b.jpg"},{"name":"27412233282_f23f38369b_b.jpg","datetaken":"2016-05-14 07:48:21","tags":"new old bridge venice vacation italy holiday reflection church water boats boat canal italia locals basilica bricks grand gondola walls venezia gondolier","title":"Our Favorite View","owner":"30004891@N00","latitude":"45.430921","longitude":"12.328494","desc":{"_content":""},"url":"http://farm8.static.flickr.com/7259/27412233282_f23f38369b_b.jpg"},{"name":"27438905291_c7e20dd5d7_b.jpg","datetaken":"2016-05-14 07:50:08","tags":"new old bridge venice vacation italy holiday reflection church water boats boat canal italia locals basilica bricks grand gondola walls venezia gondolier","title":"Venice Reflections","owner":"30004891@N00","latitude":"45.430921","longitude":"12.328494","desc":{"_content":""},"url":"http://farm8.static.flickr.com/7361/27438905291_c7e20dd5d7_b.jpg"},{"name":"27412234822_63ccc06156_b.jpg","datetaken":"2016-05-14 07:59:58","tags":"new old bridge venice vacation italy holiday reflection church water boats boat canal italia locals basilica bricks grand gondola walls venezia gondolier","title":"Getting Ready for the Act","owner":"30004891@N00","latitude":"45.431516","longitude":"12.328119","desc":{"_content":""},"url":"http://farm8.static.flickr.com/7356/27412234822_63ccc06156_b.jpg"},{"name":"27476632586_0d0a4d3f7c_b.jpg","datetaken":"2016-05-14 08:05:24","tags":"new old bridge venice vacation italy holiday reflection church water boats boat canal italia locals basilica bricks grand gondola walls venezia gondolier","title":"Venice Architecture","owner":"30004891@N00","latitude":"45.430921","longitude":"12.328494","desc":{"_content":""},"url":"http://farm8.static.flickr.com/7566/27476632586_0d0a4d3f7c_b.jpg"},{"name":"27511143485_bcdb29bb41_b.jpg","datetaken":"2016-05-14 08:11:58","tags":"new old bridge venice vacation italy holiday reflection church water boats boat canal italia locals basilica bricks grand gondola walls venezia gondolier","title":"Venetian Gondola","owner":"30004891@N00","latitude":"45.430658","longitude":"12.329921","desc":{"_content":""},"url":"http://farm8.static.flickr.com/7132/27511143485_bcdb29bb41_b.jpg"},{"name":"26901948384_5a9b361d5e_b.jpg","datetaken":"2016-05-14 08:14:34","tags":"new old bridge venice vacation italy holiday reflection church water boats boat canal italia locals basilica bricks grand gondola walls venezia gondolier","title":"Vintage Ferro","owner":"30004891@N00","latitude":"45.430658","longitude":"12.329921","desc":{"_content":""},"url":"http://farm8.static.flickr.com/7448/26901948384_5a9b361d5e_b.jpg"},{"name":"27511145055_22a28a7acb_b.jpg","datetaken":"2016-05-14 08:14:47","tags":"new old bridge venice vacation italy holiday reflection church water boats boat canal italia locals basilica bricks grand gondola walls venezia gondolier","title":"Vintage Gondola","owner":"30004891@N00","latitude":"45.430658","longitude":"12.329921","desc":{"_content":""},"url":"http://farm8.static.flickr.com/7591/27511145055_22a28a7acb_b.jpg"},{"name":"26901953924_cdfb204c61_b.jpg","datetaken":"2016-05-14 08:14:58","tags":"new old bridge venice vacation italy holiday reflection church water boats boat canal italia locals basilica bricks grand gondola walls venezia gondolier","title":"Getting Lost in Venice","owner":"30004891@N00","latitude":"45.430658","longitude":"12.329921","desc":{"_content":""},"url":"http://farm8.static.flickr.com/7750/26901953924_cdfb204c61_b.jpg"},{"name":"27438922061_22ebe549dd_b.jpg","datetaken":"2016-05-14 08:32:35","tags":"new old bridge venice vacation italy holiday reflection church water boats boat canal italia locals basilica bricks grand gondola walls venezia gondolier","title":"Guggenheim Art","owner":"30004891@N00","latitude":"45.430673","longitude":"12.331316","desc":{"_content":""},"url":"http://farm8.static.flickr.com/7723/27438922061_22ebe549dd_b.jpg"},{"name":"27412240982_480ed1fb81_b.jpg","datetaken":"2016-05-14 08:39:47","tags":"new old bridge venice vacation italy holiday reflection church water boats boat canal italia locals basilica bricks grand gondola walls venezia gondolier","title":"Basilica di Santa Maria della Salute","owner":"30004891@N00","latitude":"45.430673","longitude":"12.331316","desc":{"_content":""},"url":"http://farm8.static.flickr.com/7753/27412240982_480ed1fb81_b.jpg"},{"name":"26901964354_b8d0251c33_b.jpg","datetaken":"2016-05-14 08:40:53","tags":"new old bridge venice vacation italy holiday reflection church water boats boat canal italia locals basilica bricks grand gondola walls venezia gondolier","title":"Venice Reflections","owner":"30004891@N00","latitude":"45.429867","longitude":"12.332603","desc":{"_content":""},"url":"http://farm8.static.flickr.com/7379/26901964354_b8d0251c33_b.jpg"},{"name":"26901967294_df49e66ed5_b.jpg","datetaken":"2016-05-14 08:47:42","tags":"new old bridge venice vacation italy holiday reflection church water boats boat canal italia locals basilica bricks grand gondola walls venezia gondolier","title":"Le Forcole Shop","owner":"30004891@N00","latitude":"45.429867","longitude":"12.332603","desc":{"_content":""},"url":"http://farm8.static.flickr.com/7750/26901967294_df49e66ed5_b.jpg"},{"name":"27438932881_10f4e23d01_b.jpg","datetaken":"2016-05-14 08:47:49","tags":"new old bridge venice vacation italy holiday reflection church water boats boat canal italia locals basilica bricks grand gondola walls venezia gondolier","title":"Le Forcole Shop","owner":"30004891@N00","latitude":"45.429867","longitude":"12.332603","desc":{"_content":""},"url":"http://farm8.static.flickr.com/7333/27438932881_10f4e23d01_b.jpg"},{"name":"27234728200_99d811eae8_b.jpg","datetaken":"2016-05-14 08:49:28","tags":"new old bridge venice vacation italy holiday reflection church water boats boat canal italia locals basilica bricks grand gondola walls venezia gondolier","title":"Venice, Italy","owner":"30004891@N00","latitude":"45.429867","longitude":"12.332603","desc":{"_content":""},"url":"http://farm8.static.flickr.com/7289/27234728200_99d811eae8_b.jpg"},{"name":"26903206263_bfc0ae4a87_b.jpg","datetaken":"2016-05-14 09:08:59","tags":"new old bridge venice vacation italy holiday reflection church water boats boat canal italia locals basilica bricks grand gondola walls venezia gondolier","title":"Oars Getting Prepped","owner":"30004891@N00","latitude":"45.429453","longitude":"12.326520","desc":{"_content":""},"url":"http://farm8.static.flickr.com/7206/26903206263_bfc0ae4a87_b.jpg"},{"name":"26901979834_68a2c3b59b_b.jpg","datetaken":"2016-05-14 09:14:55","tags":"new old bridge venice vacation italy holiday reflection church water boats boat canal italia locals basilica bricks grand gondola walls venezia gondolier","title":"Venice, Italy","owner":"30004891@N00","latitude":"45.429453","longitude":"12.326520","desc":{"_content":""},"url":"http://farm8.static.flickr.com/7124/26901979834_68a2c3b59b_b.jpg"},{"name":"27412271102_14522babcf_b.jpg","datetaken":"2016-05-14 09:17:59","tags":"new old bridge venice vacation italy holiday reflection church water boats boat canal italia locals basilica bricks grand gondola walls venezia gondolier","title":"DSC_5733 2","owner":"30004891@N00","latitude":"45.429599","longitude":"12.342624","desc":{"_content":""},"url":"http://farm8.static.flickr.com/7595/27412271102_14522babcf_b.jpg"},{"name":"27412273322_669f7614af_b.jpg","datetaken":"2016-05-14 09:30:27","tags":"new old bridge venice vacation italy holiday reflection church water boats boat canal italia locals basilica bricks grand gondola walls venezia gondolier","title":"DSC_5771 2","owner":"30004891@N00","latitude":"45.430884","longitude":"12.334460","desc":{"_content":""},"url":"http://farm8.static.flickr.com/7371/27412273322_669f7614af_b.jpg"},{"name":"27412275442_17a8a5078f_b.jpg","datetaken":"2016-05-14 09:37:40","tags":"new old bridge venice vacation italy holiday reflection church water boats boat canal italia locals basilica bricks grand gondola walls venezia gondolier","title":"DSC_5795 2","owner":"30004891@N00","latitude":"45.430884","longitude":"12.334460","desc":{"_content":""},"url":"http://farm8.static.flickr.com/7083/27412275442_17a8a5078f_b.jpg"},{"name":"26901988914_584fbd3acb_b.jpg","datetaken":"2016-05-14 09:37:47","tags":"new old bridge venice vacation italy holiday reflection church water boats boat canal italia locals basilica bricks grand gondola walls venezia gondolier","title":"DSC_5797 2","owner":"30004891@N00","latitude":"45.430884","longitude":"12.334460","desc":{"_content":""},"url":"http://farm8.static.flickr.com/7206/26901988914_584fbd3acb_b.jpg"},{"name":"27234754800_cf9e5a973b_b.jpg","datetaken":"2016-05-14 09:40:02","tags":"new old bridge venice vacation italy holiday reflection church water boats boat canal italia locals basilica bricks grand gondola walls venezia gondolier","title":"Basilica di Santa Maria della Salute","owner":"30004891@N00","latitude":"45.430884","longitude":"12.334460","desc":{"_content":""},"url":"http://farm8.static.flickr.com/7685/27234754800_cf9e5a973b_b.jpg"},{"name":"27476695956_4df3d4ba6e_b.jpg","datetaken":"2016-05-14 09:43:06","tags":"new old bridge venice vacation italy holiday reflection church water boats boat canal italia locals basilica bricks grand gondola walls venezia gondolier","title":"Basilica di Santa Maria della Salute","owner":"30004891@N00","latitude":"45.430884","longitude":"12.334460","desc":{"_content":""},"url":"http://farm8.static.flickr.com/7349/27476695956_4df3d4ba6e_b.jpg"},{"name":"27476697226_43b7431002_b.jpg","datetaken":"2016-05-14 09:43:06","tags":"new old bridge venice vacation italy holiday reflection church water boats boat canal italia locals basilica bricks grand gondola walls venezia gondolier","title":"Basilica di Santa Maria della Salute","owner":"30004891@N00","latitude":"45.430884","longitude":"12.334460","desc":{"_content":""},"url":"http://farm8.static.flickr.com/7359/27476697226_43b7431002_b.jpg"},{"name":"26903228033_af31f02c04_b.jpg","datetaken":"2016-05-14 09:49:18","tags":"new old bridge venice vacation italy holiday reflection church water boats boat canal italia locals basilica bricks grand gondola walls venezia gondolier","title":"The Fastest Way Around Venice!","owner":"30004891@N00","latitude":"45.430884","longitude":"12.334460","desc":{"_content":""},"url":"http://farm8.static.flickr.com/7229/26903228033_af31f02c04_b.jpg"},{"name":"27438958821_2d7b1610c1_b.jpg","datetaken":"2016-05-14 09:59:21","tags":"new old bridge venice vacation italy holiday reflection church water boats boat canal italia locals basilica bricks grand gondola walls venezia gondolier","title":"Venice Balcony","owner":"30004891@N00","latitude":"45.430228","longitude":"12.333301","desc":{"_content":""},"url":"http://farm8.static.flickr.com/7288/27438958821_2d7b1610c1_b.jpg"},{"name":"27412292292_070edc0c30_b.jpg","datetaken":"2016-05-14 10:03:28","tags":"new old bridge venice vacation italy holiday reflection church water boats boat canal italia locals basilica bricks grand gondola walls venezia gondolier","title":"Deterioration","owner":"30004891@N00","latitude":"45.430228","longitude":"12.333301","desc":{"_content":""},"url":"http://farm8.static.flickr.com/7788/27412292292_070edc0c30_b.jpg"},{"name":"27234765060_044836aca7_b.jpg","datetaken":"2016-05-14 10:07:08","tags":"new old bridge venice vacation italy holiday reflection church water boats boat canal italia locals basilica bricks grand gondola walls venezia gondolier","title":"Abstract Selfie","owner":"30004891@N00","latitude":"45.430228","longitude":"12.333301","desc":{"_content":""},"url":"http://farm8.static.flickr.com/7415/27234765060_044836aca7_b.jpg"},{"name":"27234769380_2e602a3573_b.jpg","datetaken":"2016-05-14 10:23:15","tags":"new old bridge venice vacation italy holiday reflection church water boats boat canal italia locals basilica bricks grand gondola walls venezia gondolier","title":"The Gondola Shop","owner":"30004891@N00","latitude":"45.430247","longitude":"12.326080","desc":{"_content":""},"url":"http://farm8.static.flickr.com/7069/27234769380_2e602a3573_b.jpg"},{"name":"27476717936_f802a60303_b.jpg","datetaken":"2016-05-14 10:52:00","tags":"new old bridge venice vacation italy holiday reflection church water boats boat canal italia locals basilica bricks grand gondola walls venezia gondolier","title":"Boat Scales","owner":"30004891@N00","latitude":"45.430247","longitude":"12.326080","desc":{"_content":""},"url":"http://farm8.static.flickr.com/7269/27476717936_f802a60303_b.jpg"},{"name":"27412303712_96994b3de4_b.jpg","datetaken":"2016-05-14 10:52:10","tags":"new old bridge venice vacation italy holiday reflection church water boats boat canal italia locals basilica bricks grand gondola walls venezia gondolier","title":"Venice Reflections","owner":"30004891@N00","latitude":"45.430247","longitude":"12.326080","desc":{"_content":""},"url":"http://farm8.static.flickr.com/7360/27412303712_96994b3de4_b.jpg"},{"name":"26902019944_55ce483205_b.jpg","datetaken":"2016-05-14 11:28:56","tags":"new old bridge venice vacation italy holiday reflection church water boats boat canal italia locals basilica bricks grand gondola walls venezia gondolier","title":"Happy Gondolier","owner":"30004891@N00","latitude":"45.430247","longitude":"12.326080","desc":{"_content":""},"url":"http://farm8.static.flickr.com/7340/26902019944_55ce483205_b.jpg"},{"name":"27412309262_26d7ee7621_b.jpg","datetaken":"2016-05-14 11:39:00","tags":"new old bridge venice vacation italy holiday reflection church water boats boat canal italia locals basilica bricks grand gondola walls venezia gondolier","title":"Accademia Bridge","owner":"30004891@N00","latitude":"45.431753","longitude":"12.328870","desc":{"_content":""},"url":"http://farm8.static.flickr.com/7357/27412309262_26d7ee7621_b.jpg"},{"name":"27412310922_e34fa22de0_b.jpg","datetaken":"2016-05-14 11:39:03","tags":"new old bridge venice vacation italy holiday reflection church water boats boat canal italia locals basilica bricks grand gondola walls venezia gondolier","title":"Accademia Bridge","owner":"30004891@N00","latitude":"45.431753","longitude":"12.328870","desc":{"_content":""},"url":"http://farm8.static.flickr.com/7473/27412310922_e34fa22de0_b.jpg"},{"name":"27476735266_6742a48e5b_b.jpg","datetaken":"2016-05-14 12:03:38","tags":"new old bridge venice vacation italy holiday reflection church water boats boat canal italia locals basilica bricks grand gondola walls venezia gondolier","title":"Reflecting in Venice","owner":"30004891@N00","latitude":"45.434523","longitude":"12.336487","desc":{"_content":""},"url":"http://farm8.static.flickr.com/7285/27476735266_6742a48e5b_b.jpg"},{"name":"27412314842_e3d5340c5c_b.jpg","datetaken":"2016-05-14 12:05:48","tags":"new old bridge venice vacation italy holiday reflection church water boats boat canal italia locals basilica bricks grand gondola walls venezia gondolier","title":"Venice Reflections","owner":"30004891@N00","latitude":"45.434523","longitude":"12.336487","desc":{"_content":""},"url":"http://farm8.static.flickr.com/7362/27412314842_e3d5340c5c_b.jpg"},{"name":"27511212585_fbbd47e677_b.jpg","datetaken":"2016-05-14 12:07:36","tags":"new old bridge venice vacation italy holiday reflection church water boats boat canal italia locals basilica bricks grand gondola walls venezia gondolier","title":"Venice Reflections","owner":"30004891@N00","latitude":"45.434523","longitude":"12.336487","desc":{"_content":""},"url":"http://farm8.static.flickr.com/7626/27511212585_fbbd47e677_b.jpg"},{"name":"27476742566_1e56d4333f_b.jpg","datetaken":"2016-05-14 12:16:15","tags":"new old bridge venice vacation italy holiday reflection church water boats boat canal italia locals basilica bricks grand gondola walls venezia gondolier","title":"Grand Canal Panorama","owner":"30004891@N00","latitude":"45.431753","longitude":"12.328870","desc":{"_content":""},"url":"http://farm8.static.flickr.com/7433/27476742566_1e56d4333f_b.jpg"},{"name":"26902039474_468b76f856_b.jpg","datetaken":"2016-05-14 16:29:00","tags":"new old bridge venice vacation italy holiday reflection church water boats boat canal italia locals basilica bricks grand gondola walls venezia gondolier","title":"Grand Canal Panorama","owner":"30004891@N00","latitude":"45.431152","longitude":"12.334844","desc":{"_content":""},"url":"http://farm8.static.flickr.com/7414/26902039474_468b76f856_b.jpg"},{"name":"27476750526_36e9648f99_b.jpg","datetaken":"2016-05-14 16:34:10","tags":"new old bridge venice vacation italy holiday reflection church water boats boat canal italia locals basilica bricks grand gondola walls venezia gondolier","title":"Basilica di Santa Maria della Salute","owner":"30004891@N00","latitude":"45.430819","longitude":"12.334320","desc":{"_content":""},"url":"http://farm8.static.flickr.com/7449/27476750526_36e9648f99_b.jpg"},{"name":"26903253523_b1a3215671_b.jpg","datetaken":"2016-05-14 17:22:41","tags":"new old bridge venice vacation italy holiday reflection church water boats boat canal italia locals basilica bricks grand gondola walls venezia gondolier","title":"The Gondola Shop Panorama","owner":"30004891@N00","latitude":"45.430247","longitude":"12.326080","desc":{"_content":""},"url":"http://farm8.static.flickr.com/7562/26903253523_b1a3215671_b.jpg"},{"name":"27476754126_d42b4e72bd_b.jpg","datetaken":"2016-05-14 21:52:04","tags":"new old bridge venice vacation italy holiday reflection church water boats boat canal italia locals basilica bricks grand gondola walls venezia gondolier","title":"Pigments in Venice","owner":"30004891@N00","latitude":"45.433891","longitude":"12.330341","desc":{"_content":""},"url":"http://farm8.static.flickr.com/7491/27476754126_d42b4e72bd_b.jpg"},{"name":"28181857475_b9630efd1e_b.jpg","datetaken":"2016-05-18 21:03:51","tags":"plaza bridge family shadow red vacation italy orange holiday pope rome love church silhouette statue umbrella fence river skulls ancient theater italia arch bc cathedral theatre roman famiglia gates dante balcony hill ad corridor police arches courtyard tourists hallway ponte arena cobblestone peter pietre verona seats di romeo soldiers locks archway piazza guards juliet pietra tombs castelvecchio erbe polizia adige delle signori borsari scaliger","title":"Dusk in Venice","owner":"30004891@N00","latitude":"45.440764","longitude":"12.321939","desc":{"_content":""},"url":"http://farm9.static.flickr.com/8647/28181857475_b9630efd1e_b.jpg"},{"name":"28184389506_a61f6fb24a_b.jpg","datetaken":"2016-05-19 10:45:34","tags":"venice vacation italy holiday reflection sergio sign shop del john ceramic paul star mirror la george europe italia harrison mask masks pottery beatles gondola lennon maker venezia ringo mccartney starr ferro trattoria maskmaker bottega forcola boldrin mascareri","title":"Wine Delivery in Venice","owner":"30004891@N00","latitude":"45.437705","longitude":"12.335969","desc":{"_content":""},"url":"http://farm9.static.flickr.com/8823/28184389506_a61f6fb24a_b.jpg"},{"name":"28218052795_cc45af1a12_b.jpg","datetaken":"2016-05-19 12:01:15","tags":"venice vacation italy holiday reflection sergio sign shop del john ceramic paul star mirror la george europe italia harrison mask masks pottery beatles gondola lennon maker venezia ringo mccartney starr ferro trattoria maskmaker bottega forcola boldrin mascareri","title":"Sergio Boldrin's Nephew with Van Gogh Mask","owner":"30004891@N00","latitude":"45.436805","longitude":"12.328516","desc":{"_content":""},"url":"http://farm9.static.flickr.com/8721/28218052795_cc45af1a12_b.jpg"},{"name":"28218049645_5c4f835d5c_b.jpg","datetaken":"2016-05-19 12:01:29","tags":"venice vacation italy holiday reflection sergio sign shop del john ceramic paul star mirror la george europe italia harrison mask masks pottery beatles gondola lennon maker venezia ringo mccartney starr ferro trattoria maskmaker bottega forcola boldrin mascareri","title":"Sergio Boldrin's Nephew with Van Gogh Mask","owner":"30004891@N00","latitude":"45.436805","longitude":"12.328516","desc":{"_content":""},"url":"http://farm9.static.flickr.com/8584/28218049645_5c4f835d5c_b.jpg"},{"name":"28184401546_f4f4aac882_b.jpg","datetaken":"2016-05-19 13:06:27","tags":"venice vacation italy holiday reflection sergio sign shop del john ceramic paul star mirror la george europe italia harrison mask masks pottery beatles gondola lennon maker venezia ringo mccartney starr ferro trattoria maskmaker bottega forcola boldrin mascareri","title":"Me w/ Sergio Boldrin at La Bottega del Mascari (and the Beatles!)","owner":"30004891@N00","latitude":"45.438488","longitude":"12.335333","desc":{"_content":""},"url":"http://farm9.static.flickr.com/8867/28184401546_f4f4aac882_b.jpg"},{"name":"28218055125_3a07779fdd_b.jpg","datetaken":"2016-05-19 14:57:37","tags":"venice vacation italy holiday reflection sergio sign shop del john ceramic paul star mirror la george europe italia harrison mask masks pottery beatles gondola lennon maker venezia ringo mccartney starr ferro trattoria maskmaker bottega forcola boldrin mascareri","title":"Locks of Love in Venice","owner":"30004891@N00","latitude":"45.432563","longitude":"12.325175","desc":{"_content":""},"url":"http://farm9.static.flickr.com/8831/28218055125_3a07779fdd_b.jpg"},{"name":"28184395546_fa11f581e5_b.jpg","datetaken":"2016-05-19 15:47:10","tags":"venice vacation italy holiday reflection sergio sign shop del john ceramic paul star mirror la george europe italia harrison mask masks pottery beatles gondola lennon maker venezia ringo mccartney starr ferro trattoria maskmaker bottega forcola boldrin mascareri","title":"Margherita Rossetto's ceramic shop","owner":"30004891@N00","latitude":"45.440241","longitude":"12.324460","desc":{"_content":""},"url":"http://farm9.static.flickr.com/8804/28184395546_fa11f581e5_b.jpg"},{"name":"28184397236_1e69c4201a_b.jpg","datetaken":"2016-05-19 15:47:42","tags":"venice vacation italy holiday reflection sergio sign shop del john ceramic paul star mirror la george europe italia harrison mask masks pottery beatles gondola lennon maker venezia ringo mccartney starr ferro trattoria maskmaker bottega forcola boldrin mascareri","title":"Margherita Rossetto & Her Ceramic Shop","owner":"30004891@N00","latitude":"45.440241","longitude":"12.324460","desc":{"_content":""},"url":"http://farm9.static.flickr.com/8633/28184397236_1e69c4201a_b.jpg"},{"name":"28184400246_b15864e019_b.jpg","datetaken":"2016-05-19 16:50:44","tags":"venice vacation italy holiday reflection sergio sign shop del john ceramic paul star mirror la george europe italia harrison mask masks pottery beatles gondola lennon maker venezia ringo mccartney starr ferro trattoria maskmaker bottega forcola boldrin mascareri","title":"Awesome handmade sign at Trattoria da Mario Alla Fava","owner":"30004891@N00","latitude":"45.437288","longitude":"12.337341","desc":{"_content":""},"url":"http://farm9.static.flickr.com/8786/28184400246_b15864e019_b.jpg"},{"name":"28184773046_33549c3342_b.jpg","datetaken":"2016-05-20 09:44:43","tags":"road bridge blue venice windows wedding light red vacation italy musician sunlight moon holiday fish reflection green water lamp fruits vegetables sign st night umbrella vintage square stars boats lights reflecting mirror boat san long exposure italia dragon married cathedral flood market wand dick hippy marriage bubbles palace tracy retro ponte marks cobblestone reflect ornaments lane campo marco hippie gondola accordian brass per venezia rialto serenade doges doge seranade ferro 2016 forcola dondolier","title":"Boat Market in Venice","owner":"30004891@N00","latitude":"45.433202","longitude":"12.324353","desc":{"_content":""},"url":"http://farm8.static.flickr.com/7431/28184773046_33549c3342_b.jpg"},{"name":"28184774146_c25d8c12bf_b.jpg","datetaken":"2016-05-20 10:01:40","tags":"road bridge blue venice windows wedding light red vacation italy musician sunlight moon holiday fish reflection green water lamp fruits vegetables sign st night umbrella vintage square stars boats lights reflecting mirror boat san long exposure italia dragon married cathedral flood market wand dick hippy marriage bubbles palace tracy retro ponte marks cobblestone reflect ornaments lane campo marco hippie gondola accordian brass per venezia rialto serenade doges doge seranade ferro 2016 forcola dondolier","title":"Brass Pieces in Venice","owner":"30004891@N00","latitude":"45.436927","longitude":"12.321677","desc":{"_content":""},"url":"http://farm9.static.flickr.com/8862/28184774146_c25d8c12bf_b.jpg"},{"name":"28184776836_75c96e05a7_b.jpg","datetaken":"2016-05-20 10:17:26","tags":"road bridge blue venice windows wedding light red vacation italy musician sunlight moon holiday fish reflection green water lamp fruits vegetables sign st night umbrella vintage square stars boats lights reflecting mirror boat san long exposure italia dragon married cathedral flood market wand dick hippy marriage bubbles palace tracy retro ponte marks cobblestone reflect ornaments lane campo marco hippie gondola accordian brass per venezia rialto serenade doges doge seranade ferro 2016 forcola dondolier","title":"Reflecting in Venice","owner":"30004891@N00","latitude":"45.434523","longitude":"12.336487","desc":{"_content":""},"url":"http://farm9.static.flickr.com/8604/28184776836_75c96e05a7_b.jpg"},{"name":"28218477745_5f59a03b6f_b.jpg","datetaken":"2016-05-20 10:18:19","tags":"road bridge blue venice windows wedding light red vacation italy musician sunlight moon holiday fish reflection green water lamp fruits vegetables sign st night umbrella vintage square stars boats lights reflecting mirror boat san long exposure italia dragon married cathedral flood market wand dick hippy marriage bubbles palace tracy retro ponte marks cobblestone reflect ornaments lane campo marco hippie gondola accordian brass per venezia rialto serenade doges doge seranade ferro 2016 forcola dondolier","title":"Reflecting in Venice","owner":"30004891@N00","latitude":"45.434523","longitude":"12.336487","desc":{"_content":""},"url":"http://farm9.static.flickr.com/8627/28218477745_5f59a03b6f_b.jpg"},{"name":"28218483725_bdb6b42312_b.jpg","datetaken":"2016-05-20 12:54:23","tags":"road bridge blue venice windows wedding light red vacation italy musician sunlight moon holiday fish reflection green water lamp fruits vegetables sign st night umbrella vintage square stars boats lights reflecting mirror boat san long exposure italia dragon married cathedral flood market wand dick hippy marriage bubbles palace tracy retro ponte marks cobblestone reflect ornaments lane campo marco hippie gondola accordian brass per venezia rialto serenade doges doge seranade ferro 2016 forcola dondolier","title":"Doge's Palace","owner":"30004891@N00","latitude":"45.433940","longitude":"12.339781","desc":{"_content":""},"url":"http://farm9.static.flickr.com/8806/28218483725_bdb6b42312_b.jpg"},{"name":"27602733444_5e6feac34a_b.jpg","datetaken":"2016-05-20 13:01:17","tags":"road bridge blue venice windows wedding light red vacation italy musician sunlight moon holiday fish reflection green water lamp fruits vegetables sign st night umbrella vintage square stars boats lights reflecting mirror boat san long exposure italia dragon married cathedral flood market wand dick hippy marriage bubbles palace tracy retro ponte marks cobblestone reflect ornaments lane campo marco hippie gondola accordian brass per venezia rialto serenade doges doge seranade ferro 2016 forcola dondolier","title":"Coming to Get Me","owner":"30004891@N00","latitude":"45.434523","longitude":"12.336487","desc":{"_content":""},"url":"http://farm8.static.flickr.com/7566/27602733444_5e6feac34a_b.jpg"},{"name":"28140904151_605035b9f5_b.jpg","datetaken":"2016-05-20 13:13:06","tags":"road bridge blue venice windows wedding light red vacation italy musician sunlight moon holiday fish reflection green water lamp fruits vegetables sign st night umbrella vintage square stars boats lights reflecting mirror boat san long exposure italia dragon married cathedral flood market wand dick hippy marriage bubbles palace tracy retro ponte marks cobblestone reflect ornaments lane campo marco hippie gondola accordian brass per venezia rialto serenade doges doge seranade ferro 2016 forcola dondolier","title":"Reflecting Gondola","owner":"30004891@N00","latitude":"45.434523","longitude":"12.336487","desc":{"_content":""},"url":"http://farm9.static.flickr.com/8689/28140904151_605035b9f5_b.jpg"},{"name":"28184789206_5bf583b6be_b.jpg","datetaken":"2016-05-20 13:15:24","tags":"road bridge blue venice windows wedding light red vacation italy musician sunlight moon holiday fish reflection green water lamp fruits vegetables sign st night umbrella vintage square stars boats lights reflecting mirror boat san long exposure italia dragon married cathedral flood market wand dick hippy marriage bubbles palace tracy retro ponte marks cobblestone reflect ornaments lane campo marco hippie gondola accordian brass per venezia rialto serenade doges doge seranade ferro 2016 forcola dondolier","title":"Getting Married in Venice","owner":"30004891@N00","latitude":"45.434523","longitude":"12.336487","desc":{"_content":""},"url":"http://farm9.static.flickr.com/8864/28184789206_5bf583b6be_b.jpg"},{"name":"28218504155_20d390bfa4_b.jpg","datetaken":"2016-05-20 13:15:47","tags":"road bridge blue venice windows wedding light red vacation italy musician sunlight moon holiday fish reflection green water lamp fruits vegetables sign st night umbrella vintage square stars boats lights reflecting mirror boat san long exposure italia dragon married cathedral flood market wand dick hippy marriage bubbles palace tracy retro ponte marks cobblestone reflect ornaments lane campo marco hippie gondola accordian brass per venezia rialto serenade doges doge seranade ferro 2016 forcola dondolier","title":"Mirrored Venice","owner":"30004891@N00","latitude":"45.434523","longitude":"12.336487","desc":{"_content":""},"url":"http://farm9.static.flickr.com/8845/28218504155_20d390bfa4_b.jpg"},{"name":"27937963020_b9aec03a77_b.jpg","datetaken":"2016-05-20 15:19:09","tags":"road bridge blue venice windows wedding light red vacation italy musician sunlight moon holiday fish reflection green water lamp fruits vegetables sign st night umbrella vintage square stars boats lights reflecting mirror boat san long exposure italia dragon married cathedral flood market wand dick hippy marriage bubbles palace tracy retro ponte marks cobblestone reflect ornaments lane campo marco hippie gondola accordian brass per venezia rialto serenade doges doge seranade ferro 2016 forcola dondolier","title":"Lovely Day for Gelato in Venice","owner":"30004891@N00","latitude":"45.434523","longitude":"12.336487","desc":{"_content":""},"url":"http://farm9.static.flickr.com/8749/27937963020_b9aec03a77_b.jpg"},{"name":"27602760294_42183bc3a3_b.jpg","datetaken":"2016-05-20 15:25:23","tags":"road bridge blue venice windows wedding light red vacation italy musician sunlight moon holiday fish reflection green water lamp fruits vegetables sign st night umbrella vintage square stars boats lights reflecting mirror boat san long exposure italia dragon married cathedral flood market wand dick hippy marriage bubbles palace tracy retro ponte marks cobblestone reflect ornaments lane campo marco hippie gondola accordian brass per venezia rialto serenade doges doge seranade ferro 2016 forcola dondolier","title":"The Marforio Dragon in Venice","owner":"30004891@N00","latitude":"45.436985","longitude":"12.336326","desc":{"_content":""},"url":"http://farm8.static.flickr.com/7310/27602760294_42183bc3a3_b.jpg"},{"name":"27603188773_a447d0e91c_b.jpg","datetaken":"2016-05-20 15:25:28","tags":"road bridge blue venice windows wedding light red vacation italy musician sunlight moon holiday fish reflection green water lamp fruits vegetables sign st night umbrella vintage square stars boats lights reflecting mirror boat san long exposure italia dragon married cathedral flood market wand dick hippy marriage bubbles palace tracy retro ponte marks cobblestone reflect ornaments lane campo marco hippie gondola accordian brass per venezia rialto serenade doges doge seranade ferro 2016 forcola dondolier","title":"The Marforio Dragon in Venice","owner":"30004891@N00","latitude":"45.436985","longitude":"12.336326","desc":{"_content":""},"url":"http://farm9.static.flickr.com/8647/27603188773_a447d0e91c_b.jpg"},{"name":"27602773374_5b802e01dc_b.jpg","datetaken":"2016-05-20 17:55:22","tags":"road bridge blue venice windows wedding light red vacation italy musician sunlight moon holiday fish reflection green water lamp fruits vegetables sign st night umbrella vintage square stars boats lights reflecting mirror boat san long exposure italia dragon married cathedral flood market wand dick hippy marriage bubbles palace tracy retro ponte marks cobblestone reflect ornaments lane campo marco hippie gondola accordian brass per venezia rialto serenade doges doge seranade ferro 2016 forcola dondolier","title":"Venice, Italy","owner":"30004891@N00","latitude":"45.434523","longitude":"12.336487","desc":{"_content":""},"url":"http://farm9.static.flickr.com/8799/27602773374_5b802e01dc_b.jpg"},{"name":"28140934891_63e8deb122_b.jpg","datetaken":"2016-05-20 17:58:43","tags":"road bridge blue venice windows wedding light red vacation italy musician sunlight moon holiday fish reflection green water lamp fruits vegetables sign st night umbrella vintage square stars boats lights reflecting mirror boat san long exposure italia dragon married cathedral flood market wand dick hippy marriage bubbles palace tracy retro ponte marks cobblestone reflect ornaments lane campo marco hippie gondola accordian brass per venezia rialto serenade doges doge seranade ferro 2016 forcola dondolier","title":"Grand Canal","owner":"30004891@N00","latitude":"45.433511","longitude":"12.327690","desc":{"_content":""},"url":"http://farm9.static.flickr.com/8619/28140934891_63e8deb122_b.jpg"},{"name":"27937985500_bbe613c84d_b.jpg","datetaken":"2016-05-20 18:00:32","tags":"road bridge blue venice windows wedding light red vacation italy musician sunlight moon holiday fish reflection green water lamp fruits vegetables sign st night umbrella vintage square stars boats lights reflecting mirror boat san long exposure italia dragon married cathedral flood market wand dick hippy marriage bubbles palace tracy retro ponte marks cobblestone reflect ornaments lane campo marco hippie gondola accordian brass per venezia rialto serenade doges doge seranade ferro 2016 forcola dondolier","title":"Dick Tracy and His Love in Venice","owner":"30004891@N00","latitude":"45.433511","longitude":"12.327690","desc":{"_content":""},"url":"http://farm9.static.flickr.com/8627/27937985500_bbe613c84d_b.jpg"},{"name":"28114739722_3009a9b8e0_b.jpg","datetaken":"2016-05-20 18:00:56","tags":"road bridge blue venice windows wedding light red vacation italy musician sunlight moon holiday fish reflection green water lamp fruits vegetables sign st night umbrella vintage square stars boats lights reflecting mirror boat san long exposure italia dragon married cathedral flood market wand dick hippy marriage bubbles palace tracy retro ponte marks cobblestone reflect ornaments lane campo marco hippie gondola accordian brass per venezia rialto serenade doges doge seranade ferro 2016 forcola dondolier","title":"Dick Tracy and His Love in Venice","owner":"30004891@N00","latitude":"45.433511","longitude":"12.327690","desc":{"_content":""},"url":"http://farm8.static.flickr.com/7305/28114739722_3009a9b8e0_b.jpg"},{"name":"28114742552_5403be3fc1_b.jpg","datetaken":"2016-05-20 18:04:34","tags":"road bridge blue venice windows wedding light red vacation italy musician sunlight moon holiday fish reflection green water lamp fruits vegetables sign st night umbrella vintage square stars boats lights reflecting mirror boat san long exposure italia dragon married cathedral flood market wand dick hippy marriage bubbles palace tracy retro ponte marks cobblestone reflect ornaments lane campo marco hippie gondola accordian brass per venezia rialto serenade doges doge seranade ferro 2016 forcola dondolier","title":"Scenes from Venice","owner":"30004891@N00","latitude":"45.433511","longitude":"12.327690","desc":{"_content":""},"url":"http://farm9.static.flickr.com/8774/28114742552_5403be3fc1_b.jpg"},{"name":"27938005060_16677b3a9d_b.jpg","datetaken":"2016-05-20 18:10:34","tags":"road bridge blue venice windows wedding light red vacation italy musician sunlight moon holiday fish reflection green water lamp fruits vegetables sign st night umbrella vintage square stars boats lights reflecting mirror boat san long exposure italia dragon married cathedral flood market wand dick hippy marriage bubbles palace tracy retro ponte marks cobblestone reflect ornaments lane campo marco hippie gondola accordian brass per venezia rialto serenade doges doge seranade ferro 2016 forcola dondolier","title":"Basilica di Santa Maria della Salute","owner":"30004891@N00","latitude":"45.431749","longitude":"12.328945","desc":{"_content":""},"url":"http://farm8.static.flickr.com/7735/27938005060_16677b3a9d_b.jpg"},{"name":"27603233643_2a6af7fed2_b.jpg","datetaken":"2016-05-20 18:22:01","tags":"road bridge blue venice windows wedding light red vacation italy musician sunlight moon holiday fish reflection green water lamp fruits vegetables sign st night umbrella vintage square stars boats lights reflecting mirror boat san long exposure italia dragon married cathedral flood market wand dick hippy marriage bubbles palace tracy retro ponte marks cobblestone reflect ornaments lane campo marco hippie gondola accordian brass per venezia rialto serenade doges doge seranade ferro 2016 forcola dondolier","title":"Bubbly Hippie in Venice, Italy","owner":"30004891@N00","latitude":"45.433346","longitude":"12.330340","desc":{"_content":""},"url":"http://farm9.static.flickr.com/8815/27603233643_2a6af7fed2_b.jpg"},{"name":"28114749292_68bf8745a4_b.jpg","datetaken":"2016-05-20 18:22:58","tags":"road bridge blue venice windows wedding light red vacation italy musician sunlight moon holiday fish reflection green water lamp fruits vegetables sign st night umbrella vintage square stars boats lights reflecting mirror boat san long exposure italia dragon married cathedral flood market wand dick hippy marriage bubbles palace tracy retro ponte marks cobblestone reflect ornaments lane campo marco hippie gondola accordian brass per venezia rialto serenade doges doge seranade ferro 2016 forcola dondolier","title":"Bubbly Hippie in Venice, Italy","owner":"30004891@N00","latitude":"45.433346","longitude":"12.330340","desc":{"_content":""},"url":"http://farm8.static.flickr.com/7601/28114749292_68bf8745a4_b.jpg"},{"name":"28184825446_df1a92febd_b.jpg","datetaken":"2016-05-20 18:22:58","tags":"road bridge blue venice windows wedding light red vacation italy musician sunlight moon holiday fish reflection green water lamp fruits vegetables sign st night umbrella vintage square stars boats lights reflecting mirror boat san long exposure italia dragon married cathedral flood market wand dick hippy marriage bubbles palace tracy retro ponte marks cobblestone reflect ornaments lane campo marco hippie gondola accordian brass per venezia rialto serenade doges doge seranade ferro 2016 forcola dondolier","title":"DSCBubbly Hippie in Venice, Italy9931 2","owner":"30004891@N00","latitude":"45.433346","longitude":"12.330340","desc":{"_content":""},"url":"http://farm9.static.flickr.com/8835/28184825446_df1a92febd_b.jpg"},{"name":"28184826586_fc1381bc35_b.jpg","datetaken":"2016-05-20 18:42:59","tags":"road bridge blue venice windows wedding light red vacation italy musician sunlight moon holiday fish reflection green water lamp fruits vegetables sign st night umbrella vintage square stars boats lights reflecting mirror boat san long exposure italia dragon married cathedral flood market wand dick hippy marriage bubbles palace tracy retro ponte marks cobblestone reflect ornaments lane campo marco hippie gondola accordian brass per venezia rialto serenade doges doge seranade ferro 2016 forcola dondolier","title":"Bubble Reflection","owner":"30004891@N00","latitude":"45.433346","longitude":"12.330340","desc":{"_content":""},"url":"http://farm9.static.flickr.com/8749/28184826586_fc1381bc35_b.jpg"},{"name":"28140949791_e8f44f8e07_b.jpg","datetaken":"2016-05-20 18:43:00","tags":"road bridge blue venice windows wedding light red vacation italy musician sunlight moon holiday fish reflection green water lamp fruits vegetables sign st night umbrella vintage square stars boats lights reflecting mirror boat san long exposure italia dragon married cathedral flood market wand dick hippy marriage bubbles palace tracy retro ponte marks cobblestone reflect ornaments lane campo marco hippie gondola accordian brass per venezia rialto serenade doges doge seranade ferro 2016 forcola dondolier","title":"Bubble Reflection","owner":"30004891@N00","latitude":"45.433346","longitude":"12.330340","desc":{"_content":""},"url":"http://farm9.static.flickr.com/8800/28140949791_e8f44f8e07_b.jpg"},{"name":"28218539135_bf0a4ebdec_b.jpg","datetaken":"2016-05-20 18:43:01","tags":"road bridge blue venice windows wedding light red vacation italy musician sunlight moon holiday fish reflection green water lamp fruits vegetables sign st night umbrella vintage square stars boats lights reflecting mirror boat san long exposure italia dragon married cathedral flood market wand dick hippy marriage bubbles palace tracy retro ponte marks cobblestone reflect ornaments lane campo marco hippie gondola accordian brass per venezia rialto serenade doges doge seranade ferro 2016 forcola dondolier","title":"DSC_9961 2","owner":"30004891@N00","latitude":"45.433346","longitude":"12.330340","desc":{"_content":""},"url":"http://farm9.static.flickr.com/8713/28218539135_bf0a4ebdec_b.jpg"},{"name":"28140951371_84028cc16c_b.jpg","datetaken":"2016-05-20 23:05:53","tags":"road bridge blue venice windows wedding light red vacation italy musician sunlight moon holiday fish reflection green water lamp fruits vegetables sign st night umbrella vintage square stars boats lights reflecting mirror boat san long exposure italia dragon married cathedral flood market wand dick hippy marriage bubbles palace tracy retro ponte marks cobblestone reflect ornaments lane campo marco hippie gondola accordian brass per venezia rialto serenade doges doge seranade ferro 2016 forcola dondolier","title":"St. Mark's Square at Night","owner":"30004891@N00","latitude":"45.434418","longitude":"12.338933","desc":{"_content":""},"url":"http://farm9.static.flickr.com/8671/28140951371_84028cc16c_b.jpg"},{"name":"28184833156_6da40c74e7_b.jpg","datetaken":"2016-05-20 23:10:00","tags":"road bridge blue venice windows wedding light red vacation italy musician sunlight moon holiday fish reflection green water lamp fruits vegetables sign st night umbrella vintage square stars boats lights reflecting mirror boat san long exposure italia dragon married cathedral flood market wand dick hippy marriage bubbles palace tracy retro ponte marks cobblestone reflect ornaments lane campo marco hippie gondola accordian brass per venezia rialto serenade doges doge seranade ferro 2016 forcola dondolier","title":"St. Mark's Square at Night","owner":"30004891@N00","latitude":"45.434418","longitude":"12.338933","desc":{"_content":""},"url":"http://farm9.static.flickr.com/8773/28184833156_6da40c74e7_b.jpg"},{"name":"28218547105_c4618c74fa_b.jpg","datetaken":"2016-05-20 23:10:00","tags":"road bridge blue venice windows wedding light red vacation italy musician sunlight moon holiday fish reflection green water lamp fruits vegetables sign st night umbrella vintage square stars boats lights reflecting mirror boat san long exposure italia dragon married cathedral flood market wand dick hippy marriage bubbles palace tracy retro ponte marks cobblestone reflect ornaments lane campo marco hippie gondola accordian brass per venezia rialto serenade doges doge seranade ferro 2016 forcola dondolier","title":"St. Mark's Square at Night","owner":"30004891@N00","latitude":"45.434418","longitude":"12.338933","desc":{"_content":""},"url":"http://farm9.static.flickr.com/8767/28218547105_c4618c74fa_b.jpg"},{"name":"28184835406_93120635c3_b.jpg","datetaken":"2016-05-20 23:21:46","tags":"road bridge blue venice windows wedding light red vacation italy musician sunlight moon holiday fish reflection green water lamp fruits vegetables sign st night umbrella vintage square stars boats lights reflecting mirror boat san long exposure italia dragon married cathedral flood market wand dick hippy marriage bubbles palace tracy retro ponte marks cobblestone reflect ornaments lane campo marco hippie gondola accordian brass per venezia rialto serenade doges doge seranade ferro 2016 forcola dondolier","title":"Church of San Giorgio Maggiore at Night","owner":"30004891@N00","latitude":"45.433484","longitude":"12.340693","desc":{"_content":""},"url":"http://farm9.static.flickr.com/8845/28184835406_93120635c3_b.jpg"}]

