town_s	woe_is	urlpage_s	machine_ss	desc_ws	video_b	url_s	hour_i	hash_s	ext_s	user_s	country_s	upload_dt	license_s	taken_dt	device_s	line_i	title_s	id	tag_ss
Istanbul	[22724096, 2344116, 29390475, 2347289, 23424969, 28350899]	http://www.flickr.com/photos/25415025@N08/5168923893/			False	http://farm5.staticflickr.com/4113/5168923893_c49589646c.jpg	9	1e855e43538b7067c5136d283df889	jpg	Jean-Philippe G.	Turkey	2010-11-12T14:19:35Z	Attribution-NonCommercial-NoDerivs License	2010-11-12T09:49:44Z	Panasonic DMC-GF1	68210700	P1020492 2010-11-12	5168923893	
Istanbul	[22724096, 2344116, 29390475, 2347289, 23424969, 28350899]	http://www.flickr.com/photos/25415025@N08/5175676565/			False	http://farm5.staticflickr.com/4089/5175676565_8126a25b14.jpg	9	fe26887dd67dafbfd901eb246812f0	jpg	Jean-Philippe G.	Turkey	2010-11-14T21:10:19Z	Attribution-NonCommercial-NoDerivs License	2010-11-12T09:49:44Z	Panasonic DMC-GF1	96437093	P1020492 2010-11-12	5175676565	
Istanbul	[22724096, 2344116, 29390475, 2347289, 23424969, 28350899]	http://www.flickr.com/photos/25415025@N08/5175676117/			False	http://farm5.staticflickr.com/4125/5175676117_7e30767eaf.jpg	9	4ebb9442da6233e344f26d7660899281	jpg	Jean-Philippe G.	Turkey	2010-11-14T21:10:10Z	Attribution-NonCommercial-NoDerivs License	2010-11-12T09:49:50Z	Panasonic DMC-GF1	96092369	P1020493 2010-11-12	5175676117	
Istanbul	[22724096, 2344116, 29390475, 2347289, 23424969, 28350899]	http://www.flickr.com/photos/25415025@N08/5176279930/			False	http://farm5.staticflickr.com/4132/5176279930_0cc1c3f764.jpg	9	c6c5da58a35cf7b734e9215dce5a	jpg	Jean-Philippe G.	Turkey	2010-11-14T21:10:02Z	Attribution-NonCommercial-NoDerivs License	2010-11-12T09:51:30Z	Panasonic DMC-GF1	74361728	P1020494 2010-11-12	5176279930	
Istanbul	[22724096, 2344116, 29390475, 2347289, 23424969, 28350899]	http://www.flickr.com/photos/25415025@N08/5168925663/			False	http://farm5.staticflickr.com/4018/5168925663_14582857e4.jpg	9	e8a9686e3e38163204b6aadfcc8a380	jpg	Jean-Philippe G.	Turkey	2010-11-12T14:20:36Z	Attribution-NonCommercial-NoDerivs License	2010-11-12T09:51:30Z	Panasonic DMC-GF1	92023865	P1020494 2010-11-12	5168925663	
Istanbul	[22724096, 2344116, 29390475, 2347289, 23424969, 28350899]	http://www.flickr.com/photos/25415025@N08/5175675061/			False	http://farm5.staticflickr.com/4016/5175675061_e4f6c4ff81.jpg	9	4477bdc0fec3aa154df64afac9a6add	jpg	Jean-Philippe G.	Turkey	2010-11-14T21:09:50Z	Attribution-NonCommercial-NoDerivs License	2010-11-12T09:53:24Z	Panasonic DMC-GF1	4774450	P1020495 2010-11-12	5175675061	
Istanbul	[22724096, 2344116, 29390475, 2347289, 23424969, 28350899]	http://www.flickr.com/photos/25415025@N08/5169515962/			False	http://farm2.staticflickr.com/1221/5169515962_e658404051.jpg	9	d531493a4949d813cc62b2c4de2e1543	jpg	Jean-Philippe G.	Turkey	2010-11-12T14:15:18Z	Attribution-NonCommercial-NoDerivs License	2010-11-12T09:53:25Z	Panasonic DMC-GF1	89953291	P1020495 2010-11-12	5169515962	
Istanbul	[22724096, 2344116, 29390475, 2347289, 23424969, 28350899]	http://www.flickr.com/photos/25415025@N08/5176278850/			False	http://farm5.staticflickr.com/4133/5176278850_8e5002b725.jpg	9	ad473432cb789712e37e8a6e95262f	jpg	Jean-Philippe G.	Turkey	2010-11-14T21:09:41Z	Attribution-NonCommercial-NoDerivs License	2010-11-12T09:54:32Z	Panasonic DMC-GF1	61754838	P1020496 2010-11-12	5176278850	
Istanbul	[22724096, 2344116, 29390475, 2347289, 23424969, 28350899]	http://www.flickr.com/photos/25415025@N08/5175673695/			False	http://farm5.staticflickr.com/4089/5175673695_09f9835656.jpg	9	3e33bb35fdbd707a41bd4bb1c37c6b49	jpg	Jean-Philippe G.	Turkey	2010-11-14T21:09:25Z	Attribution-NonCommercial-NoDerivs License	2010-11-12T09:54:40Z	Panasonic DMC-GF1	58489390	P1020497 2010-11-12	5175673695	
Istanbul	[22724096, 2344116, 29390475, 2347289, 23424969, 28350899]	http://www.flickr.com/photos/25415025@N08/5168927275/			False	http://farm2.staticflickr.com/1245/5168927275_95184fcca9.jpg	9	fd71e41a50455b8a917bbcccbf2735e	jpg	Jean-Philippe G.	Turkey	2010-11-12T14:21:24Z	Attribution-NonCommercial-NoDerivs License	2010-11-12T09:54:41Z	Panasonic DMC-GF1	85388557	P1020497 2010-11-12	5168927275	
Istanbul	[22724096, 2344116, 29390475, 2347289, 23424969, 28350899]	http://www.flickr.com/photos/25415025@N08/5176277556/			False	http://farm5.staticflickr.com/4110/5176277556_7b5143407b.jpg	9	e7eea167f2e45f82feb4802e8d24	jpg	Jean-Philippe G.	Turkey	2010-11-14T21:09:16Z	Attribution-NonCommercial-NoDerivs License	2010-11-12T09:59:18Z	Panasonic DMC-GF1	87224800	P1020498 2010-11-12	5176277556	
Istanbul	[22724096, 2344116, 29390475, 2347289, 23424969, 28350899]	http://www.flickr.com/photos/25415025@N08/5169516454/			False	http://farm2.staticflickr.com/1425/5169516454_01e7a2727d.jpg	9	6059cc31be77d417174ac72c51e6d525	jpg	Jean-Philippe G.	Turkey	2010-11-12T14:15:35Z	Attribution-NonCommercial-NoDerivs License	2010-11-12T09:59:18Z	Panasonic DMC-GF1	80381552	P1020498 2010-11-12	5169516454	
Istanbul	[22724096, 2344116, 29390475, 2347289, 23424969, 28350899]	http://www.flickr.com/photos/25415025@N08/5176276800/			False	http://farm5.staticflickr.com/4152/5176276800_be8fa0fa86.jpg	10	60c2766dbbec04cbe13ca2e868f0ff	jpg	Jean-Philippe G.	Turkey	2010-11-14T21:09:00Z	Attribution-NonCommercial-NoDerivs License	2010-11-12T10:00:50Z	Panasonic DMC-GF1	86494974	P1020500 2010-11-12	5176276800	
Istanbul	[22724096, 2344116, 29390475, 2347289, 23424969, 28350899]	http://www.flickr.com/photos/25415025@N08/5168928301/			False	http://farm5.staticflickr.com/4071/5168928301_7c0d0a1528.jpg	10	dcb0ff8f5b2a76be301ef69dda2f74	jpg	Jean-Philippe G.	Turkey	2010-11-12T14:21:53Z	Attribution-NonCommercial-NoDerivs License	2010-11-12T10:01:02Z	Panasonic DMC-GF1	66108846	P1020501 2010-11-12	5168928301	
Istanbul	[22724096, 2344116, 29390475, 2347289, 23424969, 28350899]	http://www.flickr.com/photos/25415025@N08/5176275744/			False	http://farm5.staticflickr.com/4085/5176275744_a8ac41dba3.jpg	10	6d71b97a5b516b6312db8133e935999	jpg	Jean-Philippe G.	Turkey	2010-11-14T21:08:38Z	Attribution-NonCommercial-NoDerivs License	2010-11-12T10:01:02Z	Panasonic DMC-GF1	60672758	P1020501 2010-11-12	5176275744	
Istanbul	[22724096, 2344116, 29390475, 2347289, 23424969, 28350899]	http://www.flickr.com/photos/25415025@N08/5176274994/			False	http://farm5.staticflickr.com/4110/5176274994_aa0d622c8f.jpg	10	5c831024f5bfb06470f6905a86cc92ac	jpg	Jean-Philippe G.	Turkey	2010-11-14T21:08:23Z	Attribution-NonCommercial-NoDerivs License	2010-11-12T10:01:38Z	Panasonic DMC-GF1	75036775	P1020502 2010-11-12	5176274994	
Istanbul	[22724096, 2344116, 29390475, 2347289, 23424969, 28350899]	http://www.flickr.com/photos/25415025@N08/5168917109/			False	http://farm5.staticflickr.com/4129/5168917109_093f271d1d.jpg	10	e14cb272c66884b863592d7af8f1959	jpg	Jean-Philippe G.	Turkey	2010-11-12T14:15:52Z	Attribution-NonCommercial-NoDerivs License	2010-11-12T10:01:39Z	Panasonic DMC-GF1	12794505	P1020502 2010-11-12	5168917109	
Istanbul	[22724096, 2344116, 29390475, 2347289, 23424969, 28350899]	http://www.flickr.com/photos/25415025@N08/5176274472/			False	http://farm5.staticflickr.com/4108/5176274472_d4af5cf5e3.jpg	10	c0427a61fe1fc290ddb1bc135f3757e	jpg	Jean-Philippe G.	Turkey	2010-11-14T21:08:13Z	Attribution-NonCommercial-NoDerivs License	2010-11-12T10:02:34Z	Panasonic DMC-GF1	94249179	P1020503 2010-11-12	5176274472	
Istanbul	[22724096, 2344116, 29390475, 2347289, 23424969, 28350899]	http://www.flickr.com/photos/25415025@N08/5176273846/			False	http://farm5.staticflickr.com/4131/5176273846_957448eeca.jpg	12	68eec4e7bbcdd04d89fbe170b123df71	jpg	Jean-Philippe G.	Turkey	2010-11-14T21:08:02Z	Attribution-NonCommercial-NoDerivs License	2010-11-12T12:20:14Z	Panasonic DMC-GF1	46263205	P1020504 2010-11-12	5176273846	
Istanbul	[22724096, 2344116, 29390475, 2347289, 23424969, 28350899]	http://www.flickr.com/photos/25415025@N08/5169529128/			False	http://farm2.staticflickr.com/1397/5169529128_4a5c55ecd5.jpg	12	cbaa402028bf2b7a8cbfeb166e59bbb3	jpg	Jean-Philippe G.	Turkey	2010-11-12T14:22:26Z	Attribution-NonCommercial-NoDerivs License	2010-11-12T12:20:14Z	Panasonic DMC-GF1	75042943	P1020504 2010-11-12	5169529128	
Istanbul	[22724101, 2344116, 29390475, 2347289, 23424969, 28350899]	http://www.flickr.com/photos/25415025@N08/5175668869/			False	http://farm5.staticflickr.com/4144/5175668869_545093af83.jpg	12	406dbc16e56fe4f7a627e79c639d9a0	jpg	Jean-Philippe G.	Turkey	2010-11-14T21:07:52Z	Attribution-NonCommercial-NoDerivs License	2010-11-12T12:45:58Z	Panasonic DMC-GF1	99582206	P1020505 2010-11-12	5175668869	
Istanbul	[22724101, 2344116, 29390475, 2347289, 23424969, 28350899]	http://www.flickr.com/photos/25415025@N08/5169518106/			False	http://farm5.staticflickr.com/4025/5169518106_0080859326.jpg	12	229afc2f706e42cfb44f94ad79cdf6b2	jpg	Jean-Philippe G.	Turkey	2010-11-12T14:16:28Z	Attribution-NonCommercial-NoDerivs License	2010-11-12T12:45:59Z	Panasonic DMC-GF1	76726192	P1020505 2010-11-12	5169518106	
Istanbul	[22724101, 2344116, 29390475, 2347289, 23424969, 28350899]	http://www.flickr.com/photos/25415025@N08/5176272818/			False	http://farm5.staticflickr.com/4127/5176272818_b6f0858310.jpg	12	a11ff81a345a6ce6194ea6e96fe9b	jpg	Jean-Philippe G.	Turkey	2010-11-14T21:07:43Z	Attribution-NonCommercial-NoDerivs License	2010-11-12T12:47:12Z	Panasonic DMC-GF1	83099439	P1020507 2010-11-12	5176272818	
Istanbul	[22724101, 2344116, 29390475, 2347289, 23424969, 28350899]	http://www.flickr.com/photos/25415025@N08/5169530180/			False	http://farm5.staticflickr.com/4054/5169530180_2814e6a4a2.jpg	12	ba2ff6df526ed9c3e68afa722a81ecf	jpg	Jean-Philippe G.	Turkey	2010-11-12T14:22:57Z	Attribution-NonCommercial-NoDerivs License	2010-11-12T12:47:12Z	Panasonic DMC-GF1	87745329	P1020507 2010-11-12	5169530180	
Istanbul	[22724101, 2344116, 29390475, 2347289, 23424969, 28350899]	http://www.flickr.com/photos/25415025@N08/5175667745/			False	http://farm5.staticflickr.com/4128/5175667745_284afd4e56.jpg	12	d39b5014360e68abce63c512af518fb	jpg	Jean-Philippe G.	Turkey	2010-11-14T21:07:28Z	Attribution-NonCommercial-NoDerivs License	2010-11-12T12:48:28Z	Panasonic DMC-GF1	79708566	P1020508 2010-11-12	5175667745	
Istanbul	[22724101, 2344116, 29390475, 2347289, 23424969, 28350899]	http://www.flickr.com/photos/25415025@N08/5169518656/			False	http://farm5.staticflickr.com/4032/5169518656_62d4c93220.jpg	12	9ca71f235b7539c30414e1c11f4e391	jpg	Jean-Philippe G.	Turkey	2010-11-12T14:16:47Z	Attribution-NonCommercial-NoDerivs License	2010-11-12T12:48:29Z	Panasonic DMC-GF1	89011352	P1020508 2010-11-12	5169518656	
Istanbul	[22724101, 2344116, 29390475, 2347289, 23424969, 28350899]	http://www.flickr.com/photos/25415025@N08/5175666799/			False	http://farm5.staticflickr.com/4086/5175666799_73323f82fd.jpg	12	23ba9865f9f03d79ee62bef45a9ac3c	jpg	Jean-Philippe G.	Turkey	2010-11-14T21:07:09Z	Attribution-NonCommercial-NoDerivs License	2010-11-12T12:50:16Z	Panasonic DMC-GF1	85292932	P1020509 2010-11-12	5175666799	
Istanbul	[22724101, 2344116, 29390475, 2347289, 23424969, 28350899]	http://www.flickr.com/photos/25415025@N08/5175666283/			False	http://farm5.staticflickr.com/4090/5175666283_db1b44ba92.jpg	14	dda41130fb8b85e34882fcb06bf25674	jpg	Jean-Philippe G.	Turkey	2010-11-14T21:07:00Z	Attribution-NonCommercial-NoDerivs License	2010-11-12T14:12:48Z	Panasonic DMC-GF1	80253925	P1020510 2010-11-12	5175666283	
Istanbul	[22724101, 2344116, 29390475, 2347289, 23424969, 28350899]	http://www.flickr.com/photos/25415025@N08/5175665253/			False	http://farm5.staticflickr.com/4113/5175665253_2ea383d3fd.jpg	14	60b9a3b1f6ee5f621ee39551f3042be	jpg	Jean-Philippe G.	Turkey	2010-11-14T21:06:40Z	Attribution-NonCommercial-NoDerivs License	2010-11-12T14:12:54Z	Panasonic DMC-GF1	61311013	P1020511 2010-11-12	5175665253	
Istanbul	[22724101, 2344116, 29390475, 2347289, 23424969, 28350899]	http://www.flickr.com/photos/25415025@N08/5168919783/			False	http://farm5.staticflickr.com/4058/5168919783_dde89a10c7.jpg	14	91b5dca53094d25625d38042c8b1c4	jpg	Jean-Philippe G.	Turkey	2010-11-12T14:17:21Z	Attribution-NonCommercial-NoDerivs License	2010-11-12T14:12:55Z	Panasonic DMC-GF1	62533977	P1020511 2010-11-12	5168919783	
Istanbul	[22724101, 2344116, 29390475, 2347289, 23424969, 28350899]	http://www.flickr.com/photos/25415025@N08/5176269172/			False	http://farm5.staticflickr.com/4124/5176269172_d5ef373151.jpg	14	ff1fe32aef17ae9d85fc407d434f2a93	jpg	Jean-Philippe G.	Turkey	2010-11-14T21:06:31Z	Attribution-NonCommercial-NoDerivs License	2010-11-12T14:12:58Z	Panasonic DMC-GF1	75665718	P1020512 2010-11-12	5176269172	
Istanbul	[22724101, 2344116, 29390475, 2347289, 23424969, 28350899]	http://www.flickr.com/photos/25415025@N08/5176268668/			False	http://farm5.staticflickr.com/4103/5176268668_c2833f7f07.jpg	14	a82a85333704278a0b602e9ee5e3d2	jpg	Jean-Philippe G.	Turkey	2010-11-14T21:06:21Z	Attribution-NonCommercial-NoDerivs License	2010-11-12T14:13:04Z	Panasonic DMC-GF1	72479015	P1020513 2010-11-12	5176268668	
Istanbul	[22724101, 2344116, 29390475, 2347289, 23424969, 28350899]	http://www.flickr.com/photos/25415025@N08/5176267892/			False	http://farm5.staticflickr.com/4147/5176267892_4b15292e25.jpg	14	86d8218c6ac081f3b51e302daff0683c	jpg	Jean-Philippe G.	Turkey	2010-11-14T21:06:05Z	Attribution-NonCommercial-NoDerivs License	2010-11-12T14:14:54Z	Panasonic DMC-GF1	84082510	P1020516 2010-11-12	5176267892	
Istanbul	[22724112, 2344116, 29390475, 2347289, 23424969, 28350899]	http://www.flickr.com/photos/25415025@N08/5175662945/			False	http://farm5.staticflickr.com/4087/5175662945_a47913efd3.jpg	14	a84133e0679fb2d666c8292158910f4	jpg	Jean-Philippe G.	Turkey	2010-11-14T21:05:54Z	Attribution-NonCommercial-NoDerivs License	2010-11-12T14:22:44Z	Panasonic DMC-GF1	45509017	P1020519 2010-11-12	5175662945	
Istanbul	[22724112, 2344116, 29390475, 2347289, 23424969, 28350899]	http://www.flickr.com/photos/25415025@N08/5168920361/			False	http://farm5.staticflickr.com/4051/5168920361_cd7f0598c0.jpg	14	68a97d1e28c03a33105ef59765b12	jpg	Jean-Philippe G.	Turkey	2010-11-12T14:17:40Z	Attribution-NonCommercial-NoDerivs License	2010-11-12T14:23:08Z	Panasonic DMC-GF1	62507429	P1020520 2010-11-12	5168920361	
Istanbul	[22724112, 2344116, 29390475, 2347289, 23424969, 28350899]	http://www.flickr.com/photos/25415025@N08/5175662165/			False	http://farm5.staticflickr.com/4106/5175662165_e3fc394c9c.jpg	14	ff6b415b156c5bd9fdb669426eaf76	jpg	Jean-Philippe G.	Turkey	2010-11-14T21:05:39Z	Attribution-NonCommercial-NoDerivs License	2010-11-12T14:23:08Z	Panasonic DMC-GF1	97833004	P1020520 2010-11-12	5175662165	
Istanbul	[22724112, 2344116, 29390475, 2347289, 23424969, 28350899]	http://www.flickr.com/photos/25415025@N08/5168921121/			False	http://farm2.staticflickr.com/1177/5168921121_a472890504.jpg	14	262d7f346c29aada95d675a4ade7a30	jpg	Jean-Philippe G.	Turkey	2010-11-12T14:18:03Z	Attribution-NonCommercial-NoDerivs License	2010-11-12T14:23:40Z	Panasonic DMC-GF1	44628983	P1020523 2010-11-12	5168921121	
Istanbul	[22724112, 2344116, 29390475, 2347289, 23424969, 28350899]	http://www.flickr.com/photos/25415025@N08/5175661717/			False	http://farm5.staticflickr.com/4090/5175661717_4271026933.jpg	14	5638529cec31877cbedb7eecaef291	jpg	Jean-Philippe G.	Turkey	2010-11-14T21:05:31Z	Attribution-NonCommercial-NoDerivs License	2010-11-12T14:23:40Z	Panasonic DMC-GF1	83382868	P1020523 2010-11-12	5175661717	
Istanbul	[22724112, 2344116, 29390475, 2347289, 23424969, 28350899]	http://www.flickr.com/photos/25415025@N08/5175661083/			False	http://farm5.staticflickr.com/4090/5175661083_57e500668d.jpg	14	39857bea87f306b499ee7b19b58de0	jpg	Jean-Philippe G.	Turkey	2010-11-14T21:05:19Z	Attribution-NonCommercial-NoDerivs License	2010-11-12T14:24:10Z	Panasonic DMC-GF1	85801491	P1020524 2010-11-12	5175661083	
Istanbul	[22724112, 2344116, 29390475, 2347289, 23424969, 28350899]	http://www.flickr.com/photos/25415025@N08/5175660577/			False	http://farm5.staticflickr.com/4084/5175660577_b7f3f96cab.jpg	14	81ca53b260ea86f05e803f36ff82e64f	jpg	Jean-Philippe G.	Turkey	2010-11-14T21:05:09Z	Attribution-NonCommercial-NoDerivs License	2010-11-12T14:29:32Z	Panasonic DMC-GF1	87214210	P1020525 2010-11-12	5175660577	
Istanbul	[22724112, 2344116, 29390475, 2347289, 23424969, 28350899]	http://www.flickr.com/photos/25415025@N08/5168922155/			False	http://farm2.staticflickr.com/1216/5168922155_12c4de7571.jpg	14	54faf1104b2cb8ab0f151c09ea6c7fe	jpg	Jean-Philippe G.	Turkey	2010-11-12T14:18:34Z	Attribution-NonCommercial-NoDerivs License	2010-11-12T14:29:36Z	Panasonic DMC-GF1	18184359	P1020526 2010-11-12	5168922155	
Istanbul	[22724112, 2344116, 29390475, 2347289, 23424969, 28350899]	http://www.flickr.com/photos/25415025@N08/5176264464/			False	http://farm5.staticflickr.com/4151/5176264464_a7a8b818bc.jpg	14	311d9d21db76fa7091ae9059348e71c	jpg	Jean-Philippe G.	Turkey	2010-11-14T21:04:59Z	Attribution-NonCommercial-NoDerivs License	2010-11-12T14:29:36Z	Panasonic DMC-GF1	69356931	P1020526 2010-11-12	5176264464	
Istanbul	[22724112, 2344116, 29390475, 2347289, 23424969, 28350899]	http://www.flickr.com/photos/25415025@N08/5176263468/			False	http://farm5.staticflickr.com/4152/5176263468_4c6872d032.jpg	14	6040d1fe89874dfda45f599a2374299b	jpg	Jean-Philippe G.	Turkey	2010-11-14T21:04:41Z	Attribution-NonCommercial-NoDerivs License	2010-11-12T14:29:58Z	Panasonic DMC-GF1	90538590	P1020527 2010-11-12	5176263468	
Istanbul	[22724112, 2344116, 29390475, 2347289, 23424969, 28350899]	http://www.flickr.com/photos/25415025@N08/5175658443/			False	http://farm5.staticflickr.com/4153/5175658443_d38163b63f.jpg	14	c96f8aa57379e54b4fe551768fc7160	jpg	Jean-Philippe G.	Turkey	2010-11-14T21:04:31Z	Attribution-NonCommercial-NoDerivs License	2010-11-12T14:30:24Z	Panasonic DMC-GF1	82584970	P1020528 2010-11-12	5175658443	
Istanbul	[22724112, 2344116, 29390475, 2347289, 23424969, 28350899]	http://www.flickr.com/photos/25415025@N08/5175657905/			False	http://farm5.staticflickr.com/4124/5175657905_607aedb5f7.jpg	14	4ca9dc80a22e57fbfae58e08fbdd5a7	jpg	Jean-Philippe G.	Turkey	2010-11-14T21:04:20Z	Attribution-NonCommercial-NoDerivs License	2010-11-12T14:30:40Z	Panasonic DMC-GF1	87915435	P1020529 2010-11-12	5175657905	
Istanbul	[22724112, 2344116, 29390475, 2347289, 23424969, 28350899]	http://www.flickr.com/photos/25415025@N08/5168922777/			False	http://farm5.staticflickr.com/4023/5168922777_736921c90b.jpg	14	53ac75f8f53df911080ed2574707b	jpg	Jean-Philippe G.	Turkey	2010-11-12T14:18:54Z	Attribution-NonCommercial-NoDerivs License	2010-11-12T14:30:41Z	Panasonic DMC-GF1	15174187	P1020529 2010-11-12	5168922777	
Istanbul	[22724112, 2344116, 29390475, 2347289, 23424969, 28350899]	http://www.flickr.com/photos/25415025@N08/5175657303/			False	http://farm5.staticflickr.com/4154/5175657303_97074bfd3b.jpg	14	933f3ca6679b7df25f198b52741d8c	jpg	Jean-Philippe G.	Turkey	2010-11-14T21:04:10Z	Attribution-NonCommercial-NoDerivs License	2010-11-12T14:30:44Z	Panasonic DMC-GF1	89391259	P1020530 2010-11-12	5175657303	
Istanbul	[22724112, 2344116, 29390475, 2347289, 23424969, 28350899]	http://www.flickr.com/photos/25415025@N08/5175656803/			False	http://farm5.staticflickr.com/4111/5175656803_7c30aa6844.jpg	14	897bb266d3c9eef12396f7c2414bf82	jpg	Jean-Philippe G.	Turkey	2010-11-14T21:04:00Z	Attribution-NonCommercial-NoDerivs License	2010-11-12T14:30:50Z	Panasonic DMC-GF1	66877213	P1020531 2010-11-12	5175656803	
Istanbul	[22724112, 2344116, 29390475, 2347289, 23424969, 28350899]	http://www.flickr.com/photos/25415025@N08/5176260502/			False	http://farm5.staticflickr.com/4091/5176260502_542f2056f6.jpg	14	21dc3b5f6ddf3849ff202d2f3af7d46	jpg	Jean-Philippe G.	Turkey	2010-11-14T21:03:48Z	Attribution-NonCommercial-NoDerivs License	2010-11-12T14:30:56Z	Panasonic DMC-GF1	70953088	P1020532 2010-11-12	5176260502	
Istanbul	[22724112, 2344116, 29390475, 2347289, 23424969, 28350899]	http://www.flickr.com/photos/25415025@N08/5169523112/			False	http://farm5.staticflickr.com/4049/5169523112_d0251f6382.jpg	14	fcd8287a1787ded1bdc34d29a17c662	jpg	Jean-Philippe G.	Turkey	2010-11-12T14:19:13Z	Attribution-NonCommercial-NoDerivs License	2010-11-12T14:30:57Z	Panasonic DMC-GF1	88447513	P1020532 2010-11-12	5169523112	
Istanbul	[22724112, 2344116, 29390475, 2347289, 23424969, 28350899]	http://www.flickr.com/photos/25415025@N08/5176260036/			False	http://farm5.staticflickr.com/4108/5176260036_31e558c786.jpg	14	d13ac2c4f5ad52aa9449e9743411b0	jpg	Jean-Philippe G.	Turkey	2010-11-14T21:03:39Z	Attribution-NonCommercial-NoDerivs License	2010-11-12T14:31:10Z	Panasonic DMC-GF1	39841512	P1020533 2010-11-12	5176260036	
Istanbul	[22724112, 2344116, 29390475, 2347289, 23424969, 28350899]	http://www.flickr.com/photos/25415025@N08/5176259528/			False	http://farm5.staticflickr.com/4112/5176259528_a5279c729a.jpg	14	2f402ea62588962efc4de3136287f5e	jpg	Jean-Philippe G.	Turkey	2010-11-14T21:03:29Z	Attribution-NonCommercial-NoDerivs License	2010-11-12T14:31:40Z	Panasonic DMC-GF1	89464578	P1020534 2010-11-12	5176259528	
Istanbul	[22724112, 2344116, 29390475, 2347289, 23424969, 28350899]	http://www.flickr.com/photos/25415025@N08/5176259014/			False	http://farm5.staticflickr.com/4144/5176259014_abe4186b7e.jpg	14	4da6308b7bdd646ea68928f34b10e41	jpg	Jean-Philippe G.	Turkey	2010-11-14T21:03:20Z	Attribution-NonCommercial-NoDerivs License	2010-11-12T14:31:44Z	Panasonic DMC-GF1	73430831	P1020535 2010-11-12	5176259014	
Istanbul	[22724112, 2344116, 29390475, 2347289, 23424969, 28350899]	http://www.flickr.com/photos/25415025@N08/5168924417/			False	http://farm5.staticflickr.com/4110/5168924417_c7d1cdd0db.jpg	14	3c947d5978cc4b7bbeb42fae9b722ce0	jpg	Jean-Philippe G.	Turkey	2010-11-12T14:19:54Z	Attribution-NonCommercial-NoDerivs License	2010-11-12T14:31:45Z	Panasonic DMC-GF1	97391177	P1020535 2010-11-12	5168924417	
Istanbul	[22724112, 2344116, 29390475, 2347289, 23424969, 28350899]	http://www.flickr.com/photos/25415025@N08/5175654007/			False	http://farm5.staticflickr.com/4128/5175654007_8f87a67c01.jpg	14	83144ccd85a25a1f8f52d295ad964747	jpg	Jean-Philippe G.	Turkey	2010-11-14T21:03:12Z	Attribution-NonCommercial-NoDerivs License	2010-11-12T14:32:04Z	Panasonic DMC-GF1	99822036	P1020536 2010-11-12	5175654007	
Istanbul	[22724112, 2344116, 29390475, 2347289, 23424969, 28350899]	http://www.flickr.com/photos/25415025@N08/5175652951/			False	http://farm5.staticflickr.com/4104/5175652951_31652a165e.jpg	14	70e4254d712f312147f477aa4666c31e	jpg	Jean-Philippe G.	Turkey	2010-11-14T21:02:54Z	Attribution-NonCommercial-NoDerivs License	2010-11-12T14:32:06Z	Panasonic DMC-GF1	81007816	P1020537 2010-11-12	5175652951	
Istanbul	[22724112, 2344116, 29390475, 2347289, 23424969, 28350899]	http://www.flickr.com/photos/25415025@N08/5168924981/			False	http://farm5.staticflickr.com/4071/5168924981_c4b27dcccc.jpg	14	33fc5a35845819c8336d9ad7463d65f	jpg	Jean-Philippe G.	Turkey	2010-11-12T14:20:14Z	Attribution-NonCommercial-NoDerivs License	2010-11-12T14:32:18Z	Panasonic DMC-GF1	53966300	P1020538 2010-11-12	5168924981	
Istanbul	[22724112, 2344116, 29390475, 2347289, 23424969, 28350899]	http://www.flickr.com/photos/25415025@N08/5175652411/			False	http://farm5.staticflickr.com/4149/5175652411_d0f96e1157.jpg	14	542217dbab68a9c254daea1976eb32	jpg	Jean-Philippe G.	Turkey	2010-11-14T21:02:45Z	Attribution-NonCommercial-NoDerivs License	2010-11-12T14:32:18Z	Panasonic DMC-GF1	86653284	P1020538 2010-11-12	5175652411	
Istanbul	[22724112, 2344116, 29390475, 2347289, 23424969, 28350899]	http://www.flickr.com/photos/25415025@N08/5175651855/			False	http://farm5.staticflickr.com/4086/5175651855_416a9a7faf.jpg	14	b130e2deb42fb3f54e55caecca6bf5f	jpg	Jean-Philippe G.	Turkey	2010-11-14T21:02:35Z	Attribution-NonCommercial-NoDerivs License	2010-11-12T14:32:26Z	Panasonic DMC-GF1	98703684	P1020539 2010-11-12	5175651855	
Istanbul	[22724112, 2344116, 29390475, 2347289, 23424969, 28350899]	http://www.flickr.com/photos/25415025@N08/5168914825/			False	http://farm5.staticflickr.com/4049/5168914825_a0a83e76ac.jpg	14	45219b2697addbf1217c580a45b4d30	jpg	Jean-Philippe G.	Turkey	2010-11-12T14:14:38Z	Attribution-NonCommercial-NoDerivs License	2010-11-12T14:32:27Z	Panasonic DMC-GF1	40075023	P1020539 2010-11-12	5168914825	
Istanbul	[22724112, 2344116, 29390475, 2347289, 23424969, 28350899]	http://www.flickr.com/photos/25415025@N08/5175651253/			False	http://farm5.staticflickr.com/4111/5175651253_1aecd71a4a.jpg	14	4c4239ebfe5dc97c5d6c48f6afa65c61	jpg	Jean-Philippe G.	Turkey	2010-11-14T21:02:24Z	Attribution-NonCommercial-NoDerivs License	2010-11-12T14:33:10Z	Panasonic DMC-GF1	78803664	P1020540 2010-11-12	5175651253	
Istanbul	[22724112, 2344116, 29390475, 2347289, 23424969, 28350899]	http://www.flickr.com/photos/25415025@N08/5169526306/			False	http://farm5.staticflickr.com/4033/5169526306_842d352557.jpg	14	13b1236c7cfd914e7232879a56a73e	jpg	Jean-Philippe G.	Turkey	2010-11-12T14:21:00Z	Attribution-NonCommercial-NoDerivs License	2010-11-12T14:33:20Z	Panasonic DMC-GF1	61504201	P1020541 2010-11-12	5169526306	
Istanbul	[22724112, 2344116, 29390475, 2347289, 23424969, 28350899]	http://www.flickr.com/photos/25415025@N08/5175650659/			False	http://farm5.staticflickr.com/4091/5175650659_29862d7451.jpg	14	bdcc9dfb5c81fb544725f7896236f93	jpg	Jean-Philippe G.	Turkey	2010-11-14T21:02:15Z	Attribution-NonCommercial-NoDerivs License	2010-11-12T14:33:20Z	Panasonic DMC-GF1	65406680	P1020541 2010-11-12	5175650659	
Istanbul	[22724112, 2344116, 29390475, 2347289, 23424969, 28350899]	http://www.flickr.com/photos/25415025@N08/5168915609/			False	http://farm5.staticflickr.com/4131/5168915609_2d0d82e166.jpg	14	6530c9961b4174f6fa1fdc568f894b0	jpg	Jean-Philippe G.	Turkey	2010-11-12T14:15:03Z	Attribution-NonCommercial-NoDerivs License	2010-11-12T14:36:52Z	Panasonic DMC-GF1	75984685	P1020542 2010-11-12	5168915609	
Istanbul	[22724112, 2344116, 29390475, 2347289, 23424969, 28350899]	http://www.flickr.com/photos/25415025@N08/5175649917/			False	http://farm5.staticflickr.com/4145/5175649917_b6635571e3.jpg	14	f3cbed204171b6a5a13bb53cbef6e92	jpg	Jean-Philippe G.	Turkey	2010-11-14T21:02:03Z	Attribution-NonCommercial-NoDerivs License	2010-11-12T14:36:52Z	Panasonic DMC-GF1	96089176	P1020542 2010-11-12	5175649917	
