town_s	woe_is	urlpage_s	machine_ss	desc_ws	video_b	url_s	hour_i	hash_s	ext_s	user_s	country_s	upload_dt	license_s	taken_dt	device_s	line_i	title_s	id	tag_ss
Istanbul	[22723989, 2344116, 29390475, 2347289, 23424969, 28350899]	http://www.flickr.com/photos/107954379@N03/10731119384/			False	http://farm3.staticflickr.com/2850/10731119384_5a8f6c6654.jpg	2	c3ed63b9b1f6fdcf6579e4db35b23a	jpg	butcher.christian	Turkey	2013-11-07T20:45:14Z	Attribution-NonCommercial-ShareAlike License	2013-09-25T02:37:38Z	Apple iPhone 4	71530682	IMG_2213	10731119384	[u'istanbul', u't\ufffd\ufffdrkei', u'turkey', u'turkiye']
Istanbul	[22723989, 2344116, 29390475, 2347289, 23424969, 28350899]	http://www.flickr.com/photos/107954379@N03/10731449564/			False	http://farm4.staticflickr.com/3781/10731449564_8e36a24ee5.jpg	2	8a13fc64cdc196533ec99abe6e1458a	jpg	butcher.christian	Turkey	2013-11-07T21:08:26Z	Attribution-NonCommercial-ShareAlike License	2013-09-25T02:37:38Z	Apple iPhone 4	96915666	IMG_2008	10731449564	[u'istanbul', u't\ufffd\ufffdrkei', u'turkey', u'turkiye']
Istanbul	[22723989, 2344116, 29390475, 2347289, 23424969, 28350899]	http://www.flickr.com/photos/107954379@N03/10731656793/			False	http://farm4.staticflickr.com/3689/10731656793_7858855a22.jpg	2	992643828429605b227f9c8db9af378c	jpg	butcher.christian	Turkey	2013-11-07T21:08:43Z	Attribution-NonCommercial-ShareAlike License	2013-09-25T02:37:46Z	Apple iPhone 4	87935981	IMG_2009	10731656793	[u'istanbul', u't\ufffd\ufffdrkei', u'turkey', u'turkiye']
Istanbul	[22723989, 2344116, 29390475, 2347289, 23424969, 28350899]	http://www.flickr.com/photos/107954379@N03/10731450096/			False	http://farm3.staticflickr.com/2894/10731450096_d285d494bc.jpg	2	8e70df95bda255b41ab183731b5424c	jpg	butcher.christian	Turkey	2013-11-07T21:09:01Z	Attribution-NonCommercial-ShareAlike License	2013-09-25T02:39:33Z	Apple iPhone 4	96023543	IMG_2010	10731450096	[u'istanbul', u't\ufffd\ufffdrkei', u'turkey', u'turkiye']
Istanbul	[22723989, 2344116, 29390475, 2347289, 23424969, 28350899]	http://www.flickr.com/photos/107954379@N03/10731665363/			False	http://farm6.staticflickr.com/5490/10731665363_0f76692bd4.jpg	2	1dc3a369482e14f86f98faef6ef74fd0	jpg	butcher.christian	Turkey	2013-11-07T21:09:19Z	Attribution-NonCommercial-ShareAlike License	2013-09-25T02:39:38Z	Apple iPhone 4	74544494	IMG_2011	10731665363	[u'istanbul', u't\ufffd\ufffdrkei', u'turkey', u'turkiye']
Istanbul	[22723989, 2344116, 29390475, 2347289, 23424969, 28350899]	http://www.flickr.com/photos/107954379@N03/10731127884/			False	http://farm6.staticflickr.com/5497/10731127884_eedb7c1eb4.jpg	14	2f96bda251b2736d2af4ae8838b6ac2	jpg	butcher.christian	Turkey	2013-11-07T20:45:53Z	Attribution-NonCommercial-ShareAlike License	2013-09-25T14:45:55Z	Apple iPhone 4	75400303	IMG_2012	10731127884	[u'istanbul', u't\ufffd\ufffdrkei', u'turkey', u'turkiye']
Istanbul	[22723989, 2344116, 29390475, 2347289, 23424969, 28350899]	http://www.flickr.com/photos/107954379@N03/10731365245/			False	http://farm6.staticflickr.com/5475/10731365245_50f0612771.jpg	14	aedb81d6159adfefd6fd581f8813f1e0	jpg	butcher.christian	Turkey	2013-11-07T21:09:40Z	Attribution-NonCommercial-ShareAlike License	2013-09-25T14:47:43Z	Apple iPhone 4	94324500	IMG_2013	10731365245	[u'istanbul', u't\ufffd\ufffdrkei', u'turkey', u'turkiye']
Istanbul	[22723989, 2344116, 29390475, 2347289, 23424969, 28350899]	http://www.flickr.com/photos/107954379@N03/10731471084/			False	http://farm6.staticflickr.com/5478/10731471084_05f1ebbd1d.jpg	15	2eaca84de3d4f48fe0b2a3daabdcb85c	jpg	butcher.christian	Turkey	2013-11-07T21:10:01Z	Attribution-NonCommercial-ShareAlike License	2013-09-25T15:51:04Z	Apple iPhone 4	87874000	IMG_2015	10731471084	[u'istanbul', u't\ufffd\ufffdrkei', u'turkey', u'turkiye']
Istanbul	[22723989, 2344116, 29390475, 2347289, 23424969, 28350899]	http://www.flickr.com/photos/107954379@N03/10731475094/			False	http://farm3.staticflickr.com/2822/10731475094_69ebb3ce18.jpg	15	dda32462ab2aa3067f837238be8dd20	jpg	butcher.christian	Turkey	2013-11-07T21:10:20Z	Attribution-NonCommercial-ShareAlike License	2013-09-25T15:51:11Z	Apple iPhone 4	74443492	IMG_2016	10731475094	[u'istanbul', u't\ufffd\ufffdrkei', u'turkey', u'turkiye']
Istanbul	[22724077, 2344116, 29390475, 2347289, 23424969, 28350899]	http://www.flickr.com/photos/107954379@N03/10733414336/			False	http://farm4.staticflickr.com/3722/10733414336_93eab2f3f1.jpg	16	74dbde39809bce31a67fcde4c11f3	jpg	butcher.christian	Turkey	2013-11-07T23:41:11Z	Attribution-NonCommercial-ShareAlike License	2013-09-25T16:04:06Z	Canon EOS 400D DIGITAL	27005012	IMG_3407	10733414336	[u'istanbul', u't\ufffd\ufffdrkei', u'turkey', u'turkiye']
Istanbul	[22724077, 2344116, 29390475, 2347289, 23424969, 28350899]	http://www.flickr.com/photos/107954379@N03/10733322675/			False	http://farm4.staticflickr.com/3704/10733322675_c016fea13d.jpg	16	6edee3b593971aa79a17e6c64aa297	jpg	butcher.christian	Turkey	2013-11-07T23:40:45Z	Attribution-NonCommercial-ShareAlike License	2013-09-25T16:04:19Z	Canon EOS 400D DIGITAL	73166169	IMG_3409	10733322675	[u'istanbul', u't\ufffd\ufffdrkei', u'turkey', u'turkiye']
Istanbul	[22724077, 2344116, 29390475, 2347289, 23424969, 28350899]	http://www.flickr.com/photos/107954379@N03/10733415684/			False	http://farm6.staticflickr.com/5481/10733415684_827d7c8c57.jpg	16	66695f2dc7489437e36d41f84b1b1	jpg	butcher.christian	Turkey	2013-11-07T23:40:15Z	Attribution-NonCommercial-ShareAlike License	2013-09-25T16:06:00Z	Canon EOS 400D DIGITAL	89036209	IMG_3413	10733415684	[u'istanbul', u't\ufffd\ufffdrkei', u'turkey', u'turkiye']
Istanbul	[22724077, 2344116, 29390475, 2347289, 23424969, 28350899]	http://www.flickr.com/photos/107954379@N03/10733620093/			False	http://farm4.staticflickr.com/3766/10733620093_97a6f13305.jpg	16	c82f1dc2daa32a312161dbcd8fa491	jpg	butcher.christian	Turkey	2013-11-07T23:40:06Z	Attribution-NonCommercial-ShareAlike License	2013-09-25T16:06:48Z	Canon EOS 400D DIGITAL	85543636	IMG_3419	10733620093	[u'istanbul', u't\ufffd\ufffdrkei', u'turkey', u'turkiye']
Istanbul	[22724077, 2344116, 29390475, 2347289, 23424969, 28350899]	http://www.flickr.com/photos/107954379@N03/10733411574/			False	http://farm6.staticflickr.com/5510/10733411574_d9226ae74a.jpg	16	60d6fe3876247cbd3b57d1e2f9cbee	jpg	butcher.christian	Turkey	2013-11-07T23:39:52Z	Attribution-NonCommercial-ShareAlike License	2013-09-25T16:08:14Z	Canon EOS 400D DIGITAL	70318411	IMG_3424	10733411574	[u'istanbul', u't\ufffd\ufffdrkei', u'turkey', u'turkiye']
Istanbul	[22724077, 2344116, 29390475, 2347289, 23424969, 28350899]	http://www.flickr.com/photos/107954379@N03/10733310175/			False	http://farm6.staticflickr.com/5525/10733310175_69e3076d5c.jpg	16	6c84ef78b23cede7c32bafe45012eb	jpg	butcher.christian	Turkey	2013-11-07T23:39:39Z	Attribution-NonCommercial-ShareAlike License	2013-09-25T16:10:08Z	Canon EOS 400D DIGITAL	78767549	IMG_3432	10733310175	[u'istanbul', u't\ufffd\ufffdrkei', u'turkey', u'turkiye']
Istanbul	[22724077, 2344116, 29390475, 2347289, 23424969, 28350899]	http://www.flickr.com/photos/107954379@N03/10733392576/			False	http://farm3.staticflickr.com/2876/10733392576_3d76869b6b.jpg	16	f7b383bcf2dba446a6328a27aada820	jpg	butcher.christian	Turkey	2013-11-07T23:39:19Z	Attribution-NonCommercial-ShareAlike License	2013-09-25T16:13:11Z	Canon EOS 400D DIGITAL	98975011	IMG_3437	10733392576	[u'istanbul', u't\ufffd\ufffdrkei', u'turkey', u'turkiye']
Istanbul	[22724077, 2344116, 29390475, 2347289, 23424969, 28350899]	http://www.flickr.com/photos/107954379@N03/10733390306/			False	http://farm3.staticflickr.com/2849/10733390306_dfaf5a3f4c.jpg	16	d437d5e76be6ec816c33978f55d8339	jpg	butcher.christian	Turkey	2013-11-07T23:39:06Z	Attribution-NonCommercial-ShareAlike License	2013-09-25T16:13:20Z	Canon EOS 400D DIGITAL	99292722	IMG_3438	10733390306	[u'istanbul', u't\ufffd\ufffdrkei', u'turkey', u'turkiye']
Istanbul	[22724077, 2344116, 29390475, 2347289, 23424969, 28350899]	http://www.flickr.com/photos/107954379@N03/10733606673/			False	http://farm3.staticflickr.com/2853/10733606673_8c1013c01f.jpg	16	dd2af677c91a47272eb49580332e46	jpg	butcher.christian	Turkey	2013-11-07T23:38:53Z	Attribution-NonCommercial-ShareAlike License	2013-09-25T16:14:39Z	Canon EOS 400D DIGITAL	93082002	IMG_3442	10733606673	[u'istanbul', u't\ufffd\ufffdrkei', u'turkey', u'turkiye']
Istanbul	[22724077, 2344116, 29390475, 2347289, 23424969, 28350899]	http://www.flickr.com/photos/107954379@N03/10733396994/			False	http://farm6.staticflickr.com/5541/10733396994_9428c07507.jpg	16	e0cf3c98ce9ec44965767db0259b6543	jpg	butcher.christian	Turkey	2013-11-07T23:38:35Z	Attribution-NonCommercial-ShareAlike License	2013-09-25T16:46:11Z	Canon EOS 400D DIGITAL	75760986	IMG_3462	10733396994	[u'istanbul', u't\ufffd\ufffdrkei', u'turkey', u'turkiye']
Istanbul	[22724077, 2344116, 29390475, 2347289, 23424969, 28350899]	http://www.flickr.com/photos/107954379@N03/10733601033/			False	http://farm8.staticflickr.com/7305/10733601033_747223ff9f.jpg	16	7fc1284d4bd150b2df9293dd68ee282d	jpg	butcher.christian	Turkey	2013-11-07T23:38:22Z	Attribution-NonCommercial-ShareAlike License	2013-09-25T16:52:56Z	Canon EOS 400D DIGITAL	91554310	IMG_3479	10733601033	[u'istanbul', u't\ufffd\ufffdrkei', u'turkey', u'turkiye']
Istanbul	[22724077, 2344116, 29390475, 2347289, 23424969, 28350899]	http://www.flickr.com/photos/107954379@N03/10733292925/			False	http://farm6.staticflickr.com/5523/10733292925_94cbb32dc4.jpg	16	471af8e628564c9bd641151888d987a	jpg	butcher.christian	Turkey	2013-11-07T23:38:02Z	Attribution-NonCommercial-ShareAlike License	2013-09-25T16:54:31Z	Canon EOS 400D DIGITAL	61784518	IMG_3482	10733292925	[u'istanbul', u't\ufffd\ufffdrkei', u'turkey', u'turkiye']
Istanbul	[22723989, 2344116, 29390475, 2347289, 23424969, 28350899]	http://www.flickr.com/photos/107954379@N03/10731684473/			False	http://farm3.staticflickr.com/2824/10731684473_041feb6e2e.jpg	17	ec4f74accdac542fee492114ec35a81	jpg	butcher.christian	Turkey	2013-11-07T21:10:44Z	Attribution-NonCommercial-ShareAlike License	2013-09-25T17:45:12Z	Apple iPhone 4	78980400	IMG_2017	10731684473	[u'istanbul', u't\ufffd\ufffdrkei', u'turkey', u'turkiye']
Istanbul	[22723989, 2344116, 29390475, 2347289, 23424969, 28350899]	http://www.flickr.com/photos/107954379@N03/10731384765/			False	http://farm8.staticflickr.com/7451/10731384765_1bb837d408.jpg	18	27f08fcab342787fcc95ca3b5eef722	jpg	butcher.christian	Turkey	2013-11-07T21:11:07Z	Attribution-NonCommercial-ShareAlike License	2013-09-25T18:12:18Z	Apple iPhone 4	81475106	IMG_2018	10731384765	[u'istanbul', u't\ufffd\ufffdrkei', u'turkey', u'turkiye']
Istanbul	[22723989, 2344116, 29390475, 2347289, 23424969, 28350899]	http://www.flickr.com/photos/107954379@N03/10731513666/			False	http://farm4.staticflickr.com/3732/10731513666_a3c4f345e2.jpg	18	44e7b2a0ccb3a4391e4c5558d818f2c9	jpg	butcher.christian	Turkey	2013-11-07T21:13:46Z	Attribution-NonCommercial-ShareAlike License	2013-09-25T18:12:27Z	Apple iPhone 4	63087217	IMG_2031	10731513666	[u'istanbul', u't\ufffd\ufffdrkei', u'turkey', u'turkiye']
Istanbul	[22723989, 2344116, 29390475, 2347289, 23424969, 28350899]	http://www.flickr.com/photos/107954379@N03/10731695483/			False	http://farm6.staticflickr.com/5538/10731695483_eb458e4df8.jpg	18	326a93351de4122bcc7f15c450c0c1de	jpg	butcher.christian	Turkey	2013-11-07T21:11:30Z	Attribution-NonCommercial-ShareAlike License	2013-09-25T18:12:27Z	Apple iPhone 4	88448520	IMG_2019	10731695483	[u'istanbul', u't\ufffd\ufffdrkei', u'turkey', u'turkiye']
Istanbul	[22724077, 2344116, 29390475, 2347289, 23424969, 28350899]	http://www.flickr.com/photos/107954379@N03/10733375816/			False	http://farm8.staticflickr.com/7290/10733375816_60856642d3.jpg	18	69c84eca5632c5fc2edc0cfa8629db	jpg	butcher.christian	Turkey	2013-11-07T23:37:47Z	Attribution-NonCommercial-ShareAlike License	2013-09-25T18:40:53Z	Canon EOS 400D DIGITAL	67384272	IMG_3488	10733375816	[u'istanbul', u't\ufffd\ufffdrkei', u'turkey', u'turkiye']
Istanbul	[22724077, 2344116, 29390475, 2347289, 23424969, 28350899]	http://www.flickr.com/photos/107954379@N03/10733590863/			False	http://farm8.staticflickr.com/7450/10733590863_af187041d4.jpg	18	1f56d93fd419c54c5f5f7b3f3f923c	jpg	butcher.christian	Turkey	2013-11-07T23:37:30Z	Attribution-NonCommercial-ShareAlike License	2013-09-25T18:44:44Z	Canon EOS 400D DIGITAL	98276356	IMG_3491	10733590863	[u'istanbul', u't\ufffd\ufffdrkei', u'turkey', u'turkiye']
Istanbul	[22724077, 2344116, 29390475, 2347289, 23424969, 28350899]	http://www.flickr.com/photos/107954379@N03/10733587343/			False	http://farm4.staticflickr.com/3735/10733587343_5dea381b60.jpg	18	7572648d295f90f04a79406471291391	jpg	butcher.christian	Turkey	2013-11-07T23:37:12Z	Attribution-NonCommercial-ShareAlike License	2013-09-25T18:44:56Z	Canon EOS 400D DIGITAL	61468029	IMG_3492	10733587343	[u'istanbul', u't\ufffd\ufffdrkei', u'turkey', u'turkiye']
Istanbul	[22723989, 2344116, 29390475, 2347289, 23424969, 28350899]	http://www.flickr.com/photos/107954379@N03/10731486996/			False	http://farm4.staticflickr.com/3722/10731486996_bfdd71bb7c.jpg	18	5d58eebcd883a92dc037877ed9cb37f	jpg	butcher.christian	Turkey	2013-11-07T21:11:49Z	Attribution-NonCommercial-ShareAlike License	2013-09-25T18:44:57Z	Apple iPhone 4	5410291	IMG_2020	10731486996	[u'istanbul', u't\ufffd\ufffdrkei', u'turkey', u'turkiye']
Istanbul	[22723989, 2344116, 29390475, 2347289, 23424969, 28350899]	http://www.flickr.com/photos/107954379@N03/10731703073/			False	http://farm4.staticflickr.com/3691/10731703073_ea7e5bf857.jpg	18	ea665d1a9ceedc4109332ecc0b982e	jpg	butcher.christian	Turkey	2013-11-07T21:12:03Z	Attribution-NonCommercial-ShareAlike License	2013-09-25T18:45:08Z	Apple iPhone 4	64386402	IMG_2021	10731703073	[u'istanbul', u't\ufffd\ufffdrkei', u'turkey', u'turkiye']
Istanbul	[22723989, 2344116, 29390475, 2347289, 23424969, 28350899]	http://www.flickr.com/photos/107954379@N03/10731401405/			False	http://farm3.staticflickr.com/2879/10731401405_0537339952.jpg	18	e4ab809b7874ad688240ff55582ba5	jpg	butcher.christian	Turkey	2013-11-07T21:12:21Z	Attribution-NonCommercial-ShareAlike License	2013-09-25T18:45:26Z	Apple iPhone 4	65864141	IMG_2022	10731401405	[u'istanbul', u't\ufffd\ufffdrkei', u'turkey', u'turkiye']
Istanbul	[22723989, 2344116, 29390475, 2347289, 23424969, 28350899]	http://www.flickr.com/photos/107954379@N03/10731506754/			False	http://farm3.staticflickr.com/2871/10731506754_9f96a6565e.jpg	18	f49b142de56461eaebfcc4ab60b51f	jpg	butcher.christian	Turkey	2013-11-07T21:12:38Z	Attribution-NonCommercial-ShareAlike License	2013-09-25T18:45:39Z	Apple iPhone 4	68211155	IMG_2023	10731506754	[u'istanbul', u't\ufffd\ufffdrkei', u'turkey', u'turkiye']
Istanbul	[22723989, 2344116, 29390475, 2347289, 23424969, 28350899]	http://www.flickr.com/photos/107954379@N03/10731714563/			False	http://farm4.staticflickr.com/3767/10731714563_fdbf2355a8.jpg	19	a7ae46f8217f9c2c3fe393285a081	jpg	butcher.christian	Turkey	2013-11-07T21:12:53Z	Attribution-NonCommercial-ShareAlike License	2013-09-25T19:28:03Z	Apple iPhone 4	88592675	IMG_2024	10731714563	[u'istanbul', u't\ufffd\ufffdrkei', u'turkey', u'turkiye']
Istanbul	[22723989, 2344116, 29390475, 2347289, 23424969, 28350899]	http://www.flickr.com/photos/107954379@N03/10731413265/			False	http://farm8.staticflickr.com/7437/10731413265_811627059c.jpg	19	22f12bf5bde463dc3d918c29c64d4cc	jpg	butcher.christian	Turkey	2013-11-07T21:13:11Z	Attribution-NonCommercial-ShareAlike License	2013-09-25T19:28:21Z	Apple iPhone 4	86873970	IMG_2027	10731413265	[u'istanbul', u't\ufffd\ufffdrkei', u'turkey', u'turkiye']
Istanbul	[22723989, 2344116, 29390475, 2347289, 23424969, 28350899]	http://www.flickr.com/photos/107954379@N03/10731518134/			False	http://farm4.staticflickr.com/3713/10731518134_79c96de95b.jpg	19	921dae368cabaa8d1bdad37fb3614e	jpg	butcher.christian	Turkey	2013-11-07T21:13:28Z	Attribution-NonCommercial-ShareAlike License	2013-09-25T19:31:34Z	Apple iPhone 4	47284472	IMG_2028	10731518134	[u'istanbul', u't\ufffd\ufffdrkei', u'turkey', u'turkiye']
Istanbul	[22723989, 2344116, 29390475, 2347289, 23424969, 28350899]	http://www.flickr.com/photos/107954379@N03/10731513216/			False	http://farm6.staticflickr.com/5504/10731513216_d014c2419d.jpg	19	5e3da262322f48d41a29ad81e1f45b7	jpg	butcher.christian	Turkey	2013-11-07T21:13:44Z	Attribution-NonCommercial-ShareAlike License	2013-09-25T19:31:40Z	Apple iPhone 4	91905852	IMG_2029	10731513216	[u'istanbul', u't\ufffd\ufffdrkei', u'turkey', u'turkiye']
