town_s	woe_is	urlpage_s	machine_ss	desc_ws	video_b	url_s	hour_i	hash_s	ext_s	user_s	country_s	upload_dt	license_s	taken_dt	device_s	line_i	title_s	id	tag_ss
Istanbul	[22724077, 2344116, 29390475, 2347289, 23424969, 28350899]	http://www.flickr.com/photos/107954379@N03/10733280686/			False	http://farm6.staticflickr.com/5506/10733280686_6be87c65de.jpg	10	c56eb489f9aaa9d1fa7565484eb4e6c	jpg	butcher.christian	Turkey	2013-11-07T23:29:37Z	Attribution-NonCommercial-ShareAlike License	2013-09-30T10:35:06Z	Canon EOS 400D DIGITAL	87442183	IMG_3637	10733280686	[u'istanbul', u't\ufffd\ufffdrkei', u'turkey', u'turkiye']
Istanbul	[22724077, 2344116, 29390475, 2347289, 23424969, 28350899]	http://www.flickr.com/photos/107954379@N03/10733193045/			False	http://farm8.staticflickr.com/7341/10733193045_da541f18d5.jpg	10	15f5d9a9f24faf7121c1dd1a7955fc2	jpg	butcher.christian	Turkey	2013-11-07T23:29:24Z	Attribution-NonCommercial-ShareAlike License	2013-09-30T10:35:40Z	Canon EOS 400D DIGITAL	79756781	IMG_3640	10733193045	[u'istanbul', u't\ufffd\ufffdrkei', u'turkey', u'turkiye']
Istanbul	[22723989, 2344116, 29390475, 2347289, 23424969, 28350899]	http://www.flickr.com/photos/107954379@N03/10731987653/			False	http://farm8.staticflickr.com/7345/10731987653_eb8c731a7d.jpg	11	8d6f6855b418903a9ba12e983b1619c	jpg	butcher.christian	Turkey	2013-11-07T21:32:39Z	Attribution-NonCommercial-ShareAlike License	2013-09-30T11:21:41Z	Apple iPhone 4	86512629	IMG_2128	10731987653	[u'istanbul', u't\ufffd\ufffdrkei', u'turkey', u'turkiye']
Istanbul	[22723989, 2344116, 29390475, 2347289, 23424969, 28350899]	http://www.flickr.com/photos/107954379@N03/10731993093/			False	http://farm8.staticflickr.com/7330/10731993093_a127653432.jpg	11	deec398d25eed79c5175d473e32eb63	jpg	butcher.christian	Turkey	2013-11-07T21:33:02Z	Attribution-NonCommercial-ShareAlike License	2013-09-30T11:21:50Z	Apple iPhone 4	77510889	IMG_2129	10731993093	[u'istanbul', u't\ufffd\ufffdrkei', u'turkey', u'turkiye']
Istanbul	[22724077, 2344116, 29390475, 2347289, 23424969, 28350899]	http://www.flickr.com/photos/107954379@N03/10733190225/			False	http://farm6.staticflickr.com/5523/10733190225_d089a10fbb.jpg	11	79c7fc2e5e73284f79b398a79dadf80	jpg	butcher.christian	Turkey	2013-11-07T23:29:10Z	Attribution-NonCommercial-ShareAlike License	2013-09-30T11:24:56Z	Canon EOS 400D DIGITAL	66301853	IMG_3651	10733190225	[u'istanbul', u't\ufffd\ufffdrkei', u'turkey', u'turkiye']
Istanbul	[22724077, 2344116, 29390475, 2347289, 23424969, 28350899]	http://www.flickr.com/photos/107954379@N03/10733489273/			False	http://farm8.staticflickr.com/7295/10733489273_e7e9b4a1ef.jpg	11	63a5ba6cae86932716b71ea60a6d353	jpg	butcher.christian	Turkey	2013-11-07T23:28:48Z	Attribution-NonCommercial-ShareAlike License	2013-09-30T11:25:50Z	Canon EOS 400D DIGITAL	92174503	IMG_3657	10733489273	[u'istanbul', u't\ufffd\ufffdrkei', u'turkey', u'turkiye']
Istanbul	[22724077, 2344116, 29390475, 2347289, 23424969, 28350899]	http://www.flickr.com/photos/107954379@N03/10733264936/			False	http://farm6.staticflickr.com/5525/10733264936_b508b5ce93.jpg	11	439229d8b450a5b8e5325c7f155a9491	jpg	butcher.christian	Turkey	2013-11-07T23:28:24Z	Attribution-NonCommercial-ShareAlike License	2013-09-30T11:54:34Z	Canon EOS 400D DIGITAL	79944277	IMG_3658	10733264936	[u'istanbul', u't\ufffd\ufffdrkei', u'turkey', u'turkiye']
Istanbul	[22724077, 2344116, 29390475, 2347289, 23424969, 28350899]	http://www.flickr.com/photos/107954379@N03/10733276934/			False	http://farm6.staticflickr.com/5514/10733276934_894ccf3a1f.jpg	11	dfdbf2f02179eadeadba815cec5ef3d	jpg	butcher.christian	Turkey	2013-11-07T23:28:11Z	Attribution-NonCommercial-ShareAlike License	2013-09-30T11:59:18Z	Canon EOS 400D DIGITAL	52793618	IMG_3667	10733276934	[u'istanbul', u't\ufffd\ufffdrkei', u'turkey', u'turkiye']
Istanbul	[22724077, 2344116, 29390475, 2347289, 23424969, 28350899]	http://www.flickr.com/photos/107954379@N03/10733174685/			False	http://farm3.staticflickr.com/2854/10733174685_9ca9a06f29.jpg	12	95695d922d3e2a0b3e5dc2d4fc5bd	jpg	butcher.christian	Turkey	2013-11-07T23:27:55Z	Attribution-NonCommercial-ShareAlike License	2013-09-30T12:00:04Z	Canon EOS 400D DIGITAL	70044641	IMG_3671	10733174685	[u'istanbul', u't\ufffd\ufffdrkei', u'turkey', u'turkiye']
Istanbul	[22724077, 2344116, 29390475, 2347289, 23424969, 28350899]	http://www.flickr.com/photos/107954379@N03/10733269134/			False	http://farm4.staticflickr.com/3782/10733269134_31689cfe42.jpg	12	edb7a02b4942ac9b44e03f7482ee69a9	jpg	butcher.christian	Turkey	2013-11-07T23:27:35Z	Attribution-NonCommercial-ShareAlike License	2013-09-30T12:10:16Z	Canon EOS 400D DIGITAL	71080778	IMG_3678	10733269134	[u'istanbul', u't\ufffd\ufffdrkei', u'turkey', u'turkiye']
Istanbul	[22724077, 2344116, 29390475, 2347289, 23424969, 28350899]	http://www.flickr.com/photos/107954379@N03/10733266584/			False	http://farm8.staticflickr.com/7402/10733266584_c494376487.jpg	12	53f7bea09755a8786e38fd14303d84d0	jpg	butcher.christian	Turkey	2013-11-07T23:27:23Z	Attribution-NonCommercial-ShareAlike License	2013-09-30T12:13:54Z	Canon EOS 400D DIGITAL	97102448	IMG_3682	10733266584	[u'istanbul', u't\ufffd\ufffdrkei', u'turkey', u'turkiye']
Istanbul	[22724077, 2344116, 29390475, 2347289, 23424969, 28350899]	http://www.flickr.com/photos/107954379@N03/10733260924/			False	http://farm3.staticflickr.com/2864/10733260924_fa0c85b492.jpg	12	76fb99966447e85362ac27c80c2903e	jpg	butcher.christian	Turkey	2013-11-07T23:26:54Z	Attribution-NonCommercial-ShareAlike License	2013-09-30T12:20:26Z	Canon EOS 400D DIGITAL	72006265	IMG_3688	10733260924	[u'istanbul', u't\ufffd\ufffdrkei', u'turkey', u'turkiye']
Istanbul	[22724077, 2344116, 29390475, 2347289, 23424969, 28350899]	http://www.flickr.com/photos/107954379@N03/10733155875/			False	http://farm4.staticflickr.com/3831/10733155875_958f838c7d.jpg	12	e268919a5fd2bfaf16eddea876dfa8	jpg	butcher.christian	Turkey	2013-11-07T23:26:22Z	Attribution-NonCommercial-ShareAlike License	2013-09-30T12:30:46Z	Canon EOS 400D DIGITAL	93612622	IMG_3698	10733155875	[u'istanbul', u't\ufffd\ufffdrkei', u'turkey', u'turkiye']
Istanbul	[22724077, 2344116, 29390475, 2347289, 23424969, 28350899]	http://www.flickr.com/photos/107954379@N03/10733233646/			False	http://farm4.staticflickr.com/3816/10733233646_8970fbfe0a.jpg	12	a7115cd72c305eb33419ea8d5aa0b995	jpg	butcher.christian	Turkey	2013-11-07T23:25:52Z	Attribution-NonCommercial-ShareAlike License	2013-09-30T12:37:29Z	Canon EOS 400D DIGITAL	67228702	IMG_3704	10733233646	[u'istanbul', u't\ufffd\ufffdrkei', u'turkey', u'turkiye']
Istanbul	[22724077, 2344116, 29390475, 2347289, 23424969, 28350899]	http://www.flickr.com/photos/107954379@N03/10733147125/			False	http://farm3.staticflickr.com/2819/10733147125_6d7242f01e.jpg	12	6e3b1945dea407097a33afcfb5c624	jpg	butcher.christian	Turkey	2013-11-07T23:25:35Z	Attribution-NonCommercial-ShareAlike License	2013-09-30T12:45:26Z	Canon EOS 400D DIGITAL	76436965	IMG_3723	10733147125	[u'istanbul', u't\ufffd\ufffdrkei', u'turkey', u'turkiye']
Istanbul	[22724077, 2344116, 29390475, 2347289, 23424969, 28350899]	http://www.flickr.com/photos/107954379@N03/10733243284/			False	http://farm3.staticflickr.com/2878/10733243284_5056dddb31.jpg	12	df1296089d29cff489451dbc478d	jpg	butcher.christian	Turkey	2013-11-07T23:25:18Z	Attribution-NonCommercial-ShareAlike License	2013-09-30T12:45:32Z	Canon EOS 400D DIGITAL	83047450	IMG_3725	10733243284	[u'istanbul', u't\ufffd\ufffdrkei', u'turkey', u'turkiye']
Istanbul	[22724077, 2344116, 29390475, 2347289, 23424969, 28350899]	http://www.flickr.com/photos/107954379@N03/10733224166/			False	http://farm6.staticflickr.com/5536/10733224166_70501cc530.jpg	12	30853b234718e534052c125c57514a1	jpg	butcher.christian	Turkey	2013-11-07T23:25:00Z	Attribution-NonCommercial-ShareAlike License	2013-09-30T12:45:52Z	Canon EOS 400D DIGITAL	64608531	IMG_3727	10733224166	[u'istanbul', u't\ufffd\ufffdrkei', u'turkey', u'turkiye']
Istanbul	[22724077, 2344116, 29390475, 2347289, 23424969, 28350899]	http://www.flickr.com/photos/107954379@N03/10733441543/			False	http://farm8.staticflickr.com/7339/10733441543_b572b57c6b.jpg	12	bd853173545e8990b0dc9729d2c6dc24	jpg	butcher.christian	Turkey	2013-11-07T23:24:43Z	Attribution-NonCommercial-ShareAlike License	2013-09-30T12:45:56Z	Canon EOS 400D DIGITAL	79514764	IMG_3728	10733441543	[u'istanbul', u't\ufffd\ufffdrkei', u'turkey', u'turkiye']
Istanbul	[22724077, 2344116, 29390475, 2347289, 23424969, 28350899]	http://www.flickr.com/photos/107954379@N03/10733132655/			False	http://farm6.staticflickr.com/5483/10733132655_b3c3ecc9b9.jpg	12	2068dd99555554eb1ccea19ec09f55af	jpg	butcher.christian	Turkey	2013-11-07T23:24:24Z	Attribution-NonCommercial-ShareAlike License	2013-09-30T12:50:48Z	Canon EOS 400D DIGITAL	82912644	IMG_3731	10733132655	[u'istanbul', u't\ufffd\ufffdrkei', u'turkey', u'turkiye']
Istanbul	[22724077, 2344116, 29390475, 2347289, 23424969, 28350899]	http://www.flickr.com/photos/107954379@N03/10733227284/			False	http://farm3.staticflickr.com/2879/10733227284_ce2dca1219.jpg	12	c680b7553490f0c1b7c91e5d18c0c26a	jpg	butcher.christian	Turkey	2013-11-07T23:23:56Z	Attribution-NonCommercial-ShareAlike License	2013-09-30T12:50:53Z	Canon EOS 400D DIGITAL	91650206	IMG_3732	10733227284	[u'istanbul', u't\ufffd\ufffdrkei', u'turkey', u'turkiye']
Istanbul	[22724077, 2344116, 29390475, 2347289, 23424969, 28350899]	http://www.flickr.com/photos/107954379@N03/10733121475/			False	http://farm3.staticflickr.com/2817/10733121475_1d31253515.jpg	12	2f83bbd0942a715a9282cec6b6fa613e	jpg	butcher.christian	Turkey	2013-11-07T23:23:26Z	Attribution-NonCommercial-ShareAlike License	2013-09-30T12:51:56Z	Canon EOS 400D DIGITAL	96241076	IMG_3735	10733121475	[u'istanbul', u't\ufffd\ufffdrkei', u'turkey', u'turkiye']
Istanbul	[22724077, 2344116, 29390475, 2347289, 23424969, 28350899]	http://www.flickr.com/photos/107954379@N03/10733423213/			False	http://farm4.staticflickr.com/3834/10733423213_4568a87ce6.jpg	12	238be0678abdf17c44476f2cbad35a8	jpg	butcher.christian	Turkey	2013-11-07T23:23:07Z	Attribution-NonCommercial-ShareAlike License	2013-09-30T12:52:03Z	Canon EOS 400D DIGITAL	99980118	IMG_3736	10733423213	[u'istanbul', u't\ufffd\ufffdrkei', u'turkey', u'turkiye']
Istanbul	[22724077, 2344116, 29390475, 2347289, 23424969, 28350899]	http://www.flickr.com/photos/107954379@N03/10733113005/			False	http://farm4.staticflickr.com/3772/10733113005_f67c78c94d.jpg	13	b416bfa8e914c8e5442864223a7054fa	jpg	butcher.christian	Turkey	2013-11-07T23:22:43Z	Attribution-NonCommercial-ShareAlike License	2013-09-30T13:32:55Z	Canon EOS 400D DIGITAL	80470607	IMG_3741	10733113005	[u'istanbul', u't\ufffd\ufffdrkei', u'turkey', u'turkiye']
Istanbul	[22723989, 2344116, 29390475, 2347289, 23424969, 28350899]	http://www.flickr.com/photos/107954379@N03/10731789846/			False	http://farm3.staticflickr.com/2865/10731789846_57e5d23ffa.jpg	13	b43b20308c73f4946c86460443cfba3	jpg	butcher.christian	Turkey	2013-11-07T21:33:25Z	Attribution-NonCommercial-ShareAlike License	2013-09-30T13:52:18Z	Apple iPhone 4	5429476	IMG_2131	10731789846	[u'istanbul', u't\ufffd\ufffdrkei', u'turkey', u'turkiye']
Istanbul	[22723989, 2344116, 29390475, 2347289, 23424969, 28350899]	http://www.flickr.com/photos/107954379@N03/10732004633/			False	http://farm8.staticflickr.com/7296/10732004633_763703ef6c.jpg	13	8b85176578dc416222fcb2c82121d9cd	jpg	butcher.christian	Turkey	2013-11-07T21:33:49Z	Attribution-NonCommercial-ShareAlike License	2013-09-30T13:52:30Z	Apple iPhone 4	89926080	IMG_2132	10732004633	[u'istanbul', u't\ufffd\ufffdrkei', u'turkey', u'turkiye']
Istanbul	[22724077, 2344116, 29390475, 2347289, 23424969, 28350899]	http://www.flickr.com/photos/107954379@N03/10733210444/			False	http://farm6.staticflickr.com/5513/10733210444_acfb526cea.jpg	14	3d29b537b43608c935ebc6ed3c9ff76	jpg	butcher.christian	Turkey	2013-11-07T23:22:25Z	Attribution-NonCommercial-ShareAlike License	2013-09-30T14:22:46Z	Canon EOS 400D DIGITAL	88289961	IMG_3756	10733210444	[u'istanbul', u't\ufffd\ufffdrkei', u'turkey', u'turkiye']
Istanbul	[22724077, 2344116, 29390475, 2347289, 23424969, 28350899]	http://www.flickr.com/photos/107954379@N03/10733190336/			False	http://farm4.staticflickr.com/3727/10733190336_fe146dd262.jpg	14	1592eec925d0ddeb79c5e17a7bb9f28	jpg	butcher.christian	Turkey	2013-11-07T23:22:07Z	Attribution-NonCommercial-ShareAlike License	2013-09-30T14:31:40Z	Canon EOS 400D DIGITAL	25955417	IMG_3759	10733190336	[u'istanbul', u't\ufffd\ufffdrkei', u'turkey', u'turkiye']
Istanbul	[22724077, 2344116, 29390475, 2347289, 23424969, 28350899]	http://www.flickr.com/photos/107954379@N03/10733102655/			False	http://farm4.staticflickr.com/3749/10733102655_1091285230.jpg	14	c2c3ec42f6b2239fe3ce2fd987b3c17	jpg	butcher.christian	Turkey	2013-11-07T23:21:49Z	Attribution-NonCommercial-ShareAlike License	2013-09-30T14:32:20Z	Canon EOS 400D DIGITAL	86038096	IMG_3765	10733102655	[u'istanbul', u't\ufffd\ufffdrkei', u'turkey', u'turkiye']
Istanbul	[22724077, 2344116, 29390475, 2347289, 23424969, 28350899]	http://www.flickr.com/photos/107954379@N03/10733403453/			False	http://farm3.staticflickr.com/2871/10733403453_e9186e1eef.jpg	14	a9b5e4ead64e8d71e6bce7e5d1c2316b	jpg	butcher.christian	Turkey	2013-11-07T23:21:25Z	Attribution-NonCommercial-ShareAlike License	2013-09-30T14:34:59Z	Canon EOS 400D DIGITAL	64448206	IMG_3774	10733403453	[u'istanbul', u't\ufffd\ufffdrkei', u'turkey', u'turkiye']
Istanbul	[22724077, 2344116, 29390475, 2347289, 23424969, 28350899]	http://www.flickr.com/photos/107954379@N03/10733196784/			False	http://farm3.staticflickr.com/2894/10733196784_fd77882151.jpg	14	e02dcd44293b4c66adc13eb3d3baf269	jpg	butcher.christian	Turkey	2013-11-07T23:21:11Z	Attribution-NonCommercial-ShareAlike License	2013-09-30T14:35:40Z	Canon EOS 400D DIGITAL	70620662	IMG_3777	10733196784	[u'istanbul', u't\ufffd\ufffdrkei', u'turkey', u'turkiye']
Istanbul	[22724077, 2344116, 29390475, 2347289, 23424969, 28350899]	http://www.flickr.com/photos/107954379@N03/10733193464/			False	http://farm8.staticflickr.com/7309/10733193464_270d5ca2c6.jpg	14	344cf07a1ac5c6a3e34176693947e4b2	jpg	butcher.christian	Turkey	2013-11-07T23:20:55Z	Attribution-NonCommercial-ShareAlike License	2013-09-30T14:36:07Z	Canon EOS 400D DIGITAL	65510093	IMG_3779	10733193464	[u'istanbul', u't\ufffd\ufffdrkei', u'turkey', u'turkiye']
Istanbul	[22724077, 2344116, 29390475, 2347289, 23424969, 28350899]	http://www.flickr.com/photos/107954379@N03/10733395103/			False	http://farm4.staticflickr.com/3809/10733395103_49a5465a1b.jpg	14	a2b5556f275672fa1b6df403cec7637	jpg	butcher.christian	Turkey	2013-11-07T23:20:43Z	Attribution-NonCommercial-ShareAlike License	2013-09-30T14:36:13Z	Canon EOS 400D DIGITAL	82941709	IMG_3780	10733395103	[u'istanbul', u't\ufffd\ufffdrkei', u'turkey', u'turkiye']
Istanbul	[22724077, 2344116, 29390475, 2347289, 23424969, 28350899]	http://www.flickr.com/photos/107954379@N03/10733171846/			False	http://farm4.staticflickr.com/3724/10733171846_05193ba9de.jpg	14	88a18af96de23f9cd0656c6dd18692b7	jpg	butcher.christian	Turkey	2013-11-07T23:20:30Z	Attribution-NonCommercial-ShareAlike License	2013-09-30T14:36:23Z	Canon EOS 400D DIGITAL	17329092	IMG_3781	10733171846	[u'istanbul', u't\ufffd\ufffdrkei', u'turkey', u'turkiye']
Istanbul	[22724077, 2344116, 29390475, 2347289, 23424969, 28350899]	http://www.flickr.com/photos/107954379@N03/10733186244/			False	http://farm6.staticflickr.com/5541/10733186244_1d321e31e6.jpg	14	fd96d013b8948354b78954e9855b7d4	jpg	butcher.christian	Turkey	2013-11-07T23:20:19Z	Attribution-NonCommercial-ShareAlike License	2013-09-30T14:36:44Z	Canon EOS 400D DIGITAL	56494796	IMG_3782	10733186244	[u'istanbul', u't\ufffd\ufffdrkei', u'turkey', u'turkiye']
Istanbul	[22724077, 2344116, 29390475, 2347289, 23424969, 28350899]	http://www.flickr.com/photos/107954379@N03/10733388323/			False	http://farm8.staticflickr.com/7311/10733388323_23ee9d017f.jpg	14	572ddd02bcd2560872374a22e10e172	jpg	butcher.christian	Turkey	2013-11-07T23:20:10Z	Attribution-NonCommercial-ShareAlike License	2013-09-30T14:38:51Z	Canon EOS 400D DIGITAL	58365806	IMG_3785	10733388323	[u'istanbul', u't\ufffd\ufffdrkei', u'turkey', u'turkiye']
Istanbul	[22724077, 2344116, 29390475, 2347289, 23424969, 28350899]	http://www.flickr.com/photos/107954379@N03/10733078025/			False	http://farm3.staticflickr.com/2832/10733078025_5e6c48c9ea.jpg	14	d5032366551bd639098f8e485cbcf0	jpg	butcher.christian	Turkey	2013-11-07T23:19:49Z	Attribution-NonCommercial-ShareAlike License	2013-09-30T14:38:57Z	Canon EOS 400D DIGITAL	96221251	IMG_3786	10733078025	[u'istanbul', u't\ufffd\ufffdrkei', u'turkey', u'turkiye']
Istanbul	[22724077, 2344116, 29390475, 2347289, 23424969, 28350899]	http://www.flickr.com/photos/107954379@N03/10733074785/			False	http://farm4.staticflickr.com/3770/10733074785_c82e13ac7b.jpg	14	78711b04d69a1336bab458965d5e79f	jpg	butcher.christian	Turkey	2013-11-07T23:19:34Z	Attribution-NonCommercial-ShareAlike License	2013-09-30T14:39:05Z	Canon EOS 400D DIGITAL	62392031	IMG_3787	10733074785	[u'istanbul', u't\ufffd\ufffdrkei', u'turkey', u'turkiye']
Istanbul	[22724077, 2344116, 29390475, 2347289, 23424969, 28350899]	http://www.flickr.com/photos/107954379@N03/10733157086/			False	http://farm6.staticflickr.com/5498/10733157086_f961806bc3.jpg	14	f13ff3f1dd78dbefe51f89e97522ca7c	jpg	butcher.christian	Turkey	2013-11-07T23:19:17Z	Attribution-NonCommercial-ShareAlike License	2013-09-30T14:39:55Z	Canon EOS 400D DIGITAL	4601187	IMG_3790	10733157086	[u'istanbul', u't\ufffd\ufffdrkei', u'turkey', u'turkiye']
Istanbul	[22723989, 2344116, 29390475, 2347289, 23424969, 28350899]	http://www.flickr.com/photos/107954379@N03/10731706025/			False	http://farm4.staticflickr.com/3737/10731706025_663553e7f0.jpg	15	de336a0dfbba08d19c7941e45c66146	jpg	butcher.christian	Turkey	2013-11-07T21:34:05Z	Attribution-NonCommercial-ShareAlike License	2013-09-30T15:01:10Z	Apple iPhone 4	76083391	IMG_2133	10731706025	[u'istanbul', u't\ufffd\ufffdrkei', u'turkey', u'turkiye']
Istanbul	[22724077, 2344116, 29390475, 2347289, 23424969, 28350899]	http://www.flickr.com/photos/107954379@N03/10733170334/			False	http://farm3.staticflickr.com/2879/10733170334_65f77bcf0a.jpg	15	5c283d8ab1dd8b522bdfa0e0999a3076	jpg	butcher.christian	Turkey	2013-11-07T23:19:01Z	Attribution-NonCommercial-ShareAlike License	2013-09-30T15:27:20Z	Canon EOS 400D DIGITAL	13834424	IMG_3801	10733170334	[u'istanbul', u't\ufffd\ufffdrkei', u'turkey', u'turkiye']
Istanbul	[22724077, 2344116, 29390475, 2347289, 23424969, 28350899]	http://www.flickr.com/photos/107954379@N03/10733167044/			False	http://farm4.staticflickr.com/3797/10733167044_c82bdd27e9.jpg	15	c8ad53bd667b46823759786323a1226	jpg	butcher.christian	Turkey	2013-11-07T23:18:43Z	Attribution-NonCommercial-ShareAlike License	2013-09-30T15:27:56Z	Canon EOS 400D DIGITAL	350260	IMG_3803	10733167044	[u'istanbul', u't\ufffd\ufffdrkei', u'turkey', u'turkiye']
Istanbul	[22724077, 2344116, 29390475, 2347289, 23424969, 28350899]	http://www.flickr.com/photos/107954379@N03/10733164614/			False	http://farm6.staticflickr.com/5540/10733164614_299345a7bc.jpg	15	53bae3aff4c3b51c266f91277609255	jpg	butcher.christian	Turkey	2013-11-07T23:18:30Z	Attribution-NonCommercial-ShareAlike License	2013-09-30T15:29:16Z	Canon EOS 400D DIGITAL	72807745	IMG_3808	10733164614	[u'istanbul', u't\ufffd\ufffdrkei', u'turkey', u'turkiye']
Istanbul	[22724077, 2344116, 29390475, 2347289, 23424969, 28350899]	http://www.flickr.com/photos/107954379@N03/10733059285/			False	http://farm3.staticflickr.com/2880/10733059285_9a44818a0b.jpg	15	ebd653c62f73c9b2c412e50f03d2cd6	jpg	butcher.christian	Turkey	2013-11-07T23:18:14Z	Attribution-NonCommercial-ShareAlike License	2013-09-30T15:31:29Z	Canon EOS 400D DIGITAL	68693507	IMG_3814	10733059285	[u'istanbul', u't\ufffd\ufffdrkei', u'turkey', u'turkiye']
Istanbul	[22724077, 2344116, 29390475, 2347289, 23424969, 28350899]	http://www.flickr.com/photos/107954379@N03/10733141146/			False	http://farm3.staticflickr.com/2891/10733141146_de858a425a.jpg	15	5c25ee38e76cb76f8c033ec457b2c5f	jpg	butcher.christian	Turkey	2013-11-07T23:17:58Z	Attribution-NonCommercial-ShareAlike License	2013-09-30T15:31:50Z	Canon EOS 400D DIGITAL	99042635	IMG_3816	10733141146	[u'istanbul', u't\ufffd\ufffdrkei', u'turkey', u'turkiye']
Istanbul	[22724077, 2344116, 29390475, 2347289, 23424969, 28350899]	http://www.flickr.com/photos/107954379@N03/10733358483/			False	http://farm3.staticflickr.com/2884/10733358483_9ff3981214.jpg	15	107d12fa2dc0f1ee7b5fee7772ad61b4	jpg	butcher.christian	Turkey	2013-11-07T23:17:41Z	Attribution-NonCommercial-ShareAlike License	2013-09-30T15:33:09Z	Canon EOS 400D DIGITAL	75627658	IMG_3818	10733358483	[u'istanbul', u't\ufffd\ufffdrkei', u'turkey', u'turkiye']
Istanbul	[22724077, 2344116, 29390475, 2347289, 23424969, 28350899]	http://www.flickr.com/photos/107954379@N03/10733135466/			False	http://farm4.staticflickr.com/3684/10733135466_6612d8c440.jpg	15	b22fa7bbe8be7e31d09d4c4a29271711	jpg	butcher.christian	Turkey	2013-11-07T23:17:28Z	Attribution-NonCommercial-ShareAlike License	2013-09-30T15:33:25Z	Canon EOS 400D DIGITAL	77340220	IMG_3819	10733135466	[u'istanbul', u't\ufffd\ufffdrkei', u'turkey', u'turkiye']
Istanbul	[22724077, 2344116, 29390475, 2347289, 23424969, 28350899]	http://www.flickr.com/photos/107954379@N03/10733353263/			False	http://farm8.staticflickr.com/7330/10733353263_29ef9eea85.jpg	15	47b61b4204d8275361a92b26d5b9c9a	jpg	butcher.christian	Turkey	2013-11-07T23:17:16Z	Attribution-NonCommercial-ShareAlike License	2013-09-30T15:41:35Z	Canon EOS 400D DIGITAL	92419517	IMG_3824	10733353263	[u'istanbul', u't\ufffd\ufffdrkei', u'turkey', u'turkiye']
Istanbul	[22724077, 2344116, 29390475, 2347289, 23424969, 28350899]	http://www.flickr.com/photos/107954379@N03/10733147554/			False	http://farm8.staticflickr.com/7294/10733147554_6d424da3f0.jpg	15	75ad07898b2f9f54f95f41c684965	jpg	butcher.christian	Turkey	2013-11-07T23:17:04Z	Attribution-NonCommercial-ShareAlike License	2013-09-30T15:45:04Z	Canon EOS 400D DIGITAL	38511935	IMG_3828	10733147554	[u'istanbul', u't\ufffd\ufffdrkei', u'turkey', u'turkiye']
Istanbul	[22724077, 2344116, 29390475, 2347289, 23424969, 28350899]	http://www.flickr.com/photos/107954379@N03/10733042595/			False	http://farm6.staticflickr.com/5547/10733042595_30e66e1359.jpg	15	22e7693b37dbe43ac1a6fbfe362742	jpg	butcher.christian	Turkey	2013-11-07T23:16:53Z	Attribution-NonCommercial-ShareAlike License	2013-09-30T15:55:35Z	Canon EOS 400D DIGITAL	82312162	IMG_3829	10733042595	[u'istanbul', u't\ufffd\ufffdrkei', u'turkey', u'turkiye']
Istanbul	[22724077, 2344116, 29390475, 2347289, 23424969, 28350899]	http://www.flickr.com/photos/107954379@N03/10733040705/			False	http://farm4.staticflickr.com/3796/10733040705_bd768e4e9d.jpg	16	a89d533f1ce8fe54f136082d9b2664	jpg	butcher.christian	Turkey	2013-11-07T23:16:42Z	Attribution-NonCommercial-ShareAlike License	2013-09-30T16:03:09Z	Canon EOS 400D DIGITAL	66694195	IMG_3833	10733040705	[u'istanbul', u't\ufffd\ufffdrkei', u'turkey', u'turkiye']
Istanbul	[22724077, 2344116, 29390475, 2347289, 23424969, 28350899]	http://www.flickr.com/photos/107954379@N03/10733037535/			False	http://farm3.staticflickr.com/2882/10733037535_ba0e78bccf.jpg	16	9077af17c4dd615fa3f54854ea1203f	jpg	butcher.christian	Turkey	2013-11-07T23:16:26Z	Attribution-NonCommercial-ShareAlike License	2013-09-30T16:03:13Z	Canon EOS 400D DIGITAL	95101188	IMG_3834	10733037535	[u'istanbul', u't\ufffd\ufffdrkei', u'turkey', u'turkiye']
Istanbul	[22724077, 2344116, 29390475, 2347289, 23424969, 28350899]	http://www.flickr.com/photos/107954379@N03/10733136274/			False	http://farm4.staticflickr.com/3713/10733136274_8968116a38.jpg	16	79889ffa55386ef9bb1f4bb5e9bab95f	jpg	butcher.christian	Turkey	2013-11-07T23:16:08Z	Attribution-NonCommercial-ShareAlike License	2013-09-30T16:06:02Z	Canon EOS 400D DIGITAL	89861388	IMG_3840	10733136274	[u'istanbul', u't\ufffd\ufffdrkei', u'turkey', u'turkiye']
Istanbul	[22724077, 2344116, 29390475, 2347289, 23424969, 28350899]	http://www.flickr.com/photos/107954379@N03/10733336503/			False	http://farm6.staticflickr.com/5528/10733336503_3a69545270.jpg	16	90ce93b24a9cb22bee8fe29c6c1c23	jpg	butcher.christian	Turkey	2013-11-07T23:15:50Z	Attribution-NonCommercial-ShareAlike License	2013-09-30T16:06:26Z	Canon EOS 400D DIGITAL	64413274	IMG_3842	10733336503	[u'istanbul', u't\ufffd\ufffdrkei', u'turkey', u'turkiye']
Istanbul	[22724077, 2344116, 29390475, 2347289, 23424969, 28350899]	http://www.flickr.com/photos/107954379@N03/10733127464/			False	http://farm3.staticflickr.com/2878/10733127464_2fca5a31b0.jpg	16	433c5f1b7c3879abf7df027dcba86e9	jpg	butcher.christian	Turkey	2013-11-07T23:15:27Z	Attribution-NonCommercial-ShareAlike License	2013-09-30T16:23:22Z	Canon EOS 400D DIGITAL	81176546	IMG_3849	10733127464	[u'istanbul', u't\ufffd\ufffdrkei', u'turkey', u'turkiye']
Istanbul	[22724077, 2344116, 29390475, 2347289, 23424969, 28350899]	http://www.flickr.com/photos/107954379@N03/10733021895/			False	http://farm3.staticflickr.com/2873/10733021895_4359670f58.jpg	16	d7b3f03171bad3af6e4fa44ba82791c5	jpg	butcher.christian	Turkey	2013-11-07T23:15:12Z	Attribution-NonCommercial-ShareAlike License	2013-09-30T16:23:35Z	Canon EOS 400D DIGITAL	66936409	IMG_3850	10733021895	[u'istanbul', u't\ufffd\ufffdrkei', u'turkey', u'turkiye']
Istanbul	[22724077, 2344116, 29390475, 2347289, 23424969, 28350899]	http://www.flickr.com/photos/107954379@N03/10733325253/			False	http://farm3.staticflickr.com/2890/10733325253_ab968ce858.jpg	16	edadd15bd68415c6174f5b82bed93e49	jpg	butcher.christian	Turkey	2013-11-07T23:14:59Z	Attribution-NonCommercial-ShareAlike License	2013-09-30T16:34:18Z	Canon EOS 400D DIGITAL	15817379	IMG_3856	10733325253	[u'istanbul', u't\ufffd\ufffdrkei', u'turkey', u'turkiye']
Istanbul	[22724077, 2344116, 29390475, 2347289, 23424969, 28350899]	http://www.flickr.com/photos/107954379@N03/10733322043/			False	http://farm6.staticflickr.com/5536/10733322043_fe4364e723.jpg	16	9c104e5fd1cff2b7c25e15a26bddacfd	jpg	butcher.christian	Turkey	2013-11-07T23:14:46Z	Attribution-NonCommercial-ShareAlike License	2013-09-30T16:40:04Z	Canon EOS 400D DIGITAL	64372894	IMG_3866	10733322043	[u'istanbul', u't\ufffd\ufffdrkei', u'turkey', u'turkiye']
Istanbul	[22724077, 2344116, 29390475, 2347289, 23424969, 28350899]	http://www.flickr.com/photos/107954379@N03/10733097746/			False	http://farm8.staticflickr.com/7386/10733097746_aa3ac68105.jpg	17	af87f84b2fb4edea40608f5c52c18a	jpg	butcher.christian	Turkey	2013-11-07T23:14:29Z	Attribution-NonCommercial-ShareAlike License	2013-09-30T17:01:20Z	Canon EOS 400D DIGITAL	63385779	IMG_3874	10733097746	[u'istanbul', u't\ufffd\ufffdrkei', u'turkey', u'turkiye']
Istanbul	[22723989, 2344116, 29390475, 2347289, 23424969, 28350899]	http://www.flickr.com/photos/107954379@N03/10731815844/			False	http://farm3.staticflickr.com/2873/10731815844_52da5ac8eb.jpg	18	d3a8134d114731ff9a2146c7f39e757e	jpg	butcher.christian	Turkey	2013-11-07T21:34:42Z	Attribution-NonCommercial-ShareAlike License	2013-09-30T18:24:52Z	Apple iPhone 4	85727405	IMG_2135	10731815844	[u'istanbul', u't\ufffd\ufffdrkei', u'turkey', u'turkiye']
Istanbul	[22723989, 2344116, 29390475, 2347289, 23424969, 28350899]	http://www.flickr.com/photos/107954379@N03/10731821604/			False	http://farm8.staticflickr.com/7304/10731821604_c505f05cc3.jpg	19	72e1de205f132327d13be0b023c95c2	jpg	butcher.christian	Turkey	2013-11-07T21:35:07Z	Attribution-NonCommercial-ShareAlike License	2013-09-30T19:14:14Z	Apple iPhone 4	75694207	IMG_2136	10731821604	[u'istanbul', u't\ufffd\ufffdrkei', u'turkey', u'turkiye']
