town_s	woe_is	urlpage_s	machine_ss	desc_ws	video_b	url_s	hour_i	hash_s	ext_s	user_s	country_s	upload_dt	license_s	taken_dt	device_s	line_i	title_s	id	tag_ss
Istanbul	[22724022, 2344116, 29390475, 2347289, 23424969, 28350899]	http://www.flickr.com/photos/63796164@N00/4112763147/			False	http://farm3.staticflickr.com/2712/4112763147_78093e6eef.jpg	10	91cfb21c8de622d8c880f1ad4d9f0bd	jpg	javier.losa	Turkey	2009-11-17T22:36:49Z	Attribution License	2009-11-07T10:10:35Z	OLYMPUS IMAGING CORP. E-410	60674554	PB075855raw	4112763147	[u'2009', u'asia', u'estambul', u'europa', u'europe', u'istanbul', u'november', u'noviembre', u'turkey', u'turquia']
Istanbul	[22724022, 2344116, 29390475, 2347289, 23424969, 28350899]	http://www.flickr.com/photos/63796164@N00/4112769757/			False	http://farm3.staticflickr.com/2515/4112769757_233fde39c7.jpg	10	5f3a18bea75e66f4059ed4402351e1	jpg	javier.losa	Turkey	2009-11-17T22:39:34Z	Attribution License	2009-11-07T10:11:27Z	OLYMPUS IMAGING CORP. E-410	23616615	PB075857raw	4112769757	[u'2009', u'asia', u'estambul', u'europa', u'europe', u'istanbuk', u'november', u'noviembre', u'turkey', u'turquia']
Istanbul	[22450127, 22724022, 2344116, 29390475, 2347289, 29391294, 23424969, 28350899]	http://www.flickr.com/photos/63796164@N00/4112788209/			False	http://farm3.staticflickr.com/2639/4112788209_12c50ddff3.jpg	10	2f3983a9daa796d682adfa984785352	jpg	javier.losa	Turkey	2009-11-17T22:47:27Z	Attribution License	2009-11-07T10:12:17Z	OLYMPUS IMAGING CORP. E-410	67635084	PB075860raw	4112788209	[u'2009', u'asia', u'estambul', u'europa', u'europe', u'istanbuk', u'november', u'noviembre', u'turkey', u'turquia']
Istanbul	[22724013, 2344116, 29390475, 2347289, 23424969, 28350899]	http://www.flickr.com/photos/63796164@N00/4113563442/			False	http://farm3.staticflickr.com/2585/4113563442_4598fa5b48.jpg	10	263783fcef14bdb29e947fc2ea9962b6	jpg	javier.losa	Turkey	2009-11-17T22:50:15Z	Attribution License	2009-11-07T10:19:01Z	OLYMPUS IMAGING CORP. E-410	29793859	PB075861raw	4113563442	[u'2009', u'asia', u'estambul', u'europa', u'europe', u'istanbuk', u'november', u'noviembre', u'turkey', u'turquia']
Istanbul	[22724013, 2344116, 29390475, 2347289, 23424969, 28350899]	http://www.flickr.com/photos/63796164@N00/4112806557/			False	http://farm3.staticflickr.com/2631/4112806557_fc7c5a9a23.jpg	10	ef747ad1f96e51b6c11956085b9c258	jpg	javier.losa	Turkey	2009-11-17T22:55:11Z	Attribution License	2009-11-07T10:23:28Z	OLYMPUS IMAGING CORP. E-410	76343339	PB075863raw	4112806557	[u'2009', u'asia', u'estambul', u'europa', u'europe', u'istanbuk', u'november', u'noviembre', u'turkey', u'turquia']
Istanbul	[22724013, 2344116, 29390475, 2347289, 23424969, 28350899]	http://www.flickr.com/photos/63796164@N00/4113581048/			False	http://farm3.staticflickr.com/2633/4113581048_a5171df1f5.jpg	10	fb549306fe26b4817efa6b37f2b567	jpg	javier.losa	Turkey	2009-11-17T22:57:34Z	Attribution License	2009-11-07T10:23:32Z	OLYMPUS IMAGING CORP. E-410	93519275	PB075864raw	4113581048	[u'2009', u'asia', u'estambul', u'europa', u'europe', u'istanbuk', u'november', u'noviembre', u'turkey', u'turquia']
Istanbul	[22724013, 2344116, 29390475, 2347289, 23424969, 28350899]	http://www.flickr.com/photos/63796164@N00/4113587588/			False	http://farm3.staticflickr.com/2749/4113587588_013f5d3eae.jpg	10	dda31b4bbb65fb88ab950492e9990ec	jpg	javier.losa	Turkey	2009-11-17T23:00:46Z	Attribution License	2009-11-07T10:25:36Z	OLYMPUS IMAGING CORP. E-410	86525897	PB075865raw	4113587588	[u'2009', u'asia', u'estambul', u'europa', u'europe', u'istanbuk', u'november', u'noviembre', u'turkey', u'turquia']
Istanbul	[22724013, 2344116, 29390475, 2347289, 23424969, 28350899]	http://www.flickr.com/photos/63796164@N00/4113595584/			False	http://farm3.staticflickr.com/2526/4113595584_1628a62b3f.jpg	10	3e3780949d11c5fb3147bce8114ab869	jpg	javier.losa	Turkey	2009-11-17T23:04:38Z	Attribution License	2009-11-07T10:26:38Z	OLYMPUS IMAGING CORP. E-410	75498849	PB075866raw	4113595584	[u'2009', u'asia', u'estambul', u'europa', u'europe', u'istanbuk', u'november', u'noviembre', u'turkey', u'turquia']
Istanbul	[22724013, 2344116, 29390475, 2347289, 23424969, 28350899]	http://www.flickr.com/photos/63796164@N00/4113603430/			False	http://farm3.staticflickr.com/2658/4113603430_8359256531.jpg	10	45ed433b18a5db4631b3f577e1ea51a9	jpg	javier.losa	Turkey	2009-11-17T23:08:14Z	Attribution License	2009-11-07T10:26:54Z	OLYMPUS IMAGING CORP. E-410	74877672	PB075867raw	4113603430	[u'2009', u'asia', u'estambul', u'europa', u'europe', u'istanbuk', u'november', u'noviembre', u'turkey', u'turquia']
Istanbul	[22724013, 2344116, 29390475, 2347289, 23424969, 28350899]	http://www.flickr.com/photos/63796164@N00/4113612320/			False	http://farm3.staticflickr.com/2728/4113612320_20ed31f846.jpg	10	1a5c8257f756311bd8f4a473ea579	jpg	javier.losa	Turkey	2009-11-17T23:12:20Z	Attribution License	2009-11-07T10:27:27Z	OLYMPUS IMAGING CORP. E-410	90733773	PB075868raw	4113612320	[u'2009', u'asia', u'estambul', u'europa', u'europe', u'istanbuk', u'november', u'noviembre', u'turkey', u'turquia']
Istanbul	[22724013, 2344116, 29390475, 2347289, 23424969, 28350899]	http://www.flickr.com/photos/63796164@N00/4113622452/			False	http://farm3.staticflickr.com/2652/4113622452_29e85a083f.jpg	10	afda95ce2fd5c0f3251092e789833041	jpg	javier.losa	Turkey	2009-11-17T23:17:09Z	Attribution License	2009-11-07T10:34:23Z	OLYMPUS IMAGING CORP. E-410	87308356	PB075869raw	4113622452	[u'2009', u'asia', u'estambul', u'europa', u'europe', u'istanbuk', u'november', u'noviembre', u'turkey', u'turquia']
Istanbul	[22724013, 2344116, 29390475, 2347289, 23424969, 28350899]	http://www.flickr.com/photos/63796164@N00/4113627488/			False	http://farm3.staticflickr.com/2577/4113627488_9b2387bc06.jpg	10	7cf33c55d5f1821a7825634596f37c	jpg	javier.losa	Turkey	2009-11-17T23:19:46Z	Attribution License	2009-11-07T10:35:19Z	OLYMPUS IMAGING CORP. E-410	41181563	PB075870raw	4113627488	[u'2009', u'asia', u'estambul', u'europa', u'europe', u'istanbuk', u'november', u'noviembre', u'turkey', u'turquia']
Istanbul	[22724013, 2344116, 29390475, 2347289, 23424969, 28350899]	http://www.flickr.com/photos/63796164@N00/4112863935/			False	http://farm3.staticflickr.com/2612/4112863935_13d807f4d5.jpg	10	413a15a1f9c6ee4c14188f9d54b677e	jpg	javier.losa	Turkey	2009-11-17T23:22:24Z	Attribution License	2009-11-07T10:37:34Z	OLYMPUS IMAGING CORP. E-410	62286232	PB075871raw	4112863935	[u'2009', u'asia', u'estambul', u'europa', u'europe', u'istanbuk', u'november', u'noviembre', u'turkey', u'turquia']
Istanbul	[22724013, 2344116, 29390475, 2347289, 23424969, 28350899]	http://www.flickr.com/photos/63796164@N00/4113639646/			False	http://farm3.staticflickr.com/2671/4113639646_ea28e419a2.jpg	10	583fb318c3bec0257187a8ed92b03	jpg	javier.losa	Turkey	2009-11-17T23:25:38Z	Attribution License	2009-11-07T10:37:55Z	OLYMPUS IMAGING CORP. E-410	80039877	PB075872raw	4113639646	[u'2009', u'asia', u'estambul', u'europa', u'europe', u'istanbuk', u'november', u'noviembre', u'turkey', u'turquia']
Istanbul	[22724013, 2344116, 29390475, 2347289, 23424969, 28350899]	http://www.flickr.com/photos/63796164@N00/4112884329/			False	http://farm3.staticflickr.com/2724/4112884329_13e63420f7.jpg	10	984eb15545412d3aa74b1264d851a4	jpg	javier.losa	Turkey	2009-11-17T23:31:37Z	Attribution License	2009-11-07T10:38:19Z	OLYMPUS IMAGING CORP. E-410	60685112	PB075874raw	4112884329	[u'2009', u'asia', u'estambul', u'europa', u'europe', u'istanbuk', u'november', u'noviembre', u'turkey', u'turquia']
Istanbul	[22724013, 2344116, 29390475, 2347289, 23424969, 28350899]	http://www.flickr.com/photos/63796164@N00/4114505060/			False	http://farm3.staticflickr.com/2596/4114505060_b95f9fdd18.jpg	10	2012b71e1b79b34da454da51a84380	jpg	javier.losa	Turkey	2009-11-18T07:08:54Z	Attribution License	2009-11-07T10:40:15Z	OLYMPUS IMAGING CORP. E-410	90984492	PB075875raw	4114505060	[u'2009', u'asia', u'estambul', u'europa', u'europe', u'istanbuk', u'november', u'noviembre', u'turkey', u'turquia']
Istanbul	[22724013, 2344116, 29390475, 2347289, 23424969, 28350899]	http://www.flickr.com/photos/63796164@N00/4113739377/			False	http://farm3.staticflickr.com/2648/4113739377_58a38188f7.jpg	10	9b425637a728eba40a9c4a615e59b95	jpg	javier.losa	Turkey	2009-11-18T07:11:43Z	Attribution License	2009-11-07T10:40:46Z	OLYMPUS IMAGING CORP. E-410	80174980	PB075876raw	4113739377	[u'2009', u'asia', u'estambul', u'europa', u'europe', u'istanbuk', u'november', u'noviembre', u'turkey', u'turquia']
Istanbul	[22724013, 2344116, 29390475, 2347289, 23424969, 28350899]	http://www.flickr.com/photos/63796164@N00/4113745207/			False	http://farm3.staticflickr.com/2596/4113745207_aab85b7f2d.jpg	10	9b6effe832e75925749d8b83c7dca1	jpg	javier.losa	Turkey	2009-11-18T07:16:22Z	Attribution License	2009-11-07T10:41:14Z	OLYMPUS IMAGING CORP. E-410	68348062	PB075877raw	4113745207	[u'2009', u'asia', u'estambul', u'europa', u'europe', u'istanbuk', u'november', u'noviembre', u'turkey', u'turquia']
Istanbul	[22724013, 2344116, 29390475, 2347289, 23424969, 28350899]	http://www.flickr.com/photos/63796164@N00/4113749597/			False	http://farm3.staticflickr.com/2708/4113749597_b5c2800d0c.jpg	10	91ac16abf2b5f4cd2df66428a6df6f7	jpg	javier.losa	Turkey	2009-11-18T07:20:03Z	Attribution License	2009-11-07T10:41:45Z	OLYMPUS IMAGING CORP. E-410	71589944	PB075878raw	4113749597	[u'2009', u'asia', u'estambul', u'europa', u'europe', u'istanbuk', u'november', u'noviembre', u'turkey', u'turquia']
Istanbul	[22724013, 2344116, 29390475, 2347289, 23424969, 28350899]	http://www.flickr.com/photos/63796164@N00/4113753821/			False	http://farm3.staticflickr.com/2770/4113753821_14c150c693.jpg	10	ae9b5c258062dd724d1351063bb3c47	jpg	javier.losa	Turkey	2009-11-18T07:23:25Z	Attribution License	2009-11-07T10:42:06Z	OLYMPUS IMAGING CORP. E-410	86297048	PB075879raw	4113753821	[u'2009', u'asia', u'estambul', u'europa', u'europe', u'istanbuk', u'november', u'noviembre', u'turkey', u'turquia']
Istanbul	[22724013, 2344116, 29390475, 2347289, 23424969, 28350899]	http://www.flickr.com/photos/63796164@N00/4113757343/			False	http://farm3.staticflickr.com/2596/4113757343_57939618ec.jpg	10	6a7cd4b96ae254a1793f8edbe4b2e3	jpg	javier.losa	Turkey	2009-11-18T07:26:05Z	Attribution License	2009-11-07T10:44:00Z	OLYMPUS IMAGING CORP. E-410	77022512	PB075880raw	4113757343	[u'2009', u'asia', u'estambul', u'europa', u'europe', u'istanbuk', u'november', u'noviembre', u'turkey', u'turquia']
Istanbul	[22724013, 2344116, 29390475, 2347289, 23424969, 28350899]	http://www.flickr.com/photos/63796164@N00/4114529882/			False	http://farm3.staticflickr.com/2730/4114529882_3fb608b712.jpg	10	52d8a553d996ab633a48b82b24b4e757	jpg	javier.losa	Turkey	2009-11-18T07:28:50Z	Attribution License	2009-11-07T10:45:58Z	OLYMPUS IMAGING CORP. E-410	98107913	PB075881raw	4114529882	[u'2009', u'asia', u'estambul', u'europa', u'europe', u'istanbuk', u'november', u'noviembre', u'turkey', u'turquia']
Istanbul	[22724013, 2344116, 29390475, 2347289, 23424969, 28350899]	http://www.flickr.com/photos/63796164@N00/4113763733/			False	http://farm3.staticflickr.com/2537/4113763733_9562e8952a.jpg	10	7ed1a8714298563fede48a772d0591d	jpg	javier.losa	Turkey	2009-11-18T07:31:16Z	Attribution License	2009-11-07T10:46:13Z	OLYMPUS IMAGING CORP. E-410	91908864	PB075882raw	4113763733	[u'2009', u'asia', u'estambul', u'europa', u'europe', u'istanbuk', u'november', u'noviembre', u'turkey', u'turquia']
Istanbul	[22724013, 2344116, 29390475, 2347289, 23424969, 28350899]	http://www.flickr.com/photos/63796164@N00/4114536376/			False	http://farm3.staticflickr.com/2661/4114536376_3924df97bf.jpg	10	184f84a76d41f9138d82351ceda0ab2c	jpg	javier.losa	Turkey	2009-11-18T07:33:52Z	Attribution License	2009-11-07T10:46:37Z	OLYMPUS IMAGING CORP. E-410	68466073	PB075883raw	4114536376	[u'2009', u'asia', u'estambul', u'europa', u'europe', u'istanbuk', u'november', u'noviembre', u'turkey', u'turquia']
Istanbul	[22724013, 2344116, 29390475, 2347289, 23424969, 28350899]	http://www.flickr.com/photos/63796164@N00/4114549362/			False	http://farm3.staticflickr.com/2672/4114549362_93e35a2393.jpg	10	2b615ab9b2f4f699ab93f6559a6b1a88	jpg	javier.losa	Turkey	2009-11-18T07:43:25Z	Attribution License	2009-11-07T10:48:22Z	OLYMPUS IMAGING CORP. E-410	85584894	PB075886raw	4114549362	[u'2009', u'asia', u'estambul', u'europa', u'europe', u'istanbuk', u'november', u'noviembre', u'turkey', u'turquia']
Istanbul	[22724013, 2344116, 29390475, 2347289, 23424969, 28350899]	http://www.flickr.com/photos/63796164@N00/4113786513/			False	http://farm3.staticflickr.com/2561/4113786513_5c48d83c17.jpg	10	bcc7587dd39ecc4c67a3b4f3219c153a	jpg	javier.losa	Turkey	2009-11-18T07:48:07Z	Attribution License	2009-11-07T10:48:33Z	OLYMPUS IMAGING CORP. E-410	71905472	PB075887raw	4113786513	[u'2009', u'asia', u'estambul', u'europa', u'europe', u'istanbuk', u'november', u'noviembre', u'turkey', u'turquia']
Istanbul	[22724013, 2344116, 29390475, 2347289, 23424969, 28350899]	http://www.flickr.com/photos/63796164@N00/4114560040/	[u'imagespace:hasdirection=false']		False	http://farm3.staticflickr.com/2792/4114560040_95546f8869.jpg	10	f5ea375fdc64849efb25fb2eaa2317	jpg	javier.losa	Turkey	2009-11-18T07:51:12Z	Attribution License	2009-11-07T10:50:18Z	OLYMPUS IMAGING CORP. E-410	95947830	PB075891raw	4114560040	[u'2009', u'asia', u'estambul', u'europa', u'europe', u'istanbuk', u'november', u'noviembre', u'turkey', u'turquia']
Istanbul	[22724013, 2344116, 29390475, 2347289, 23424969, 28350899]	http://www.flickr.com/photos/63796164@N00/4113796079/	[u'imagespace:hasdirection=false']		False	http://farm3.staticflickr.com/2561/4113796079_16de33f751.jpg	10	e6f9c9197a3102867e31f8ef7c0d63a	jpg	javier.losa	Turkey	2009-11-18T07:55:22Z	Attribution License	2009-11-07T10:50:47Z	OLYMPUS IMAGING CORP. E-410	56533698	PB075892raw	4113796079	[u'2009', u'asia', u'estambul', u'europa', u'europe', u'istanbuk', u'november', u'noviembre', u'turkey', u'turquia']
Istanbul	[22724013, 2344116, 29390475, 2347289, 23424969, 28350899]	http://www.flickr.com/photos/63796164@N00/4113801239/	[u'imagespace:hasdirection=false']		False	http://farm3.staticflickr.com/2527/4113801239_7e4bc1ee40.jpg	10	ceb67bdd3bf4602b9770738dab40a3a3	jpg	javier.losa	Turkey	2009-11-18T07:59:24Z	Attribution License	2009-11-07T10:51:18Z	OLYMPUS IMAGING CORP. E-410	65679454	PB075893raw	4113801239	[u'2009', u'asia', u'estambul', u'europa', u'europe', u'istanbuk', u'november', u'noviembre', u'turkey', u'turquia']
Istanbul	[22724013, 2344116, 29390475, 2347289, 23424969, 28350899]	http://www.flickr.com/photos/63796164@N00/4113809493/	[u'imagespace:hasdirection=false']		False	http://farm3.staticflickr.com/2644/4113809493_6fa3290809.jpg	10	1ba41d95e97c73966e311a7b9a8f4a77	jpg	javier.losa	Turkey	2009-11-18T08:05:35Z	Attribution License	2009-11-07T10:52:29Z	OLYMPUS IMAGING CORP. E-410	75153754	PB075894raw	4113809493	[u'2009', u'asia', u'estambul', u'europa', u'europe', u'istanbuk', u'november', u'noviembre', u'turkey', u'turquia']
Istanbul	[22724013, 2344116, 29390475, 2347289, 23424969, 28350899]	http://www.flickr.com/photos/63796164@N00/4113814207/	[u'imagespace:hasdirection=false']		False	http://farm3.staticflickr.com/2580/4113814207_0012d1ce2a.jpg	10	87b555b634597cae6b65f863f4ea6f	jpg	javier.losa	Turkey	2009-11-18T08:09:20Z	Attribution License	2009-11-07T10:52:44Z	OLYMPUS IMAGING CORP. E-410	3397972	PB075895raw	4113814207	[u'2009', u'asia', u'estambul', u'europa', u'europe', u'istanbuk', u'november', u'noviembre', u'turkey', u'turquia']
Istanbul	[22724013, 2344116, 29390475, 2347289, 23424969, 28350899]	http://www.flickr.com/photos/63796164@N00/4114587312/	[u'imagespace:hasdirection=false']		False	http://farm3.staticflickr.com/2608/4114587312_ca31aa9367.jpg	10	19f7da8d9eecf9777535ddbe8cbbc66	jpg	javier.losa	Turkey	2009-11-18T08:12:27Z	Attribution License	2009-11-07T10:53:10Z	OLYMPUS IMAGING CORP. E-410	5020187	PB075896raw	4114587312	[u'2009', u'asia', u'estambul', u'europa', u'europe', u'istanbuk', u'november', u'noviembre', u'turkey', u'turquia']
Istanbul	[22724013, 2344116, 29390475, 2347289, 23424969, 28350899]	http://www.flickr.com/photos/63796164@N00/4113824341/	[u'imagespace:hasdirection=false']		False	http://farm3.staticflickr.com/2673/4113824341_39081c187c.jpg	10	129d43c83bae97c3406455dfd9b62352	jpg	javier.losa	Turkey	2009-11-18T08:17:37Z	Attribution License	2009-11-07T10:53:28Z	OLYMPUS IMAGING CORP. E-410	85332511	PB075897raw	4113824341	[u'2009', u'asia', u'estambul', u'europa', u'europe', u'istanbuk', u'november', u'noviembre', u'turkey', u'turquia']
Istanbul	[22724013, 2344116, 29390475, 2347289, 23424969, 28350899]	http://www.flickr.com/photos/63796164@N00/4113828847/	[u'imagespace:hasdirection=false']		False	http://farm3.staticflickr.com/2708/4113828847_178e63b399.jpg	10	136d3341401062266b8b67b4821322cb	jpg	javier.losa	Turkey	2009-11-18T08:21:09Z	Attribution License	2009-11-07T10:54:27Z	OLYMPUS IMAGING CORP. E-410	42548241	PB075898raw	4113828847	[u'2009', u'asia', u'estambul', u'europa', u'europe', u'istanbuk', u'november', u'noviembre', u'turkey', u'turquia']
Istanbul	[22724013, 2344116, 29390475, 2347289, 23424969, 28350899]	http://www.flickr.com/photos/63796164@N00/4113831907/	[u'imagespace:hasdirection=false']		False	http://farm3.staticflickr.com/2651/4113831907_18ea44d735.jpg	10	f883289c52ddbd11532693f1f95efa	jpg	javier.losa	Turkey	2009-11-18T08:23:42Z	Attribution License	2009-11-07T10:55:16Z	OLYMPUS IMAGING CORP. E-410	14976185	PB075899raw	4113831907	[u'2009', u'asia', u'estambul', u'europa', u'europe', u'istanbuk', u'november', u'noviembre', u'turkey', u'turquia']
Istanbul	[22724013, 2344116, 29390475, 2347289, 23424969, 28350899]	http://www.flickr.com/photos/63796164@N00/4114604586/	[u'imagespace:hasdirection=false']		False	http://farm3.staticflickr.com/2735/4114604586_04f777a482.jpg	10	a2c7363064401815ff13c6b3b957da	jpg	javier.losa	Turkey	2009-11-18T08:26:32Z	Attribution License	2009-11-07T10:55:30Z	OLYMPUS IMAGING CORP. E-410	91697240	PB075900raw	4114604586	[u'2009', u'asia', u'estambul', u'europa', u'europe', u'istanbuk', u'november', u'noviembre', u'turkey', u'turquia']
Istanbul	[22724013, 2344116, 29390475, 2347289, 23424969, 28350899]	http://www.flickr.com/photos/63796164@N00/4113840413/	[u'imagespace:hasdirection=false']		False	http://farm3.staticflickr.com/2526/4113840413_c54c2de8bc.jpg	10	f96e4fd4d61e49e9493371d284d7a	jpg	javier.losa	Turkey	2009-11-18T08:30:23Z	Attribution License	2009-11-07T10:57:43Z	OLYMPUS IMAGING CORP. E-410	68023687	PB075903raw	4113840413	[u'2009', u'asia', u'estambul', u'europa', u'europe', u'istanbuk', u'november', u'noviembre', u'turkey', u'turquia']
Istanbul	[22724013, 2344116, 29390475, 2347289, 23424969, 28350899]	http://www.flickr.com/photos/63796164@N00/4115570310/	[u'imagespace:hasdirection=false']		False	http://farm3.staticflickr.com/2517/4115570310_e417740277.jpg	10	ebd41482f78da6bbfbe91cacadb298f	jpg	javier.losa	Turkey	2009-11-18T18:23:11Z	Attribution License	2009-11-07T10:58:56Z	OLYMPUS IMAGING CORP. E-410	67345465	PB075906raw	4115570310	[u'2009', u'asia', u'estambul', u'europa', u'europe', u'istanbuk', u'november', u'noviembre', u'turkey', u'turquia']
Istanbul	[22724013, 2344116, 29390475, 2347289, 23424969, 28350899]	http://www.flickr.com/photos/63796164@N00/4114805315/	[u'imagespace:hasdirection=false']		False	http://farm3.staticflickr.com/2504/4114805315_a105621670.jpg	11	3f28e99dd5fb922356d2abd5c2f93d8e	jpg	javier.losa	Turkey	2009-11-18T18:25:43Z	Attribution License	2009-11-07T11:00:00Z	OLYMPUS IMAGING CORP. E-410	99737059	PB075907raw	4114805315	[u'2009', u'asia', u'estambul', u'europa', u'europe', u'istanbuk', u'november', u'noviembre', u'turkey', u'turquia']
Istanbul	[22724013, 2344116, 29390475, 2347289, 23424969, 28350899]	http://www.flickr.com/photos/63796164@N00/4115580468/	[u'imagespace:hasdirection=false']		False	http://farm3.staticflickr.com/2604/4115580468_de2c774178.jpg	11	e0868eb41dbeec8916a6efc93401cd5	jpg	javier.losa	Turkey	2009-11-18T18:28:17Z	Attribution License	2009-11-07T11:02:33Z	OLYMPUS IMAGING CORP. E-410	82903683	PB075908raw	4115580468	[u'2009', u'asia', u'estambul', u'europa', u'europe', u'istanbuk', u'november', u'noviembre', u'turkey', u'turquia']
Istanbul	[22724013, 2344116, 29390475, 2347289, 23424969, 28350899]	http://www.flickr.com/photos/63796164@N00/4115585238/	[u'imagespace:hasdirection=false']		False	http://farm3.staticflickr.com/2746/4115585238_62a00bd8fb.jpg	11	7b99705b585bd56ceb872bcffdc074b8	jpg	javier.losa	Turkey	2009-11-18T18:30:34Z	Attribution License	2009-11-07T11:02:37Z	OLYMPUS IMAGING CORP. E-410	62895696	PB075909raw	4115585238	[u'2009', u'asia', u'estambul', u'europa', u'europe', u'istanbuk', u'november', u'noviembre', u'turkey', u'turquia']
Istanbul	[22724013, 2344116, 29390475, 2347289, 23424969, 28350899]	http://www.flickr.com/photos/63796164@N00/4115590198/	[u'imagespace:hasdirection=false']		False	http://farm3.staticflickr.com/2541/4115590198_76a1cbd3cb.jpg	11	752a20b297128c9e8bf162a1e7ca1b	jpg	javier.losa	Turkey	2009-11-18T18:32:57Z	Attribution License	2009-11-07T11:02:39Z	OLYMPUS IMAGING CORP. E-410	77687211	PB075910raw	4115590198	[u'2009', u'asia', u'estambul', u'europa', u'europe', u'istanbuk', u'november', u'noviembre', u'turkey', u'turquia']
Istanbul	[22724013, 2344116, 29390475, 2347289, 23424969, 28350899]	http://www.flickr.com/photos/63796164@N00/4114825427/	[u'imagespace:hasdirection=false']		False	http://farm3.staticflickr.com/2796/4114825427_a8c1ac235f.jpg	11	7af5ddefcb89922ef344b639f9e63f	jpg	javier.losa	Turkey	2009-11-18T18:35:26Z	Attribution License	2009-11-07T11:02:42Z	OLYMPUS IMAGING CORP. E-410	21141405	PB075911raw	4114825427	[u'2009', u'asia', u'estambul', u'europa', u'europe', u'istanbuk', u'november', u'noviembre', u'turkey', u'turquia']
Istanbul	[22724013, 2344116, 29390475, 2347289, 23424969, 28350899]	http://www.flickr.com/photos/63796164@N00/4115600656/	[u'imagespace:hasdirection=false']		False	http://farm3.staticflickr.com/2750/4115600656_6695022244.jpg	11	16559e3eba51c737aaea2a77d4117db	jpg	javier.losa	Turkey	2009-11-18T18:38:05Z	Attribution License	2009-11-07T11:02:47Z	OLYMPUS IMAGING CORP. E-410	85000927	PB075912raw	4115600656	[u'2009', u'asia', u'estambul', u'europa', u'europe', u'istanbuk', u'november', u'noviembre', u'turkey', u'turquia']
Istanbul	[22724013, 2344116, 29390475, 2347289, 23424969, 28350899]	http://www.flickr.com/photos/63796164@N00/4115606158/	[u'imagespace:hasdirection=false']		False	http://farm3.staticflickr.com/2546/4115606158_a4e6fa148b.jpg	11	fcb629ecf56936ce945fa93a0ee3ef2	jpg	javier.losa	Turkey	2009-11-18T18:40:48Z	Attribution License	2009-11-07T11:02:49Z	OLYMPUS IMAGING CORP. E-410	65961921	PB075913raw	4115606158	[u'2009', u'asia', u'estambul', u'europa', u'europe', u'istanbuk', u'november', u'noviembre', u'turkey', u'turquia']
Istanbul	[22724013, 2344116, 29390475, 2347289, 23424969, 28350899]	http://www.flickr.com/photos/63796164@N00/9580800521/			False	http://farm4.staticflickr.com/3794/9580800521_53cb64c77e.jpg	11	724c71d083743c5848c66318b16966c1	jpg	javier.losa	Turkey	2013-08-24T13:31:09Z	Attribution License	2009-11-07T11:02:53Z	OLYMPUS IMAGING CORP. E-410	73186244	Estambul_Topapki_1	9580800521	
Istanbul	[22724013, 2344116, 29390475, 2347289, 23424969, 28350899]	http://www.flickr.com/photos/63796164@N00/4115610986/	[u'imagespace:hasdirection=false']		False	http://farm3.staticflickr.com/2498/4115610986_36045d2a23.jpg	11	a45a6dde8c1b691f93ecea0b46b823	jpg	javier.losa	Turkey	2009-11-18T18:43:04Z	Attribution License	2009-11-07T11:02:53Z	OLYMPUS IMAGING CORP. E-410	81365012	PB075914raw	4115610986	[u'2009', u'asia', u'estambul', u'europa', u'europe', u'istanbuk', u'november', u'noviembre', u'turkey', u'turquia']
Istanbul	[22724013, 2344116, 29390475, 2347289, 23424969, 28350899]	http://www.flickr.com/photos/63796164@N00/4114848163/	[u'imagespace:hasdirection=false']		False	http://farm3.staticflickr.com/2628/4114848163_3d36626337.jpg	11	53c7807179dabffd8ece80b62b24445	jpg	javier.losa	Turkey	2009-11-18T18:46:09Z	Attribution License	2009-11-07T11:07:08Z	OLYMPUS IMAGING CORP. E-410	71520344	PB075916raw	4114848163	[u'2009', u'asia', u'estambul', u'europa', u'europe', u'istanbuk', u'november', u'noviembre', u'turkey', u'turquia']
Istanbul	[22724013, 2344116, 29390475, 2347289, 23424969, 28350899]	http://www.flickr.com/photos/63796164@N00/4114853981/	[u'imagespace:hasdirection=false']		False	http://farm3.staticflickr.com/2493/4114853981_d356d6b165.jpg	11	ab34146c727add50d86a6195bb4111b	jpg	javier.losa	Turkey	2009-11-18T18:48:55Z	Attribution License	2009-11-07T11:10:51Z	OLYMPUS IMAGING CORP. E-410	78439398	PB075917raw	4114853981	[u'2009', u'asia', u'estambul', u'europa', u'europe', u'istanbuk', u'november', u'noviembre', u'turkey', u'turquia']
Istanbul	[22724013, 2344116, 29390475, 2347289, 23424969, 28350899]	http://www.flickr.com/photos/63796164@N00/4114859481/	[u'imagespace:hasdirection=false']		False	http://farm3.staticflickr.com/2577/4114859481_815be80a49.jpg	11	5576cc9b9f552a32a5da656d7725327	jpg	javier.losa	Turkey	2009-11-18T18:51:26Z	Attribution License	2009-11-07T11:38:08Z	OLYMPUS IMAGING CORP. E-410	79301109	PB075918raw	4114859481	[u'2009', u'asia', u'estambul', u'europa', u'europe', u'istanbuk', u'november', u'noviembre', u'turkey', u'turquia']
Istanbul	[22724013, 2344116, 29390475, 2347289, 23424969, 28350899]	http://www.flickr.com/photos/63796164@N00/4114879593/	[u'imagespace:hasdirection=false']		False	http://farm3.staticflickr.com/2798/4114879593_32ce02d073.jpg	11	ec9c90935ca0bfe48733eca91abdec5	jpg	javier.losa	Turkey	2009-11-18T19:00:46Z	Attribution License	2009-11-07T11:41:36Z	OLYMPUS IMAGING CORP. E-410	69864461	PB075922raw	4114879593	[u'2009', u'asia', u'estambul', u'europa', u'europe', u'istanbuk', u'november', u'noviembre', u'turkey', u'turquia']
Istanbul	[22724013, 2344116, 29390475, 2347289, 23424969, 28350899]	http://www.flickr.com/photos/63796164@N00/4115655260/	[u'imagespace:hasdirection=false']		False	http://farm3.staticflickr.com/2774/4115655260_a43c359a49.jpg	11	f49ddec87beb74698c29e8a3bd32eba5	jpg	javier.losa	Turkey	2009-11-18T19:03:37Z	Attribution License	2009-11-07T11:41:38Z	OLYMPUS IMAGING CORP. E-410	73825209	PB075923raw	4115655260	[u'2009', u'asia', u'estambul', u'europa', u'europe', u'istanbuk', u'november', u'noviembre', u'turkey', u'turquia']
Istanbul	[22724013, 2344116, 29390475, 2347289, 23424969, 28350899]	http://www.flickr.com/photos/63796164@N00/4114890781/	[u'imagespace:hasdirection=false']		False	http://farm3.staticflickr.com/2644/4114890781_4a8457a74b.jpg	11	257fe3cbefca128fb4033f021d13b2e	jpg	javier.losa	Turkey	2009-11-18T19:06:05Z	Attribution License	2009-11-07T11:41:40Z	OLYMPUS IMAGING CORP. E-410	80766433	PB075924raw	4114890781	[u'2009', u'asia', u'estambul', u'europa', u'europe', u'istanbuk', u'november', u'noviembre', u'turkey', u'turquia']
Istanbul	[22724013, 2344116, 29390475, 2347289, 23424969, 28350899]	http://www.flickr.com/photos/63796164@N00/4115664804/	[u'imagespace:hasdirection=false']		False	http://farm3.staticflickr.com/2635/4115664804_4e2e5196a8.jpg	11	7bca942c3f985eac4345715ea327e348	jpg	javier.losa	Turkey	2009-11-18T19:08:23Z	Attribution License	2009-11-07T11:41:41Z	OLYMPUS IMAGING CORP. E-410	71878610	PB075925raw	4115664804	[u'2009', u'asia', u'estambul', u'europa', u'europe', u'istanbuk', u'november', u'noviembre', u'turkey', u'turquia']
Istanbul	[22724013, 2344116, 29390475, 2347289, 23424969, 28350899]	http://www.flickr.com/photos/63796164@N00/4115668416/	[u'imagespace:hasdirection=false']		False	http://farm3.staticflickr.com/2659/4115668416_0a3a90271b.jpg	11	a6544d99639c96b9ea6b1987e9849d7f	jpg	javier.losa	Turkey	2009-11-18T19:10:08Z	Attribution License	2009-11-07T11:41:46Z	OLYMPUS IMAGING CORP. E-410	12526474	PB075926raw	4115668416	[u'2009', u'asia', u'estambul', u'europa', u'europe', u'istanbuk', u'november', u'noviembre', u'turkey', u'turquia']
Istanbul	[22724013, 2344116, 29390475, 2347289, 23424969, 28350899]	http://www.flickr.com/photos/63796164@N00/9583598980/			False	http://farm4.staticflickr.com/3809/9583598980_b5021a9281.jpg	11	c0e0c35321cce65758ab1a9e526554f2	jpg	javier.losa	Turkey	2013-08-24T13:33:18Z	Attribution License	2009-11-07T11:41:46Z	OLYMPUS IMAGING CORP. E-410	71281485	Estambul_Topapki_2	9583598980	
Istanbul	[22724013, 2344116, 29390475, 2347289, 23424969, 28350899]	http://www.flickr.com/photos/63796164@N00/4139447230/	[u'imagespace:hasdirection=false']		False	http://farm3.staticflickr.com/2764/4139447230_b2b89a53b1.jpg	11	45d27b85dffaf816ebe7d8f3f3f9dbe	jpg	javier.losa	Turkey	2009-11-27T22:05:16Z	Attribution License	2009-11-07T11:41:46Z	OLYMPUS IMAGING CORP. E-410	93194200	Estambul_Topapki_2	4139447230	[u'2009', u'b\ufffd\ufffdsforo', u'bosphorous', u'estambul', u'europa', u'europe', u'istanbul', u'november', u'noviembre', u'panor\ufffd\ufffdmica', u'panorama', u'turkey', u'turquia']
Istanbul	[22724013, 2344116, 29390475, 2347289, 23424969, 28350899]	http://www.flickr.com/photos/63796164@N00/4114910455/	[u'imagespace:hasdirection=false']		False	http://farm3.staticflickr.com/2526/4114910455_40024681d7.jpg	12	6ffa75a019e072d1a2bf5863b31f9d89	jpg	javier.losa	Turkey	2009-11-18T19:15:20Z	Attribution License	2009-11-07T12:01:16Z	OLYMPUS IMAGING CORP. E-410	99865173	PB075928raw	4114910455	[u'2009', u'asia', u'estambul', u'europa', u'europe', u'istanbuk', u'november', u'noviembre', u'turkey', u'turquia']
Istanbul	[22724013, 2344116, 29390475, 2347289, 23424969, 28350899]	http://www.flickr.com/photos/63796164@N00/4115686254/	[u'imagespace:hasdirection=false']		False	http://farm3.staticflickr.com/2546/4115686254_74f5139084.jpg	12	b2e46f9ee24d623395e267e84bb087	jpg	javier.losa	Turkey	2009-11-18T19:18:22Z	Attribution License	2009-11-07T12:01:24Z	OLYMPUS IMAGING CORP. E-410	79314308	PB075929raw	4115686254	[u'2009', u'asia', u'estambul', u'europa', u'europe', u'istanbuk', u'november', u'noviembre', u'turkey', u'turquia']
Istanbul	[22724013, 2344116, 29390475, 2347289, 23424969, 28350899]	http://www.flickr.com/photos/63796164@N00/4115693792/	[u'imagespace:hasdirection=false']		False	http://farm3.staticflickr.com/2570/4115693792_a23e527000.jpg	12	bf70d164fda2d4c182f7a1c129ee99f	jpg	javier.losa	Turkey	2009-11-18T19:21:46Z	Attribution License	2009-11-07T12:01:35Z	OLYMPUS IMAGING CORP. E-410	40850046	PB075930raw	4115693792	[u'2009', u'asia', u'estambul', u'europa', u'europe', u'istanbuk', u'november', u'noviembre', u'turkey', u'turquia']
Istanbul	[22724013, 2344116, 29390475, 2347289, 23424969, 28350899]	http://www.flickr.com/photos/63796164@N00/4115713648/	[u'imagespace:hasdirection=false']		False	http://farm3.staticflickr.com/2623/4115713648_139d0c80c8.jpg	12	74be2c27ae5a9695586e5812622586	jpg	javier.losa	Turkey	2009-11-18T19:30:35Z	Attribution License	2009-11-07T12:11:35Z	OLYMPUS IMAGING CORP. E-410	73758268	PB075934raw	4115713648	[u'2009', u'asia', u'estambul', u'europa', u'europe', u'istanbuk', u'november', u'noviembre', u'turkey', u'turquia']
Istanbul	[22724013, 2344116, 29390475, 2347289, 23424969, 28350899]	http://www.flickr.com/photos/63796164@N00/4114949653/	[u'imagespace:hasdirection=false']		False	http://farm3.staticflickr.com/2586/4114949653_2b90b38d16.jpg	12	2a592dacb75168d946729d8b9bda4d	jpg	javier.losa	Turkey	2009-11-18T19:32:51Z	Attribution License	2009-11-07T12:11:59Z	OLYMPUS IMAGING CORP. E-410	96885275	PB075935raw	4114949653	[u'2009', u'asia', u'estambul', u'europa', u'europe', u'istanbuk', u'november', u'noviembre', u'turkey', u'turquia']
Istanbul	[22724013, 2344116, 29390475, 2347289, 23424969, 28350899]	http://www.flickr.com/photos/63796164@N00/4114956629/	[u'imagespace:hasdirection=false']		False	http://farm3.staticflickr.com/2579/4114956629_09d54327a8.jpg	12	1e6f509f3e48b70ecf71c0a6d6277f	jpg	javier.losa	Turkey	2009-11-18T19:36:03Z	Attribution License	2009-11-07T12:12:05Z	OLYMPUS IMAGING CORP. E-410	78244864	PB075936raw	4114956629	[u'2009', u'asia', u'estambul', u'europa', u'europe', u'istanbuk', u'november', u'noviembre', u'turkey', u'turquia']
Istanbul	[22724013, 2344116, 29390475, 2347289, 23424969, 28350899]	http://www.flickr.com/photos/63796164@N00/4115746326/	[u'imagespace:hasdirection=false']		False	http://farm3.staticflickr.com/2591/4115746326_be3b8abfe2.jpg	12	9fcc5e55cf3c614a8cecc126c0bd97bc	jpg	javier.losa	Turkey	2009-11-18T19:46:08Z	Attribution License	2009-11-07T12:13:19Z	OLYMPUS IMAGING CORP. E-410	67585041	PB075939raw	4115746326	[u'2009', u'asia', u'estambul', u'europa', u'europe', u'istanbuk', u'november', u'noviembre', u'turkey', u'turquia']
Istanbul	[22724013, 2344116, 29390475, 2347289, 23424969, 28350899]	http://www.flickr.com/photos/63796164@N00/4115752852/	[u'imagespace:hasdirection=false']		False	http://farm3.staticflickr.com/2666/4115752852_73a1d0641b.jpg	12	70c52c8b11c220f79ff3c49a89d8a424	jpg	javier.losa	Turkey	2009-11-18T19:49:19Z	Attribution License	2009-11-07T12:14:05Z	OLYMPUS IMAGING CORP. E-410	87146384	PB075940raw	4115752852	[u'2009', u'asia', u'estambul', u'europa', u'europe', u'istanbuk', u'november', u'noviembre', u'turkey', u'turquia']
Istanbul	[22724013, 2344116, 29390475, 2347289, 23424969, 28350899]	http://www.flickr.com/photos/63796164@N00/4115803340/	[u'imagespace:hasdirection=false']		False	http://farm3.staticflickr.com/2535/4115803340_48474eaf68.jpg	12	465bfdfeccc7ffaba99c2799ac927b	jpg	javier.losa	Turkey	2009-11-18T20:12:52Z	Attribution License	2009-11-07T12:21:23Z	OLYMPUS IMAGING CORP. E-410	94347544	PB075949raw	4115803340	[u'2009', u'asia', u'estambul', u'europa', u'europe', u'istanbuk', u'november', u'noviembre', u'turkey', u'turquia']
Istanbul	[22724013, 2344116, 29390475, 2347289, 23424969, 28350899]	http://www.flickr.com/photos/63796164@N00/4115810446/	[u'imagespace:hasdirection=false']		False	http://farm3.staticflickr.com/2618/4115810446_249889b0dc.jpg	12	ba3f677a2aaeae3e8f06e38a4417699	jpg	javier.losa	Turkey	2009-11-18T20:16:25Z	Attribution License	2009-11-07T12:22:49Z	OLYMPUS IMAGING CORP. E-410	64401800	PB075950raw	4115810446	[u'2009', u'asia', u'estambul', u'europa', u'europe', u'istanbuk', u'november', u'noviembre', u'turkey', u'turquia']
Istanbul	[22724013, 2344116, 29390475, 2347289, 23424969, 28350899]	http://www.flickr.com/photos/63796164@N00/4115050399/	[u'imagespace:hasdirection=false']		False	http://farm3.staticflickr.com/2516/4115050399_9f6d61d10e.jpg	12	8b886b54aabc1e3f02988e0f6f01286	jpg	javier.losa	Turkey	2009-11-18T20:20:13Z	Attribution License	2009-11-07T12:46:56Z	OLYMPUS IMAGING CORP. E-410	86571755	PB075951raw	4115050399	[u'2009', u'asia', u'estambul', u'europa', u'europe', u'istanbuk', u'november', u'noviembre', u'turkey', u'turquia']
Istanbul	[22724013, 2344116, 29390475, 2347289, 23424969, 28350899]	http://www.flickr.com/photos/63796164@N00/4115056867/	[u'imagespace:hasdirection=false']		False	http://farm3.staticflickr.com/2590/4115056867_a35f34bba6.jpg	12	16b651d87498e2e53c3a4e8191d813b	jpg	javier.losa	Turkey	2009-11-18T20:23:03Z	Attribution License	2009-11-07T12:49:43Z	OLYMPUS IMAGING CORP. E-410	73724898	PB075952raw	4115056867	[u'2009', u'asia', u'estambul', u'europa', u'europe', u'istanbuk', u'november', u'noviembre', u'turkey', u'turquia']
Istanbul	[22724013, 2344116, 29390475, 2347289, 23424969, 28350899]	http://www.flickr.com/photos/63796164@N00/4115830050/	[u'imagespace:hasdirection=false']		False	http://farm3.staticflickr.com/2798/4115830050_0a57aab89b.jpg	12	88d956b95aa17f72bea80311babe322	jpg	javier.losa	Turkey	2009-11-18T20:25:41Z	Attribution License	2009-11-07T12:50:05Z	OLYMPUS IMAGING CORP. E-410	97841181	PB075953raw	4115830050	[u'2009', u'asia', u'estambul', u'europa', u'europe', u'istanbuk', u'november', u'noviembre', u'turkey', u'turquia']
Istanbul	[22724013, 2344116, 29390475, 2347289, 23424969, 28350899]	http://www.flickr.com/photos/63796164@N00/4115837110/	[u'imagespace:hasdirection=false']		False	http://farm3.staticflickr.com/2489/4115837110_8586f44cc1.jpg	12	c64c71eb5872c4b547be6d4912b024	jpg	javier.losa	Turkey	2009-11-18T20:28:53Z	Attribution License	2009-11-07T12:50:13Z	OLYMPUS IMAGING CORP. E-410	68116324	PB075954raw	4115837110	[u'2009', u'asia', u'estambul', u'europa', u'europe', u'istanbuk', u'november', u'noviembre', u'turkey', u'turquia']
Istanbul	[22724013, 2344116, 29390475, 2347289, 23424969, 28350899]	http://www.flickr.com/photos/63796164@N00/4115169861/	[u'imagespace:hasdirection=false']		False	http://farm3.staticflickr.com/2797/4115169861_134d9b2b97.jpg	13	976a1589b2457665e53b8fb98474b9	jpg	javier.losa	Turkey	2009-11-18T21:13:32Z	Attribution License	2009-11-07T13:13:08Z	OLYMPUS IMAGING CORP. E-410	87226428	PB075959raw	4115169861	[u'2009', u'asia', u'estambul', u'europa', u'europe', u'istanbuk', u'november', u'noviembre', u'turkey', u'turquia']
Istanbul	[22724013, 2344116, 29390475, 2347289, 23424969, 28350899]	http://www.flickr.com/photos/63796164@N00/4115948318/	[u'imagespace:hasdirection=false']		False	http://farm3.staticflickr.com/2635/4115948318_de9f6a13ec.jpg	13	ba701086f37cdb1dd781d62c9d9ab69	jpg	javier.losa	Turkey	2009-11-18T21:18:07Z	Attribution License	2009-11-07T13:13:56Z	OLYMPUS IMAGING CORP. E-410	44536922	PB075960raw	4115948318	[u'2009', u'asia', u'estambul', u'europa', u'europe', u'istanbuk', u'november', u'noviembre', u'turkey', u'turquia']
Istanbul	[22724013, 2344116, 29390475, 2347289, 23424969, 28350899]	http://www.flickr.com/photos/63796164@N00/4115958384/	[u'imagespace:hasdirection=false']		False	http://farm3.staticflickr.com/2611/4115958384_34ae8906e3.jpg	13	2cb9d8aab1dbfd29cfdd91c76a9116c	jpg	javier.losa	Turkey	2009-11-18T21:22:32Z	Attribution License	2009-11-07T13:14:43Z	OLYMPUS IMAGING CORP. E-410	68577469	PB075961raw	4115958384	[u'2009', u'asia', u'estambul', u'europa', u'europe', u'istanbuk', u'november', u'noviembre', u'turkey', u'turquia']
Istanbul	[22724013, 2344116, 29390475, 2347289, 23424969, 28350899]	http://www.flickr.com/photos/63796164@N00/4115199229/	[u'imagespace:hasdirection=false']		False	http://farm3.staticflickr.com/2668/4115199229_1d42c8d745.jpg	13	2292fcbb3b55e49a211b62cb42edac	jpg	javier.losa	Turkey	2009-11-18T21:26:21Z	Attribution License	2009-11-07T13:17:12Z	OLYMPUS IMAGING CORP. E-410	77616034	PB075962raw	4115199229	[u'2009', u'asia', u'estambul', u'europa', u'europe', u'istanbuk', u'november', u'noviembre', u'turkey', u'turquia']
Istanbul	[22724013, 2344116, 29390475, 2347289, 23424969, 28350899]	http://www.flickr.com/photos/63796164@N00/4115244937/	[u'imagespace:hasdirection=false']		False	http://farm3.staticflickr.com/2488/4115244937_093abb3fb8.jpg	13	5f7d23ac189b8abc7c6d4236e058fdb6	jpg	javier.losa	Turkey	2009-11-18T21:46:13Z	Attribution License	2009-11-07T13:20:34Z	OLYMPUS IMAGING CORP. E-410	68715916	PB075969raw	4115244937	[u'2009', u'asia', u'estambul', u'europa', u'europe', u'istanbuk', u'november', u'noviembre', u'turkey', u'turquia']
Istanbul	[22724013, 2344116, 29390475, 2347289, 23424969, 28350899]	http://www.flickr.com/photos/63796164@N00/4115251921/	[u'imagespace:hasdirection=false']		False	http://farm3.staticflickr.com/2598/4115251921_a2cc084b35.jpg	13	47f39ac8bbb2bfb2b41478fdefb59	jpg	javier.losa	Turkey	2009-11-18T21:49:15Z	Attribution License	2009-11-07T13:20:51Z	OLYMPUS IMAGING CORP. E-410	79336133	PB075970raw	4115251921	[u'2009', u'asia', u'estambul', u'europa', u'europe', u'istanbuk', u'november', u'noviembre', u'turkey', u'turquia']
Istanbul	[22724013, 2344116, 29390475, 2347289, 23424969, 28350899]	http://www.flickr.com/photos/63796164@N00/4116026334/	[u'imagespace:hasdirection=false']		False	http://farm3.staticflickr.com/2488/4116026334_57ed83396f.jpg	13	451bb8a9c128eccb50e3185ab5daa9cd	jpg	javier.losa	Turkey	2009-11-18T21:52:03Z	Attribution License	2009-11-07T13:23:51Z	OLYMPUS IMAGING CORP. E-410	94688681	PB075971raw	4116026334	[u'2009', u'asia', u'estambul', u'europa', u'europe', u'istanbuk', u'november', u'noviembre', u'turkey', u'turquia']
Istanbul	[22724013, 2344116, 29390475, 2347289, 23424969, 28350899]	http://www.flickr.com/photos/63796164@N00/4116032610/	[u'imagespace:hasdirection=false']		False	http://farm3.staticflickr.com/2700/4116032610_53cce6d1e5.jpg	13	674f2fb160dae5d5b548232dfbbf2892	jpg	javier.losa	Turkey	2009-11-18T21:54:51Z	Attribution License	2009-11-07T13:24:21Z	OLYMPUS IMAGING CORP. E-410	63481170	PB075972raw	4116032610	[u'2009', u'asia', u'estambul', u'europa', u'europe', u'istanbuk', u'november', u'noviembre', u'turkey', u'turquia']
Istanbul	[22724013, 2344116, 29390475, 2347289, 23424969, 28350899]	http://www.flickr.com/photos/63796164@N00/4115272649/	[u'imagespace:hasdirection=false']		False	http://farm3.staticflickr.com/2579/4115272649_eb9f767c99.jpg	13	ad2953daf3ef8edd465420f309a8fa0	jpg	javier.losa	Turkey	2009-11-18T21:58:12Z	Attribution License	2009-11-07T13:25:16Z	OLYMPUS IMAGING CORP. E-410	89429523	PB075973raw	4115272649	[u'2009', u'asia', u'estambul', u'europa', u'europe', u'istanbuk', u'november', u'noviembre', u'turkey', u'turquia']
Istanbul	[22724013, 2344116, 29390475, 2347289, 23424969, 28350899]	http://www.flickr.com/photos/63796164@N00/4115279917/	[u'imagespace:hasdirection=false']		False	http://farm3.staticflickr.com/2758/4115279917_9178297982.jpg	13	f8abd8469e1f63fc77632c90f28e74	jpg	javier.losa	Turkey	2009-11-18T22:01:23Z	Attribution License	2009-11-07T13:28:46Z	OLYMPUS IMAGING CORP. E-410	77845353	PB075974raw	4115279917	[u'2009', u'asia', u'estambul', u'europa', u'europe', u'istanbuk', u'november', u'noviembre', u'turkey', u'turquia']
Istanbul	[22724013, 2344116, 29390475, 2347289, 23424969, 28350899]	http://www.flickr.com/photos/63796164@N00/4115303833/	[u'imagespace:hasdirection=false']		False	http://farm3.staticflickr.com/2666/4115303833_e1c814b88e.jpg	13	a6167cc74871f11182b3f1b0d7431b	jpg	javier.losa	Turkey	2009-11-18T22:11:32Z	Attribution License	2009-11-07T13:30:57Z	OLYMPUS IMAGING CORP. E-410	88008169	PB075977raw	4115303833	[u'2009', u'asia', u'estambul', u'europa', u'europe', u'istanbuk', u'november', u'noviembre', u'turkey', u'turquia']
Istanbul	[22724022, 2344116, 29390475, 2347289, 23424969, 28350899]	http://www.flickr.com/photos/63796164@N00/4115323659/	[u'imagespace:hasdirection=false']		False	http://farm3.staticflickr.com/2758/4115323659_866b377908.jpg	13	3ea3c8875c5a57bb5eddde8ba075979a	jpg	javier.losa	Turkey	2009-11-18T22:19:46Z	Attribution License	2009-11-07T13:35:24Z	OLYMPUS IMAGING CORP. E-410	99788289	PB075980raw	4115323659	[u'2009', u'asia', u'estambul', u'europa', u'europe', u'istanbuk', u'november', u'noviembre', u'turkey', u'turquia']
Istanbul	[22724022, 2344116, 29390475, 2347289, 23424969, 28350899]	http://www.flickr.com/photos/63796164@N00/4116101642/	[u'imagespace:hasdirection=false']		False	http://farm3.staticflickr.com/2799/4116101642_a64046ef70.jpg	14	73d4e23974f326b44469fd86a390145	jpg	javier.losa	Turkey	2009-11-18T22:24:05Z	Attribution License	2009-11-07T14:51:11Z	OLYMPUS IMAGING CORP. E-410	70110070	PB075981raw	4116101642	[u'2009', u'asia', u'estambul', u'europa', u'europe', u'istanbuk', u'november', u'noviembre', u'turkey', u'turquia']
Istanbul	[22450298, 22724022, 2344116, 29390475, 2347289, 29391294, 23424969, 28350899]	http://www.flickr.com/photos/63796164@N00/4116109680/	[u'imagespace:hasdirection=false']		False	http://farm3.staticflickr.com/2719/4116109680_d8c7224e03.jpg	14	613679fd9e6cd791e6be69a78dd552a1	jpg	javier.losa	Turkey	2009-11-18T22:27:54Z	Attribution License	2009-11-07T14:51:16Z	OLYMPUS IMAGING CORP. E-410	85969593	PB075982raw	4116109680	[u'2009', u'asia', u'estambul', u'europa', u'europe', u'istanbuk', u'november', u'noviembre', u'turkey', u'turquia']
Istanbul	[22724013, 2344116, 29390475, 2347289, 23424969, 28350899]	http://www.flickr.com/photos/63796164@N00/4115347357/	[u'imagespace:hasdirection=false']		False	http://farm3.staticflickr.com/2747/4115347357_c2edd73370.jpg	14	6712d28c968034956e3e21dbe86655b7	jpg	javier.losa	Turkey	2009-11-18T22:30:21Z	Attribution License	2009-11-07T14:55:50Z	OLYMPUS IMAGING CORP. E-410	34979445	PB075983raw	4115347357	[u'2009', u'asia', u'estambul', u'europa', u'europe', u'istanbuk', u'november', u'noviembre', u'turkey', u'turquia']
Istanbul	[22724013, 2344116, 29390475, 2347289, 23424969, 28350899]	http://www.flickr.com/photos/63796164@N00/4116120388/	[u'imagespace:hasdirection=false']		False	http://farm3.staticflickr.com/2707/4116120388_c8ea2e67db.jpg	14	97f3f890b795de83ccbdb0ffdfd5124	jpg	javier.losa	Turkey	2009-11-18T22:32:47Z	Attribution License	2009-11-07T14:56:37Z	OLYMPUS IMAGING CORP. E-410	97626825	PB075984raw	4116120388	[u'2009', u'asia', u'estambul', u'europa', u'europe', u'istanbuk', u'november', u'noviembre', u'turkey', u'turquia']
Istanbul	[22450298, 22724022, 2344116, 29390475, 2347289, 29391294, 23424969, 28350899]	http://www.flickr.com/photos/63796164@N00/4115359545/	[u'imagespace:hasdirection=false']		False	http://farm3.staticflickr.com/2797/4115359545_6d3f2e8313.jpg	14	64802d646a43dde417c040c7ef575a42	jpg	javier.losa	Turkey	2009-11-18T22:35:59Z	Attribution License	2009-11-07T14:57:06Z	OLYMPUS IMAGING CORP. E-410	61625813	PB075985raw	4115359545	[u'2009', u'asia', u'estambul', u'europa', u'europe', u'istanbuk', u'november', u'noviembre', u'turkey', u'turquia']
Istanbul	[22450298, 22724022, 2344116, 29390475, 2347289, 29391294, 23424969, 28350899]	http://www.flickr.com/photos/63796164@N00/4116135360/	[u'imagespace:hasdirection=false']		False	http://farm3.staticflickr.com/2803/4116135360_c88fe546e4.jpg	14	7174b5bbd159bf953ff2349554038e2	jpg	javier.losa	Turkey	2009-11-18T22:39:52Z	Attribution License	2009-11-07T14:57:23Z	OLYMPUS IMAGING CORP. E-410	62417875	PB075986raw	4116135360	[u'2009', u'asia', u'estambul', u'europa', u'europe', u'istanbuk', u'november', u'noviembre', u'turkey', u'turquia']
Istanbul	[22450298, 22724022, 2344116, 29390475, 2347289, 29391294, 23424969, 28350899]	http://www.flickr.com/photos/63796164@N00/4115379511/	[u'imagespace:hasdirection=false']		False	http://farm3.staticflickr.com/2505/4115379511_2d19316351.jpg	14	fc7a38c65648d427258f855324b4b	jpg	javier.losa	Turkey	2009-11-18T22:45:43Z	Attribution License	2009-11-07T14:58:46Z	OLYMPUS IMAGING CORP. E-410	61928862	PB075988raw	4115379511	[u'2009', u'asia', u'estambul', u'europa', u'europe', u'istanbuk', u'november', u'noviembre', u'turkey', u'turquia']
Istanbul	[22450298, 22724022, 2344116, 29390475, 2347289, 29391294, 23424969, 28350899]	http://www.flickr.com/photos/63796164@N00/4116154060/	[u'imagespace:hasdirection=false']		False	http://farm3.staticflickr.com/2782/4116154060_511cc85067.jpg	14	80d9912a5f16333fdb2331b1f9620f0	jpg	javier.losa	Turkey	2009-11-18T22:49:26Z	Attribution License	2009-11-07T14:59:36Z	OLYMPUS IMAGING CORP. E-410	28782807	PB075989raw	4116154060	[u'2009', u'asia', u'estambul', u'europa', u'europe', u'istanbuk', u'november', u'noviembre', u'turkey', u'turquia']
Istanbul	[22450298, 22724022, 2344116, 29390475, 2347289, 29391294, 23424969, 28350899]	http://www.flickr.com/photos/63796164@N00/4115396041/	[u'imagespace:hasdirection=false']		False	http://farm3.staticflickr.com/2508/4115396041_0bc74af831.jpg	15	9c6cd863538e1ac922f9e7855cc72a7	jpg	javier.losa	Turkey	2009-11-18T22:54:02Z	Attribution License	2009-11-07T15:01:22Z	OLYMPUS IMAGING CORP. E-410	91205654	PB075990raw	4115396041	[u'2009', u'asia', u'estambul', u'europa', u'europe', u'istanbuk', u'november', u'noviembre', u'turkey', u'turquia']
Istanbul	[22450298, 22724022, 2344116, 29390475, 2347289, 29391294, 23424969, 28350899]	http://www.flickr.com/photos/63796164@N00/4115406201/	[u'imagespace:hasdirection=false']		False	http://farm3.staticflickr.com/2570/4115406201_d5d25891f8.jpg	15	c94236bc7e4341cb528c4167a27b6040	jpg	javier.losa	Turkey	2009-11-18T22:58:52Z	Attribution License	2009-11-07T15:01:57Z	OLYMPUS IMAGING CORP. E-410	15508171	PB075991raw	4115406201	[u'2009', u'asia', u'estambul', u'europa', u'europe', u'istanbuk', u'november', u'noviembre', u'turkey', u'turquia']
Istanbul	[22450298, 22724022, 2344116, 29390475, 2347289, 29391294, 23424969, 28350899]	http://www.flickr.com/photos/63796164@N00/4116185966/	[u'imagespace:hasdirection=false']		False	http://farm3.staticflickr.com/2540/4116185966_6d488030fb.jpg	15	623aa07a7bb456a5f9c2e99a2b2f709e	jpg	javier.losa	Turkey	2009-11-18T23:05:31Z	Attribution License	2009-11-07T15:03:27Z	OLYMPUS IMAGING CORP. E-410	92888395	PB075992raw	4116185966	[u'2009', u'asia', u'estambul', u'europa', u'europe', u'istanbuk', u'november', u'noviembre', u'turkey', u'turquia']
Istanbul	[22450298, 22724022, 2344116, 29390475, 2347289, 29391294, 23424969, 28350899]	http://www.flickr.com/photos/63796164@N00/4116200102/	[u'imagespace:hasdirection=false']		False	http://farm3.staticflickr.com/2764/4116200102_60440cf5c5.jpg	15	5d56d363b124dd1680cf2e9ab81efa8	jpg	javier.losa	Turkey	2009-11-18T23:12:53Z	Attribution License	2009-11-07T15:05:13Z	OLYMPUS IMAGING CORP. E-410	70309850	PB075993raw	4116200102	[u'2009', u'asia', u'estambul', u'europa', u'europe', u'istanbuk', u'november', u'noviembre', u'turkey', u'turquia']
Istanbul	[22724013, 2344116, 29390475, 2347289, 23424969, 28350899]	http://www.flickr.com/photos/63796164@N00/4116211322/	[u'imagespace:hasdirection=false']		False	http://farm3.staticflickr.com/2614/4116211322_fa4e96a937.jpg	15	b349866b1364b62bcbad8c4b0ad162c	jpg	javier.losa	Turkey	2009-11-18T23:18:35Z	Attribution License	2009-11-07T15:06:18Z	OLYMPUS IMAGING CORP. E-410	89839351	PB075994raw	4116211322	[u'2009', u'asia', u'estambul', u'europa', u'europe', u'istanbuk', u'november', u'noviembre', u'turkey', u'turquia']
Istanbul	[22450298, 22724022, 2344116, 29390475, 2347289, 29391294, 23424969, 28350899]	http://www.flickr.com/photos/63796164@N00/4115455061/	[u'imagespace:hasdirection=false']		False	http://farm3.staticflickr.com/2529/4115455061_2725a7cce6.jpg	15	749faac64bcec8ba2f2647b23a2b84e	jpg	javier.losa	Turkey	2009-11-18T23:23:52Z	Attribution License	2009-11-07T15:07:43Z	OLYMPUS IMAGING CORP. E-410	35285512	PB075995raw	4115455061	[u'2009', u'asia', u'estambul', u'europa', u'europe', u'istanbuk', u'november', u'noviembre', u'turkey', u'turquia']
Istanbul	[22724013, 2344116, 29390475, 2347289, 23424969, 28350899]	http://www.flickr.com/photos/63796164@N00/4115469439/	[u'imagespace:hasdirection=false']		False	http://farm3.staticflickr.com/2576/4115469439_c340e35110.jpg	15	cff5e786b73382c4a1ce934d23d18a9	jpg	javier.losa	Turkey	2009-11-18T23:30:59Z	Attribution License	2009-11-07T15:08:39Z	OLYMPUS IMAGING CORP. E-410	76256451	PB075996raw	4115469439	[u'2009', u'asia', u'estambul', u'europa', u'europe', u'istanbuk', u'november', u'noviembre', u'turkey', u'turquia']
Istanbul	[22724013, 2344116, 29390475, 2347289, 23424969, 28350899]	http://www.flickr.com/photos/63796164@N00/4116247450/	[u'imagespace:hasdirection=false']		False	http://farm3.staticflickr.com/2515/4116247450_1c9c1a3444.jpg	15	66894fe9fa06b1d25e93e436438253f	jpg	javier.losa	Turkey	2009-11-18T23:36:22Z	Attribution License	2009-11-07T15:09:43Z	OLYMPUS IMAGING CORP. E-410	69440356	PB075997raw	4116247450	[u'2009', u'asia', u'estambul', u'europa', u'europe', u'istanbuk', u'november', u'noviembre', u'turkey', u'turquia']
Istanbul	[22724013, 2344116, 29390475, 2347289, 23424969, 28350899]	http://www.flickr.com/photos/63796164@N00/4116276110/	[u'imagespace:hasdirection=false']		False	http://farm3.staticflickr.com/2794/4116276110_f587235930.jpg	15	a13d15d663d7c9a1416d37532548b8	jpg	javier.losa	Turkey	2009-11-18T23:51:29Z	Attribution License	2009-11-07T15:11:00Z	OLYMPUS IMAGING CORP. E-410	60895598	PB076001raw	4116276110	[u'2009', u'asia', u'estambul', u'europa', u'europe', u'istanbuk', u'november', u'noviembre', u'turkey', u'turquia']
Istanbul	[22724013, 2344116, 29390475, 2347289, 23424969, 28350899]	http://www.flickr.com/photos/63796164@N00/4116296600/	[u'imagespace:hasdirection=false']		False	http://farm3.staticflickr.com/2599/4116296600_3ed1faf5d3.jpg	15	33a0ebfa9ab046cd702713e51fb2d811	jpg	javier.losa	Turkey	2009-11-19T00:02:32Z	Attribution License	2009-11-07T15:13:42Z	OLYMPUS IMAGING CORP. E-410	9156883	PB076004raw	4116296600	[u'2009', u'asia', u'estambul', u'europa', u'europe', u'istanbuk', u'november', u'noviembre', u'turkey', u'turquia']
Istanbul	[22724013, 2344116, 29390475, 2347289, 23424969, 28350899]	http://www.flickr.com/photos/63796164@N00/4116306730/	[u'imagespace:hasdirection=false']		False	http://farm3.staticflickr.com/2767/4116306730_3b05e5f13f.jpg	15	a74c315976cc825af930604ce986c11	jpg	javier.losa	Turkey	2009-11-19T00:08:14Z	Attribution License	2009-11-07T15:14:47Z	OLYMPUS IMAGING CORP. E-410	72560281	PB076005raw	4116306730	[u'2009', u'asia', u'estambul', u'europa', u'europe', u'istanbuk', u'november', u'noviembre', u'turkey', u'turquia']
Istanbul	[22724013, 2344116, 29390475, 2347289, 23424969, 28350899]	http://www.flickr.com/photos/63796164@N00/4115548563/	[u'imagespace:hasdirection=false']		False	http://farm3.staticflickr.com/2628/4115548563_1aa0767757.jpg	15	6f9e645ed3a255f8593755c8df51cc	jpg	javier.losa	Turkey	2009-11-19T00:13:27Z	Attribution License	2009-11-07T15:15:09Z	OLYMPUS IMAGING CORP. E-410	69629657	PB076006raw	4115548563	[u'2009', u'asia', u'estambul', u'europa', u'europe', u'istanbuk', u'november', u'noviembre', u'turkey', u'turquia']
Istanbul	[22724013, 2344116, 29390475, 2347289, 23424969, 28350899]	http://www.flickr.com/photos/63796164@N00/4116325268/	[u'imagespace:hasdirection=false']		False	http://farm3.staticflickr.com/2741/4116325268_9aee24131a.jpg	15	11a6966a7e2a15b2abfea7266793497	jpg	javier.losa	Turkey	2009-11-19T00:17:48Z	Attribution License	2009-11-07T15:15:30Z	OLYMPUS IMAGING CORP. E-410	96762696	PB076007raw	4116325268	[u'2009', u'asia', u'estambul', u'europa', u'europe', u'istanbuk', u'november', u'noviembre', u'turkey', u'turquia']
Istanbul	[22450250, 22724022, 2344116, 29390475, 2347289, 29391294, 23424969, 28350899]	http://www.flickr.com/photos/63796164@N00/4115564643/	[u'imagespace:hasdirection=false']		False	http://farm3.staticflickr.com/2790/4115564643_4e3d32ab4d.jpg	15	91fee85d3e50c5af8b1f7a5bf621e5	jpg	javier.losa	Turkey	2009-11-19T00:21:44Z	Attribution License	2009-11-07T15:16:00Z	OLYMPUS IMAGING CORP. E-410	78681853	PB076008raw	4115564643	[u'2009', u'asia', u'estambul', u'europa', u'europe', u'istanbuk', u'november', u'noviembre', u'turkey', u'turquia']
Istanbul	[22724013, 2344116, 29390475, 2347289, 23424969, 28350899]	http://www.flickr.com/photos/63796164@N00/4116341340/	[u'imagespace:hasdirection=false']		False	http://farm3.staticflickr.com/2530/4116341340_30b845fb5e.jpg	15	31a524ea3695694dde19e4f7b5a36075	jpg	javier.losa	Turkey	2009-11-19T00:26:38Z	Attribution License	2009-11-07T15:17:41Z	OLYMPUS IMAGING CORP. E-410	88066641	PB076009raw	4116341340	[u'2009', u'asia', u'estambul', u'europa', u'europe', u'istanbuk', u'november', u'noviembre', u'turkey', u'turquia']
Istanbul	[22724013, 2344116, 29390475, 2347289, 23424969, 28350899]	http://www.flickr.com/photos/63796164@N00/4115583487/	[u'imagespace:hasdirection=false']		False	http://farm3.staticflickr.com/2770/4115583487_c95c9dd1e6.jpg	15	276f43f24cd753bbe8c08741476fface	jpg	javier.losa	Turkey	2009-11-19T00:31:46Z	Attribution License	2009-11-07T15:18:05Z	OLYMPUS IMAGING CORP. E-410	87404314	PB076010raw	4115583487	[u'2009', u'asia', u'estambul', u'europa', u'europe', u'istanbuk', u'november', u'noviembre', u'turkey', u'turquia']
Istanbul	[22724013, 2344116, 29390475, 2347289, 23424969, 28350899]	http://www.flickr.com/photos/63796164@N00/4115592197/	[u'imagespace:hasdirection=false']		False	http://farm3.staticflickr.com/2737/4115592197_6ae3d2a3ea.jpg	15	1249ffcf967a31b3f42685827641c86c	jpg	javier.losa	Turkey	2009-11-19T00:36:07Z	Attribution License	2009-11-07T15:19:26Z	OLYMPUS IMAGING CORP. E-410	96689696	PB076011raw	4115592197	[u'2009', u'asia', u'estambul', u'europa', u'europe', u'istanbuk', u'november', u'noviembre', u'turkey', u'turquia']
Istanbul	[22724013, 2344116, 29390475, 2347289, 23424969, 28350899]	http://www.flickr.com/photos/63796164@N00/4115601767/	[u'imagespace:hasdirection=false']		False	http://farm3.staticflickr.com/2513/4115601767_627ae2a520.jpg	15	ee134274d6527d8d277e6dacaf3828d	jpg	javier.losa	Turkey	2009-11-19T00:41:05Z	Attribution License	2009-11-07T15:20:40Z	OLYMPUS IMAGING CORP. E-410	70631719	PB076012raw	4115601767	[u'2009', u'asia', u'estambul', u'europa', u'europe', u'istanbuk', u'november', u'noviembre', u'turkey', u'turquia']
Istanbul	[22724013, 2344116, 29390475, 2347289, 23424969, 28350899]	http://www.flickr.com/photos/63796164@N00/4115609127/	[u'imagespace:hasdirection=false']		False	http://farm3.staticflickr.com/2652/4115609127_7314fbfbb0.jpg	15	8c5dada0c1cb9b5a55145a14e9c324	jpg	javier.losa	Turkey	2009-11-19T00:45:13Z	Attribution License	2009-11-07T15:21:54Z	OLYMPUS IMAGING CORP. E-410	77275583	PB076013raw	4115609127	[u'2009', u'asia', u'estambul', u'europa', u'europe', u'istanbuk', u'november', u'noviembre', u'turkey', u'turquia']
Istanbul	[22724013, 2344116, 29390475, 2347289, 23424969, 28350899]	http://www.flickr.com/photos/63796164@N00/4115617885/	[u'imagespace:hasdirection=false']		False	http://farm3.staticflickr.com/2677/4115617885_1538295b24.jpg	15	e0bf3c90ed5d23b91d3c8d124a1357d1	jpg	javier.losa	Turkey	2009-11-19T00:50:12Z	Attribution License	2009-11-07T15:22:38Z	OLYMPUS IMAGING CORP. E-410	82917226	PB076014raw	4115617885	[u'2009', u'asia', u'estambul', u'europa', u'europe', u'istanbuk', u'november', u'noviembre', u'turkey', u'turquia']
Istanbul	[22724013, 2344116, 29390475, 2347289, 23424969, 28350899]	http://www.flickr.com/photos/63796164@N00/4115624511/	[u'imagespace:hasdirection=false']		False	http://farm3.staticflickr.com/2680/4115624511_c5bddc21ec.jpg	15	1d923a42dacc528afd4fda5686991e55	jpg	javier.losa	Turkey	2009-11-19T00:54:06Z	Attribution License	2009-11-07T15:27:15Z	OLYMPUS IMAGING CORP. E-410	74410768	PB076015raw	4115624511	[u'2009', u'asia', u'estambul', u'europa', u'europe', u'istanbuk', u'november', u'noviembre', u'turkey', u'turquia']
Istanbul	[22724013, 2344116, 29390475, 2347289, 23424969, 28350899]	http://www.flickr.com/photos/63796164@N00/4116400874/	[u'imagespace:hasdirection=false']		False	http://farm3.staticflickr.com/2700/4116400874_b18d814bd2.jpg	15	52b9263ff8c840fa7d4e985e4d2ccfa6	jpg	javier.losa	Turkey	2009-11-19T00:58:52Z	Attribution License	2009-11-07T15:30:34Z	OLYMPUS IMAGING CORP. E-410	70584800	PB076016raw	4116400874	[u'2009', u'asia', u'estambul', u'europa', u'europe', u'istanbuk', u'november', u'noviembre', u'turkey', u'turquia']
Istanbul	[22724013, 2344116, 29390475, 2347289, 23424969, 28350899]	http://www.flickr.com/photos/63796164@N00/4115637423/	[u'imagespace:hasdirection=false']		False	http://farm3.staticflickr.com/2733/4115637423_c5f54afe3f.jpg	15	9132568acec391128a41cfcef62d596	jpg	javier.losa	Turkey	2009-11-19T01:01:34Z	Attribution License	2009-11-07T15:32:30Z	OLYMPUS IMAGING CORP. E-410	58548228	PB076017raw	4115637423	[u'2009', u'asia', u'estambul', u'europa', u'europe', u'istanbuk', u'november', u'noviembre', u'turkey', u'turquia']
Istanbul	[22724013, 2344116, 29390475, 2347289, 23424969, 28350899]	http://www.flickr.com/photos/63796164@N00/4116413122/	[u'imagespace:hasdirection=false']		False	http://farm3.staticflickr.com/2501/4116413122_43d70effb6.jpg	15	931f5d971aadeb3d45e5dda4b836ea72	jpg	javier.losa	Turkey	2009-11-19T01:05:41Z	Attribution License	2009-11-07T15:40:23Z	OLYMPUS IMAGING CORP. E-410	82226400	PB076018raw	4116413122	[u'2009', u'asia', u'estambul', u'europa', u'europe', u'istanbuk', u'november', u'noviembre', u'turkey', u'turquia']
Istanbul	[22724013, 2344116, 29390475, 2347289, 23424969, 28350899]	http://www.flickr.com/photos/63796164@N00/4115651137/	[u'imagespace:hasdirection=false']		False	http://farm3.staticflickr.com/2664/4115651137_0ef41feba5.jpg	15	1ff4a3907be239fbf9b036afd8cfb2	jpg	javier.losa	Turkey	2009-11-19T01:09:18Z	Attribution License	2009-11-07T15:40:32Z	OLYMPUS IMAGING CORP. E-410	89060649	PB076019raw	4115651137	[u'2009', u'asia', u'estambul', u'europa', u'europe', u'istanbuk', u'november', u'noviembre', u'turkey', u'turquia']
Istanbul	[56579819, 2344116, 29390475, 2347289, 29391294, 23424969, 28350899]	http://www.flickr.com/photos/63796164@N00/4115659077/	[u'imagespace:hasdirection=false']		False	http://farm3.staticflickr.com/2563/4115659077_01eba888f5.jpg	15	43dc53e0b4df9d327bd2c14d681ad68	jpg	javier.losa	Turkey	2009-11-19T01:13:47Z	Attribution License	2009-11-07T15:42:48Z	OLYMPUS IMAGING CORP. E-410	58469989	PB076020raw	4115659077	[u'2009', u'asia', u'estambul', u'europa', u'europe', u'istanbuk', u'november', u'noviembre', u'turkey', u'turquia']
Istanbul	[56579819, 2344116, 29390475, 2347289, 29391294, 23424969, 28350899]	http://www.flickr.com/photos/63796164@N00/4115665851/	[u'imagespace:hasdirection=false']		False	http://farm3.staticflickr.com/2501/4115665851_027536a7d8.jpg	15	fdc15e25387f638f5c137a9bb81451e1	jpg	javier.losa	Turkey	2009-11-19T01:17:19Z	Attribution License	2009-11-07T15:44:38Z	OLYMPUS IMAGING CORP. E-410	82758154	PB076021raw	4115665851	[u'2009', u'asia', u'estambul', u'europa', u'europe', u'istanbuk', u'november', u'noviembre', u'turkey', u'turquia']
Istanbul	[56579819, 2344116, 29390475, 2347289, 29391294, 23424969, 28350899]	http://www.flickr.com/photos/63796164@N00/4116440576/	[u'imagespace:hasdirection=false']		False	http://farm3.staticflickr.com/2802/4116440576_c4b6648554.jpg	15	c4336baf94203d642cff868484c74c16	jpg	javier.losa	Turkey	2009-11-19T01:20:59Z	Attribution License	2009-11-07T15:48:18Z	OLYMPUS IMAGING CORP. E-410	75884699	PB076022raw	4116440576	[u'2009', u'asia', u'estambul', u'europa', u'europe', u'istanbuk', u'november', u'noviembre', u'turkey', u'turquia']
Istanbul	[22724013, 2344116, 29390475, 2347289, 23424969, 28350899]	http://www.flickr.com/photos/63796164@N00/4115681377/	[u'imagespace:hasdirection=false']		False	http://farm3.staticflickr.com/2522/4115681377_fda4a39a56.jpg	15	a6849662182863807b75ec5198e7587	jpg	javier.losa	Turkey	2009-11-19T01:26:20Z	Attribution License	2009-11-07T15:52:09Z	OLYMPUS IMAGING CORP. E-410	81942138	PB076024raw	4115681377	[u'2009', u'asia', u'estambul', u'europa', u'europe', u'istanbuk', u'november', u'noviembre', u'turkey', u'turquia']
Istanbul	[22724013, 2344116, 29390475, 2347289, 23424969, 28350899]	http://www.flickr.com/photos/63796164@N00/4115688849/	[u'imagespace:hasdirection=false']		False	http://farm3.staticflickr.com/2558/4115688849_cd0fbc4c16.jpg	15	d69113150584ad07c19ae8937b2d7	jpg	javier.losa	Turkey	2009-11-19T01:30:25Z	Attribution License	2009-11-07T15:56:07Z	OLYMPUS IMAGING CORP. E-410	24581694	PB076025raw	4115688849	[u'2009', u'asia', u'estambul', u'europa', u'europe', u'istanbuk', u'november', u'noviembre', u'turkey', u'turquia']
Istanbul	[22724022, 2344116, 29390475, 2347289, 23424969, 28350899]	http://www.flickr.com/photos/63796164@N00/4115696447/	[u'imagespace:hasdirection=false']		False	http://farm3.staticflickr.com/2679/4115696447_7203e05629.jpg	15	bfe091cffce0f280fe1d59a76d335087	jpg	javier.losa	Turkey	2009-11-19T01:34:48Z	Attribution License	2009-11-07T15:57:27Z	OLYMPUS IMAGING CORP. E-410	78289844	PB076026raw	4115696447	[u'2009', u'asia', u'estambul', u'europa', u'europe', u'istanbuk', u'november', u'noviembre', u'turkey', u'turquia']
Istanbul	[56579819, 2344116, 29390475, 2347289, 29391294, 23424969, 28350899]	http://www.flickr.com/photos/63796164@N00/4116472248/	[u'imagespace:hasdirection=false']		False	http://farm3.staticflickr.com/2525/4116472248_eb2c5191b6.jpg	15	a166a0cdb4b39b317e3216b851944de	jpg	javier.losa	Turkey	2009-11-19T01:39:04Z	Attribution License	2009-11-07T15:58:05Z	OLYMPUS IMAGING CORP. E-410	95235647	PB076027raw	4116472248	[u'2009', u'asia', u'estambul', u'europa', u'europe', u'istanbuk', u'november', u'noviembre', u'turkey', u'turquia']
Istanbul	[56579819, 2344116, 29390475, 2347289, 29391294, 23424969, 28350899]	http://www.flickr.com/photos/63796164@N00/4115709723/	[u'imagespace:hasdirection=false']		False	http://farm3.staticflickr.com/2714/4115709723_c3751ef6f4.jpg	15	a1e29a26aab48cf56a784720aafb7b	jpg	javier.losa	Turkey	2009-11-19T01:42:40Z	Attribution License	2009-11-07T15:58:31Z	OLYMPUS IMAGING CORP. E-410	98012441	PB076028raw	4115709723	[u'2009', u'asia', u'estambul', u'europa', u'europe', u'istanbuk', u'november', u'noviembre', u'turkey', u'turquia']
Istanbul	[22724013, 2344116, 29390475, 2347289, 23424969, 28350899]	http://www.flickr.com/photos/63796164@N00/4116486516/	[u'imagespace:hasdirection=false']		False	http://farm3.staticflickr.com/2522/4116486516_87c6621bba.jpg	16	ad4e95168dfe587bdc76ad79d9f6584	jpg	javier.losa	Turkey	2009-11-19T01:47:05Z	Attribution License	2009-11-07T16:00:26Z	OLYMPUS IMAGING CORP. E-410	70741699	PB076029raw	4116486516	[u'2009', u'asia', u'estambul', u'europa', u'europe', u'istanbuk', u'november', u'noviembre', u'turkey', u'turquia']
Istanbul	[22724013, 2344116, 29390475, 2347289, 23424969, 28350899]	http://www.flickr.com/photos/63796164@N00/4116491966/	[u'imagespace:hasdirection=false']		False	http://farm3.staticflickr.com/2720/4116491966_5be11f09e1.jpg	16	a83a7243f494a62637bbd262167adb79	jpg	javier.losa	Turkey	2009-11-19T01:50:02Z	Attribution License	2009-11-07T16:08:31Z	OLYMPUS IMAGING CORP. E-410	97846860	PB076030raw	4116491966	[u'2009', u'asia', u'estambul', u'europa', u'europe', u'istanbuk', u'november', u'noviembre', u'turkey', u'turquia']
Istanbul	[22724013, 2344116, 29390475, 2347289, 23424969, 28350899]	http://www.flickr.com/photos/63796164@N00/4115726919/	[u'imagespace:hasdirection=false']		False	http://farm3.staticflickr.com/2703/4115726919_619bcd11d6.jpg	16	29cb123f452e2855d5a357dc8157d	jpg	javier.losa	Turkey	2009-11-19T01:52:19Z	Attribution License	2009-11-07T16:08:40Z	OLYMPUS IMAGING CORP. E-410	88700390	PB076031raw	4115726919	[u'2009', u'asia', u'estambul', u'europa', u'europe', u'istanbuk', u'november', u'noviembre', u'turkey', u'turquia']
Istanbul	[22724013, 2344116, 29390475, 2347289, 23424969, 28350899]	http://www.flickr.com/photos/63796164@N00/4116502524/	[u'imagespace:hasdirection=false']		False	http://farm3.staticflickr.com/2716/4116502524_d815879bb6.jpg	16	539d686d3fe9fad251a33ee33bec6d8	jpg	javier.losa	Turkey	2009-11-19T01:55:49Z	Attribution License	2009-11-07T16:11:58Z	OLYMPUS IMAGING CORP. E-410	56416893	PB076032raw	4116502524	[u'2009', u'asia', u'estambul', u'europa', u'europe', u'istanbuk', u'november', u'noviembre', u'turkey', u'turquia']
Istanbul	[22724013, 2344116, 29390475, 2347289, 23424969, 28350899]	http://www.flickr.com/photos/63796164@N00/4116523440/	[u'imagespace:hasdirection=false']		False	http://farm3.staticflickr.com/2576/4116523440_4b0459cc3f.jpg	16	1f884946b1f432c3904e3d9ca262343f	jpg	javier.losa	Turkey	2009-11-19T02:07:36Z	Attribution License	2009-11-07T16:13:20Z	OLYMPUS IMAGING CORP. E-410	97406703	PB076035raw	4116523440	[u'2009', u'asia', u'estambul', u'europa', u'europe', u'istanbuk', u'november', u'noviembre', u'turkey', u'turquia']
Istanbul	[22724013, 2344116, 29390475, 2347289, 23424969, 28350899]	http://www.flickr.com/photos/63796164@N00/4115760297/	[u'imagespace:hasdirection=false']		False	http://farm3.staticflickr.com/2589/4115760297_8a7793a697.jpg	16	5e1f90d88c564f5d11cbfddc799f9792	jpg	javier.losa	Turkey	2009-11-19T02:11:00Z	Attribution License	2009-11-07T16:13:29Z	OLYMPUS IMAGING CORP. E-410	95982729	PB076036raw	4115760297	[u'2009', u'asia', u'estambul', u'europa', u'europe', u'istanbuk', u'november', u'noviembre', u'turkey', u'turquia']
Istanbul	[22724013, 2344116, 29390475, 2347289, 23424969, 28350899]	http://www.flickr.com/photos/63796164@N00/4115766429/	[u'imagespace:hasdirection=false']		False	http://farm3.staticflickr.com/2714/4115766429_58407a96ae.jpg	16	ff46c92c679d1db973bc9fa09716275d	jpg	javier.losa	Turkey	2009-11-19T02:14:16Z	Attribution License	2009-11-07T16:13:36Z	OLYMPUS IMAGING CORP. E-410	60045981	PB076037raw	4115766429	[u'2009', u'asia', u'estambul', u'europa', u'europe', u'istanbuk', u'november', u'noviembre', u'turkey', u'turquia']
Istanbul	[22724013, 2344116, 29390475, 2347289, 23424969, 28350899]	http://www.flickr.com/photos/63796164@N00/4115771703/	[u'imagespace:hasdirection=false']		False	http://farm3.staticflickr.com/2754/4115771703_cbcf48185f.jpg	16	315975d2678c537bb9973a138cf5f	jpg	javier.losa	Turkey	2009-11-19T02:17:10Z	Attribution License	2009-11-07T16:14:17Z	OLYMPUS IMAGING CORP. E-410	80709945	PB076038raw	4115771703	[u'2009', u'asia', u'estambul', u'europa', u'europe', u'istanbuk', u'november', u'noviembre', u'turkey', u'turquia']
Istanbul	[22724013, 2344116, 29390475, 2347289, 23424969, 28350899]	http://www.flickr.com/photos/63796164@N00/4116544550/	[u'imagespace:hasdirection=false']		False	http://farm3.staticflickr.com/2611/4116544550_dee45fc36a.jpg	16	ea4721ed38d0214577f868438a7d9b7f	jpg	javier.losa	Turkey	2009-11-19T02:19:27Z	Attribution License	2009-11-07T16:14:49Z	OLYMPUS IMAGING CORP. E-410	76504168	PB076039raw	4116544550	[u'2009', u'asia', u'estambul', u'europa', u'europe', u'istanbuk', u'november', u'noviembre', u'turkey', u'turquia']
Istanbul	[22724013, 2344116, 29390475, 2347289, 23424969, 28350899]	http://www.flickr.com/photos/63796164@N00/4115780865/	[u'imagespace:hasdirection=false']		False	http://farm3.staticflickr.com/2788/4115780865_85a51cf3b1.jpg	16	a5e915483196f31f266a833b1a6d6b3e	jpg	javier.losa	Turkey	2009-11-19T02:22:46Z	Attribution License	2009-11-07T16:15:37Z	OLYMPUS IMAGING CORP. E-410	28106225	PB076040raw	4115780865	[u'2009', u'asia', u'estambul', u'europa', u'europe', u'istanbuk', u'november', u'noviembre', u'turkey', u'turquia']
Istanbul	[22450250, 22724022, 2344116, 29390475, 2347289, 29391294, 23424969, 28350899]	http://www.flickr.com/photos/63796164@N00/4116568920/	[u'imagespace:hasdirection=false']		False	http://farm3.staticflickr.com/2684/4116568920_54870f44a2.jpg	16	70ade32c4d17a7a568f6a1f32710b49e	jpg	javier.losa	Turkey	2009-11-19T02:33:15Z	Attribution License	2009-11-07T16:16:50Z	OLYMPUS IMAGING CORP. E-410	95987659	PB076042raw	4116568920	[u'2009', u'asia', u'estambul', u'europa', u'europe', u'istanbuk', u'november', u'noviembre', u'turkey', u'turquia']
Istanbul	[22450250, 22724022, 2344116, 29390475, 2347289, 29391294, 23424969, 28350899]	http://www.flickr.com/photos/63796164@N00/4115809989/	[u'imagespace:hasdirection=false']		False	http://farm3.staticflickr.com/2545/4115809989_b637eb108d.jpg	16	65ef7cf5266473dbc6d4adfc82555f	jpg	javier.losa	Turkey	2009-11-19T02:38:57Z	Attribution License	2009-11-07T16:17:17Z	OLYMPUS IMAGING CORP. E-410	58944930	PB076043raw	4115809989	[u'2009', u'asia', u'estambul', u'europa', u'europe', u'istanbuk', u'november', u'noviembre', u'turkey', u'turquia']
Istanbul	[22450298, 22724022, 2344116, 29390475, 2347289, 29391294, 23424969, 28350899]	http://www.flickr.com/photos/63796164@N00/4115817615/	[u'imagespace:hasdirection=false']		False	http://farm3.staticflickr.com/2781/4115817615_d36a3d631a.jpg	16	c65667cb3e3fb4d0bcd05288ee85b	jpg	javier.losa	Turkey	2009-11-19T02:42:57Z	Attribution License	2009-11-07T16:18:58Z	OLYMPUS IMAGING CORP. E-410	83850966	PB076044raw	4115817615	[u'2009', u'asia', u'estambul', u'europa', u'europe', u'istanbuk', u'november', u'noviembre', u'turkey', u'turquia']
Istanbul	[22450298, 22724022, 2344116, 29390475, 2347289, 29391294, 23424969, 28350899]	http://www.flickr.com/photos/63796164@N00/4115825549/	[u'imagespace:hasdirection=false']		False	http://farm3.staticflickr.com/2536/4115825549_3b325f7013.jpg	16	6c1e662508d9b51fb44ba16bac2494d	jpg	javier.losa	Turkey	2009-11-19T02:47:31Z	Attribution License	2009-11-07T16:19:27Z	OLYMPUS IMAGING CORP. E-410	92586143	PB076045raw	4115825549	[u'2009', u'asia', u'estambul', u'europa', u'europe', u'istanbuk', u'november', u'noviembre', u'turkey', u'turquia']
Istanbul	[22724013, 2344116, 29390475, 2347289, 23424969, 28350899]	http://www.flickr.com/photos/63796164@N00/4115834755/	[u'imagespace:hasdirection=false']		False	http://farm3.staticflickr.com/2789/4115834755_95c52fd094.jpg	16	2d1418b20d883a3338e47f9a8ab1646	jpg	javier.losa	Turkey	2009-11-19T02:52:42Z	Attribution License	2009-11-07T16:20:23Z	OLYMPUS IMAGING CORP. E-410	90668524	PB076047raw	4115834755	[u'2009', u'asia', u'estambul', u'europa', u'europe', u'istanbuk', u'november', u'noviembre', u'turkey', u'turquia']
Istanbul	[22724013, 2344116, 29390475, 2347289, 23424969, 28350899]	http://www.flickr.com/photos/63796164@N00/4115844503/	[u'imagespace:hasdirection=false']		False	http://farm3.staticflickr.com/2732/4115844503_8e6f391aae.jpg	16	184d6adeb54639b6c74858c07afad2	jpg	javier.losa	Turkey	2009-11-19T02:57:42Z	Attribution License	2009-11-07T16:21:19Z	OLYMPUS IMAGING CORP. E-410	86675849	PB076048raw	4115844503	[u'2009', u'asia', u'estambul', u'europa', u'europe', u'istanbuk', u'november', u'noviembre', u'turkey', u'turquia']
Istanbul	[22724013, 2344116, 29390475, 2347289, 23424969, 28350899]	http://www.flickr.com/photos/63796164@N00/4116618724/	[u'imagespace:hasdirection=false']		False	http://farm3.staticflickr.com/2521/4116618724_097e240962.jpg	16	c93183c1a8c7d9ce5b8f705e3467bf	jpg	javier.losa	Turkey	2009-11-19T03:00:05Z	Attribution License	2009-11-07T16:22:32Z	OLYMPUS IMAGING CORP. E-410	68702639	PB076052raw	4116618724	[u'2009', u'asia', u'estambul', u'europa', u'europe', u'istanbuk', u'november', u'noviembre', u'turkey', u'turquia']
Istanbul	[22724013, 2344116, 29390475, 2347289, 23424969, 28350899]	http://www.flickr.com/photos/63796164@N00/4115900313/	[u'imagespace:hasdirection=false']		False	http://farm3.staticflickr.com/2784/4115900313_8fc2060722.jpg	16	6621c6f51b98bc519ba13457e4a81fd8	jpg	javier.losa	Turkey	2009-11-19T03:27:35Z	Attribution License	2009-11-07T16:24:54Z	OLYMPUS IMAGING CORP. E-410	71651437	PB076063raw	4115900313	[u'2009', u'asia', u'estambul', u'europa', u'europe', u'istanbuk', u'november', u'noviembre', u'turkey', u'turquia']
Istanbul	[22724013, 2344116, 29390475, 2347289, 23424969, 28350899]	http://www.flickr.com/photos/63796164@N00/4116674948/	[u'imagespace:hasdirection=false']		False	http://farm3.staticflickr.com/2612/4116674948_6cec910d52.jpg	16	ea9f21c160c6e99b3fa94e90c0a599e6	jpg	javier.losa	Turkey	2009-11-19T03:30:11Z	Attribution License	2009-11-07T16:24:58Z	OLYMPUS IMAGING CORP. E-410	70191780	PB076064raw	4116674948	[u'2009', u'asia', u'estambul', u'europa', u'europe', u'istanbuk', u'november', u'noviembre', u'turkey', u'turquia']
Istanbul	[22724013, 2344116, 29390475, 2347289, 23424969, 28350899]	http://www.flickr.com/photos/63796164@N00/9580822481/			False	http://farm6.staticflickr.com/5452/9580822481_1d8dd6d588.jpg	16	64c4f2afe4cadb3a176b2e54da8e86c	jpg	javier.losa	Turkey	2013-08-24T13:34:43Z	Attribution License	2009-11-07T16:25:01Z	OLYMPUS IMAGING CORP. E-410	24587553	Estambul_MuseoArqueol��gico_3	9580822481	
Istanbul	[22724013, 2344116, 29390475, 2347289, 23424969, 28350899]	http://www.flickr.com/photos/63796164@N00/4115910439/	[u'imagespace:hasdirection=false']		False	http://farm3.staticflickr.com/2776/4115910439_d645978220.jpg	16	9bcaadef266435de7367227b15228a	jpg	javier.losa	Turkey	2009-11-19T03:32:47Z	Attribution License	2009-11-07T16:25:01Z	OLYMPUS IMAGING CORP. E-410	73435015	PB076065raw	4115910439	[u'2009', u'asia', u'estambul', u'europa', u'europe', u'istanbuk', u'november', u'noviembre', u'turkey', u'turquia']
Istanbul	[22450127, 22724022, 2344116, 29390475, 2347289, 29391294, 23424969, 28350899]	http://www.flickr.com/photos/63796164@N00/4115938601/	[u'imagespace:hasdirection=false']		False	http://farm3.staticflickr.com/2562/4115938601_cb6c4382c0.jpg	16	b599a59fb156a6abecde27fa555d48	jpg	javier.losa	Turkey	2009-11-19T03:48:14Z	Attribution License	2009-11-07T16:40:10Z	OLYMPUS IMAGING CORP. E-410	95616253	PB076076raw	4115938601	[u'2009', u'asia', u'estambul', u'europa', u'europe', u'istanbuk', u'november', u'noviembre', u'turkey', u'turquia']
Istanbul	[22450127, 22724022, 2344116, 29390475, 2347289, 29391294, 23424969, 28350899]	http://www.flickr.com/photos/63796164@N00/4116711592/	[u'imagespace:hasdirection=false']		False	http://farm3.staticflickr.com/2750/4116711592_4de50d607a.jpg	16	1723c78375a74622ebf4ced827258e4	jpg	javier.losa	Turkey	2009-11-19T03:49:58Z	Attribution License	2009-11-07T16:40:32Z	OLYMPUS IMAGING CORP. E-410	70436095	PB076077raw	4116711592	[u'2009', u'asia', u'estambul', u'europa', u'europe', u'istanbuk', u'november', u'noviembre', u'turkey', u'turquia']
Istanbul	[22724022, 2344116, 29390475, 2347289, 23424969, 28350899]	http://www.flickr.com/photos/63796164@N00/4115945177/	[u'imagespace:hasdirection=false']		False	http://farm3.staticflickr.com/2597/4115945177_dcbc7437e6.jpg	16	328a1865e2d95bde6fdf5c6a2f0ee9b	jpg	javier.losa	Turkey	2009-11-19T03:51:58Z	Attribution License	2009-11-07T16:51:21Z	OLYMPUS IMAGING CORP. E-410	88532045	PB076078raw	4115945177	[u'2009', u'asia', u'estambul', u'europa', u'europe', u'istanbuk', u'november', u'noviembre', u'turkey', u'turquia']
Istanbul	[22724022, 2344116, 29390475, 2347289, 23424969, 28350899]	http://www.flickr.com/photos/63796164@N00/4116719584/	[u'imagespace:hasdirection=false']		False	http://farm3.staticflickr.com/2797/4116719584_128809ed9f.jpg	16	aba277ab7203f44bd4e2eb8a8b5b84b	jpg	javier.losa	Turkey	2009-11-19T03:54:18Z	Attribution License	2009-11-07T16:51:40Z	OLYMPUS IMAGING CORP. E-410	95523303	PB076079raw	4116719584	[u'2009', u'asia', u'estambul', u'europa', u'europe', u'istanbuk', u'november', u'noviembre', u'turkey', u'turquia']
Istanbul	[22724022, 2344116, 29390475, 2347289, 23424969, 28350899]	http://www.flickr.com/photos/63796164@N00/4116726494/	[u'imagespace:hasdirection=false']		False	http://farm3.staticflickr.com/2509/4116726494_5a79503561.jpg	17	c1523dd2d6b201efc762e2d82af67b4	jpg	javier.losa	Turkey	2009-11-19T03:58:09Z	Attribution License	2009-11-07T17:07:21Z	OLYMPUS IMAGING CORP. E-410	2518466	PB076080raw	4116726494	[u'2009', u'asia', u'estambul', u'europa', u'europe', u'istanbuk', u'november', u'noviembre', u'turkey', u'turquia']
Istanbul	[22724022, 2344116, 29390475, 2347289, 23424969, 28350899]	http://www.flickr.com/photos/63796164@N00/4116734088/	[u'imagespace:hasdirection=false']		False	http://farm3.staticflickr.com/2692/4116734088_c39656e668.jpg	17	831a89bea91b489a8f13c4145b87f7	jpg	javier.losa	Turkey	2009-11-19T04:02:38Z	Attribution License	2009-11-07T17:08:43Z	OLYMPUS IMAGING CORP. E-410	91553345	PB076081raw	4116734088	[u'2009', u'asia', u'estambul', u'europa', u'europe', u'istanbuk', u'november', u'noviembre', u'turkey', u'turquia']
Istanbul	[22724022, 2344116, 29390475, 2347289, 23424969, 28350899]	http://www.flickr.com/photos/63796164@N00/4115969823/	[u'imagespace:hasdirection=false']		False	http://farm3.staticflickr.com/2674/4115969823_6793875042.jpg	17	b65eac9e9b06618245234bd4b1a74c6	jpg	javier.losa	Turkey	2009-11-19T04:05:43Z	Attribution License	2009-11-07T17:09:22Z	OLYMPUS IMAGING CORP. E-410	94703932	PB076082raw	4115969823	[u'2009', u'asia', u'estambul', u'europa', u'europe', u'istanbuk', u'november', u'noviembre', u'turkey', u'turquia']
Istanbul	[22724022, 2344116, 29390475, 2347289, 23424969, 28350899]	http://www.flickr.com/photos/63796164@N00/4116744538/	[u'imagespace:hasdirection=false']		False	http://farm3.staticflickr.com/2663/4116744538_bb2a9c4698.jpg	17	46db49f46ef47d059d2175488c3d99	jpg	javier.losa	Turkey	2009-11-19T04:08:47Z	Attribution License	2009-11-07T17:09:30Z	OLYMPUS IMAGING CORP. E-410	52463135	PB076083raw	4116744538	[u'2009', u'asia', u'estambul', u'europa', u'europe', u'istanbuk', u'november', u'noviembre', u'turkey', u'turquia']
Istanbul	[22724032, 2344116, 29390475, 2347289, 23424969, 28350899]	http://www.flickr.com/photos/63796164@N00/4115979961/	[u'imagespace:hasdirection=false']		False	http://farm3.staticflickr.com/2787/4115979961_a723190d7b.jpg	17	3fc639ee47de6bd9cf96f71db4bec96c	jpg	javier.losa	Turkey	2009-11-19T04:12:21Z	Attribution License	2009-11-07T17:10:23Z	OLYMPUS IMAGING CORP. E-410	71099915	PB076084raw	4115979961	[u'2009', u'asia', u'estambul', u'europa', u'europe', u'istanbuk', u'november', u'noviembre', u'turkey', u'turquia']
Istanbul	[22724032, 2344116, 29390475, 2347289, 23424969, 28350899]	http://www.flickr.com/photos/63796164@N00/4115985021/	[u'imagespace:hasdirection=false']		False	http://farm3.staticflickr.com/2705/4115985021_0de8e5bfdf.jpg	17	17776914d55ce93386a8e48e2a117	jpg	javier.losa	Turkey	2009-11-19T04:15:47Z	Attribution License	2009-11-07T17:10:29Z	OLYMPUS IMAGING CORP. E-410	15614243	PB076085raw	4115985021	[u'2009', u'asia', u'estambul', u'europa', u'europe', u'istanbuk', u'november', u'noviembre', u'turkey', u'turquia']
Istanbul	[22724032, 2344116, 29390475, 2347289, 23424969, 28350899]	http://www.flickr.com/photos/63796164@N00/4116769836/	[u'imagespace:hasdirection=false']		False	http://farm3.staticflickr.com/2753/4116769836_b11f3d970a.jpg	17	5de65089a8ce5bda36154abe69d8b4	jpg	javier.losa	Turkey	2009-11-19T04:24:28Z	Attribution License	2009-11-07T17:12:46Z	OLYMPUS IMAGING CORP. E-410	77875703	PB076088raw	4116769836	[u'2009', u'asia', u'estambul', u'europa', u'europe', u'istanbuk', u'november', u'noviembre', u'turkey', u'turquia']
Istanbul	[22724032, 2344116, 29390475, 2347289, 23424969, 28350899]	http://www.flickr.com/photos/63796164@N00/4116777444/	[u'imagespace:hasdirection=false']		False	http://farm3.staticflickr.com/2686/4116777444_7fecbfffd5.jpg	17	ace6ec7f9cc8c29611b1135dc0d14f	jpg	javier.losa	Turkey	2009-11-19T04:28:59Z	Attribution License	2009-11-07T17:13:15Z	OLYMPUS IMAGING CORP. E-410	77331544	PB076089raw	4116777444	[u'2009', u'asia', u'estambul', u'europa', u'europe', u'istanbuk', u'november', u'noviembre', u'turkey', u'turquia']
Istanbul	[22724032, 2344116, 29390475, 2347289, 23424969, 28350899]	http://www.flickr.com/photos/63796164@N00/4116011411/	[u'imagespace:hasdirection=false']		False	http://farm3.staticflickr.com/2780/4116011411_db9131eb55.jpg	17	b6aa95e88a08c3eef614ef975945cff	jpg	javier.losa	Turkey	2009-11-19T04:31:17Z	Attribution License	2009-11-07T17:13:30Z	OLYMPUS IMAGING CORP. E-410	77196481	PB076090raw	4116011411	[u'2009', u'asia', u'estambul', u'europa', u'europe', u'istanbuk', u'november', u'noviembre', u'turkey', u'turquia']
Istanbul	[22724032, 2344116, 29390475, 2347289, 23424969, 28350899]	http://www.flickr.com/photos/63796164@N00/4116015571/	[u'imagespace:hasdirection=false']		False	http://farm3.staticflickr.com/2606/4116015571_959f583a5d.jpg	17	4a29d42514791c7c7eb7b9bbcf5926	jpg	javier.losa	Turkey	2009-11-19T04:33:33Z	Attribution License	2009-11-07T17:13:37Z	OLYMPUS IMAGING CORP. E-410	63650933	PB076091raw	4116015571	[u'2009', u'asia', u'estambul', u'europa', u'europe', u'istanbuk', u'november', u'noviembre', u'turkey', u'turquia']
Istanbul	[22724032, 2344116, 29390475, 2347289, 23424969, 28350899]	http://www.flickr.com/photos/63796164@N00/4116022225/	[u'imagespace:hasdirection=false']		False	http://farm3.staticflickr.com/2688/4116022225_641a38a462.jpg	17	31c02f8dab4930ef722d2e124b77beeb	jpg	javier.losa	Turkey	2009-11-19T04:37:21Z	Attribution License	2009-11-07T17:14:28Z	OLYMPUS IMAGING CORP. E-410	69645319	PB076092raw	4116022225	[u'2009', u'asia', u'estambul', u'europa', u'europe', u'istanbuk', u'november', u'noviembre', u'turkey', u'turquia']
Istanbul	[22724032, 2344116, 29390475, 2347289, 23424969, 28350899]	http://www.flickr.com/photos/63796164@N00/4116027803/	[u'imagespace:hasdirection=false']		False	http://farm3.staticflickr.com/2605/4116027803_597483088b.jpg	17	f92a24605e17c69e7e425acbdc54	jpg	javier.losa	Turkey	2009-11-19T04:40:45Z	Attribution License	2009-11-07T17:15:12Z	OLYMPUS IMAGING CORP. E-410	98326584	PB076093raw	4116027803	[u'2009', u'asia', u'estambul', u'europa', u'europe', u'istanbuk', u'november', u'noviembre', u'turkey', u'turquia']
Istanbul	[22724032, 2344116, 29390475, 2347289, 23424969, 28350899]	http://www.flickr.com/photos/63796164@N00/4116034349/	[u'imagespace:hasdirection=false']		False	http://farm3.staticflickr.com/2794/4116034349_51a939115a.jpg	17	c3f1357fba66a0588360346c893624ed	jpg	javier.losa	Turkey	2009-11-19T04:44:48Z	Attribution License	2009-11-07T17:15:20Z	OLYMPUS IMAGING CORP. E-410	60891536	PB076094raw	4116034349	[u'2009', u'asia', u'estambul', u'europa', u'europe', u'istanbuk', u'november', u'noviembre', u'turkey', u'turquia']
Istanbul	[22724032, 2344116, 29390475, 2347289, 23424969, 28350899]	http://www.flickr.com/photos/63796164@N00/4116039861/	[u'imagespace:hasdirection=false']		False	http://farm3.staticflickr.com/2646/4116039861_1ff786af0b.jpg	17	932ac7da8228afe99417a858800c7	jpg	javier.losa	Turkey	2009-11-19T04:48:19Z	Attribution License	2009-11-07T17:15:53Z	OLYMPUS IMAGING CORP. E-410	78966433	PB076095raw	4116039861	[u'2009', u'asia', u'estambul', u'europa', u'europe', u'istanbuk', u'november', u'noviembre', u'turkey', u'turquia']
Istanbul	[22724032, 2344116, 29390475, 2347289, 23424969, 28350899]	http://www.flickr.com/photos/63796164@N00/4116816166/	[u'imagespace:hasdirection=false']		False	http://farm3.staticflickr.com/2537/4116816166_277dc223da.jpg	17	6e4d9c66da3eed1e5b3a521afce5e3e3	jpg	javier.losa	Turkey	2009-11-19T04:52:11Z	Attribution License	2009-11-07T17:16:00Z	OLYMPUS IMAGING CORP. E-410	41519964	PB076096raw	4116816166	[u'2009', u'asia', u'estambul', u'europa', u'europe', u'istanbuk', u'november', u'noviembre', u'turkey', u'turquia']
Istanbul	[22450344, 22724021, 2344116, 29390475, 2347289, 29391294, 23424969, 28350899]	http://www.flickr.com/photos/63796164@N00/4116054147/	[u'imagespace:hasdirection=false']		False	http://farm3.staticflickr.com/2610/4116054147_f8eeed6d31.jpg	17	9ecf5aeb2f3ece770bd991ec63b5	jpg	javier.losa	Turkey	2009-11-19T04:57:26Z	Attribution License	2009-11-07T17:19:23Z	OLYMPUS IMAGING CORP. E-410	89279259	PB076097raw	4116054147	[u'2009', u'asia', u'estambul', u'europa', u'europe', u'istanbuk', u'november', u'noviembre', u'turkey', u'turquia']
Istanbul	[22450344, 22724021, 2344116, 29390475, 2347289, 29391294, 23424969, 28350899]	http://www.flickr.com/photos/63796164@N00/4116831240/	[u'imagespace:hasdirection=false']		False	http://farm3.staticflickr.com/2539/4116831240_7a405722ec.jpg	17	e19d2f3f9be633861378b64fab851e28	jpg	javier.losa	Turkey	2009-11-19T05:01:23Z	Attribution License	2009-11-07T17:21:42Z	OLYMPUS IMAGING CORP. E-410	64291291	PB076098raw	4116831240	[u'2009', u'asia', u'estambul', u'europa', u'europe', u'istanbuk', u'november', u'noviembre', u'turkey', u'turquia']
Istanbul	[22450344, 22724021, 2344116, 29390475, 2347289, 29391294, 23424969, 28350899]	http://www.flickr.com/photos/63796164@N00/4116065717/	[u'imagespace:hasdirection=false']		False	http://farm3.staticflickr.com/2690/4116065717_d0514b203a.jpg	17	cadb8390d65f2f6db98a1f91dc198b7	jpg	javier.losa	Turkey	2009-11-19T05:04:21Z	Attribution License	2009-11-07T17:23:22Z	OLYMPUS IMAGING CORP. E-410	81492430	PB076099raw	4116065717	[u'2009', u'asia', u'estambul', u'europa', u'europe', u'istanbuk', u'november', u'noviembre', u'turkey', u'turquia']
Istanbul	[22724032, 2344116, 29390475, 2347289, 23424969, 28350899]	http://www.flickr.com/photos/63796164@N00/4116069447/	[u'imagespace:hasdirection=false']		False	http://farm3.staticflickr.com/2691/4116069447_00c04dd9ac.jpg	17	1711a03fb267d59cf04ee652b136ad5f	jpg	javier.losa	Turkey	2009-11-19T05:06:43Z	Attribution License	2009-11-07T17:24:05Z	OLYMPUS IMAGING CORP. E-410	25822957	PB076100raw	4116069447	[u'2009', u'asia', u'estambul', u'europa', u'europe', u'istanbuk', u'november', u'noviembre', u'turkey', u'turquia']
Istanbul	[22724032, 2344116, 29390475, 2347289, 23424969, 28350899]	http://www.flickr.com/photos/63796164@N00/4116088115/	[u'imagespace:hasdirection=false']		False	http://farm3.staticflickr.com/2677/4116088115_5fdd7c005e.jpg	17	26d47d6f98d3dee2daded8f881a624f2	jpg	javier.losa	Turkey	2009-11-19T05:18:42Z	Attribution License	2009-11-07T17:29:06Z	OLYMPUS IMAGING CORP. E-410	65281917	PB076104raw	4116088115	[u'2009', u'asia', u'estambul', u'europa', u'europe', u'istanbuk', u'november', u'noviembre', u'turkey', u'turquia']
Istanbul	[22724032, 2344116, 29390475, 2347289, 23424969, 28350899]	http://www.flickr.com/photos/63796164@N00/4116094713/	[u'imagespace:hasdirection=false']		False	http://farm3.staticflickr.com/2732/4116094713_1421c44099.jpg	17	1099e8f34da7b7d8c6432ca7ba499752	jpg	javier.losa	Turkey	2009-11-19T05:22:38Z	Attribution License	2009-11-07T17:29:12Z	OLYMPUS IMAGING CORP. E-410	84894103	PB076105raw	4116094713	[u'2009', u'asia', u'estambul', u'europa', u'europe', u'istanbuk', u'november', u'noviembre', u'turkey', u'turquia']
Istanbul	[22724032, 2344116, 29390475, 2347289, 23424969, 28350899]	http://www.flickr.com/photos/63796164@N00/4116871956/	[u'imagespace:hasdirection=false']		False	http://farm3.staticflickr.com/2767/4116871956_6c09d346fd.jpg	17	e338aa5f4b1425a838d43766335644	jpg	javier.losa	Turkey	2009-11-19T05:26:43Z	Attribution License	2009-11-07T17:29:25Z	OLYMPUS IMAGING CORP. E-410	77334873	PB076106raw	4116871956	[u'2009', u'asia', u'estambul', u'europa', u'europe', u'istanbuk', u'november', u'noviembre', u'turkey', u'turquia']
Istanbul	[22724032, 2344116, 29390475, 2347289, 23424969, 28350899]	http://www.flickr.com/photos/63796164@N00/4116879134/	[u'imagespace:hasdirection=false']		False	http://farm3.staticflickr.com/2791/4116879134_b7b2369634.jpg	17	72c1ec9fb72616efbff11ff4d95499	jpg	javier.losa	Turkey	2009-11-19T05:30:49Z	Attribution License	2009-11-07T17:31:03Z	OLYMPUS IMAGING CORP. E-410	97515557	PB076107raw	4116879134	[u'2009', u'asia', u'estambul', u'europa', u'europe', u'istanbuk', u'november', u'noviembre', u'turkey', u'turquia']
Istanbul	[22450344, 22724021, 2344116, 29390475, 2347289, 29391294, 23424969, 28350899]	http://www.flickr.com/photos/63796164@N00/4116886574/	[u'imagespace:hasdirection=false']		False	http://farm3.staticflickr.com/2495/4116886574_2cfc6a6080.jpg	17	19563e54460b96e74ba68ca2cfaf1db	jpg	javier.losa	Turkey	2009-11-19T05:35:15Z	Attribution License	2009-11-07T17:31:33Z	OLYMPUS IMAGING CORP. E-410	76751850	PB076108raw	4116886574	[u'2009', u'asia', u'estambul', u'europa', u'europe', u'istanbuk', u'november', u'noviembre', u'turkey', u'turquia']
Istanbul	[22450344, 22724021, 2344116, 29390475, 2347289, 29391294, 23424969, 28350899]	http://www.flickr.com/photos/63796164@N00/4116123661/	[u'imagespace:hasdirection=false']		False	http://farm3.staticflickr.com/2617/4116123661_9ecd276931.jpg	17	54efed994114c3df472ca54b57397864	jpg	javier.losa	Turkey	2009-11-19T05:39:19Z	Attribution License	2009-11-07T17:38:57Z	OLYMPUS IMAGING CORP. E-410	94511540	PB076109raw	4116123661	[u'2009', u'asia', u'estambul', u'europa', u'europe', u'istanbuk', u'november', u'noviembre', u'turkey', u'turquia']
Istanbul	[22450272, 22724032, 2344116, 29390475, 2347289, 29391294, 23424969, 28350899]	http://www.flickr.com/photos/63796164@N00/4116900952/	[u'imagespace:hasdirection=false']		False	http://farm3.staticflickr.com/2632/4116900952_601f890c86.jpg	17	a7e657698ac7a2183bda8faee67dfbd	jpg	javier.losa	Turkey	2009-11-19T05:43:22Z	Attribution License	2009-11-07T17:39:15Z	OLYMPUS IMAGING CORP. E-410	90019234	PB076110raw	4116900952	[u'2009', u'asia', u'estambul', u'europa', u'europe', u'istanbuk', u'november', u'noviembre', u'turkey', u'turquia']
Istanbul	[22450272, 22724032, 2344116, 29390475, 2347289, 29391294, 23424969, 28350899]	http://www.flickr.com/photos/63796164@N00/4116137859/	[u'imagespace:hasdirection=false']		False	http://farm3.staticflickr.com/2734/4116137859_7a3af7bb01.jpg	17	62cb3ffda1f37c0cf734a79d7a3ab9	jpg	javier.losa	Turkey	2009-11-19T05:47:43Z	Attribution License	2009-11-07T17:40:12Z	OLYMPUS IMAGING CORP. E-410	77256150	PB076111raw	4116137859	[u'2009', u'asia', u'estambul', u'europa', u'europe', u'istanbuk', u'november', u'noviembre', u'turkey', u'turquia']
Istanbul	[22450272, 22724032, 2344116, 29390475, 2347289, 29391294, 23424969, 28350899]	http://www.flickr.com/photos/63796164@N00/4116144321/	[u'imagespace:hasdirection=false']		False	http://farm3.staticflickr.com/2603/4116144321_cee7548800.jpg	17	4773248fe348af9573ffcb754772fcb	jpg	javier.losa	Turkey	2009-11-19T05:52:03Z	Attribution License	2009-11-07T17:41:26Z	OLYMPUS IMAGING CORP. E-410	62900465	PB076112raw	4116144321	[u'2009', u'asia', u'estambul', u'europa', u'europe', u'istanbuk', u'november', u'noviembre', u'turkey', u'turquia']
Istanbul	[22450558, 22724032, 2344116, 29390475, 2347289, 29391294, 23424969, 28350899]	http://www.flickr.com/photos/63796164@N00/4116150943/	[u'imagespace:hasdirection=false']		False	http://farm3.staticflickr.com/2768/4116150943_e7f2d8dc66.jpg	17	a2213e97f015ef22cde0643d21bef81	jpg	javier.losa	Turkey	2009-11-19T05:56:48Z	Attribution License	2009-11-07T17:41:32Z	OLYMPUS IMAGING CORP. E-410	88745177	PB076113raw	4116150943	[u'2009', u'asia', u'estambul', u'europa', u'europe', u'istanbuk', u'november', u'noviembre', u'turkey', u'turquia']
Istanbul	[22450558, 22724032, 2344116, 29390475, 2347289, 29391294, 23424969, 28350899]	http://www.flickr.com/photos/63796164@N00/4116927190/	[u'imagespace:hasdirection=false']		False	http://farm3.staticflickr.com/2792/4116927190_3b82031160.jpg	17	1e663b545334b155b6351e7ab77c96d8	jpg	javier.losa	Turkey	2009-11-19T06:01:04Z	Attribution License	2009-11-07T17:42:19Z	OLYMPUS IMAGING CORP. E-410	78240412	PB076114raw	4116927190	[u'2009', u'asia', u'estambul', u'europa', u'europe', u'istanbuk', u'november', u'noviembre', u'turkey', u'turquia']
