town_s	woe_is	urlpage_s	machine_ss	desc_ws	video_b	url_s	hour_i	hash_s	ext_s	user_s	country_s	upload_dt	license_s	taken_dt	device_s	line_i	title_s	id	tag_ss
Istanbul	[56556908, 22724022, 2344116, 29390475, 2347289, 29391294, 23424969, 28350899]	http://www.flickr.com/photos/80665745@N00/1953720841/			False	http://farm3.staticflickr.com/2378/1953720841_c2bd3015b9.jpg	10	22b63c32f7756fb1b1b88ebe96763bb	jpg	marmaduk	Turkey	2007-11-10T21:58:46Z	Attribution-NoDerivs License	2007-09-11T10:53:42Z	SONY DSC-S90	74312702	DSC03835	1953720841	
Istanbul	[22724032, 2344116, 29390475, 2347289, 23424969, 28350899]	http://www.flickr.com/photos/80665745@N00/1897128434/			False	http://farm3.staticflickr.com/2131/1897128434_7f0f1559cc.jpg	11	f39bfac58d81dd4cc7167caff5b40b5	jpg	marmaduk	Turkey	2007-11-07T03:24:58Z	Attribution-NoDerivs License	2007-09-11T11:02:13Z	Minolta Co., Ltd. DiMAGE Z1	79739037	PICT0107	1897128434	
Istanbul	[22724032, 2344116, 29390475, 2347289, 23424969, 28350899]	http://www.flickr.com/photos/80665745@N00/1896284763/			False	http://farm3.staticflickr.com/2343/1896284763_79d5afc36d.jpg	11	9195c3a79363680fd5cf66cd7bf750	jpg	marmaduk	Turkey	2007-11-07T03:25:03Z	Attribution-NoDerivs License	2007-09-11T11:02:17Z	Minolta Co., Ltd. DiMAGE Z1	97964862	PICT0108	1896284763	
Istanbul	[56556908, 22724022, 2344116, 29390475, 2347289, 29391294, 23424969, 28350899]	http://www.flickr.com/photos/80665745@N00/1953718915/			False	http://farm3.staticflickr.com/2222/1953718915_9681546668.jpg	11	5fb8ab539a17b67635146d4e3d3d7f1	jpg	marmaduk	Turkey	2007-11-10T21:58:37Z	Attribution-NoDerivs License	2007-09-11T11:04:17Z	SONY DSC-S90	89611223	DSC03836	1953718915	
Istanbul	[56556908, 22724022, 2344116, 29390475, 2347289, 29391294, 23424969, 28350899]	http://www.flickr.com/photos/80665745@N00/1953719887/			False	http://farm3.staticflickr.com/2058/1953719887_fb3c04885a.jpg	11	fb2d95cf78c47bfaf31a4a53c3417298	jpg	marmaduk	Turkey	2007-11-10T21:58:42Z	Attribution-NoDerivs License	2007-09-11T11:20:35Z	SONY DSC-S90	66246949	DSC03837	1953719887	
Istanbul	[56556908, 22724022, 2344116, 29390475, 2347289, 29391294, 23424969, 28350899]	http://www.flickr.com/photos/80665745@N00/1953716923/			False	http://farm3.staticflickr.com/2027/1953716923_37faf5cd58.jpg	11	a34f11ea7048a2587f94c39e3cdc482	jpg	marmaduk	Turkey	2007-11-10T21:58:29Z	Attribution-NoDerivs License	2007-09-11T11:26:31Z	SONY DSC-S90	83649055	DSC03842	1953716923	
Istanbul	[56556908, 22724022, 2344116, 29390475, 2347289, 29391294, 23424969, 28350899]	http://www.flickr.com/photos/80665745@N00/1953717867/			False	http://farm3.staticflickr.com/2417/1953717867_8c5fd5ea5c.jpg	11	56247e2a1a0b712d89573a5c7247a2	jpg	marmaduk	Turkey	2007-11-10T21:58:33Z	Attribution-NoDerivs License	2007-09-11T11:27:27Z	SONY DSC-S90	899158	DSC03845	1953717867	
Istanbul	[22724022, 2344116, 29390475, 2347289, 23424969, 28350899]	http://www.flickr.com/photos/80665745@N00/1953713595/			False	http://farm3.staticflickr.com/2037/1953713595_8aecd78bf1.jpg	11	78569b7fd79a612468154e68c15bf4f2	jpg	marmaduk	Turkey	2007-11-10T22:00:24Z	Attribution-NoDerivs License	2007-09-11T11:54:12Z	SONY DSC-S90	78063630	DSC03853	1953713595	
Istanbul	[22724022, 2344116, 29390475, 2347289, 23424969, 28350899]	http://www.flickr.com/photos/80665745@N00/1953714855/			False	http://farm3.staticflickr.com/2103/1953714855_612a56d257.jpg	11	77544f124b8f2860834cb94a381fbc4	jpg	marmaduk	Turkey	2007-11-10T21:58:19Z	Attribution-NoDerivs License	2007-09-11T11:54:32Z	SONY DSC-S90	6466404	DSC03854	1953714855	
Istanbul	[22724032, 2344116, 29390475, 2347289, 23424969, 28350899]	http://www.flickr.com/photos/80665745@N00/1954540794/			False	http://farm3.staticflickr.com/2121/1954540794_0e88e48465.jpg	11	f625ef8d3e549cb1fd754aa9344a9c	jpg	marmaduk	Turkey	2007-11-10T21:58:25Z	Attribution-NoDerivs License	2007-09-11T11:58:03Z	SONY DSC-S90	71192587	DSC03855	1954540794	
Istanbul	[22724032, 2344116, 29390475, 2347289, 23424969, 28350899]	http://www.flickr.com/photos/80665745@N00/1953711263/			False	http://farm3.staticflickr.com/2382/1953711263_6073e314d9.jpg	11	dd6c2115677f60f7642e2ab5a56d68ec	jpg	marmaduk	Turkey	2007-11-10T21:58:03Z	Attribution-NoDerivs License	2007-09-11T11:58:41Z	SONY DSC-S90	20451989	DSC03856	1953711263	
Istanbul	[22724032, 2344116, 29390475, 2347289, 23424969, 28350899]	http://www.flickr.com/photos/80665745@N00/1954537022/			False	http://farm3.staticflickr.com/2378/1954537022_d305704380.jpg	12	d22e70a638f741b03c4c8d40bd71e6c	jpg	marmaduk	Turkey	2007-11-10T21:58:08Z	Attribution-NoDerivs License	2007-09-11T12:23:10Z	SONY DSC-S90	31912671	DSC03857	1954537022	
Istanbul	[22724021, 2344116, 29390475, 2347289, 23424969, 28350899]	http://www.flickr.com/photos/80665745@N00/1953692469/			False	http://farm3.staticflickr.com/2413/1953692469_c608eccaed.jpg	12	b793ed1cdfd750b8f2df62ee5873a6	jpg	marmaduk	Turkey	2007-11-10T21:56:37Z	Attribution-NoDerivs License	2007-09-11T12:39:42Z	SONY DSC-S90	13751208	DSC03864	1953692469	
Istanbul	[22724021, 2344116, 29390475, 2347289, 23424969, 28350899]	http://www.flickr.com/photos/80665745@N00/1953693651/			False	http://farm3.staticflickr.com/2003/1953693651_9504cee190.jpg	12	986fd8fadf1fbff6798a2f4651ad5ca5	jpg	marmaduk	Turkey	2007-11-10T21:56:42Z	Attribution-NoDerivs License	2007-09-11T12:40:04Z	SONY DSC-S90	24913249	DSC03865	1953693651	
Istanbul	[22724021, 2344116, 29390475, 2347289, 23424969, 28350899]	http://www.flickr.com/photos/80665745@N00/1953695087/			False	http://farm3.staticflickr.com/2247/1953695087_8d7590626c.jpg	12	9ce8ce36c9678e1aa94d10165148ebf5	jpg	marmaduk	Turkey	2007-11-10T21:56:49Z	Attribution-NoDerivs License	2007-09-11T12:40:38Z	SONY DSC-S90	16472770	DSC03866	1953695087	
Istanbul	[22724021, 2344116, 29390475, 2347289, 23424969, 28350899]	http://www.flickr.com/photos/80665745@N00/1953696343/			False	http://farm3.staticflickr.com/2414/1953696343_8ad53d8089.jpg	12	8f8856c1a5337c3dd232efacb17823	jpg	marmaduk	Turkey	2007-11-10T21:56:55Z	Attribution-NoDerivs License	2007-09-11T12:42:25Z	SONY DSC-S90	96001625	DSC03867	1953696343	
Istanbul	[22724021, 2344116, 29390475, 2347289, 23424969, 28350899]	http://www.flickr.com/photos/80665745@N00/1953697667/			False	http://farm3.staticflickr.com/2381/1953697667_f291232847.jpg	12	2ff8e8df9ac8a829834b701cf7f63a4c	jpg	marmaduk	Turkey	2007-11-10T21:57:01Z	Attribution-NoDerivs License	2007-09-11T12:43:18Z	SONY DSC-S90	78776992	DSC03868	1953697667	
Istanbul	[22724021, 2344116, 29390475, 2347289, 23424969, 28350899]	http://www.flickr.com/photos/80665745@N00/1954523490/			False	http://farm3.staticflickr.com/2131/1954523490_0ab93ef99e.jpg	12	d2199bb749f1ae8a4028361a80deda68	jpg	marmaduk	Turkey	2007-11-10T21:57:06Z	Attribution-NoDerivs License	2007-09-11T12:45:15Z	SONY DSC-S90	39441835	DSC03869	1954523490	
Istanbul	[22724021, 2344116, 29390475, 2347289, 23424969, 28350899]	http://www.flickr.com/photos/80665745@N00/1953701225/			False	http://farm3.staticflickr.com/2253/1953701225_a4e003e5db.jpg	12	84f56136a52894cd2e88dd532a331cc	jpg	marmaduk	Turkey	2007-11-10T21:57:17Z	Attribution-NoDerivs License	2007-09-11T12:47:41Z	SONY DSC-S90	82302237	DSC03871	1953701225	
Istanbul	[22724021, 2344116, 29390475, 2347289, 23424969, 28350899]	http://www.flickr.com/photos/80665745@N00/1953702453/			False	http://farm3.staticflickr.com/2163/1953702453_33eed10dc5.jpg	12	9c85522c890873527d5d15a2b20ab	jpg	marmaduk	Turkey	2007-11-10T21:57:23Z	Attribution-NoDerivs License	2007-09-11T12:49:36Z	SONY DSC-S90	85373475	DSC03872	1953702453	
Istanbul	[22724021, 2344116, 29390475, 2347289, 23424969, 28350899]	http://www.flickr.com/photos/80665745@N00/1954528440/			False	http://farm3.staticflickr.com/2359/1954528440_7b1d73130d.jpg	12	23b47bb4d1142329e6afd5e8fba3c937	jpg	marmaduk	Turkey	2007-11-10T21:57:28Z	Attribution-NoDerivs License	2007-09-11T12:49:52Z	SONY DSC-S90	72134980	DSC03873	1954528440	
Istanbul	[22724032, 2344116, 29390475, 2347289, 23424969, 28350899]	http://www.flickr.com/photos/80665745@N00/1954529350/			False	http://farm3.staticflickr.com/2188/1954529350_e17c17de21.jpg	12	6c97c5155948ae721a74dbd88de6f7f3	jpg	marmaduk	Turkey	2007-11-10T21:57:33Z	Attribution-NoDerivs License	2007-09-11T12:50:25Z	SONY DSC-S90	85056632	DSC03874	1954529350	
Istanbul	[22724031, 2344116, 29390475, 2347289, 23424969, 28350899]	http://www.flickr.com/photos/80665745@N00/1954530484/			False	http://farm3.staticflickr.com/2080/1954530484_601be2d779.jpg	13	20a77991c190d46994a02afd84d45651	jpg	marmaduk	Turkey	2007-11-10T21:57:38Z	Attribution-NoDerivs License	2007-09-11T13:00:25Z	SONY DSC-S90	74152625	DSC03875	1954530484	
Istanbul	[22724031, 2344116, 29390475, 2347289, 23424969, 28350899]	http://www.flickr.com/photos/80665745@N00/1954531596/			False	http://farm3.staticflickr.com/2088/1954531596_bcd311988b.jpg	13	a3f9682e1578e6f6a65af226ec2145e	jpg	marmaduk	Turkey	2007-11-10T21:57:43Z	Attribution-NoDerivs License	2007-09-11T13:01:46Z	SONY DSC-S90	80847218	DSC03876	1954531596	
Istanbul	[56556908, 22724022, 2344116, 29390475, 2347289, 29391294, 23424969, 28350899]	http://www.flickr.com/photos/80665745@N00/1897129444/			False	http://farm3.staticflickr.com/2348/1897129444_6763e9d5d4.jpg	15	f35bafc3b6dee8f34f9f831186176f	jpg	marmaduk	Turkey	2007-11-07T03:25:08Z	Attribution-NoDerivs License	2007-09-11T15:07:27Z	Minolta Co., Ltd. DiMAGE Z1	66619605	PICT0132	1897129444	
Istanbul	[22724021, 2344116, 29390475, 2347289, 23424969, 28350899]	http://www.flickr.com/photos/80665745@N00/1953707859/			False	http://farm3.staticflickr.com/2166/1953707859_8025231021.jpg	15	437e72e2c9c5e7c0ed82a5f52e636d99	jpg	marmaduk	Turkey	2007-11-10T21:57:47Z	Attribution-NoDerivs License	2007-09-11T15:29:06Z	SONY DSC-S90	8661562	DSC03877	1953707859	
Istanbul	[22450406, 22724003, 2344116, 29390475, 2347289, 29391294, 23424969, 28350899]	http://www.flickr.com/photos/80665745@N00/1953708885/			False	http://farm3.staticflickr.com/2346/1953708885_01cb5ab03d.jpg	16	cd2e908e32518097afedeb9c95c81c	jpg	marmaduk	Turkey	2007-11-10T21:57:52Z	Attribution-NoDerivs License	2007-09-11T16:06:22Z	SONY DSC-S90	75996207	DSC03878	1953708885	
Istanbul	[22450406, 22724003, 2344116, 29390475, 2347289, 29391294, 23424969, 28350899]	http://www.flickr.com/photos/80665745@N00/1953710061/			False	http://farm3.staticflickr.com/2242/1953710061_61d1504093.jpg	16	3f57583652d771b78e9d341b409ccd	jpg	marmaduk	Turkey	2007-11-10T21:57:57Z	Attribution-NoDerivs License	2007-09-11T16:08:06Z	SONY DSC-S90	13950142	DSC03879	1953710061	
Istanbul	[22724022, 2344116, 29390475, 2347289, 23424969, 28350899]	http://www.flickr.com/photos/80665745@N00/1897129960/			False	http://farm3.staticflickr.com/2150/1897129960_6c2919ea52.jpg	17	9e44fb4d784ef5a465373324b36aafbc	jpg	marmaduk	Turkey	2007-11-07T03:25:13Z	Attribution-NoDerivs License	2007-09-11T17:33:00Z	Minolta Co., Ltd. DiMAGE Z1	48282382	PICT0148	1897129960	
Istanbul	[22724017, 2344116, 29390475, 2347289, 23424969, 28350899]	http://www.flickr.com/photos/80665745@N00/1954515294/			False	http://farm3.staticflickr.com/2048/1954515294_aebe212359.jpg	19	77ec11316d297f484677cadb7d8d4960	jpg	marmaduk	Turkey	2007-11-10T21:56:29Z	Attribution-NoDerivs License	2007-09-11T19:26:05Z	SONY DSC-S90	88002576	DSC03880	1954515294	
Istanbul	[22724017, 2344116, 29390475, 2347289, 23424969, 28350899]	http://www.flickr.com/photos/80665745@N00/1954516138/			False	http://farm3.staticflickr.com/2195/1954516138_35b22df688.jpg	19	fb1eb0f3264f10f8ebe08cf0e5874210	jpg	marmaduk	Turkey	2007-11-10T21:56:32Z	Attribution-NoDerivs License	2007-09-11T19:28:31Z	SONY DSC-S90	97546474	DSC03882	1954516138	
