town_s	woe_is	urlpage_s	machine_ss	desc_ws	video_b	url_s	hour_i	hash_s	ext_s	user_s	country_s	upload_dt	license_s	taken_dt	device_s	line_i	title_s	id	tag_ss
Istanbul	[22724011, 2344116, 29390475, 2347289, 23424969, 28350899]	http://www.flickr.com/photos/32680154@N02/7394734064/			False	http://farm6.staticflickr.com/5200/7394734064_70ebfa618c.jpg	1	b375b17e10e6e1783f2c3ba72255ded7	jpg	Mark Bethune	Turkey	2012-06-18T15:39:44Z	Attribution-NonCommercial-ShareAlike License	2012-06-12T01:32:42Z	NIKON CORPORATION NIKON D300S	82523199		7394734064	[u'ferry', u'istanbul', u'mosque', u'taskim', u'turkey']
Istanbul	[22724011, 2344116, 29390475, 2347289, 23424969, 28350899]	http://www.flickr.com/photos/32680154@N02/7394735954/			False	http://farm8.staticflickr.com/7095/7394735954_77fe062c7f.jpg	1	c165589867e79a61fba43f37bb8a36	jpg	Mark Bethune	Turkey	2012-06-18T15:40:01Z	Attribution-NonCommercial-ShareAlike License	2012-06-12T01:33:11Z	NIKON CORPORATION NIKON D300S	67551371		7394735954	[u'ferry', u'istanbul', u'mosque', u'taskim', u'turkey']
Istanbul	[22724011, 2344116, 29390475, 2347289, 23424969, 28350899]	http://www.flickr.com/photos/32680154@N02/7394738582/			False	http://farm8.staticflickr.com/7078/7394738582_b09f2ff9b9.jpg	1	7cee62bb48a5fa66da5e92ab8b9e530	jpg	Mark Bethune	Turkey	2012-06-18T15:40:24Z	Attribution-NonCommercial-ShareAlike License	2012-06-12T01:45:16Z	NIKON CORPORATION NIKON D300S	82255114		7394738582	[u'ferry', u'istanbul', u'mosque', u'taskim', u'turkey']
Istanbul	[22724011, 2344116, 29390475, 2347289, 23424969, 28350899]	http://www.flickr.com/photos/32680154@N02/7394740594/			False	http://farm8.staticflickr.com/7094/7394740594_2d68dc8572.jpg	1	15a3668646ea45935d3b7f9e720f93	jpg	Mark Bethune	Turkey	2012-06-18T15:40:41Z	Attribution-NonCommercial-ShareAlike License	2012-06-12T01:46:23Z	NIKON CORPORATION NIKON D300S	22520709		7394740594	[u'ferry', u'istanbul', u'mosque', u'taskim', u'turkey']
Istanbul	[22724011, 2344116, 29390475, 2347289, 23424969, 28350899]	http://www.flickr.com/photos/32680154@N02/7394742152/			False	http://farm8.staticflickr.com/7220/7394742152_260e18c217.jpg	1	975cfe28e024e1311e7ef7633a1576	jpg	Mark Bethune	Turkey	2012-06-18T15:40:56Z	Attribution-NonCommercial-ShareAlike License	2012-06-12T01:48:55Z	NIKON CORPORATION NIKON D300S	68326906		7394742152	[u'ferry', u'istanbul', u'mosque', u'taskim', u'turkey']
Istanbul	[22724011, 2344116, 29390475, 2347289, 23424969, 28350899]	http://www.flickr.com/photos/32680154@N02/7394744118/			False	http://farm6.staticflickr.com/5111/7394744118_678afa8cd3.jpg	1	b36cfe5ddf9bb65d5016c4827e657e5	jpg	Mark Bethune	Turkey	2012-06-18T15:41:13Z	Attribution-NonCommercial-ShareAlike License	2012-06-12T01:53:01Z	NIKON CORPORATION NIKON D300S	29690234		7394744118	[u'ferry', u'istanbul', u'mosque', u'taskim', u'turkey']
Istanbul	[22724011, 2344116, 29390475, 2347289, 23424969, 28350899]	http://www.flickr.com/photos/32680154@N02/7394746556/			False	http://farm8.staticflickr.com/7098/7394746556_7a0487a6ee.jpg	2	7832f61f4e63b8b7807f32faa76bd822	jpg	Mark Bethune	Turkey	2012-06-18T15:41:34Z	Attribution-NonCommercial-ShareAlike License	2012-06-12T02:13:01Z	NIKON CORPORATION NIKON D300S	24529042		7394746556	[u'ferry', u'istanbul', u'mosque', u'taskim', u'turkey']
Istanbul	[22724011, 2344116, 29390475, 2347289, 23424969, 28350899]	http://www.flickr.com/photos/32680154@N02/7394748480/			False	http://farm9.staticflickr.com/8001/7394748480_8ecc6ffeeb.jpg	2	b7de7e1b526d211df64348ae163fdc17	jpg	Mark Bethune	Turkey	2012-06-18T15:41:49Z	Attribution-NonCommercial-ShareAlike License	2012-06-12T02:17:09Z	NIKON CORPORATION NIKON D300S	73666834		7394748480	[u'ferry', u'istanbul', u'mosque', u'taskim', u'turkey']
Istanbul	[22724011, 2344116, 29390475, 2347289, 23424969, 28350899]	http://www.flickr.com/photos/32680154@N02/7394750082/			False	http://farm8.staticflickr.com/7239/7394750082_0c1278a7f4.jpg	2	f27b377b8863e9d8131def3a3994dc2f	jpg	Mark Bethune	Turkey	2012-06-18T15:42:03Z	Attribution-NonCommercial-ShareAlike License	2012-06-12T02:17:27Z	NIKON CORPORATION NIKON D300S	97734527		7394750082	[u'ferry', u'istanbul', u'mosque', u'taskim', u'turkey']
Istanbul	[22724011, 2344116, 29390475, 2347289, 23424969, 28350899]	http://www.flickr.com/photos/32680154@N02/7394752842/			False	http://farm9.staticflickr.com/8144/7394752842_692edc1e34.jpg	2	e25ab4803a912c142573e2fa38c9aa5	jpg	Mark Bethune	Turkey	2012-06-18T15:42:26Z	Attribution-NonCommercial-ShareAlike License	2012-06-12T02:17:49Z	NIKON CORPORATION NIKON D300S	62164184		7394752842	[u'ferry', u'istanbul', u'mosque', u'taskim', u'turkey']
Istanbul	[22724011, 2344116, 29390475, 2347289, 23424969, 28350899]	http://www.flickr.com/photos/32680154@N02/7394754574/			False	http://farm8.staticflickr.com/7072/7394754574_ab22548248.jpg	2	43454f7d5ecb49c23cd652d4f2c32b72	jpg	Mark Bethune	Turkey	2012-06-18T15:42:41Z	Attribution-NonCommercial-ShareAlike License	2012-06-12T02:22:02Z	NIKON CORPORATION NIKON D300S	61546898		7394754574	[u'ferry', u'istanbul', u'mosque', u'taskim', u'turkey']
Istanbul	[22724011, 2344116, 29390475, 2347289, 23424969, 28350899]	http://www.flickr.com/photos/32680154@N02/7394756244/			False	http://farm6.staticflickr.com/5464/7394756244_51ec6e4855.jpg	2	811fc5a61ae1c188593eb24013f33094	jpg	Mark Bethune	Turkey	2012-06-18T15:42:54Z	Attribution-NonCommercial-ShareAlike License	2012-06-12T02:22:42Z	NIKON CORPORATION NIKON D300S	5875533		7394756244	[u'ferry', u'istanbul', u'mosque', u'taskim', u'turkey']
Istanbul	[22724011, 2344116, 29390475, 2347289, 23424969, 28350899]	http://www.flickr.com/photos/32680154@N02/7394758610/			False	http://farm8.staticflickr.com/7098/7394758610_ab44d4b029.jpg	2	5e9e2cf2f6cb79c8287db82452619a	jpg	Mark Bethune	Turkey	2012-06-18T15:43:14Z	Attribution-NonCommercial-ShareAlike License	2012-06-12T02:26:11Z	NIKON CORPORATION NIKON D300S	99030023		7394758610	[u'ferry', u'istanbul', u'mosque', u'taskim', u'turkey']
Istanbul	[22724011, 2344116, 29390475, 2347289, 23424969, 28350899]	http://www.flickr.com/photos/32680154@N02/7394760770/			False	http://farm8.staticflickr.com/7087/7394760770_4bcd81250a.jpg	2	2d72b78e663cecc98c59c0fffdb521	jpg	Mark Bethune	Turkey	2012-06-18T15:43:32Z	Attribution-NonCommercial-ShareAlike License	2012-06-12T02:26:29Z	NIKON CORPORATION NIKON D300S	94922300		7394760770	[u'ferry', u'istanbul', u'mosque', u'taskim', u'turkey']
Istanbul	[22724011, 2344116, 29390475, 2347289, 23424969, 28350899]	http://www.flickr.com/photos/32680154@N02/7394763794/			False	http://farm9.staticflickr.com/8162/7394763794_7e42ef669c.jpg	2	8bd2d8dcd67f3bc178f7665c1ad7c60	jpg	Mark Bethune	Turkey	2012-06-18T15:43:57Z	Attribution-NonCommercial-ShareAlike License	2012-06-12T02:26:46Z	NIKON CORPORATION NIKON D300S	71073885		7394763794	[u'ferry', u'istanbul', u'mosque', u'taskim', u'turkey']
Istanbul	[22724011, 2344116, 29390475, 2347289, 23424969, 28350899]	http://www.flickr.com/photos/32680154@N02/7394766540/			False	http://farm9.staticflickr.com/8005/7394766540_a148a2ed62.jpg	2	997c95a332c3f5ad5b9ff185777321fa	jpg	Mark Bethune	Turkey	2012-06-18T15:44:20Z	Attribution-NonCommercial-ShareAlike License	2012-06-12T02:27:01Z	NIKON CORPORATION NIKON D300S	80457070		7394766540	[u'ferry', u'istanbul', u'mosque', u'taskim', u'turkey']
Istanbul	[22724011, 2344116, 29390475, 2347289, 23424969, 28350899]	http://www.flickr.com/photos/32680154@N02/7394769946/			False	http://farm6.staticflickr.com/5341/7394769946_81b7fc760e.jpg	2	317d75ae8aaf70b96493a7f2815a8f	jpg	Mark Bethune	Turkey	2012-06-18T15:44:49Z	Attribution-NonCommercial-ShareAlike License	2012-06-12T02:27:20Z	NIKON CORPORATION NIKON D300S	93136239		7394769946	[u'ferry', u'istanbul', u'mosque', u'taskim', u'turkey']
Istanbul	[22724011, 2344116, 29390475, 2347289, 23424969, 28350899]	http://www.flickr.com/photos/32680154@N02/7394771838/			False	http://farm9.staticflickr.com/8157/7394771838_e472563417.jpg	2	4f739b7062842fdf2b3f5377bb2469cc	jpg	Mark Bethune	Turkey	2012-06-18T15:45:06Z	Attribution-NonCommercial-ShareAlike License	2012-06-12T02:27:32Z	NIKON CORPORATION NIKON D300S	96763353		7394771838	[u'ferry', u'istanbul', u'mosque', u'taskim', u'turkey']
Istanbul	[22724011, 2344116, 29390475, 2347289, 23424969, 28350899]	http://www.flickr.com/photos/32680154@N02/7394774478/			False	http://farm6.staticflickr.com/5316/7394774478_fe0b1eb9ed.jpg	2	b134cbb4fc1c651411a226dd7f45b40	jpg	Mark Bethune	Turkey	2012-06-18T15:45:29Z	Attribution-NonCommercial-ShareAlike License	2012-06-12T02:28:19Z	NIKON CORPORATION NIKON D300S	45048082		7394774478	[u'ferry', u'istanbul', u'mosque', u'taskim', u'turkey']
Istanbul	[22724011, 2344116, 29390475, 2347289, 23424969, 28350899]	http://www.flickr.com/photos/32680154@N02/7394776328/			False	http://farm8.staticflickr.com/7077/7394776328_62fb80d7f1.jpg	2	f358a369b2e6f7bb57e203ce2805b85	jpg	Mark Bethune	Turkey	2012-06-18T15:45:45Z	Attribution-NonCommercial-ShareAlike License	2012-06-12T02:28:29Z	NIKON CORPORATION NIKON D300S	95798235		7394776328	[u'ferry', u'istanbul', u'mosque', u'taskim', u'turkey']
Istanbul	[22724011, 2344116, 29390475, 2347289, 23424969, 28350899]	http://www.flickr.com/photos/32680154@N02/7394778644/			False	http://farm8.staticflickr.com/7075/7394778644_9c71733e5e.jpg	2	b21c27eb82cf2e59474fba6ced262f	jpg	Mark Bethune	Turkey	2012-06-18T15:46:05Z	Attribution-NonCommercial-ShareAlike License	2012-06-12T02:29:31Z	NIKON CORPORATION NIKON D300S	80750988		7394778644	[u'ferry', u'istanbul', u'mosque', u'taskim', u'turkey']
Istanbul	[22724011, 2344116, 29390475, 2347289, 23424969, 28350899]	http://www.flickr.com/photos/32680154@N02/7394780666/			False	http://farm6.staticflickr.com/5119/7394780666_10e8746f58.jpg	2	8e64b75d8f4bc114ef177168d7d62e36	jpg	Mark Bethune	Turkey	2012-06-18T15:46:22Z	Attribution-NonCommercial-ShareAlike License	2012-06-12T02:29:55Z	NIKON CORPORATION NIKON D300S	62687224		7394780666	[u'ferry', u'istanbul', u'mosque', u'taskim', u'turkey']
Istanbul	[22724011, 2344116, 29390475, 2347289, 23424969, 28350899]	http://www.flickr.com/photos/32680154@N02/7394782096/			False	http://farm9.staticflickr.com/8143/7394782096_264453771d.jpg	2	afa1fa8e673f5852d5fe404c81799f	jpg	Mark Bethune	Turkey	2012-06-18T15:46:34Z	Attribution-NonCommercial-ShareAlike License	2012-06-12T02:30:18Z	NIKON CORPORATION NIKON D300S	2365292		7394782096	[u'ferry', u'istanbul', u'mosque', u'taskim', u'turkey']
Istanbul	[22724011, 2344116, 29390475, 2347289, 23424969, 28350899]	http://www.flickr.com/photos/32680154@N02/7394783464/			False	http://farm6.staticflickr.com/5454/7394783464_5a62268a8c.jpg	2	2df06af3db1ce6393a8b6ed0359390	jpg	Mark Bethune	Turkey	2012-06-18T15:46:47Z	Attribution-NonCommercial-ShareAlike License	2012-06-12T02:30:29Z	NIKON CORPORATION NIKON D300S	40579248		7394783464	[u'ferry', u'istanbul', u'mosque', u'taskim', u'turkey']
Istanbul	[22724011, 2344116, 29390475, 2347289, 23424969, 28350899]	http://www.flickr.com/photos/32680154@N02/7394785646/			False	http://farm8.staticflickr.com/7214/7394785646_27520392d3.jpg	2	8b2f26d373965319daae6711deea57	jpg	Mark Bethune	Turkey	2012-06-18T15:47:06Z	Attribution-NonCommercial-ShareAlike License	2012-06-12T02:31:38Z	NIKON CORPORATION NIKON D300S	19079048		7394785646	[u'ferry', u'istanbul', u'mosque', u'taskim', u'turkey']
Istanbul	[22724011, 2344116, 29390475, 2347289, 23424969, 28350899]	http://www.flickr.com/photos/32680154@N02/7394787376/			False	http://farm8.staticflickr.com/7098/7394787376_1afafab135.jpg	2	baebc4561d8566ec6370239dc6e7af	jpg	Mark Bethune	Turkey	2012-06-18T15:47:20Z	Attribution-NonCommercial-ShareAlike License	2012-06-12T02:31:41Z	NIKON CORPORATION NIKON D300S	70445973		7394787376	[u'ferry', u'istanbul', u'mosque', u'taskim', u'turkey']
Istanbul	[22724011, 2344116, 29390475, 2347289, 23424969, 28350899]	http://www.flickr.com/photos/32680154@N02/7394789004/			False	http://farm8.staticflickr.com/7233/7394789004_f29b653db2.jpg	2	37f5587729ebc16bdcdae27defa960	jpg	Mark Bethune	Turkey	2012-06-18T15:47:33Z	Attribution-NonCommercial-ShareAlike License	2012-06-12T02:31:50Z	NIKON CORPORATION NIKON D300S	99328209		7394789004	[u'ferry', u'istanbul', u'mosque', u'taskim', u'turkey']
Istanbul	[22724011, 2344116, 29390475, 2347289, 23424969, 28350899]	http://www.flickr.com/photos/32680154@N02/7394791408/			False	http://farm6.staticflickr.com/5458/7394791408_760c1cef2b.jpg	2	ab8cc4cd2590c39ee54bff1ee79614	jpg	Mark Bethune	Turkey	2012-06-18T15:47:53Z	Attribution-NonCommercial-ShareAlike License	2012-06-12T02:32:07Z	NIKON CORPORATION NIKON D300S	73791369		7394791408	[u'ferry', u'istanbul', u'mosque', u'taskim', u'turkey']
Istanbul	[22724011, 2344116, 29390475, 2347289, 23424969, 28350899]	http://www.flickr.com/photos/32680154@N02/7394792890/			False	http://farm8.staticflickr.com/7085/7394792890_08978eace2.jpg	2	6acc84efdc121e299a3d76a2853b4e2a	jpg	Mark Bethune	Turkey	2012-06-18T15:48:05Z	Attribution-NonCommercial-ShareAlike License	2012-06-12T02:33:22Z	NIKON CORPORATION NIKON D300S	85054098		7394792890	[u'ferry', u'istanbul', u'mosque', u'taskim', u'turkey']
Istanbul	[22724011, 2344116, 29390475, 2347289, 23424969, 28350899]	http://www.flickr.com/photos/32680154@N02/7394794560/			False	http://farm9.staticflickr.com/8141/7394794560_5624a3db7b.jpg	2	c929ce1d8f509cac96ec1ec84bd2f6a	jpg	Mark Bethune	Turkey	2012-06-18T15:48:19Z	Attribution-NonCommercial-ShareAlike License	2012-06-12T02:33:43Z	NIKON CORPORATION NIKON D300S	95204341		7394794560	[u'ferry', u'istanbul', u'mosque', u'taskim', u'turkey']
Istanbul	[22724011, 2344116, 29390475, 2347289, 23424969, 28350899]	http://www.flickr.com/photos/32680154@N02/7394796464/			False	http://farm6.staticflickr.com/5460/7394796464_9fdc756d96.jpg	2	94c37f4c3fa2667193edd5db174c62	jpg	Mark Bethune	Turkey	2012-06-18T15:48:36Z	Attribution-NonCommercial-ShareAlike License	2012-06-12T02:42:45Z	NIKON CORPORATION NIKON D300S	13476424		7394796464	[u'ferry', u'istanbul', u'mosque', u'taskim', u'turkey']
Istanbul	[22724011, 2344116, 29390475, 2347289, 23424969, 28350899]	http://www.flickr.com/photos/32680154@N02/7394798504/			False	http://farm6.staticflickr.com/5327/7394798504_9f743d8f36.jpg	2	a626a22e198125201c9e75401026a6af	jpg	Mark Bethune	Turkey	2012-06-18T15:48:55Z	Attribution-NonCommercial-ShareAlike License	2012-06-12T02:45:33Z	NIKON CORPORATION NIKON D300S	85555055		7394798504	[u'ferry', u'istanbul', u'mosque', u'taskim', u'turkey']
Istanbul	[22724011, 2344116, 29390475, 2347289, 23424969, 28350899]	http://www.flickr.com/photos/32680154@N02/7394801666/			False	http://farm8.staticflickr.com/7213/7394801666_a546597364.jpg	2	94fc522bb3bc80922c9331a94198c554	jpg	Mark Bethune	Turkey	2012-06-18T15:49:22Z	Attribution-NonCommercial-ShareAlike License	2012-06-12T02:45:57Z	NIKON CORPORATION NIKON D300S	9077213		7394801666	[u'ferry', u'istanbul', u'mosque', u'taskim', u'turkey']
Istanbul	[22724011, 2344116, 29390475, 2347289, 23424969, 28350899]	http://www.flickr.com/photos/32680154@N02/7394803364/			False	http://farm8.staticflickr.com/7212/7394803364_3f67fc9155.jpg	2	ea459a9f359da1168e8c36e387e86f4	jpg	Mark Bethune	Turkey	2012-06-18T15:49:37Z	Attribution-NonCommercial-ShareAlike License	2012-06-12T02:46:18Z	NIKON CORPORATION NIKON D300S	99439783		7394803364	[u'ferry', u'istanbul', u'mosque', u'taskim', u'turkey']
Istanbul	[22724011, 2344116, 29390475, 2347289, 23424969, 28350899]	http://www.flickr.com/photos/32680154@N02/7394806250/			False	http://farm9.staticflickr.com/8142/7394806250_c577fc4d37.jpg	2	926d068c5615c78aa5281a8b664fa7	jpg	Mark Bethune	Turkey	2012-06-18T15:50:03Z	Attribution-NonCommercial-ShareAlike License	2012-06-12T02:46:38Z	NIKON CORPORATION NIKON D300S	95445235		7394806250	[u'ferry', u'istanbul', u'mosque', u'taskim', u'turkey']
Istanbul	[22724011, 2344116, 29390475, 2347289, 23424969, 28350899]	http://www.flickr.com/photos/32680154@N02/7394808492/			False	http://farm6.staticflickr.com/5079/7394808492_8e183f75a9.jpg	2	2c1e364589a970deae4e21341b1d462	jpg	Mark Bethune	Turkey	2012-06-18T15:50:22Z	Attribution-NonCommercial-ShareAlike License	2012-06-12T02:46:44Z	NIKON CORPORATION NIKON D300S	8403259		7394808492	[u'ferry', u'istanbul', u'mosque', u'taskim', u'turkey']
Istanbul	[22724011, 2344116, 29390475, 2347289, 23424969, 28350899]	http://www.flickr.com/photos/32680154@N02/7394811456/			False	http://farm8.staticflickr.com/7078/7394811456_beb0e7ecb3.jpg	2	cd6fcbcc6311375922c58733b403a89	jpg	Mark Bethune	Turkey	2012-06-18T15:50:48Z	Attribution-NonCommercial-ShareAlike License	2012-06-12T02:48:14Z	NIKON CORPORATION NIKON D300S	88451029		7394811456	[u'ferry', u'istanbul', u'mosque', u'taskim', u'turkey']
Istanbul	[22724011, 2344116, 29390475, 2347289, 23424969, 28350899]	http://www.flickr.com/photos/32680154@N02/7394813078/			False	http://farm8.staticflickr.com/7082/7394813078_ef2f09345c.jpg	2	ed15f4e15835b7fd4643757fe1d874f2	jpg	Mark Bethune	Turkey	2012-06-18T15:51:02Z	Attribution-NonCommercial-ShareAlike License	2012-06-12T02:48:43Z	NIKON CORPORATION NIKON D300S	76529704		7394813078	[u'ferry', u'istanbul', u'mosque', u'taskim', u'turkey']
Istanbul	[22724011, 2344116, 29390475, 2347289, 23424969, 28350899]	http://www.flickr.com/photos/32680154@N02/7394816056/			False	http://farm8.staticflickr.com/7091/7394816056_219bb1bdfa.jpg	2	d672ef6d22ee2df7a47ac94d55b128ce	jpg	Mark Bethune	Turkey	2012-06-18T15:51:28Z	Attribution-NonCommercial-ShareAlike License	2012-06-12T02:51:15Z	NIKON CORPORATION NIKON D300S	62196141		7394816056	[u'ferry', u'istanbul', u'mosque', u'taskim', u'turkey']
Istanbul	[22724011, 2344116, 29390475, 2347289, 23424969, 28350899]	http://www.flickr.com/photos/32680154@N02/7394819300/			False	http://farm6.staticflickr.com/5114/7394819300_716d3cc7ca.jpg	2	ce3ea7b77df7b533ea93706cb0b3611e	jpg	Mark Bethune	Turkey	2012-06-18T15:51:56Z	Attribution-NonCommercial-ShareAlike License	2012-06-12T02:52:08Z	NIKON CORPORATION NIKON D300S	76657136		7394819300	[u'ferry', u'istanbul', u'mosque', u'taskim', u'turkey']
Istanbul	[22724011, 2344116, 29390475, 2347289, 23424969, 28350899]	http://www.flickr.com/photos/32680154@N02/7394821624/			False	http://farm6.staticflickr.com/5240/7394821624_9c2916805d.jpg	2	1d789866fd804ee6f299126f82bb8aae	jpg	Mark Bethune	Turkey	2012-06-18T15:52:16Z	Attribution-NonCommercial-ShareAlike License	2012-06-12T02:52:31Z	NIKON CORPORATION NIKON D300S	74554641		7394821624	[u'ferry', u'istanbul', u'mosque', u'taskim', u'turkey']
Istanbul	[22724011, 2344116, 29390475, 2347289, 23424969, 28350899]	http://www.flickr.com/photos/32680154@N02/7394823514/			False	http://farm9.staticflickr.com/8013/7394823514_6980086d6c.jpg	2	b35f81cd986d85ac7f30176e548e4042	jpg	Mark Bethune	Turkey	2012-06-18T15:52:33Z	Attribution-NonCommercial-ShareAlike License	2012-06-12T02:52:50Z	NIKON CORPORATION NIKON D300S	89745273		7394823514	[u'ferry', u'istanbul', u'mosque', u'taskim', u'turkey']
Istanbul	[22724011, 2344116, 29390475, 2347289, 23424969, 28350899]	http://www.flickr.com/photos/32680154@N02/7394827596/			False	http://farm8.staticflickr.com/7071/7394827596_629b0d36ed.jpg	2	1b96db5a54dcb2bee59c819f175f19f	jpg	Mark Bethune	Turkey	2012-06-18T15:53:09Z	Attribution-NonCommercial-ShareAlike License	2012-06-12T02:54:16Z	NIKON CORPORATION NIKON D300S	83960528		7394827596	[u'ferry', u'istanbul', u'mosque', u'taskim', u'turkey']
Istanbul	[22724011, 2344116, 29390475, 2347289, 23424969, 28350899]	http://www.flickr.com/photos/32680154@N02/7394829854/			False	http://farm8.staticflickr.com/7090/7394829854_5b1076a4f6.jpg	2	1b60a58577fa3742e7cf36c28ed2f6	jpg	Mark Bethune	Turkey	2012-06-18T15:53:29Z	Attribution-NonCommercial-ShareAlike License	2012-06-12T02:54:56Z	NIKON CORPORATION NIKON D300S	76891511		7394829854	[u'ferry', u'istanbul', u'mosque', u'taskim', u'turkey']
Istanbul	[22724011, 2344116, 29390475, 2347289, 23424969, 28350899]	http://www.flickr.com/photos/32680154@N02/7394832930/			False	http://farm8.staticflickr.com/7217/7394832930_6ba23f4530.jpg	2	bd29896222d0d7222dc848301fc77b6f	jpg	Mark Bethune	Turkey	2012-06-18T15:53:54Z	Attribution-NonCommercial-ShareAlike License	2012-06-12T02:55:00Z	NIKON CORPORATION NIKON D300S	66020668		7394832930	[u'ferry', u'istanbul', u'mosque', u'taskim', u'turkey']
Istanbul	[22724011, 2344116, 29390475, 2347289, 23424969, 28350899]	http://www.flickr.com/photos/32680154@N02/7394835826/			False	http://farm6.staticflickr.com/5340/7394835826_7d0c06dac6.jpg	2	8dbcce7e949541f366cec7f564c17	jpg	Mark Bethune	Turkey	2012-06-18T15:54:18Z	Attribution-NonCommercial-ShareAlike License	2012-06-12T02:55:31Z	NIKON CORPORATION NIKON D300S	20988513		7394835826	[u'ferry', u'istanbul', u'mosque', u'taskim', u'turkey']
Istanbul	[22724011, 2344116, 29390475, 2347289, 23424969, 28350899]	http://www.flickr.com/photos/32680154@N02/7394839226/			False	http://farm8.staticflickr.com/7096/7394839226_0224f13a2e.jpg	2	b597657c81e7d2d7d14480d3d764708e	jpg	Mark Bethune	Turkey	2012-06-18T15:54:46Z	Attribution-NonCommercial-ShareAlike License	2012-06-12T02:55:46Z	NIKON CORPORATION NIKON D300S	93689756		7394839226	[u'ferry', u'istanbul', u'mosque', u'taskim', u'turkey']
Istanbul	[22724011, 2344116, 29390475, 2347289, 23424969, 28350899]	http://www.flickr.com/photos/32680154@N02/7394841276/			False	http://farm9.staticflickr.com/8014/7394841276_b2ff32d72e.jpg	2	349a808983c2be0b5af7bef2d1ba31e	jpg	Mark Bethune	Turkey	2012-06-18T15:55:03Z	Attribution-NonCommercial-ShareAlike License	2012-06-12T02:56:02Z	NIKON CORPORATION NIKON D300S	49108798		7394841276	[u'ferry', u'istanbul', u'mosque', u'taskim', u'turkey']
Istanbul	[22724011, 2344116, 29390475, 2347289, 23424969, 28350899]	http://www.flickr.com/photos/32680154@N02/7394844988/			False	http://farm8.staticflickr.com/7226/7394844988_5fcefa5521.jpg	2	cb2c6590579452a3e53b7f7b266657f	jpg	Mark Bethune	Turkey	2012-06-18T15:55:36Z	Attribution-NonCommercial-ShareAlike License	2012-06-12T02:59:26Z	NIKON CORPORATION NIKON D300S	67180181		7394844988	[u'ferry', u'istanbul', u'mosque', u'taskim', u'turkey']
Istanbul	[22724011, 2344116, 29390475, 2347289, 23424969, 28350899]	http://www.flickr.com/photos/32680154@N02/7394848008/			False	http://farm8.staticflickr.com/7230/7394848008_7fc996b0b1.jpg	3	4019218054864547371b70b48b3cd4f	jpg	Mark Bethune	Turkey	2012-06-18T15:56:05Z	Attribution-NonCommercial-ShareAlike License	2012-06-12T03:02:53Z	NIKON CORPORATION NIKON D300S	97658151		7394848008	[u'ferry', u'istanbul', u'mosque', u'taskim', u'turkey']
Istanbul	[22724011, 2344116, 29390475, 2347289, 23424969, 28350899]	http://www.flickr.com/photos/32680154@N02/7394849996/			False	http://farm8.staticflickr.com/7087/7394849996_218b47cfc5.jpg	3	f69c68c7447e753f7485ad4cb9c4921	jpg	Mark Bethune	Turkey	2012-06-18T15:56:22Z	Attribution-NonCommercial-ShareAlike License	2012-06-12T03:07:24Z	NIKON CORPORATION NIKON D300S	69971866		7394849996	[u'ferry', u'istanbul', u'mosque', u'taskim', u'turkey']
Istanbul	[22724011, 2344116, 29390475, 2347289, 23424969, 28350899]	http://www.flickr.com/photos/32680154@N02/7394852118/			False	http://farm6.staticflickr.com/5116/7394852118_530fbf027b.jpg	3	ffd1c7b96e36d514d28bba39739ce3d5	jpg	Mark Bethune	Turkey	2012-06-18T15:56:40Z	Attribution-NonCommercial-ShareAlike License	2012-06-12T03:16:36Z	NIKON CORPORATION NIKON D300S	62994102		7394852118	[u'ferry', u'istanbul', u'mosque', u'taskim', u'turkey']
Istanbul	[22724011, 2344116, 29390475, 2347289, 23424969, 28350899]	http://www.flickr.com/photos/32680154@N02/7394853748/			False	http://farm9.staticflickr.com/8023/7394853748_ac28eebff0.jpg	3	d5f5cb7c45b5e36cfed5f0a8aabd23	jpg	Mark Bethune	Turkey	2012-06-18T15:56:55Z	Attribution-NonCommercial-ShareAlike License	2012-06-12T03:17:02Z	NIKON CORPORATION NIKON D300S	83690453		7394853748	[u'ferry', u'istanbul', u'mosque', u'taskim', u'turkey']
Istanbul	[22724011, 2344116, 29390475, 2347289, 23424969, 28350899]	http://www.flickr.com/photos/32680154@N02/7394855318/			False	http://farm9.staticflickr.com/8019/7394855318_437517ab67.jpg	3	cd2be580d4e4e498b5a90f916721fee	jpg	Mark Bethune	Turkey	2012-06-18T15:57:10Z	Attribution-NonCommercial-ShareAlike License	2012-06-12T03:17:05Z	NIKON CORPORATION NIKON D300S	83245062		7394855318	[u'ferry', u'istanbul', u'mosque', u'taskim', u'turkey']
Istanbul	[22724011, 2344116, 29390475, 2347289, 23424969, 28350899]	http://www.flickr.com/photos/32680154@N02/7394857908/			False	http://farm6.staticflickr.com/5470/7394857908_e4ac9006c9.jpg	3	1ba2dcea43bce5cdfd33055908e80a8	jpg	Mark Bethune	Turkey	2012-06-18T15:57:32Z	Attribution-NonCommercial-ShareAlike License	2012-06-12T03:18:02Z	NIKON CORPORATION NIKON D300S	88126639		7394857908	[u'ferry', u'istanbul', u'mosque', u'taskim', u'turkey']
Istanbul	[22724011, 2344116, 29390475, 2347289, 23424969, 28350899]	http://www.flickr.com/photos/32680154@N02/7394859624/			False	http://farm8.staticflickr.com/7215/7394859624_b84e4e418d.jpg	3	a6d3213cbcf582ba028fbbb93ed2c	jpg	Mark Bethune	Turkey	2012-06-18T15:57:46Z	Attribution-NonCommercial-ShareAlike License	2012-06-12T03:18:05Z	NIKON CORPORATION NIKON D300S	90785785		7394859624	[u'ferry', u'istanbul', u'mosque', u'taskim', u'turkey']
Istanbul	[22724011, 2344116, 29390475, 2347289, 23424969, 28350899]	http://www.flickr.com/photos/32680154@N02/7394862178/			False	http://farm8.staticflickr.com/7081/7394862178_213a333b89.jpg	3	af1e2618317603963e2dbc5237665e9	jpg	Mark Bethune	Turkey	2012-06-18T15:58:09Z	Attribution-NonCommercial-ShareAlike License	2012-06-12T03:18:37Z	NIKON CORPORATION NIKON D300S	84254321		7394862178	[u'ferry', u'istanbul', u'mosque', u'taskim', u'turkey']
Istanbul	[22724011, 2344116, 29390475, 2347289, 23424969, 28350899]	http://www.flickr.com/photos/32680154@N02/7394864266/			False	http://farm8.staticflickr.com/7212/7394864266_0e2e6d184d.jpg	3	71b5bc6b13fd6652469efe69c48857	jpg	Mark Bethune	Turkey	2012-06-18T15:58:27Z	Attribution-NonCommercial-ShareAlike License	2012-06-12T03:18:39Z	NIKON CORPORATION NIKON D300S	90836500		7394864266	[u'ferry', u'istanbul', u'mosque', u'taskim', u'turkey']
Istanbul	[22724011, 2344116, 29390475, 2347289, 23424969, 28350899]	http://www.flickr.com/photos/32680154@N02/7394867902/			False	http://farm9.staticflickr.com/8016/7394867902_5b475a717c.jpg	3	422d602681d9c51eaa5dd203a66157	jpg	Mark Bethune	Turkey	2012-06-18T15:58:59Z	Attribution-NonCommercial-ShareAlike License	2012-06-12T03:19:38Z	NIKON CORPORATION NIKON D300S	84638806		7394867902	[u'ferry', u'istanbul', u'mosque', u'taskim', u'turkey']
Istanbul	[22724011, 2344116, 29390475, 2347289, 23424969, 28350899]	http://www.flickr.com/photos/32680154@N02/7394871002/			False	http://farm8.staticflickr.com/7089/7394871002_48ecd0f2ff.jpg	3	d24da0204ee5a4168824c748aa77444d	jpg	Mark Bethune	Turkey	2012-06-18T15:59:27Z	Attribution-NonCommercial-ShareAlike License	2012-06-12T03:19:41Z	NIKON CORPORATION NIKON D300S	80128013		7394871002	[u'ferry', u'istanbul', u'mosque', u'taskim', u'turkey']
Istanbul	[22724011, 2344116, 29390475, 2347289, 23424969, 28350899]	http://www.flickr.com/photos/32680154@N02/7394873348/			False	http://farm8.staticflickr.com/7100/7394873348_3c86aa8e87.jpg	3	746ba898c3a9ea7cb18c75df8bd71b	jpg	Mark Bethune	Turkey	2012-06-18T15:59:48Z	Attribution-NonCommercial-ShareAlike License	2012-06-12T03:20:02Z	NIKON CORPORATION NIKON D300S	68606756		7394873348	[u'ferry', u'istanbul', u'mosque', u'taskim', u'turkey']
Istanbul	[22724011, 2344116, 29390475, 2347289, 23424969, 28350899]	http://www.flickr.com/photos/32680154@N02/7394875032/			False	http://farm8.staticflickr.com/7078/7394875032_cca1cfe889.jpg	3	b98ea5bc5a455b748ac11293237537a1	jpg	Mark Bethune	Turkey	2012-06-18T16:00:03Z	Attribution-NonCommercial-ShareAlike License	2012-06-12T03:25:33Z	NIKON CORPORATION NIKON D300S	72103862		7394875032	[u'ferry', u'istanbul', u'mosque', u'taskim', u'turkey']
Istanbul	[22724011, 2344116, 29390475, 2347289, 23424969, 28350899]	http://www.flickr.com/photos/32680154@N02/7394876616/			False	http://farm8.staticflickr.com/7228/7394876616_5dcf23dc36.jpg	3	3171d346823eff7042e8f5b38e917f8a	jpg	Mark Bethune	Turkey	2012-06-18T16:00:17Z	Attribution-NonCommercial-ShareAlike License	2012-06-12T03:25:42Z	NIKON CORPORATION NIKON D300S	67449637		7394876616	[u'ferry', u'istanbul', u'mosque', u'taskim', u'turkey']
Istanbul	[22724011, 2344116, 29390475, 2347289, 23424969, 28350899]	http://www.flickr.com/photos/32680154@N02/7394879022/			False	http://farm8.staticflickr.com/7072/7394879022_7da3d9f5e1.jpg	3	ab14b793b3b4d343c64cfb45f7f871e	jpg	Mark Bethune	Turkey	2012-06-18T16:00:38Z	Attribution-NonCommercial-ShareAlike License	2012-06-12T03:25:48Z	NIKON CORPORATION NIKON D300S	82555928		7394879022	[u'ferry', u'istanbul', u'mosque', u'taskim', u'turkey']
Istanbul	[22724011, 2344116, 29390475, 2347289, 23424969, 28350899]	http://www.flickr.com/photos/32680154@N02/7394880640/			False	http://farm9.staticflickr.com/8146/7394880640_51e7e0bf60.jpg	3	3012ddecfc7080d830d759438232c88e	jpg	Mark Bethune	Turkey	2012-06-18T16:00:52Z	Attribution-NonCommercial-ShareAlike License	2012-06-12T03:26:15Z	NIKON CORPORATION NIKON D300S	12389605		7394880640	[u'ferry', u'istanbul', u'mosque', u'taskim', u'turkey']
Istanbul	[22724011, 2344116, 29390475, 2347289, 23424969, 28350899]	http://www.flickr.com/photos/32680154@N02/7394882474/			False	http://farm9.staticflickr.com/8013/7394882474_3788141c38.jpg	3	e28e3cc41b3b2f5326e676b0eb7a73	jpg	Mark Bethune	Turkey	2012-06-18T16:01:07Z	Attribution-NonCommercial-ShareAlike License	2012-06-12T03:26:25Z	NIKON CORPORATION NIKON D300S	3553536		7394882474	[u'ferry', u'istanbul', u'mosque', u'taskim', u'turkey']
Istanbul	[22724011, 2344116, 29390475, 2347289, 23424969, 28350899]	http://www.flickr.com/photos/32680154@N02/7394890744/			False	http://farm8.staticflickr.com/7073/7394890744_171f284a25.jpg	3	9c92c947d0213a427d101fddc951c676	jpg	Mark Bethune	Turkey	2012-06-18T16:02:20Z	Attribution-NonCommercial-ShareAlike License	2012-06-12T03:26:28Z	NIKON CORPORATION NIKON D300S	94810654		7394890744	[u'ferry', u'istanbul', u'mosque', u'taskim', u'turkey']
Istanbul	[22724011, 2344116, 29390475, 2347289, 23424969, 28350899]	http://www.flickr.com/photos/32680154@N02/7394904070/			False	http://farm8.staticflickr.com/7237/7394904070_7dbf874b94.jpg	3	f4e91e0e1453a8ee867fe323792db92	jpg	Mark Bethune	Turkey	2012-06-18T16:04:25Z	Attribution-NonCommercial-ShareAlike License	2012-06-12T03:50:49Z	NIKON CORPORATION NIKON D300S	63281499	DSC_1119	7394904070	[u'ferry', u'istanbul', u'mosque', u'taskim', u'turkey']
Istanbul	[22724011, 2344116, 29390475, 2347289, 23424969, 28350899]	http://www.flickr.com/photos/32680154@N02/7394918482/			False	http://farm8.staticflickr.com/7232/7394918482_f7589cc63b.jpg	4	372e9e71a859aefd5eb4aba2cccb87	jpg	Mark Bethune	Turkey	2012-06-18T16:06:40Z	Attribution-NonCommercial-ShareAlike License	2012-06-12T04:15:09Z	NIKON CORPORATION NIKON D300S	74277780		7394918482	[u'ferry', u'istanbul', u'mosque', u'taskim', u'turkey']
Istanbul	[22724011, 2344116, 29390475, 2347289, 23424969, 28350899]	http://www.flickr.com/photos/32680154@N02/7394922852/			False	http://farm6.staticflickr.com/5194/7394922852_738d9826d6.jpg	4	be3395ac75da9f2d30b8c42802859	jpg	Mark Bethune	Turkey	2012-06-18T16:07:23Z	Attribution-NonCommercial-ShareAlike License	2012-06-12T04:15:23Z	NIKON CORPORATION NIKON D300S	83354338		7394922852	[u'ferry', u'istanbul', u'mosque', u'taskim', u'turkey']
Istanbul	[22724011, 2344116, 29390475, 2347289, 23424969, 28350899]	http://www.flickr.com/photos/32680154@N02/7394925516/			False	http://farm9.staticflickr.com/8165/7394925516_49491f040b.jpg	4	6726ae8d71abae42ac8828603b17edae	jpg	Mark Bethune	Turkey	2012-06-18T16:07:49Z	Attribution-NonCommercial-ShareAlike License	2012-06-12T04:17:21Z	NIKON CORPORATION NIKON D300S	90375860		7394925516	[u'ferry', u'istanbul', u'mosque', u'taskim', u'turkey']
Istanbul	[22724011, 2344116, 29390475, 2347289, 23424969, 28350899]	http://www.flickr.com/photos/32680154@N02/7394927716/			False	http://farm8.staticflickr.com/7088/7394927716_b111c1df87.jpg	4	a22f5a7723d9428f2ebeef53b47e89	jpg	Mark Bethune	Turkey	2012-06-18T16:08:10Z	Attribution-NonCommercial-ShareAlike License	2012-06-12T04:17:39Z	NIKON CORPORATION NIKON D300S	87398886		7394927716	[u'ferry', u'istanbul', u'mosque', u'taskim', u'turkey']
Istanbul	[22724011, 2344116, 29390475, 2347289, 23424969, 28350899]	http://www.flickr.com/photos/32680154@N02/7394931740/			False	http://farm6.staticflickr.com/5115/7394931740_6e8c4a155c.jpg	4	12f325d44a7d493482790689e198ddd	jpg	Mark Bethune	Turkey	2012-06-18T16:08:49Z	Attribution-NonCommercial-ShareAlike License	2012-06-12T04:17:54Z	NIKON CORPORATION NIKON D300S	1900385		7394931740	[u'ferry', u'istanbul', u'mosque', u'taskim', u'turkey']
Istanbul	[22724011, 2344116, 29390475, 2347289, 23424969, 28350899]	http://www.flickr.com/photos/32680154@N02/7394934226/			False	http://farm9.staticflickr.com/8145/7394934226_8a46cc81ec.jpg	4	30f15ada3cc21c8376dde4cc10bd4c	jpg	Mark Bethune	Turkey	2012-06-18T16:09:11Z	Attribution-NonCommercial-ShareAlike License	2012-06-12T04:18:24Z	NIKON CORPORATION NIKON D300S	62857600		7394934226	[u'ferry', u'istanbul', u'mosque', u'taskim', u'turkey']
Istanbul	[22724011, 2344116, 29390475, 2347289, 23424969, 28350899]	http://www.flickr.com/photos/32680154@N02/7394936730/			False	http://farm8.staticflickr.com/7214/7394936730_42d4610c26.jpg	4	9d1d716da5c0a8fc501eb8921e2a72ac	jpg	Mark Bethune	Turkey	2012-06-18T16:09:34Z	Attribution-NonCommercial-ShareAlike License	2012-06-12T04:18:49Z	NIKON CORPORATION NIKON D300S	87171607		7394936730	[u'ferry', u'istanbul', u'mosque', u'taskim', u'turkey']
Istanbul	[22724011, 2344116, 29390475, 2347289, 23424969, 28350899]	http://www.flickr.com/photos/32680154@N02/7394939854/			False	http://farm6.staticflickr.com/5334/7394939854_898128321c.jpg	4	9fd832b19032387c3e6335e1d6bcdd7	jpg	Mark Bethune	Turkey	2012-06-18T16:10:00Z	Attribution-NonCommercial-ShareAlike License	2012-06-12T04:19:07Z	NIKON CORPORATION NIKON D300S	70699368		7394939854	[u'ferry', u'istanbul', u'mosque', u'taskim', u'turkey']
Istanbul	[22724011, 2344116, 29390475, 2347289, 23424969, 28350899]	http://www.flickr.com/photos/32680154@N02/7394943218/			False	http://farm8.staticflickr.com/7239/7394943218_5007860c96.jpg	4	b8953a4e409ea9cc2334c08a56e6c1	jpg	Mark Bethune	Turkey	2012-06-18T16:10:30Z	Attribution-NonCommercial-ShareAlike License	2012-06-12T04:19:18Z	NIKON CORPORATION NIKON D300S	61432810		7394943218	[u'ferry', u'istanbul', u'mosque', u'taskim', u'turkey']
Istanbul	[22724011, 2344116, 29390475, 2347289, 23424969, 28350899]	http://www.flickr.com/photos/32680154@N02/7394946204/			False	http://farm8.staticflickr.com/7212/7394946204_3bf25a8ceb.jpg	4	2b1f11c4c06ea16d8ff998c70541db	jpg	Mark Bethune	Turkey	2012-06-18T16:10:55Z	Attribution-NonCommercial-ShareAlike License	2012-06-12T04:20:11Z	NIKON CORPORATION NIKON D300S	69397593		7394946204	[u'ferry', u'istanbul', u'mosque', u'taskim', u'turkey']
Istanbul	[22724011, 2344116, 29390475, 2347289, 23424969, 28350899]	http://www.flickr.com/photos/32680154@N02/7394951436/			False	http://farm8.staticflickr.com/7104/7394951436_74b26e3b87.jpg	4	a19173bdac6a715d1aaf9e931351ed9f	jpg	Mark Bethune	Turkey	2012-06-18T16:11:43Z	Attribution-NonCommercial-ShareAlike License	2012-06-12T04:20:31Z	NIKON CORPORATION NIKON D300S	4587820		7394951436	[u'ferry', u'istanbul', u'mosque', u'taskim', u'turkey']
Istanbul	[22724011, 2344116, 29390475, 2347289, 23424969, 28350899]	http://www.flickr.com/photos/32680154@N02/7394954720/			False	http://farm9.staticflickr.com/8143/7394954720_b4e78183a5.jpg	4	7164175b95d3eec895f54d30147b40	jpg	Mark Bethune	Turkey	2012-06-18T16:12:13Z	Attribution-NonCommercial-ShareAlike License	2012-06-12T04:20:41Z	NIKON CORPORATION NIKON D300S	98754332		7394954720	[u'ferry', u'istanbul', u'mosque', u'taskim', u'turkey']
Istanbul	[22724011, 2344116, 29390475, 2347289, 23424969, 28350899]	http://www.flickr.com/photos/32680154@N02/7394958190/			False	http://farm8.staticflickr.com/7103/7394958190_95da9391df.jpg	4	16fc1aebbba4e49dda91e0c9474c3a63	jpg	Mark Bethune	Turkey	2012-06-18T16:12:45Z	Attribution-NonCommercial-ShareAlike License	2012-06-12T04:21:14Z	NIKON CORPORATION NIKON D300S	91456130		7394958190	[u'ferry', u'istanbul', u'mosque', u'taskim', u'turkey']
Istanbul	[22724011, 2344116, 29390475, 2347289, 23424969, 28350899]	http://www.flickr.com/photos/32680154@N02/7394963612/			False	http://farm6.staticflickr.com/5453/7394963612_c3dc03b52c.jpg	4	ed9fd72538031ccac4cc958e7a109e	jpg	Mark Bethune	Turkey	2012-06-18T16:13:34Z	Attribution-NonCommercial-ShareAlike License	2012-06-12T04:21:26Z	NIKON CORPORATION NIKON D300S	85291450		7394963612	[u'ferry', u'istanbul', u'mosque', u'taskim', u'turkey']
Istanbul	[22724011, 2344116, 29390475, 2347289, 23424969, 28350899]	http://www.flickr.com/photos/32680154@N02/7394966604/			False	http://farm8.staticflickr.com/7236/7394966604_ea72e757a6.jpg	4	bd4f30ced877c4afbcdf276bb2427d0	jpg	Mark Bethune	Turkey	2012-06-18T16:14:02Z	Attribution-NonCommercial-ShareAlike License	2012-06-12T04:21:46Z	NIKON CORPORATION NIKON D300S	90259265		7394966604	[u'ferry', u'istanbul', u'mosque', u'taskim', u'turkey']
Istanbul	[22724011, 2344116, 29390475, 2347289, 23424969, 28350899]	http://www.flickr.com/photos/32680154@N02/7394968928/			False	http://farm6.staticflickr.com/5238/7394968928_38caebd30a.jpg	4	f374af17104adf27ffa03833e4646dcc	jpg	Mark Bethune	Turkey	2012-06-18T16:14:23Z	Attribution-NonCommercial-ShareAlike License	2012-06-12T04:21:56Z	NIKON CORPORATION NIKON D300S	49328224		7394968928	[u'ferry', u'istanbul', u'mosque', u'taskim', u'turkey']
Istanbul	[22724011, 2344116, 29390475, 2347289, 23424969, 28350899]	http://www.flickr.com/photos/32680154@N02/7394972284/			False	http://farm6.staticflickr.com/5199/7394972284_c07c0f61d4.jpg	4	a0a074ae65296b6a3d7fa177c9bb97	jpg	Mark Bethune	Turkey	2012-06-18T16:14:54Z	Attribution-NonCommercial-ShareAlike License	2012-06-12T04:22:13Z	NIKON CORPORATION NIKON D300S	76696497		7394972284	[u'ferry', u'istanbul', u'mosque', u'taskim', u'turkey']
Istanbul	[22724011, 2344116, 29390475, 2347289, 23424969, 28350899]	http://www.flickr.com/photos/32680154@N02/7394976462/			False	http://farm6.staticflickr.com/5330/7394976462_a5e97fd642.jpg	4	2245feb73f11b3278b219c61886bd80	jpg	Mark Bethune	Turkey	2012-06-18T16:15:33Z	Attribution-NonCommercial-ShareAlike License	2012-06-12T04:22:22Z	NIKON CORPORATION NIKON D300S	12594064		7394976462	[u'ferry', u'istanbul', u'mosque', u'taskim', u'turkey']
Istanbul	[22724011, 2344116, 29390475, 2347289, 23424969, 28350899]	http://www.flickr.com/photos/32680154@N02/7394980730/			False	http://farm8.staticflickr.com/7084/7394980730_259d678cf3.jpg	4	ce1bb56baccf7dc2d8aa2c3f9bad63	jpg	Mark Bethune	Turkey	2012-06-18T16:16:14Z	Attribution-NonCommercial-ShareAlike License	2012-06-12T04:23:52Z	NIKON CORPORATION NIKON D300S	77905175		7394980730	[u'ferry', u'istanbul', u'mosque', u'taskim', u'turkey']
Istanbul	[22724011, 2344116, 29390475, 2347289, 23424969, 28350899]	http://www.flickr.com/photos/32680154@N02/7394983882/			False	http://farm9.staticflickr.com/8027/7394983882_bea2e4f30f.jpg	4	36dc27d4367c8b489f70d4e2809717	jpg	Mark Bethune	Turkey	2012-06-18T16:16:44Z	Attribution-NonCommercial-ShareAlike License	2012-06-12T04:24:06Z	NIKON CORPORATION NIKON D300S	52264685		7394983882	[u'ferry', u'istanbul', u'mosque', u'taskim', u'turkey']
Istanbul	[22724011, 2344116, 29390475, 2347289, 23424969, 28350899]	http://www.flickr.com/photos/32680154@N02/7394986444/			False	http://farm8.staticflickr.com/7231/7394986444_bdf7a6f1d3.jpg	4	276c9943103cefd699a154f33a9ba712	jpg	Mark Bethune	Turkey	2012-06-18T16:17:08Z	Attribution-NonCommercial-ShareAlike License	2012-06-12T04:24:51Z	NIKON CORPORATION NIKON D300S	92330018		7394986444	[u'ferry', u'istanbul', u'mosque', u'taskim', u'turkey']
Istanbul	[22724011, 2344116, 29390475, 2347289, 23424969, 28350899]	http://www.flickr.com/photos/32680154@N02/7394992988/			False	http://farm8.staticflickr.com/7219/7394992988_c87cb16fd1.jpg	4	125031cbe025f53e4593a552d72231	jpg	Mark Bethune	Turkey	2012-06-18T16:18:11Z	Attribution-NonCommercial-ShareAlike License	2012-06-12T04:25:12Z	NIKON CORPORATION NIKON D300S	63579395		7394992988	[u'ferry', u'istanbul', u'mosque', u'taskim', u'turkey']
Istanbul	[22724011, 2344116, 29390475, 2347289, 23424969, 28350899]	http://www.flickr.com/photos/32680154@N02/7394998212/			False	http://farm6.staticflickr.com/5336/7394998212_b489c41af5.jpg	4	7e74e381ab5c622653fb61ae3bc8f15	jpg	Mark Bethune	Turkey	2012-06-18T16:19:00Z	Attribution-NonCommercial-ShareAlike License	2012-06-12T04:25:21Z	NIKON CORPORATION NIKON D300S	40646604		7394998212	[u'ferry', u'istanbul', u'mosque', u'taskim', u'turkey']
Istanbul	[22724011, 2344116, 29390475, 2347289, 23424969, 28350899]	http://www.flickr.com/photos/32680154@N02/7395001972/			False	http://farm8.staticflickr.com/7071/7395001972_22d35f3bb9.jpg	4	e83de51aaffb3e3e70c8b927bf6198fa	jpg	Mark Bethune	Turkey	2012-06-18T16:19:35Z	Attribution-NonCommercial-ShareAlike License	2012-06-12T04:25:34Z	NIKON CORPORATION NIKON D300S	73790171		7395001972	[u'ferry', u'istanbul', u'mosque', u'taskim', u'turkey']
Istanbul	[22724011, 2344116, 29390475, 2347289, 23424969, 28350899]	http://www.flickr.com/photos/32680154@N02/7395007610/			False	http://farm6.staticflickr.com/5322/7395007610_8874d571ca.jpg	4	427e484a42f79ee2f66e4af79be3b7c	jpg	Mark Bethune	Turkey	2012-06-18T16:20:28Z	Attribution-NonCommercial-ShareAlike License	2012-06-12T04:26:34Z	NIKON CORPORATION NIKON D300S	61922682		7395007610	[u'ferry', u'istanbul', u'mosque', u'taskim', u'turkey']
Istanbul	[22724011, 2344116, 29390475, 2347289, 23424969, 28350899]	http://www.flickr.com/photos/32680154@N02/7395010334/			False	http://farm8.staticflickr.com/7084/7395010334_d8dca7d765.jpg	4	f31ce723a791e6ab7b9bb659d817dc2a	jpg	Mark Bethune	Turkey	2012-06-18T16:20:54Z	Attribution-NonCommercial-ShareAlike License	2012-06-12T04:27:03Z	NIKON CORPORATION NIKON D300S	71050845		7395010334	[u'ferry', u'istanbul', u'mosque', u'taskim', u'turkey']
Istanbul	[22724011, 2344116, 29390475, 2347289, 23424969, 28350899]	http://www.flickr.com/photos/32680154@N02/7395012948/			False	http://farm8.staticflickr.com/7211/7395012948_e890e299f3.jpg	4	d26e8345dfc0ab4c38807aa0415125bf	jpg	Mark Bethune	Turkey	2012-06-18T16:21:18Z	Attribution-NonCommercial-ShareAlike License	2012-06-12T04:27:16Z	NIKON CORPORATION NIKON D300S	68418682		7395012948	[u'ferry', u'istanbul', u'mosque', u'taskim', u'turkey']
Istanbul	[22724011, 2344116, 29390475, 2347289, 23424969, 28350899]	http://www.flickr.com/photos/32680154@N02/7395019414/			False	http://farm9.staticflickr.com/8160/7395019414_dbd155d2b5.jpg	4	dd42f131cc98fbfca56ff7169e483b5f	jpg	Mark Bethune	Turkey	2012-06-18T16:22:16Z	Attribution-NonCommercial-ShareAlike License	2012-06-12T04:32:56Z	NIKON CORPORATION NIKON D300S	91584842		7395019414	[u'ferry', u'istanbul', u'mosque', u'taskim', u'turkey']
Istanbul	[22724011, 2344116, 29390475, 2347289, 23424969, 28350899]	http://www.flickr.com/photos/32680154@N02/7395022190/			False	http://farm6.staticflickr.com/5076/7395022190_8b547e2593.jpg	4	548ed9308570fabb706a8989911a13d4	jpg	Mark Bethune	Turkey	2012-06-18T16:22:42Z	Attribution-NonCommercial-ShareAlike License	2012-06-12T04:36:17Z	NIKON CORPORATION NIKON D300S	73455195		7395022190	[u'ferry', u'istanbul', u'mosque', u'taskim', u'turkey']
Istanbul	[22724011, 2344116, 29390475, 2347289, 23424969, 28350899]	http://www.flickr.com/photos/32680154@N02/7395024550/			False	http://farm6.staticflickr.com/5156/7395024550_8ce7bf1c0c.jpg	4	46d9958d5c862a422aa9a51ccca6d9b6	jpg	Mark Bethune	Turkey	2012-06-18T16:23:04Z	Attribution-NonCommercial-ShareAlike License	2012-06-12T04:36:29Z	NIKON CORPORATION NIKON D300S	63391051		7395024550	[u'ferry', u'istanbul', u'mosque', u'taskim', u'turkey']
Istanbul	[22724011, 2344116, 29390475, 2347289, 23424969, 28350899]	http://www.flickr.com/photos/32680154@N02/7395026974/			False	http://farm9.staticflickr.com/8165/7395026974_20dd5c6ace.jpg	4	a8ef969744f41610a52c1019e6b78f	jpg	Mark Bethune	Turkey	2012-06-18T16:23:27Z	Attribution-NonCommercial-ShareAlike License	2012-06-12T04:36:57Z	NIKON CORPORATION NIKON D300S	78035820		7395026974	[u'ferry', u'istanbul', u'mosque', u'taskim', u'turkey']
Istanbul	[22724011, 2344116, 29390475, 2347289, 23424969, 28350899]	http://www.flickr.com/photos/32680154@N02/7395031842/			False	http://farm8.staticflickr.com/7219/7395031842_05d405ca84.jpg	4	ad1eb08a55db95447391846368172017	jpg	Mark Bethune	Turkey	2012-06-18T16:24:13Z	Attribution-NonCommercial-ShareAlike License	2012-06-12T04:37:08Z	NIKON CORPORATION NIKON D300S	8064567		7395031842	[u'ferry', u'istanbul', u'mosque', u'taskim', u'turkey']
Istanbul	[22724011, 2344116, 29390475, 2347289, 23424969, 28350899]	http://www.flickr.com/photos/32680154@N02/7395035926/			False	http://farm8.staticflickr.com/7097/7395035926_ebb1ebc16a.jpg	4	8c9e2157c552b521a7a5662589c93f3	jpg	Mark Bethune	Turkey	2012-06-18T16:24:52Z	Attribution-NonCommercial-ShareAlike License	2012-06-12T04:37:44Z	NIKON CORPORATION NIKON D300S	33285809		7395035926	[u'ferry', u'istanbul', u'mosque', u'taskim', u'turkey']
Istanbul	[22724011, 2344116, 29390475, 2347289, 23424969, 28350899]	http://www.flickr.com/photos/32680154@N02/7395039898/			False	http://farm8.staticflickr.com/7216/7395039898_202b3caf7f.jpg	4	1bfd75544c2deedc427a8e9a1c45865	jpg	Mark Bethune	Turkey	2012-06-18T16:25:29Z	Attribution-NonCommercial-ShareAlike License	2012-06-12T04:37:59Z	NIKON CORPORATION NIKON D300S	91316481		7395039898	[u'ferry', u'istanbul', u'mosque', u'taskim', u'turkey']
Istanbul	[22724011, 2344116, 29390475, 2347289, 23424969, 28350899]	http://www.flickr.com/photos/32680154@N02/7395041700/			False	http://farm8.staticflickr.com/7231/7395041700_2a58bd6b5f.jpg	4	9b18d6e397c584a4ecb387431fe273d	jpg	Mark Bethune	Turkey	2012-06-18T16:25:46Z	Attribution-NonCommercial-ShareAlike License	2012-06-12T04:42:16Z	NIKON CORPORATION NIKON D300S	76641145		7395041700	[u'ferry', u'istanbul', u'mosque', u'taskim', u'turkey']
Istanbul	[22724011, 2344116, 29390475, 2347289, 23424969, 28350899]	http://www.flickr.com/photos/32680154@N02/7395050358/			False	http://farm6.staticflickr.com/5271/7395050358_47d0f9e731.jpg	4	b0648b5f559c47478d3365c882a9d0d7	jpg	Mark Bethune	Turkey	2012-06-18T16:27:02Z	Attribution-NonCommercial-ShareAlike License	2012-06-12T04:44:54Z	NIKON CORPORATION NIKON D300S	34729848		7395050358	[u'ferry', u'istanbul', u'mosque', u'taskim', u'turkey']
Istanbul	[22724011, 2344116, 29390475, 2347289, 23424969, 28350899]	http://www.flickr.com/photos/32680154@N02/7395061232/			False	http://farm8.staticflickr.com/7237/7395061232_9da71437a2.jpg	4	2f7ee4c4c10118a2b70e7b5a47eef91	jpg	Mark Bethune	Turkey	2012-06-18T16:28:42Z	Attribution-NonCommercial-ShareAlike License	2012-06-12T04:45:44Z	NIKON CORPORATION NIKON D300S	67613813		7395061232	[u'ferry', u'istanbul', u'mosque', u'taskim', u'turkey']
Istanbul	[22724011, 2344116, 29390475, 2347289, 23424969, 28350899]	http://www.flickr.com/photos/32680154@N02/7395066942/			False	http://farm8.staticflickr.com/7218/7395066942_bf6e03c207.jpg	6	60908e58fa161b7053dded56ffa91fb	jpg	Mark Bethune	Turkey	2012-06-18T16:29:34Z	Attribution-NonCommercial-ShareAlike License	2012-06-12T06:27:44Z	NIKON CORPORATION NIKON D300S	60747837		7395066942	[u'ferry', u'istanbul', u'mosque', u'taskim', u'turkey']
Istanbul	[22724011, 2344116, 29390475, 2347289, 23424969, 28350899]	http://www.flickr.com/photos/32680154@N02/7395068812/			False	http://farm8.staticflickr.com/7086/7395068812_0e572a9712.jpg	6	886547f9a68806f98114eabf1682e	jpg	Mark Bethune	Turkey	2012-06-18T16:29:50Z	Attribution-NonCommercial-ShareAlike License	2012-06-12T06:27:50Z	NIKON CORPORATION NIKON D300S	44886463		7395068812	[u'ferry', u'istanbul', u'mosque', u'taskim', u'turkey']
Istanbul	[22724011, 2344116, 29390475, 2347289, 23424969, 28350899]	http://www.flickr.com/photos/32680154@N02/7395072020/			False	http://farm8.staticflickr.com/7245/7395072020_76ddd9f5de.jpg	6	38e67c62dd1514a439641b537a59577	jpg	Mark Bethune	Turkey	2012-06-18T16:30:21Z	Attribution-NonCommercial-ShareAlike License	2012-06-12T06:29:02Z	NIKON CORPORATION NIKON D300S	95615429		7395072020	[u'ferry', u'istanbul', u'mosque', u'taskim', u'turkey']
Istanbul	[22724011, 2344116, 29390475, 2347289, 23424969, 28350899]	http://www.flickr.com/photos/32680154@N02/7395073640/			False	http://farm9.staticflickr.com/8018/7395073640_ba3e8a9be7.jpg	6	9562f3bfeb90955328b7354feec9ca2e	jpg	Mark Bethune	Turkey	2012-06-18T16:30:35Z	Attribution-NonCommercial-ShareAlike License	2012-06-12T06:29:12Z	NIKON CORPORATION NIKON D300S	80175777		7395073640	[u'ferry', u'istanbul', u'mosque', u'taskim', u'turkey']
Istanbul	[22724011, 2344116, 29390475, 2347289, 23424969, 28350899]	http://www.flickr.com/photos/32680154@N02/7395075676/			False	http://farm9.staticflickr.com/8024/7395075676_d383783e34.jpg	6	7d40ba81a6195cf3b8f9c5b356bebb7	jpg	Mark Bethune	Turkey	2012-06-18T16:30:55Z	Attribution-NonCommercial-ShareAlike License	2012-06-12T06:31:27Z	NIKON CORPORATION NIKON D300S	94249171		7395075676	[u'ferry', u'istanbul', u'mosque', u'taskim', u'turkey']
Istanbul	[22724011, 2344116, 29390475, 2347289, 23424969, 28350899]	http://www.flickr.com/photos/32680154@N02/7395081344/			False	http://farm8.staticflickr.com/7232/7395081344_87881cd790.jpg	8	be8da1a586db246ae5aeb73855b49d	jpg	Mark Bethune	Turkey	2012-06-18T16:31:48Z	Attribution-NonCommercial-ShareAlike License	2012-06-12T08:39:07Z	NIKON CORPORATION NIKON D300S	95278273		7395081344	[u'ferry', u'istanbul', u'mosque', u'taskim', u'turkey']
Istanbul	[22724011, 2344116, 29390475, 2347289, 23424969, 28350899]	http://www.flickr.com/photos/32680154@N02/7395084264/			False	http://farm6.staticflickr.com/5116/7395084264_7e6ebb7fcb.jpg	8	9368d77b42e6c32021e7ca966a5bdb1	jpg	Mark Bethune	Turkey	2012-06-18T16:32:17Z	Attribution-NonCommercial-ShareAlike License	2012-06-12T08:46:58Z	NIKON CORPORATION NIKON D300S	60406086		7395084264	[u'ferry', u'istanbul', u'mosque', u'taskim', u'turkey']
Istanbul	[22724011, 2344116, 29390475, 2347289, 23424969, 28350899]	http://www.flickr.com/photos/32680154@N02/7395087334/			False	http://farm6.staticflickr.com/5464/7395087334_200b334109.jpg	8	f84761f801226e7d66c145f42d37c3	jpg	Mark Bethune	Turkey	2012-06-18T16:32:46Z	Attribution-NonCommercial-ShareAlike License	2012-06-12T08:47:03Z	NIKON CORPORATION NIKON D300S	85806152		7395087334	[u'ferry', u'istanbul', u'mosque', u'taskim', u'turkey']
Istanbul	[22724011, 2344116, 29390475, 2347289, 23424969, 28350899]	http://www.flickr.com/photos/32680154@N02/7395091948/			False	http://farm8.staticflickr.com/7224/7395091948_fd199b0243.jpg	8	229f60b82276996be79b3659a7fdd26a	jpg	Mark Bethune	Turkey	2012-06-18T16:33:28Z	Attribution-NonCommercial-ShareAlike License	2012-06-12T08:47:19Z	NIKON CORPORATION NIKON D300S	64051591		7395091948	[u'ferry', u'istanbul', u'mosque', u'taskim', u'turkey']
Istanbul	[22724011, 2344116, 29390475, 2347289, 23424969, 28350899]	http://www.flickr.com/photos/32680154@N02/7395097910/			False	http://farm8.staticflickr.com/7091/7395097910_d8bd109895.jpg	8	e062c83e5793a09f23cdf0d19ac3fc64	jpg	Mark Bethune	Turkey	2012-06-18T16:34:27Z	Attribution-NonCommercial-ShareAlike License	2012-06-12T08:48:14Z	NIKON CORPORATION NIKON D300S	68374912		7395097910	[u'ferry', u'istanbul', u'mosque', u'taskim', u'turkey']
Istanbul	[22724011, 2344116, 29390475, 2347289, 23424969, 28350899]	http://www.flickr.com/photos/32680154@N02/7395100506/			False	http://farm6.staticflickr.com/5111/7395100506_5fcd34dc2e.jpg	8	9a4fb681b81b828452c6aba737e52e2f	jpg	Mark Bethune	Turkey	2012-06-18T16:34:52Z	Attribution-NonCommercial-ShareAlike License	2012-06-12T08:48:58Z	NIKON CORPORATION NIKON D300S	61246828		7395100506	[u'ferry', u'istanbul', u'mosque', u'taskim', u'turkey']
Istanbul	[22724011, 2344116, 29390475, 2347289, 23424969, 28350899]	http://www.flickr.com/photos/32680154@N02/7395103128/			False	http://farm8.staticflickr.com/7242/7395103128_dda6a11085.jpg	8	a1139428648d874f57aaeacade2caa	jpg	Mark Bethune	Turkey	2012-06-18T16:35:18Z	Attribution-NonCommercial-ShareAlike License	2012-06-12T08:50:46Z	NIKON CORPORATION NIKON D300S	98898904		7395103128	[u'ferry', u'istanbul', u'mosque', u'taskim', u'turkey']
Istanbul	[22724011, 2344116, 29390475, 2347289, 23424969, 28350899]	http://www.flickr.com/photos/32680154@N02/7395104666/			False	http://farm8.staticflickr.com/7239/7395104666_6615c05c38.jpg	9	aba218ef5263335157df3bb1ad7dd980	jpg	Mark Bethune	Turkey	2012-06-18T16:35:33Z	Attribution-NonCommercial-ShareAlike License	2012-06-12T09:01:52Z	NIKON CORPORATION NIKON D300S	88956593		7395104666	[u'ferry', u'istanbul', u'mosque', u'taskim', u'turkey']
Istanbul	[22724011, 2344116, 29390475, 2347289, 23424969, 28350899]	http://www.flickr.com/photos/32680154@N02/7395106362/			False	http://farm8.staticflickr.com/7089/7395106362_89436388b1.jpg	9	34e584d150add424e358d22b1f48cb7	jpg	Mark Bethune	Turkey	2012-06-18T16:35:50Z	Attribution-NonCommercial-ShareAlike License	2012-06-12T09:02:11Z	NIKON CORPORATION NIKON D300S	74655172		7395106362	[u'ferry', u'istanbul', u'mosque', u'taskim', u'turkey']
Istanbul	[22724011, 2344116, 29390475, 2347289, 23424969, 28350899]	http://www.flickr.com/photos/32680154@N02/7395108044/			False	http://farm8.staticflickr.com/7233/7395108044_d9b622dd7f.jpg	9	3847dc68bb50a3cc99be81c3c1a7bb73	jpg	Mark Bethune	Turkey	2012-06-18T16:36:06Z	Attribution-NonCommercial-ShareAlike License	2012-06-12T09:03:41Z	NIKON CORPORATION NIKON D300S	7179606		7395108044	[u'ferry', u'istanbul', u'mosque', u'taskim', u'turkey']
Istanbul	[22724011, 2344116, 29390475, 2347289, 23424969, 28350899]	http://www.flickr.com/photos/32680154@N02/7395109526/			False	http://farm9.staticflickr.com/8150/7395109526_454f13119b.jpg	9	8b493c85ff9745394556552ff7d1b29	jpg	Mark Bethune	Turkey	2012-06-18T16:36:21Z	Attribution-NonCommercial-ShareAlike License	2012-06-12T09:03:49Z	NIKON CORPORATION NIKON D300S	64993702		7395109526	[u'ferry', u'istanbul', u'mosque', u'taskim', u'turkey']
Istanbul	[22724011, 2344116, 29390475, 2347289, 23424969, 28350899]	http://www.flickr.com/photos/32680154@N02/7395111578/			False	http://farm8.staticflickr.com/7214/7395111578_0c0def0d7b.jpg	9	422cee2ef238650bc6a82e86569bee2	jpg	Mark Bethune	Turkey	2012-06-18T16:36:41Z	Attribution-NonCommercial-ShareAlike License	2012-06-12T09:04:08Z	NIKON CORPORATION NIKON D300S	92468410		7395111578	[u'ferry', u'istanbul', u'mosque', u'taskim', u'turkey']
Istanbul	[22724011, 2344116, 29390475, 2347289, 23424969, 28350899]	http://www.flickr.com/photos/32680154@N02/7395112884/			False	http://farm8.staticflickr.com/7231/7395112884_74f987fbec.jpg	9	7a22e6146232bd174e6abb236b083	jpg	Mark Bethune	Turkey	2012-06-18T16:36:53Z	Attribution-NonCommercial-ShareAlike License	2012-06-12T09:07:17Z	NIKON CORPORATION NIKON D300S	32981328		7395112884	[u'ferry', u'istanbul', u'mosque', u'taskim', u'turkey']
Istanbul	[22724011, 2344116, 29390475, 2347289, 23424969, 28350899]	http://www.flickr.com/photos/32680154@N02/7395114562/			False	http://farm9.staticflickr.com/8009/7395114562_b7383379d4.jpg	9	632656fc7da6348bc5ae6c53d8bc40	jpg	Mark Bethune	Turkey	2012-06-18T16:37:10Z	Attribution-NonCommercial-ShareAlike License	2012-06-12T09:09:53Z	NIKON CORPORATION NIKON D300S	89918577		7395114562	[u'ferry', u'istanbul', u'mosque', u'taskim', u'turkey']
Istanbul	[22724011, 2344116, 29390475, 2347289, 23424969, 28350899]	http://www.flickr.com/photos/32680154@N02/7395116474/			False	http://farm8.staticflickr.com/7228/7395116474_829191ba6e.jpg	9	84795676bca3f403cb686deaea0560	jpg	Mark Bethune	Turkey	2012-06-18T16:37:27Z	Attribution-NonCommercial-ShareAlike License	2012-06-12T09:10:03Z	NIKON CORPORATION NIKON D300S	93255080		7395116474	[u'ferry', u'istanbul', u'mosque', u'taskim', u'turkey']
Istanbul	[22724011, 2344116, 29390475, 2347289, 23424969, 28350899]	http://www.flickr.com/photos/32680154@N02/7395118538/			False	http://farm8.staticflickr.com/7236/7395118538_3851c27551.jpg	9	f88ade7fb06920a8e2523580892922d6	jpg	Mark Bethune	Turkey	2012-06-18T16:37:46Z	Attribution-NonCommercial-ShareAlike License	2012-06-12T09:11:23Z	NIKON CORPORATION NIKON D300S	61274466		7395118538	[u'ferry', u'istanbul', u'mosque', u'taskim', u'turkey']
Istanbul	[22724011, 2344116, 29390475, 2347289, 23424969, 28350899]	http://www.flickr.com/photos/32680154@N02/7395120650/			False	http://farm8.staticflickr.com/7102/7395120650_1c86e2e79b.jpg	9	642ff1368a6d25b0a46f97e032a185c4	jpg	Mark Bethune	Turkey	2012-06-18T16:38:06Z	Attribution-NonCommercial-ShareAlike License	2012-06-12T09:11:29Z	NIKON CORPORATION NIKON D300S	73363591		7395120650	[u'ferry', u'istanbul', u'mosque', u'taskim', u'turkey']
Istanbul	[22724011, 2344116, 29390475, 2347289, 23424969, 28350899]	http://www.flickr.com/photos/32680154@N02/7395123244/			False	http://farm8.staticflickr.com/7085/7395123244_902b237e08.jpg	9	55d46e0bbe6353840c0d65bd79018da	jpg	Mark Bethune	Turkey	2012-06-18T16:38:32Z	Attribution-NonCommercial-ShareAlike License	2012-06-12T09:13:27Z	NIKON CORPORATION NIKON D300S	20662676		7395123244	[u'ferry', u'istanbul', u'mosque', u'taskim', u'turkey']
Istanbul	[22724011, 2344116, 29390475, 2347289, 23424969, 28350899]	http://www.flickr.com/photos/32680154@N02/7395124472/			False	http://farm8.staticflickr.com/7226/7395124472_46c85a2752.jpg	9	b41d51200d1ddfebe72a34b23c4956	jpg	Mark Bethune	Turkey	2012-06-18T16:38:43Z	Attribution-NonCommercial-ShareAlike License	2012-06-12T09:15:15Z	NIKON CORPORATION NIKON D300S	97700744		7395124472	[u'ferry', u'istanbul', u'mosque', u'taskim', u'turkey']
Istanbul	[22724011, 2344116, 29390475, 2347289, 23424969, 28350899]	http://www.flickr.com/photos/32680154@N02/7395127546/			False	http://farm9.staticflickr.com/8149/7395127546_3d342d81bc.jpg	9	ae5e48c6ef4ad466e1db2c7a4759d867	jpg	Mark Bethune	Turkey	2012-06-18T16:39:13Z	Attribution-NonCommercial-ShareAlike License	2012-06-12T09:15:21Z	NIKON CORPORATION NIKON D300S	73990983		7395127546	[u'ferry', u'istanbul', u'mosque', u'taskim', u'turkey']
Istanbul	[22724011, 2344116, 29390475, 2347289, 23424969, 28350899]	http://www.flickr.com/photos/32680154@N02/7395129186/			False	http://farm6.staticflickr.com/5328/7395129186_7903953843.jpg	9	aff5947ca8b247dabeb7d7194ec1459a	jpg	Mark Bethune	Turkey	2012-06-18T16:39:28Z	Attribution-NonCommercial-ShareAlike License	2012-06-12T09:15:48Z	NIKON CORPORATION NIKON D300S	67845809		7395129186	[u'ferry', u'istanbul', u'mosque', u'taskim', u'turkey']
Istanbul	[22724011, 2344116, 29390475, 2347289, 23424969, 28350899]	http://www.flickr.com/photos/32680154@N02/7395130688/			False	http://farm9.staticflickr.com/8024/7395130688_f1c92724d4.jpg	9	aa39d9d65633481ab7441d66496e70	jpg	Mark Bethune	Turkey	2012-06-18T16:39:42Z	Attribution-NonCommercial-ShareAlike License	2012-06-12T09:24:14Z	NIKON CORPORATION NIKON D300S	99107063		7395130688	[u'ferry', u'istanbul', u'mosque', u'taskim', u'turkey']
Istanbul	[22724011, 2344116, 29390475, 2347289, 23424969, 28350899]	http://www.flickr.com/photos/32680154@N02/7395132234/			False	http://farm6.staticflickr.com/5116/7395132234_7a534e6e93.jpg	9	22d76a4e549d99165e6bd7aa13d3c44	jpg	Mark Bethune	Turkey	2012-06-18T16:39:56Z	Attribution-NonCommercial-ShareAlike License	2012-06-12T09:24:24Z	NIKON CORPORATION NIKON D300S	59688253		7395132234	[u'ferry', u'istanbul', u'mosque', u'taskim', u'turkey']
Istanbul	[22724011, 2344116, 29390475, 2347289, 23424969, 28350899]	http://www.flickr.com/photos/32680154@N02/7395134000/			False	http://farm8.staticflickr.com/7104/7395134000_a3443b99be.jpg	9	bf6881d44ddb407261d04decc76213ba	jpg	Mark Bethune	Turkey	2012-06-18T16:40:12Z	Attribution-NonCommercial-ShareAlike License	2012-06-12T09:25:10Z	NIKON CORPORATION NIKON D300S	66502880		7395134000	[u'ferry', u'istanbul', u'mosque', u'taskim', u'turkey']
Istanbul	[22724011, 2344116, 29390475, 2347289, 23424969, 28350899]	http://www.flickr.com/photos/32680154@N02/7395136318/			False	http://farm8.staticflickr.com/7213/7395136318_06522a4c4d.jpg	9	4ed1f6ff5158a08fcb6de88040d12ae	jpg	Mark Bethune	Turkey	2012-06-18T16:40:33Z	Attribution-NonCommercial-ShareAlike License	2012-06-12T09:25:16Z	NIKON CORPORATION NIKON D300S	93679786		7395136318	[u'ferry', u'istanbul', u'mosque', u'taskim', u'turkey']
Istanbul	[22724011, 2344116, 29390475, 2347289, 23424969, 28350899]	http://www.flickr.com/photos/32680154@N02/7395138460/			False	http://farm8.staticflickr.com/7236/7395138460_7f709e366f.jpg	9	1662d0a93790a034d9cd30d87a612c6	jpg	Mark Bethune	Turkey	2012-06-18T16:40:51Z	Attribution-NonCommercial-ShareAlike License	2012-06-12T09:25:49Z	NIKON CORPORATION NIKON D300S	91720680		7395138460	[u'ferry', u'istanbul', u'mosque', u'taskim', u'turkey']
Istanbul	[22724011, 2344116, 29390475, 2347289, 23424969, 28350899]	http://www.flickr.com/photos/32680154@N02/7395140470/			False	http://farm8.staticflickr.com/7214/7395140470_4d1a5c258e.jpg	10	d2be514d63a6979e55f7ac9437e1479	jpg	Mark Bethune	Turkey	2012-06-18T16:41:08Z	Attribution-NonCommercial-ShareAlike License	2012-06-12T10:24:35Z	NIKON CORPORATION NIKON D300S	65657287		7395140470	[u'ferry', u'istanbul', u'mosque', u'taskim', u'turkey']
Istanbul	[22724011, 2344116, 29390475, 2347289, 23424969, 28350899]	http://www.flickr.com/photos/32680154@N02/7395142804/			False	http://farm8.staticflickr.com/7230/7395142804_e78fca9f2f.jpg	10	e491a19357c449249a4dc7d295945c0	jpg	Mark Bethune	Turkey	2012-06-18T16:41:29Z	Attribution-NonCommercial-ShareAlike License	2012-06-12T10:27:54Z	NIKON CORPORATION NIKON D300S	69296703		7395142804	[u'ferry', u'istanbul', u'mosque', u'taskim', u'turkey']
Istanbul	[22724011, 2344116, 29390475, 2347289, 23424969, 28350899]	http://www.flickr.com/photos/32680154@N02/7395145694/			False	http://farm8.staticflickr.com/7216/7395145694_a3d6baaff7.jpg	10	db698f80984617dd4dc99f993c3fdc2d	jpg	Mark Bethune	Turkey	2012-06-18T16:41:55Z	Attribution-NonCommercial-ShareAlike License	2012-06-12T10:28:54Z	NIKON CORPORATION NIKON D300S	71595427		7395145694	[u'ferry', u'istanbul', u'mosque', u'taskim', u'turkey']
Istanbul	[22724011, 2344116, 29390475, 2347289, 23424969, 28350899]	http://www.flickr.com/photos/32680154@N02/7395147218/			False	http://farm8.staticflickr.com/7085/7395147218_98c925bae6.jpg	10	839d92dca07cbbf3b51b26f9fb51c72a	jpg	Mark Bethune	Turkey	2012-06-18T16:42:09Z	Attribution-NonCommercial-ShareAlike License	2012-06-12T10:31:12Z	NIKON CORPORATION NIKON D300S	93556461		7395147218	[u'ferry', u'istanbul', u'mosque', u'taskim', u'turkey']
Istanbul	[22724011, 2344116, 29390475, 2347289, 23424969, 28350899]	http://www.flickr.com/photos/32680154@N02/7395149378/			False	http://farm6.staticflickr.com/5458/7395149378_c3beb038ae.jpg	10	54defd19d46b9cac2c0babc4982dd7f	jpg	Mark Bethune	Turkey	2012-06-18T16:42:31Z	Attribution-NonCommercial-ShareAlike License	2012-06-12T10:31:58Z	NIKON CORPORATION NIKON D300S	33691737		7395149378	[u'ferry', u'istanbul', u'mosque', u'taskim', u'turkey']
Istanbul	[22724011, 2344116, 29390475, 2347289, 23424969, 28350899]	http://www.flickr.com/photos/32680154@N02/7395151214/			False	http://farm8.staticflickr.com/7102/7395151214_a6c7ab405f.jpg	10	dd2b18f0efd72b9437fb8b84f8fc754b	jpg	Mark Bethune	Turkey	2012-06-18T16:42:49Z	Attribution-NonCommercial-ShareAlike License	2012-06-12T10:33:01Z	NIKON CORPORATION NIKON D300S	61657284		7395151214	[u'ferry', u'istanbul', u'mosque', u'taskim', u'turkey']
Istanbul	[22724011, 2344116, 29390475, 2347289, 23424969, 28350899]	http://www.flickr.com/photos/32680154@N02/7395152590/			False	http://farm8.staticflickr.com/7232/7395152590_7ef971b54c.jpg	10	cd8be299e75d9e36db28a887d1d9c90	jpg	Mark Bethune	Turkey	2012-06-18T16:43:02Z	Attribution-NonCommercial-ShareAlike License	2012-06-12T10:33:28Z	NIKON CORPORATION NIKON D300S	73724138		7395152590	[u'ferry', u'istanbul', u'mosque', u'taskim', u'turkey']
Istanbul	[22724011, 2344116, 29390475, 2347289, 23424969, 28350899]	http://www.flickr.com/photos/32680154@N02/7395154230/			False	http://farm6.staticflickr.com/5311/7395154230_2d57a8fca1.jpg	11	8a7fca21c9f7c94bb7d32454bfb348b8	jpg	Mark Bethune	Turkey	2012-06-18T16:43:19Z	Attribution-NonCommercial-ShareAlike License	2012-06-12T11:01:54Z	NIKON CORPORATION NIKON D300S	23150382		7395154230	[u'ferry', u'istanbul', u'mosque', u'taskim', u'turkey']
