town_s	woe_is	urlpage_s	machine_ss	desc_ws	video_b	url_s	hour_i	hash_s	ext_s	user_s	country_s	upload_dt	license_s	taken_dt	device_s	line_i	title_s	id	tag_ss
Istanbul	[22724011, 2344116, 29390475, 2347289, 23424969, 28350899]	http://www.flickr.com/photos/32680154@N02/7395156390/			False	http://farm9.staticflickr.com/8157/7395156390_4a6793382f.jpg	14	e183c9f37a57833644bd8ec67aa78314	jpg	Mark Bethune	Turkey	2012-06-18T16:43:38Z	Attribution-NonCommercial-ShareAlike License	2012-06-13T14:07:03Z	NIKON CORPORATION NIKON D300S	94501009		7395156390	[u'ferry', u'istanbul', u'mosque', u'taskim', u'turkey']
Istanbul	[22724011, 2344116, 29390475, 2347289, 23424969, 28350899]	http://www.flickr.com/photos/32680154@N02/7395158646/			False	http://farm6.staticflickr.com/5443/7395158646_cbb9658cc3.jpg	14	9a5942d9e213adcee8f54c743d85bc7	jpg	Mark Bethune	Turkey	2012-06-18T16:44:00Z	Attribution-NonCommercial-ShareAlike License	2012-06-13T14:17:10Z	NIKON CORPORATION NIKON D300S	84246778		7395158646	[u'ferry', u'istanbul', u'mosque', u'taskim', u'turkey']
Istanbul	[22724011, 2344116, 29390475, 2347289, 23424969, 28350899]	http://www.flickr.com/photos/32680154@N02/7395160708/			False	http://farm9.staticflickr.com/8153/7395160708_7a80368dbf.jpg	14	8bbf146811779561243bddbe2cf14f3	jpg	Mark Bethune	Turkey	2012-06-18T16:44:19Z	Attribution-NonCommercial-ShareAlike License	2012-06-13T14:17:14Z	NIKON CORPORATION NIKON D300S	16976391		7395160708	[u'ferry', u'istanbul', u'mosque', u'taskim', u'turkey']
Istanbul	[22724011, 2344116, 29390475, 2347289, 23424969, 28350899]	http://www.flickr.com/photos/32680154@N02/7395162682/			False	http://farm9.staticflickr.com/8168/7395162682_8b609f5b82.jpg	14	a0664d2afb59f659f13161fe5ea8672a	jpg	Mark Bethune	Turkey	2012-06-18T16:44:38Z	Attribution-NonCommercial-ShareAlike License	2012-06-13T14:29:19Z	NIKON CORPORATION NIKON D300S	30791777		7395162682	[u'ferry', u'istanbul', u'mosque', u'taskim', u'turkey']
Istanbul	[22724011, 2344116, 29390475, 2347289, 23424969, 28350899]	http://www.flickr.com/photos/32680154@N02/7395164468/			False	http://farm8.staticflickr.com/7079/7395164468_ca27971730.jpg	14	c5f79d69b3f31f34e8f15c4f884c7cb4	jpg	Mark Bethune	Turkey	2012-06-18T16:44:55Z	Attribution-NonCommercial-ShareAlike License	2012-06-13T14:29:52Z	NIKON CORPORATION NIKON D300S	62612503		7395164468	[u'ferry', u'istanbul', u'mosque', u'taskim', u'turkey']
Istanbul	[22724011, 2344116, 29390475, 2347289, 23424969, 28350899]	http://www.flickr.com/photos/32680154@N02/7395166248/			False	http://farm9.staticflickr.com/8028/7395166248_d97f767857.jpg	14	2bba4085157ed2587bb2bdf2346f9ec	jpg	Mark Bethune	Turkey	2012-06-18T16:45:12Z	Attribution-NonCommercial-ShareAlike License	2012-06-13T14:31:41Z	NIKON CORPORATION NIKON D300S	81859952		7395166248	[u'ferry', u'istanbul', u'mosque', u'taskim', u'turkey']
Istanbul	[22724011, 2344116, 29390475, 2347289, 23424969, 28350899]	http://www.flickr.com/photos/32680154@N02/7395167524/			False	http://farm8.staticflickr.com/7217/7395167524_c87bd2dd25.jpg	14	63308c77961aa06b962d3cf478e86e3c	jpg	Mark Bethune	Turkey	2012-06-18T16:45:25Z	Attribution-NonCommercial-ShareAlike License	2012-06-13T14:32:09Z	NIKON CORPORATION NIKON D300S	78647011		7395167524	[u'ferry', u'istanbul', u'mosque', u'taskim', u'turkey']
Istanbul	[22724011, 2344116, 29390475, 2347289, 23424969, 28350899]	http://www.flickr.com/photos/32680154@N02/7395169374/			False	http://farm8.staticflickr.com/7076/7395169374_c814323c6c.jpg	14	a462b0cf85b56ea403aef28ad7ce976	jpg	Mark Bethune	Turkey	2012-06-18T16:45:42Z	Attribution-NonCommercial-ShareAlike License	2012-06-13T14:32:20Z	NIKON CORPORATION NIKON D300S	99877899		7395169374	[u'ferry', u'istanbul', u'mosque', u'taskim', u'turkey']
Istanbul	[22724011, 2344116, 29390475, 2347289, 23424969, 28350899]	http://www.flickr.com/photos/32680154@N02/7395171648/			False	http://farm6.staticflickr.com/5447/7395171648_d2d2a34c55.jpg	15	b4eaf7653e299885074567fc935acdf	jpg	Mark Bethune	Turkey	2012-06-18T16:46:02Z	Attribution-NonCommercial-ShareAlike License	2012-06-13T15:21:57Z	NIKON CORPORATION NIKON D300S	12568707		7395171648	[u'ferry', u'istanbul', u'mosque', u'taskim', u'turkey']
Istanbul	[22724011, 2344116, 29390475, 2347289, 23424969, 28350899]	http://www.flickr.com/photos/32680154@N02/7395173486/			False	http://farm8.staticflickr.com/7101/7395173486_2f935fb956.jpg	15	8f41dc34143df954b7cbfecfe7d35f1	jpg	Mark Bethune	Turkey	2012-06-18T16:46:18Z	Attribution-NonCommercial-ShareAlike License	2012-06-13T15:22:00Z	NIKON CORPORATION NIKON D300S	69746320		7395173486	[u'ferry', u'istanbul', u'mosque', u'taskim', u'turkey']
Istanbul	[22724011, 2344116, 29390475, 2347289, 23424969, 28350899]	http://www.flickr.com/photos/32680154@N02/7395174894/			False	http://farm6.staticflickr.com/5455/7395174894_530e79d69a.jpg	15	a23ed3b342b8234e2d571d7d6e6c88c	jpg	Mark Bethune	Turkey	2012-06-18T16:46:32Z	Attribution-NonCommercial-ShareAlike License	2012-06-13T15:22:45Z	NIKON CORPORATION NIKON D300S	87405836		7395174894	[u'ferry', u'istanbul', u'mosque', u'taskim', u'turkey']
Istanbul	[22724011, 2344116, 29390475, 2347289, 23424969, 28350899]	http://www.flickr.com/photos/32680154@N02/7395176350/			False	http://farm6.staticflickr.com/5197/7395176350_baf4cdf4a4.jpg	15	8e3195661c0d055833c714d8c8f93a1	jpg	Mark Bethune	Turkey	2012-06-18T16:46:45Z	Attribution-NonCommercial-ShareAlike License	2012-06-13T15:24:17Z	NIKON CORPORATION NIKON D300S	44237177		7395176350	[u'ferry', u'istanbul', u'mosque', u'taskim', u'turkey']
Istanbul	[22724011, 2344116, 29390475, 2347289, 23424969, 28350899]	http://www.flickr.com/photos/32680154@N02/7395177978/			False	http://farm9.staticflickr.com/8165/7395177978_dcfe683bdc.jpg	15	d92715f0ba652ab45db2889bbdb2eca7	jpg	Mark Bethune	Turkey	2012-06-18T16:46:59Z	Attribution-NonCommercial-ShareAlike License	2012-06-13T15:28:12Z	NIKON CORPORATION NIKON D300S	94683848		7395177978	[u'ferry', u'istanbul', u'mosque', u'taskim', u'turkey']
Istanbul	[22724011, 2344116, 29390475, 2347289, 23424969, 28350899]	http://www.flickr.com/photos/32680154@N02/7395180120/			False	http://farm9.staticflickr.com/8028/7395180120_d98be2559d.jpg	15	b9b9e8fbc88f70d0ca894090fa83	jpg	Mark Bethune	Turkey	2012-06-18T16:47:18Z	Attribution-NonCommercial-ShareAlike License	2012-06-13T15:30:07Z	NIKON CORPORATION NIKON D300S	71303601		7395180120	[u'ferry', u'istanbul', u'mosque', u'taskim', u'turkey']
Istanbul	[22724011, 2344116, 29390475, 2347289, 23424969, 28350899]	http://www.flickr.com/photos/32680154@N02/7395181782/			False	http://farm9.staticflickr.com/8143/7395181782_d460a263e1.jpg	15	3a13505a6bc8b58dc4befd4251a158cd	jpg	Mark Bethune	Turkey	2012-06-18T16:47:33Z	Attribution-NonCommercial-ShareAlike License	2012-06-13T15:35:24Z	NIKON CORPORATION NIKON D300S	63308153		7395181782	[u'ferry', u'istanbul', u'mosque', u'taskim', u'turkey']
Istanbul	[22724011, 2344116, 29390475, 2347289, 23424969, 28350899]	http://www.flickr.com/photos/32680154@N02/7395220460/			False	http://farm9.staticflickr.com/8005/7395220460_6fd578c07d.jpg	15	cabc934af1ad88f41f215fd1b3396266	jpg	Mark Bethune	Turkey	2012-06-18T16:53:31Z	Attribution-NonCommercial-ShareAlike License	2012-06-13T15:40:41Z	NIKON CORPORATION NIKON D300S	97795285		7395220460	[u'ferry', u'istanbul', u'mosque', u'taskim', u'turkey']
Istanbul	[22724011, 2344116, 29390475, 2347289, 23424969, 28350899]	http://www.flickr.com/photos/32680154@N02/7395222160/			False	http://farm6.staticflickr.com/5448/7395222160_b22933efef.jpg	15	298e706964dcd2147358bc574954dff	jpg	Mark Bethune	Turkey	2012-06-18T16:53:48Z	Attribution-NonCommercial-ShareAlike License	2012-06-13T15:40:43Z	NIKON CORPORATION NIKON D300S	72757864		7395222160	[u'ferry', u'istanbul', u'mosque', u'taskim', u'turkey']
Istanbul	[22724011, 2344116, 29390475, 2347289, 23424969, 28350899]	http://www.flickr.com/photos/32680154@N02/7395225154/			False	http://farm8.staticflickr.com/7093/7395225154_abea2022c4.jpg	15	46906fd5f79e78afe9c3de852c1549	jpg	Mark Bethune	Turkey	2012-06-18T16:54:16Z	Attribution-NonCommercial-ShareAlike License	2012-06-13T15:40:49Z	NIKON CORPORATION NIKON D300S	90351616		7395225154	[u'ferry', u'istanbul', u'mosque', u'taskim', u'turkey']
Istanbul	[22724011, 2344116, 29390475, 2347289, 23424969, 28350899]	http://www.flickr.com/photos/32680154@N02/7395227266/			False	http://farm8.staticflickr.com/7075/7395227266_4c99dcdaab.jpg	15	9575d5da207a631da58a9941ee2c8c60	jpg	Mark Bethune	Turkey	2012-06-18T16:54:37Z	Attribution-NonCommercial-ShareAlike License	2012-06-13T15:40:55Z	NIKON CORPORATION NIKON D300S	7575302		7395227266	[u'ferry', u'istanbul', u'mosque', u'taskim', u'turkey']
Istanbul	[22724011, 2344116, 29390475, 2347289, 23424969, 28350899]	http://www.flickr.com/photos/32680154@N02/7395228970/			False	http://farm6.staticflickr.com/5336/7395228970_466d52b4e0.jpg	15	efde88205ef9a06ef725dcf8dfe9373	jpg	Mark Bethune	Turkey	2012-06-18T16:54:54Z	Attribution-NonCommercial-ShareAlike License	2012-06-13T15:41:07Z	NIKON CORPORATION NIKON D300S	64899566		7395228970	[u'ferry', u'istanbul', u'mosque', u'taskim', u'turkey']
Istanbul	[22724011, 2344116, 29390475, 2347289, 23424969, 28350899]	http://www.flickr.com/photos/32680154@N02/7395231238/			False	http://farm6.staticflickr.com/5111/7395231238_4c6025deab.jpg	15	a927bdef3d1de853bb4569a7a9c666d	jpg	Mark Bethune	Turkey	2012-06-18T16:55:16Z	Attribution-NonCommercial-ShareAlike License	2012-06-13T15:42:01Z	NIKON CORPORATION NIKON D300S	62473272		7395231238	[u'ferry', u'istanbul', u'mosque', u'taskim', u'turkey']
Istanbul	[22724011, 2344116, 29390475, 2347289, 23424969, 28350899]	http://www.flickr.com/photos/32680154@N02/7395232558/			False	http://farm6.staticflickr.com/5119/7395232558_f5c46227f3.jpg	15	83be9012f3d692158d205e38bf2cf35d	jpg	Mark Bethune	Turkey	2012-06-18T16:55:29Z	Attribution-NonCommercial-ShareAlike License	2012-06-13T15:44:26Z	NIKON CORPORATION NIKON D300S	84697935		7395232558	[u'ferry', u'istanbul', u'mosque', u'taskim', u'turkey']
Istanbul	[22724011, 2344116, 29390475, 2347289, 23424969, 28350899]	http://www.flickr.com/photos/32680154@N02/7395233718/			False	http://farm8.staticflickr.com/7078/7395233718_53a085d450.jpg	15	3515dc5bf9c45311db9e74753613fe4	jpg	Mark Bethune	Turkey	2012-06-18T16:55:40Z	Attribution-NonCommercial-ShareAlike License	2012-06-13T15:46:41Z	NIKON CORPORATION NIKON D300S	81719187		7395233718	[u'ferry', u'istanbul', u'mosque', u'taskim', u'turkey']
Istanbul	[22724011, 2344116, 29390475, 2347289, 23424969, 28350899]	http://www.flickr.com/photos/32680154@N02/7395236036/			False	http://farm8.staticflickr.com/7073/7395236036_4b874d7ee7.jpg	15	29fe5834bcf29186233c7a875c9b2747	jpg	Mark Bethune	Turkey	2012-06-18T16:56:03Z	Attribution-NonCommercial-ShareAlike License	2012-06-13T15:46:46Z	NIKON CORPORATION NIKON D300S	75893636		7395236036	[u'ferry', u'istanbul', u'mosque', u'taskim', u'turkey']
Istanbul	[22724011, 2344116, 29390475, 2347289, 23424969, 28350899]	http://www.flickr.com/photos/32680154@N02/7395237492/			False	http://farm9.staticflickr.com/8160/7395237492_ba0e6bc62a.jpg	15	ab46e75340ee71e39169f6d99984866	jpg	Mark Bethune	Turkey	2012-06-18T16:56:18Z	Attribution-NonCommercial-ShareAlike License	2012-06-13T15:46:53Z	NIKON CORPORATION NIKON D300S	22994543		7395237492	[u'ferry', u'istanbul', u'mosque', u'taskim', u'turkey']
Istanbul	[22724011, 2344116, 29390475, 2347289, 23424969, 28350899]	http://www.flickr.com/photos/32680154@N02/7395239530/			False	http://farm6.staticflickr.com/5332/7395239530_0235bcfccc.jpg	15	73832fdd6c65d5ffbc17453881853959	jpg	Mark Bethune	Turkey	2012-06-18T16:56:37Z	Attribution-NonCommercial-ShareAlike License	2012-06-13T15:47:17Z	NIKON CORPORATION NIKON D300S	85077474		7395239530	[u'ferry', u'istanbul', u'mosque', u'taskim', u'turkey']
Istanbul	[22724011, 2344116, 29390475, 2347289, 23424969, 28350899]	http://www.flickr.com/photos/32680154@N02/7395240870/			False	http://farm6.staticflickr.com/5345/7395240870_edc6822091.jpg	16	ca4c4e36512b65efb28f22f8ff86e4	jpg	Mark Bethune	Turkey	2012-06-18T16:56:50Z	Attribution-NonCommercial-ShareAlike License	2012-06-13T16:37:02Z	NIKON CORPORATION NIKON D300S	18100235		7395240870	[u'ferry', u'istanbul', u'mosque', u'taskim', u'turkey']
Istanbul	[22724011, 2344116, 29390475, 2347289, 23424969, 28350899]	http://www.flickr.com/photos/32680154@N02/7395241900/			False	http://farm9.staticflickr.com/8011/7395241900_f35474109e.jpg	16	b5605f93b66bfbafee1dc6d9ab77c03f	jpg	Mark Bethune	Turkey	2012-06-18T16:57:01Z	Attribution-NonCommercial-ShareAlike License	2012-06-13T16:37:11Z	NIKON CORPORATION NIKON D300S	8445192		7395241900	[u'ferry', u'istanbul', u'mosque', u'taskim', u'turkey']
Istanbul	[22724011, 2344116, 29390475, 2347289, 23424969, 28350899]	http://www.flickr.com/photos/32680154@N02/7395243998/			False	http://farm6.staticflickr.com/5160/7395243998_ce40f4cc2f.jpg	16	967fb753b9a7ad6d91fe6736783b8eb3	jpg	Mark Bethune	Turkey	2012-06-18T16:57:21Z	Attribution-NonCommercial-ShareAlike License	2012-06-13T16:37:24Z	NIKON CORPORATION NIKON D300S	71773876		7395243998	[u'ferry', u'istanbul', u'mosque', u'taskim', u'turkey']
Istanbul	[22724011, 2344116, 29390475, 2347289, 23424969, 28350899]	http://www.flickr.com/photos/32680154@N02/7395246224/			False	http://farm9.staticflickr.com/8146/7395246224_e1d6c7804d.jpg	16	4c48d249e8bfe3f55a999915dbb1f92	jpg	Mark Bethune	Turkey	2012-06-18T16:57:44Z	Attribution-NonCommercial-ShareAlike License	2012-06-13T16:49:24Z	NIKON CORPORATION NIKON D300S	65939716		7395246224	[u'ferry', u'istanbul', u'mosque', u'taskim', u'turkey']
Istanbul	[22724011, 2344116, 29390475, 2347289, 23424969, 28350899]	http://www.flickr.com/photos/32680154@N02/7395247570/			False	http://farm8.staticflickr.com/7211/7395247570_bbddcdac51.jpg	16	af4bce9ec645a5c48b2175233df41a28	jpg	Mark Bethune	Turkey	2012-06-18T16:57:58Z	Attribution-NonCommercial-ShareAlike License	2012-06-13T16:49:46Z	NIKON CORPORATION NIKON D300S	91321969		7395247570	[u'ferry', u'istanbul', u'mosque', u'taskim', u'turkey']
Istanbul	[22724011, 2344116, 29390475, 2347289, 23424969, 28350899]	http://www.flickr.com/photos/32680154@N02/7395250200/			False	http://farm8.staticflickr.com/7096/7395250200_fa9c183b7b.jpg	16	88957a153b20ce28f3afa5182c7c1a6	jpg	Mark Bethune	Turkey	2012-06-18T16:58:25Z	Attribution-NonCommercial-ShareAlike License	2012-06-13T16:49:57Z	NIKON CORPORATION NIKON D300S	76793211		7395250200	[u'ferry', u'istanbul', u'mosque', u'taskim', u'turkey']
Istanbul	[22724011, 2344116, 29390475, 2347289, 23424969, 28350899]	http://www.flickr.com/photos/32680154@N02/7395252072/			False	http://farm8.staticflickr.com/7242/7395252072_47c71f9546.jpg	16	fb2b858f60f0d1d1f21d24da699f9796	jpg	Mark Bethune	Turkey	2012-06-18T16:58:44Z	Attribution-NonCommercial-ShareAlike License	2012-06-13T16:50:55Z	NIKON CORPORATION NIKON D300S	21970606		7395252072	[u'ferry', u'istanbul', u'mosque', u'taskim', u'turkey']
Istanbul	[22724011, 2344116, 29390475, 2347289, 23424969, 28350899]	http://www.flickr.com/photos/32680154@N02/7395253640/			False	http://farm8.staticflickr.com/7098/7395253640_07c6117071.jpg	16	158e86b434fe4ba89cc7f2251844b197	jpg	Mark Bethune	Turkey	2012-06-18T16:58:59Z	Attribution-NonCommercial-ShareAlike License	2012-06-13T16:52:29Z	NIKON CORPORATION NIKON D300S	66266997		7395253640	[u'ferry', u'istanbul', u'mosque', u'taskim', u'turkey']
Istanbul	[22724011, 2344116, 29390475, 2347289, 23424969, 28350899]	http://www.flickr.com/photos/32680154@N02/7395255692/			False	http://farm8.staticflickr.com/7100/7395255692_c6c4a9ca60.jpg	17	1e9ec456d1ca93f2cabaa4d4df878cf6	jpg	Mark Bethune	Turkey	2012-06-18T16:59:19Z	Attribution-NonCommercial-ShareAlike License	2012-06-13T17:10:04Z	NIKON CORPORATION NIKON D300S	76042384		7395255692	[u'ferry', u'istanbul', u'mosque', u'taskim', u'turkey']
Istanbul	[22724011, 2344116, 29390475, 2347289, 23424969, 28350899]	http://www.flickr.com/photos/32680154@N02/7395257664/			False	http://farm8.staticflickr.com/7232/7395257664_08c7bc7f0b.jpg	17	a8d858549c3ff46a148bd22111b47883	jpg	Mark Bethune	Turkey	2012-06-18T16:59:39Z	Attribution-NonCommercial-ShareAlike License	2012-06-13T17:50:31Z	NIKON CORPORATION NIKON D300S	72233004		7395257664	[u'ferry', u'istanbul', u'mosque', u'taskim', u'turkey']
Istanbul	[22724011, 2344116, 29390475, 2347289, 23424969, 28350899]	http://www.flickr.com/photos/32680154@N02/7395259370/			False	http://farm9.staticflickr.com/8148/7395259370_d318d4fb5f.jpg	17	efbdc56e64f839394ba045c0d8a92a76	jpg	Mark Bethune	Turkey	2012-06-18T16:59:57Z	Attribution-NonCommercial-ShareAlike License	2012-06-13T17:50:36Z	NIKON CORPORATION NIKON D300S	72642419		7395259370	[u'ferry', u'istanbul', u'mosque', u'taskim', u'turkey']
Istanbul	[22724011, 2344116, 29390475, 2347289, 23424969, 28350899]	http://www.flickr.com/photos/32680154@N02/7395261406/			False	http://farm6.staticflickr.com/5155/7395261406_a61f2e1822.jpg	18	3a8ef06d24c0e73f6da87fa93db5766e	jpg	Mark Bethune	Turkey	2012-06-18T17:00:18Z	Attribution-NonCommercial-ShareAlike License	2012-06-13T18:13:29Z	NIKON CORPORATION NIKON D300S	92943918		7395261406	[u'ferry', u'istanbul', u'mosque', u'taskim', u'turkey']
Istanbul	[22724011, 2344116, 29390475, 2347289, 23424969, 28350899]	http://www.flickr.com/photos/32680154@N02/7395263334/			False	http://farm8.staticflickr.com/7102/7395263334_e9a50ae24c.jpg	18	7f4b7a2c6cb97442862dbf5f15ae37	jpg	Mark Bethune	Turkey	2012-06-18T17:00:37Z	Attribution-NonCommercial-ShareAlike License	2012-06-13T18:32:22Z	NIKON CORPORATION NIKON D300S	48357486		7395263334	[u'ferry', u'istanbul', u'mosque', u'taskim', u'turkey']
Istanbul	[22724011, 2344116, 29390475, 2347289, 23424969, 28350899]	http://www.flickr.com/photos/32680154@N02/7395265632/			False	http://farm6.staticflickr.com/5039/7395265632_09dae521e0.jpg	18	abffbd485d6091aebfc9d25d4c527846	jpg	Mark Bethune	Turkey	2012-06-18T17:01:00Z	Attribution-NonCommercial-ShareAlike License	2012-06-13T18:32:25Z	NIKON CORPORATION NIKON D300S	67688445		7395265632	[u'ferry', u'istanbul', u'mosque', u'taskim', u'turkey']
Istanbul	[22724011, 2344116, 29390475, 2347289, 23424969, 28350899]	http://www.flickr.com/photos/32680154@N02/7395267426/			False	http://farm8.staticflickr.com/7075/7395267426_85d6b9d08a.jpg	18	2ac9a469ef4a4e494fa762317d75f77e	jpg	Mark Bethune	Turkey	2012-06-18T17:01:17Z	Attribution-NonCommercial-ShareAlike License	2012-06-13T18:32:31Z	NIKON CORPORATION NIKON D300S	98338425		7395267426	[u'ferry', u'istanbul', u'mosque', u'taskim', u'turkey']
Istanbul	[22724011, 2344116, 29390475, 2347289, 23424969, 28350899]	http://www.flickr.com/photos/32680154@N02/7395269312/			False	http://farm9.staticflickr.com/8163/7395269312_685e062a13.jpg	18	12ca158af15b2c7e5717ec5671dd473	jpg	Mark Bethune	Turkey	2012-06-18T17:01:36Z	Attribution-NonCommercial-ShareAlike License	2012-06-13T18:33:04Z	NIKON CORPORATION NIKON D300S	72795303		7395269312	[u'ferry', u'istanbul', u'mosque', u'taskim', u'turkey']
Istanbul	[22724011, 2344116, 29390475, 2347289, 23424969, 28350899]	http://www.flickr.com/photos/32680154@N02/7395270780/			False	http://farm8.staticflickr.com/7100/7395270780_2e30bcf10c.jpg	18	2b6b3ccb178588fbb3493553b39db	jpg	Mark Bethune	Turkey	2012-06-18T17:01:51Z	Attribution-NonCommercial-ShareAlike License	2012-06-13T18:33:17Z	NIKON CORPORATION NIKON D300S	90923127		7395270780	[u'ferry', u'istanbul', u'mosque', u'taskim', u'turkey']
Istanbul	[22724011, 2344116, 29390475, 2347289, 23424969, 28350899]	http://www.flickr.com/photos/32680154@N02/7395273496/			False	http://farm9.staticflickr.com/8009/7395273496_1552dbc0b2.jpg	18	c617a938f72a7e86c3b3927cecf6c7c	jpg	Mark Bethune	Turkey	2012-06-18T17:02:16Z	Attribution-NonCommercial-ShareAlike License	2012-06-13T18:36:18Z	NIKON CORPORATION NIKON D300S	95063952		7395273496	[u'ferry', u'istanbul', u'mosque', u'taskim', u'turkey']
Istanbul	[22724011, 2344116, 29390475, 2347289, 23424969, 28350899]	http://www.flickr.com/photos/32680154@N02/7395275056/			False	http://farm9.staticflickr.com/8010/7395275056_afd62d0320.jpg	18	be014f68ea494971c6fa19d246437	jpg	Mark Bethune	Turkey	2012-06-18T17:02:31Z	Attribution-NonCommercial-ShareAlike License	2012-06-13T18:36:25Z	NIKON CORPORATION NIKON D300S	64045352		7395275056	[u'ferry', u'istanbul', u'mosque', u'taskim', u'turkey']
Istanbul	[22724011, 2344116, 29390475, 2347289, 23424969, 28350899]	http://www.flickr.com/photos/32680154@N02/7395276310/			False	http://farm8.staticflickr.com/7102/7395276310_9922851f3d.jpg	18	ab20acf48636f2f16f0784b6b9d16a0	jpg	Mark Bethune	Turkey	2012-06-18T17:02:43Z	Attribution-NonCommercial-ShareAlike License	2012-06-13T18:36:35Z	NIKON CORPORATION NIKON D300S	90557838		7395276310	[u'ferry', u'istanbul', u'mosque', u'taskim', u'turkey']
Istanbul	[22724011, 2344116, 29390475, 2347289, 23424969, 28350899]	http://www.flickr.com/photos/32680154@N02/7395277804/			False	http://farm8.staticflickr.com/7216/7395277804_8373c27579.jpg	18	a2b1267522c9a583b6ff56f55fa81488	jpg	Mark Bethune	Turkey	2012-06-18T17:02:59Z	Attribution-NonCommercial-ShareAlike License	2012-06-13T18:36:58Z	NIKON CORPORATION NIKON D300S	71777995		7395277804	[u'ferry', u'istanbul', u'mosque', u'taskim', u'turkey']
Istanbul	[22724011, 2344116, 29390475, 2347289, 23424969, 28350899]	http://www.flickr.com/photos/32680154@N02/7395279464/			False	http://farm8.staticflickr.com/7085/7395279464_ee62f52fdf.jpg	18	f093175cfd13e985618bd75dfd51a4c7	jpg	Mark Bethune	Turkey	2012-06-18T17:03:16Z	Attribution-NonCommercial-ShareAlike License	2012-06-13T18:37:46Z	NIKON CORPORATION NIKON D300S	67333222		7395279464	[u'ferry', u'istanbul', u'mosque', u'taskim', u'turkey']
Istanbul	[22724011, 2344116, 29390475, 2347289, 23424969, 28350899]	http://www.flickr.com/photos/32680154@N02/7395281718/			False	http://farm9.staticflickr.com/8019/7395281718_5146efb903.jpg	18	a64abfacbcb35536dc659da8c6d32	jpg	Mark Bethune	Turkey	2012-06-18T17:03:39Z	Attribution-NonCommercial-ShareAlike License	2012-06-13T18:38:17Z	NIKON CORPORATION NIKON D300S	68156776		7395281718	[u'ferry', u'istanbul', u'mosque', u'taskim', u'turkey']
Istanbul	[22724011, 2344116, 29390475, 2347289, 23424969, 28350899]	http://www.flickr.com/photos/32680154@N02/7395284268/			False	http://farm8.staticflickr.com/7241/7395284268_11cf2cec45.jpg	18	36de6f6b6ff96d5354e2be4b3f41b7a	jpg	Mark Bethune	Turkey	2012-06-18T17:04:04Z	Attribution-NonCommercial-ShareAlike License	2012-06-13T18:39:41Z	NIKON CORPORATION NIKON D300S	52631086		7395284268	[u'ferry', u'istanbul', u'mosque', u'taskim', u'turkey']
Istanbul	[22724011, 2344116, 29390475, 2347289, 23424969, 28350899]	http://www.flickr.com/photos/32680154@N02/7395286522/			False	http://farm8.staticflickr.com/7085/7395286522_cda2431249.jpg	18	dd2a1ffcfe79fc6359e4ce31b97d35f	jpg	Mark Bethune	Turkey	2012-06-18T17:04:27Z	Attribution-NonCommercial-ShareAlike License	2012-06-13T18:39:46Z	NIKON CORPORATION NIKON D300S	98152112		7395286522	[u'ferry', u'istanbul', u'mosque', u'taskim', u'turkey']
Istanbul	[22724011, 2344116, 29390475, 2347289, 23424969, 28350899]	http://www.flickr.com/photos/32680154@N02/7395289232/			False	http://farm8.staticflickr.com/7216/7395289232_7b02bfe405.jpg	18	5d6aabfb5deeb697be6559aa13bb83b	jpg	Mark Bethune	Turkey	2012-06-18T17:04:53Z	Attribution-NonCommercial-ShareAlike License	2012-06-13T18:41:37Z	NIKON CORPORATION NIKON D300S	96366671		7395289232	[u'ferry', u'istanbul', u'mosque', u'taskim', u'turkey']
Istanbul	[22724011, 2344116, 29390475, 2347289, 23424969, 28350899]	http://www.flickr.com/photos/32680154@N02/7395291220/			False	http://farm8.staticflickr.com/7083/7395291220_014e91494c.jpg	18	2b1fa0ab020b89f4d9b34f2c5bd1ff1	jpg	Mark Bethune	Turkey	2012-06-18T17:05:12Z	Attribution-NonCommercial-ShareAlike License	2012-06-13T18:42:39Z	NIKON CORPORATION NIKON D300S	93164065		7395291220	[u'ferry', u'istanbul', u'mosque', u'taskim', u'turkey']
Istanbul	[22724011, 2344116, 29390475, 2347289, 23424969, 28350899]	http://www.flickr.com/photos/32680154@N02/7395294230/			False	http://farm9.staticflickr.com/8026/7395294230_a71d6de6b9.jpg	18	288197f6bb673cd54dc9a5a04cbab1bc	jpg	Mark Bethune	Turkey	2012-06-18T17:05:41Z	Attribution-NonCommercial-ShareAlike License	2012-06-13T18:43:47Z	NIKON CORPORATION NIKON D300S	71822192		7395294230	[u'ferry', u'istanbul', u'mosque', u'taskim', u'turkey']
Istanbul	[22724011, 2344116, 29390475, 2347289, 23424969, 28350899]	http://www.flickr.com/photos/32680154@N02/7395297166/			False	http://farm9.staticflickr.com/8160/7395297166_831111e9a9.jpg	18	892b77c32027c8a82793d94a441ca33c	jpg	Mark Bethune	Turkey	2012-06-18T17:06:08Z	Attribution-NonCommercial-ShareAlike License	2012-06-13T18:44:57Z	NIKON CORPORATION NIKON D300S	56094609		7395297166	[u'ferry', u'istanbul', u'mosque', u'taskim', u'turkey']
Istanbul	[22724011, 2344116, 29390475, 2347289, 23424969, 28350899]	http://www.flickr.com/photos/32680154@N02/7395299322/			False	http://farm6.staticflickr.com/5114/7395299322_b625e1a6fe.jpg	18	2980497b1828dba3eaa52ec44f5246	jpg	Mark Bethune	Turkey	2012-06-18T17:06:28Z	Attribution-NonCommercial-ShareAlike License	2012-06-13T18:45:00Z	NIKON CORPORATION NIKON D300S	89446416		7395299322	[u'ferry', u'istanbul', u'mosque', u'taskim', u'turkey']
Istanbul	[22724011, 2344116, 29390475, 2347289, 23424969, 28350899]	http://www.flickr.com/photos/32680154@N02/7395301730/			False	http://farm8.staticflickr.com/7101/7395301730_60d2ecac5b.jpg	18	792c575eefee8bbfe41c20a87fed9	jpg	Mark Bethune	Turkey	2012-06-18T17:06:52Z	Attribution-NonCommercial-ShareAlike License	2012-06-13T18:45:05Z	NIKON CORPORATION NIKON D300S	76796120		7395301730	[u'ferry', u'istanbul', u'mosque', u'taskim', u'turkey']
Istanbul	[22724011, 2344116, 29390475, 2347289, 23424969, 28350899]	http://www.flickr.com/photos/32680154@N02/7395305066/			False	http://farm9.staticflickr.com/8145/7395305066_910d86eb83.jpg	18	a49cc38a2eba5d9e6df9931745bc	jpg	Mark Bethune	Turkey	2012-06-18T17:07:25Z	Attribution-NonCommercial-ShareAlike License	2012-06-13T18:45:16Z	NIKON CORPORATION NIKON D300S	86763003		7395305066	[u'ferry', u'istanbul', u'mosque', u'taskim', u'turkey']
Istanbul	[22724011, 2344116, 29390475, 2347289, 23424969, 28350899]	http://www.flickr.com/photos/32680154@N02/7395307784/			False	http://farm8.staticflickr.com/7226/7395307784_9cc2b3b7a6.jpg	18	9e3d3020e68a6ef25f1715e5b49038	jpg	Mark Bethune	Turkey	2012-06-18T17:07:51Z	Attribution-NonCommercial-ShareAlike License	2012-06-13T18:45:30Z	NIKON CORPORATION NIKON D300S	92728418		7395307784	[u'ferry', u'istanbul', u'mosque', u'taskim', u'turkey']
Istanbul	[22724011, 2344116, 29390475, 2347289, 23424969, 28350899]	http://www.flickr.com/photos/32680154@N02/7395309720/			False	http://farm6.staticflickr.com/5035/7395309720_dc9e333fff.jpg	18	e2d5505d1598e2d42a9316968b3b584c	jpg	Mark Bethune	Turkey	2012-06-18T17:08:09Z	Attribution-NonCommercial-ShareAlike License	2012-06-13T18:45:51Z	NIKON CORPORATION NIKON D300S	5015354		7395309720	[u'ferry', u'istanbul', u'mosque', u'taskim', u'turkey']
Istanbul	[22724011, 2344116, 29390475, 2347289, 23424969, 28350899]	http://www.flickr.com/photos/32680154@N02/7395311260/			False	http://farm8.staticflickr.com/7223/7395311260_4b98fb33fb.jpg	18	fb9655ee6e73228aa9e9aaa47c7b62b	jpg	Mark Bethune	Turkey	2012-06-18T17:08:24Z	Attribution-NonCommercial-ShareAlike License	2012-06-13T18:46:06Z	NIKON CORPORATION NIKON D300S	35502309		7395311260	[u'ferry', u'istanbul', u'mosque', u'taskim', u'turkey']
Istanbul	[22724011, 2344116, 29390475, 2347289, 23424969, 28350899]	http://www.flickr.com/photos/32680154@N02/7395313676/			False	http://farm8.staticflickr.com/7230/7395313676_b36223ce72.jpg	18	9f88c446c284ea58492ebdaa35275a	jpg	Mark Bethune	Turkey	2012-06-18T17:08:47Z	Attribution-NonCommercial-ShareAlike License	2012-06-13T18:46:29Z	NIKON CORPORATION NIKON D300S	23918840		7395313676	[u'ferry', u'istanbul', u'mosque', u'taskim', u'turkey']
Istanbul	[22724011, 2344116, 29390475, 2347289, 23424969, 28350899]	http://www.flickr.com/photos/32680154@N02/7395316246/			False	http://farm8.staticflickr.com/7104/7395316246_74667cb634.jpg	18	8d7575db1bec3b82e96f9bc57ed11	jpg	Mark Bethune	Turkey	2012-06-18T17:09:12Z	Attribution-NonCommercial-ShareAlike License	2012-06-13T18:46:42Z	NIKON CORPORATION NIKON D300S	98573973		7395316246	[u'ferry', u'istanbul', u'mosque', u'taskim', u'turkey']
Istanbul	[22724011, 2344116, 29390475, 2347289, 23424969, 28350899]	http://www.flickr.com/photos/32680154@N02/7395318746/			False	http://farm8.staticflickr.com/7225/7395318746_c494e10d92.jpg	18	f98b3e8a5a10ee28c3cfee737cc636	jpg	Mark Bethune	Turkey	2012-06-18T17:09:37Z	Attribution-NonCommercial-ShareAlike License	2012-06-13T18:47:06Z	NIKON CORPORATION NIKON D300S	89479400		7395318746	[u'ferry', u'istanbul', u'mosque', u'taskim', u'turkey']
Istanbul	[22724011, 2344116, 29390475, 2347289, 23424969, 28350899]	http://www.flickr.com/photos/32680154@N02/7395320924/			False	http://farm6.staticflickr.com/5443/7395320924_9ee855e598.jpg	18	6f5528763c90451bd69c8afcfe0b8	jpg	Mark Bethune	Turkey	2012-06-18T17:09:59Z	Attribution-NonCommercial-ShareAlike License	2012-06-13T18:47:35Z	NIKON CORPORATION NIKON D300S	70803709		7395320924	[u'ferry', u'istanbul', u'mosque', u'taskim', u'turkey']
Istanbul	[22724011, 2344116, 29390475, 2347289, 23424969, 28350899]	http://www.flickr.com/photos/32680154@N02/7395322678/			False	http://farm8.staticflickr.com/7211/7395322678_bb32846afe.jpg	18	4fba2b429289a4525e6dd633e74d2d22	jpg	Mark Bethune	Turkey	2012-06-18T17:10:17Z	Attribution-NonCommercial-ShareAlike License	2012-06-13T18:49:49Z	NIKON CORPORATION NIKON D300S	84140059		7395322678	[u'ferry', u'istanbul', u'mosque', u'taskim', u'turkey']
Istanbul	[22724011, 2344116, 29390475, 2347289, 23424969, 28350899]	http://www.flickr.com/photos/32680154@N02/7395324152/			False	http://farm8.staticflickr.com/7079/7395324152_c8717fe533.jpg	18	7ce2f4e091f013102acd4f265edffaf4	jpg	Mark Bethune	Turkey	2012-06-18T17:10:32Z	Attribution-NonCommercial-ShareAlike License	2012-06-13T18:50:30Z	NIKON CORPORATION NIKON D300S	68971202		7395324152	[u'ferry', u'istanbul', u'mosque', u'taskim', u'turkey']
Istanbul	[22724011, 2344116, 29390475, 2347289, 23424969, 28350899]	http://www.flickr.com/photos/32680154@N02/7395326626/			False	http://farm6.staticflickr.com/5444/7395326626_3ddcf0ccc0.jpg	18	94b6a611446cb0da8d518cb77e8c428	jpg	Mark Bethune	Turkey	2012-06-18T17:10:57Z	Attribution-NonCommercial-ShareAlike License	2012-06-13T18:50:42Z	NIKON CORPORATION NIKON D300S	90500860		7395326626	[u'ferry', u'istanbul', u'mosque', u'taskim', u'turkey']
Istanbul	[22724011, 2344116, 29390475, 2347289, 23424969, 28350899]	http://www.flickr.com/photos/32680154@N02/7395328484/			False	http://farm8.staticflickr.com/7231/7395328484_15e1948ae5.jpg	18	df7c6e828b33be9526333bf44d2e113a	jpg	Mark Bethune	Turkey	2012-06-18T17:11:15Z	Attribution-NonCommercial-ShareAlike License	2012-06-13T18:51:48Z	NIKON CORPORATION NIKON D300S	68158697		7395328484	[u'ferry', u'istanbul', u'mosque', u'taskim', u'turkey']
Istanbul	[22724011, 2344116, 29390475, 2347289, 23424969, 28350899]	http://www.flickr.com/photos/32680154@N02/7395329994/			False	http://farm8.staticflickr.com/7093/7395329994_bbd830cd82.jpg	18	b30a9519a1dbc9e95b9f23fdeae54b	jpg	Mark Bethune	Turkey	2012-06-18T17:11:31Z	Attribution-NonCommercial-ShareAlike License	2012-06-13T18:52:07Z	NIKON CORPORATION NIKON D300S	70847399		7395329994	[u'ferry', u'istanbul', u'mosque', u'taskim', u'turkey']
Istanbul	[22724011, 2344116, 29390475, 2347289, 23424969, 28350899]	http://www.flickr.com/photos/32680154@N02/7395331806/			False	http://farm8.staticflickr.com/7232/7395331806_44642ddeca.jpg	18	2bb3ddedb2c8a775aadf98ca13c9	jpg	Mark Bethune	Turkey	2012-06-18T17:11:49Z	Attribution-NonCommercial-ShareAlike License	2012-06-13T18:52:20Z	NIKON CORPORATION NIKON D300S	63743242		7395331806	[u'ferry', u'istanbul', u'mosque', u'taskim', u'turkey']
Istanbul	[22724011, 2344116, 29390475, 2347289, 23424969, 28350899]	http://www.flickr.com/photos/32680154@N02/7395333698/			False	http://farm6.staticflickr.com/5235/7395333698_bec0391717.jpg	18	3728a1fa65eb8db244d2205a13a339a7	jpg	Mark Bethune	Turkey	2012-06-18T17:12:08Z	Attribution-NonCommercial-ShareAlike License	2012-06-13T18:53:43Z	NIKON CORPORATION NIKON D300S	90417243		7395333698	[u'ferry', u'istanbul', u'mosque', u'taskim', u'turkey']
Istanbul	[22724011, 2344116, 29390475, 2347289, 23424969, 28350899]	http://www.flickr.com/photos/32680154@N02/7395335826/			False	http://farm9.staticflickr.com/8160/7395335826_edd3eebcff.jpg	19	b612d77fb48d5bbf425aba9b4b732150	jpg	Mark Bethune	Turkey	2012-06-18T17:12:29Z	Attribution-NonCommercial-ShareAlike License	2012-06-13T19:31:40Z	NIKON CORPORATION NIKON D300S	45300134		7395335826	[u'ferry', u'istanbul', u'mosque', u'taskim', u'turkey']
Istanbul	[22724011, 2344116, 29390475, 2347289, 23424969, 28350899]	http://www.flickr.com/photos/32680154@N02/7395337764/			False	http://farm8.staticflickr.com/7225/7395337764_04d4b873e8.jpg	19	5c14ebc1fef48328bf04c826b66d4d	jpg	Mark Bethune	Turkey	2012-06-18T17:12:47Z	Attribution-NonCommercial-ShareAlike License	2012-06-13T19:31:53Z	NIKON CORPORATION NIKON D300S	73194880		7395337764	[u'ferry', u'istanbul', u'mosque', u'taskim', u'turkey']
Istanbul	[22724011, 2344116, 29390475, 2347289, 23424969, 28350899]	http://www.flickr.com/photos/32680154@N02/7395338974/			False	http://farm8.staticflickr.com/7102/7395338974_ef9a23017e.jpg	19	c4e2c5c582b8cfc989adbb57f96c7cf	jpg	Mark Bethune	Turkey	2012-06-18T17:12:59Z	Attribution-NonCommercial-ShareAlike License	2012-06-13T19:31:57Z	NIKON CORPORATION NIKON D300S	76001935		7395338974	[u'ferry', u'istanbul', u'mosque', u'taskim', u'turkey']
Istanbul	[22724011, 2344116, 29390475, 2347289, 23424969, 28350899]	http://www.flickr.com/photos/32680154@N02/7395342174/			False	http://farm8.staticflickr.com/7080/7395342174_2e65e9de7a.jpg	19	c54b60b5e368e4c18303884d2f326fc	jpg	Mark Bethune	Turkey	2012-06-18T17:13:30Z	Attribution-NonCommercial-ShareAlike License	2012-06-13T19:32:14Z	NIKON CORPORATION NIKON D300S	99583310		7395342174	[u'ferry', u'istanbul', u'mosque', u'taskim', u'turkey']
Istanbul	[22724011, 2344116, 29390475, 2347289, 23424969, 28350899]	http://www.flickr.com/photos/32680154@N02/7395343898/			False	http://farm8.staticflickr.com/7083/7395343898_985cd59d1c.jpg	19	851a431e941fa823ae68353c9127822e	jpg	Mark Bethune	Turkey	2012-06-18T17:13:47Z	Attribution-NonCommercial-ShareAlike License	2012-06-13T19:32:36Z	NIKON CORPORATION NIKON D300S	20422809		7395343898	[u'ferry', u'istanbul', u'mosque', u'taskim', u'turkey']
Istanbul	[22724011, 2344116, 29390475, 2347289, 23424969, 28350899]	http://www.flickr.com/photos/32680154@N02/7395346210/			False	http://farm8.staticflickr.com/7105/7395346210_5e7caba856.jpg	20	6558c692eb2283abf97749abff3ae7e	jpg	Mark Bethune	Turkey	2012-06-18T17:14:10Z	Attribution-NonCommercial-ShareAlike License	2012-06-13T20:08:29Z	NIKON CORPORATION NIKON D300S	27467765		7395346210	[u'ferry', u'istanbul', u'mosque', u'taskim', u'turkey']
Istanbul	[22724011, 2344116, 29390475, 2347289, 23424969, 28350899]	http://www.flickr.com/photos/32680154@N02/7395348100/			False	http://farm9.staticflickr.com/8151/7395348100_b7849ba7fd.jpg	20	6db7ebdbfa698824c2c755522eec02	jpg	Mark Bethune	Turkey	2012-06-18T17:14:28Z	Attribution-NonCommercial-ShareAlike License	2012-06-13T20:08:38Z	NIKON CORPORATION NIKON D300S	89231760		7395348100	[u'ferry', u'istanbul', u'mosque', u'taskim', u'turkey']
Istanbul	[22724011, 2344116, 29390475, 2347289, 23424969, 28350899]	http://www.flickr.com/photos/32680154@N02/7395350062/			False	http://farm9.staticflickr.com/8161/7395350062_34e6df8496.jpg	20	1839f9b58f8b3c31929f8eac645d59c	jpg	Mark Bethune	Turkey	2012-06-18T17:14:46Z	Attribution-NonCommercial-ShareAlike License	2012-06-13T20:08:45Z	NIKON CORPORATION NIKON D300S	66453260		7395350062	[u'ferry', u'istanbul', u'mosque', u'taskim', u'turkey']
Istanbul	[22724011, 2344116, 29390475, 2347289, 23424969, 28350899]	http://www.flickr.com/photos/32680154@N02/7395352816/			False	http://farm8.staticflickr.com/7072/7395352816_52bb954577.jpg	20	235f50f935f67cdff381ea962b2	jpg	Mark Bethune	Turkey	2012-06-18T17:15:13Z	Attribution-NonCommercial-ShareAlike License	2012-06-13T20:21:49Z	NIKON CORPORATION NIKON D300S	88219286		7395352816	[u'ferry', u'istanbul', u'mosque', u'taskim', u'turkey']
Istanbul	[22724011, 2344116, 29390475, 2347289, 23424969, 28350899]	http://www.flickr.com/photos/32680154@N02/7395354754/			False	http://farm8.staticflickr.com/7104/7395354754_bca077c36b.jpg	20	0d157c887c4cba55634d89fce1b289	jpg	Mark Bethune	Turkey	2012-06-18T17:15:32Z	Attribution-NonCommercial-ShareAlike License	2012-06-13T20:22:19Z	NIKON CORPORATION NIKON D300S	62077760		7395354754	[u'ferry', u'istanbul', u'mosque', u'taskim', u'turkey']
Istanbul	[22724011, 2344116, 29390475, 2347289, 23424969, 28350899]	http://www.flickr.com/photos/32680154@N02/7395357950/			False	http://farm9.staticflickr.com/8142/7395357950_4166526b2c.jpg	20	5b44bba28cdcdebf7f73bf67c4b85	jpg	Mark Bethune	Turkey	2012-06-18T17:16:01Z	Attribution-NonCommercial-ShareAlike License	2012-06-13T20:22:28Z	NIKON CORPORATION NIKON D300S	62532183		7395357950	[u'ferry', u'istanbul', u'mosque', u'taskim', u'turkey']
Istanbul	[22724011, 2344116, 29390475, 2347289, 23424969, 28350899]	http://www.flickr.com/photos/32680154@N02/7395360856/			False	http://farm8.staticflickr.com/7083/7395360856_6c618e6b9d.jpg	20	5cbeabba9111e438af546d9d7a6833fe	jpg	Mark Bethune	Turkey	2012-06-18T17:16:27Z	Attribution-NonCommercial-ShareAlike License	2012-06-13T20:28:00Z	NIKON CORPORATION NIKON D300S	35136845		7395360856	[u'ferry', u'istanbul', u'mosque', u'taskim', u'turkey']
Istanbul	[22724011, 2344116, 29390475, 2347289, 23424969, 28350899]	http://www.flickr.com/photos/32680154@N02/7395363412/			False	http://farm6.staticflickr.com/5200/7395363412_3c4c6ae049.jpg	20	991cb295175fa7adc399be58264ea9f	jpg	Mark Bethune	Turkey	2012-06-18T17:16:50Z	Attribution-NonCommercial-ShareAlike License	2012-06-13T20:35:39Z	NIKON CORPORATION NIKON D300S	77580079		7395363412	[u'ferry', u'istanbul', u'mosque', u'taskim', u'turkey']
Istanbul	[22724011, 2344116, 29390475, 2347289, 23424969, 28350899]	http://www.flickr.com/photos/32680154@N02/7395365666/			False	http://farm8.staticflickr.com/7228/7395365666_1cba4b94fd.jpg	20	4e2ffb781321e221305cc4f1db599cc	jpg	Mark Bethune	Turkey	2012-06-18T17:17:10Z	Attribution-NonCommercial-ShareAlike License	2012-06-13T20:35:42Z	NIKON CORPORATION NIKON D300S	80176179		7395365666	[u'ferry', u'istanbul', u'mosque', u'taskim', u'turkey']
Istanbul	[22724011, 2344116, 29390475, 2347289, 23424969, 28350899]	http://www.flickr.com/photos/32680154@N02/7395367482/			False	http://farm8.staticflickr.com/7237/7395367482_a7c91c9b57.jpg	20	79ec269b1f9e735e72f4323987348ed	jpg	Mark Bethune	Turkey	2012-06-18T17:17:27Z	Attribution-NonCommercial-ShareAlike License	2012-06-13T20:36:09Z	NIKON CORPORATION NIKON D300S	95578028		7395367482	[u'ferry', u'istanbul', u'mosque', u'taskim', u'turkey']
Istanbul	[22724011, 2344116, 29390475, 2347289, 23424969, 28350899]	http://www.flickr.com/photos/32680154@N02/7395369708/			False	http://farm8.staticflickr.com/7220/7395369708_239919c8e3.jpg	20	6cc4c5276969dcc39bbed1e68f2357c	jpg	Mark Bethune	Turkey	2012-06-18T17:17:48Z	Attribution-NonCommercial-ShareAlike License	2012-06-13T20:36:11Z	NIKON CORPORATION NIKON D300S	60992135		7395369708	[u'ferry', u'istanbul', u'mosque', u'taskim', u'turkey']
Istanbul	[22724011, 2344116, 29390475, 2347289, 23424969, 28350899]	http://www.flickr.com/photos/32680154@N02/7395371396/			False	http://farm9.staticflickr.com/8006/7395371396_9b411f4897.jpg	20	88275651e9fd888feebb7d36ba554c7	jpg	Mark Bethune	Turkey	2012-06-18T17:18:04Z	Attribution-NonCommercial-ShareAlike License	2012-06-13T20:41:02Z	NIKON CORPORATION NIKON D300S	94845760		7395371396	[u'ferry', u'istanbul', u'mosque', u'taskim', u'turkey']
Istanbul	[22724011, 2344116, 29390475, 2347289, 23424969, 28350899]	http://www.flickr.com/photos/32680154@N02/7395373470/			False	http://farm8.staticflickr.com/7229/7395373470_244391b8f5.jpg	20	fe14a6759b37d073fe40c5521398545d	jpg	Mark Bethune	Turkey	2012-06-18T17:18:24Z	Attribution-NonCommercial-ShareAlike License	2012-06-13T20:56:20Z	NIKON CORPORATION NIKON D300S	90525599		7395373470	[u'ferry', u'istanbul', u'mosque', u'taskim', u'turkey']
Istanbul	[22724011, 2344116, 29390475, 2347289, 23424969, 28350899]	http://www.flickr.com/photos/32680154@N02/7395375818/			False	http://farm8.staticflickr.com/7076/7395375818_494d31df1e.jpg	20	89cb7e8431b2fb11c5c3ba3ed7af6f5b	jpg	Mark Bethune	Turkey	2012-06-18T17:18:45Z	Attribution-NonCommercial-ShareAlike License	2012-06-13T20:56:54Z	NIKON CORPORATION NIKON D300S	55887957		7395375818	[u'ferry', u'istanbul', u'mosque', u'taskim', u'turkey']
Istanbul	[22724011, 2344116, 29390475, 2347289, 23424969, 28350899]	http://www.flickr.com/photos/32680154@N02/7395377584/			False	http://farm9.staticflickr.com/8162/7395377584_4448eee929.jpg	20	976565af4ea263d3087c5d0f5f778fc	jpg	Mark Bethune	Turkey	2012-06-18T17:19:01Z	Attribution-NonCommercial-ShareAlike License	2012-06-13T20:57:37Z	NIKON CORPORATION NIKON D300S	52991565		7395377584	[u'ferry', u'istanbul', u'mosque', u'taskim', u'turkey']
Istanbul	[22724011, 2344116, 29390475, 2347289, 23424969, 28350899]	http://www.flickr.com/photos/32680154@N02/7395380786/			False	http://farm6.staticflickr.com/5200/7395380786_f091d40582.jpg	20	50fe99f439c2d51ceb9b9cfb9684315	jpg	Mark Bethune	Turkey	2012-06-18T17:19:32Z	Attribution-NonCommercial-ShareAlike License	2012-06-13T20:57:48Z	NIKON CORPORATION NIKON D300S	52005262		7395380786	[u'ferry', u'istanbul', u'mosque', u'taskim', u'turkey']
Istanbul	[22724011, 2344116, 29390475, 2347289, 23424969, 28350899]	http://www.flickr.com/photos/32680154@N02/7395383594/			False	http://farm8.staticflickr.com/7085/7395383594_7c65444b76.jpg	20	fa7a04273f181b6d50e5b6d4acaa0	jpg	Mark Bethune	Turkey	2012-06-18T17:20:00Z	Attribution-NonCommercial-ShareAlike License	2012-06-13T20:59:07Z	NIKON CORPORATION NIKON D300S	56159387		7395383594	[u'ferry', u'istanbul', u'mosque', u'taskim', u'turkey']
Istanbul	[22724011, 2344116, 29390475, 2347289, 23424969, 28350899]	http://www.flickr.com/photos/32680154@N02/7395389808/			False	http://farm6.staticflickr.com/5234/7395389808_10a9ca4d05.jpg	20	5adeb1ed3f47c708fc2906c1a2649c	jpg	Mark Bethune	Turkey	2012-06-18T17:20:57Z	Attribution-NonCommercial-ShareAlike License	2012-06-13T20:59:18Z	NIKON CORPORATION NIKON D300S	76551840		7395389808	[u'ferry', u'istanbul', u'mosque', u'taskim', u'turkey']
Istanbul	[22724011, 2344116, 29390475, 2347289, 23424969, 28350899]	http://www.flickr.com/photos/32680154@N02/7395391392/			False	http://farm8.staticflickr.com/7082/7395391392_97662e8956.jpg	21	485eb3725d8697b9d6ac6e97bcac1b	jpg	Mark Bethune	Turkey	2012-06-18T17:21:13Z	Attribution-NonCommercial-ShareAlike License	2012-06-13T21:00:59Z	NIKON CORPORATION NIKON D300S	53974242		7395391392	[u'ferry', u'istanbul', u'mosque', u'taskim', u'turkey']
Istanbul	[22724011, 2344116, 29390475, 2347289, 23424969, 28350899]	http://www.flickr.com/photos/32680154@N02/7395394438/			False	http://farm6.staticflickr.com/5197/7395394438_7660b207fe.jpg	21	158ac336cdc33b80228026ca142d22b	jpg	Mark Bethune	Turkey	2012-06-18T17:21:42Z	Attribution-NonCommercial-ShareAlike License	2012-06-13T21:01:01Z	NIKON CORPORATION NIKON D300S	99668964		7395394438	[u'ferry', u'istanbul', u'mosque', u'taskim', u'turkey']
Istanbul	[22724011, 2344116, 29390475, 2347289, 23424969, 28350899]	http://www.flickr.com/photos/32680154@N02/7395397470/			False	http://farm6.staticflickr.com/5236/7395397470_8af978aea4.jpg	21	f8613c3aee565e55d3a6ec1871c5371f	jpg	Mark Bethune	Turkey	2012-06-18T17:22:12Z	Attribution-NonCommercial-ShareAlike License	2012-06-13T21:01:05Z	NIKON CORPORATION NIKON D300S	95719042		7395397470	[u'ferry', u'istanbul', u'mosque', u'taskim', u'turkey']
