town_s	woe_is	urlpage_s	machine_ss	desc_ws	video_b	url_s	hour_i	hash_s	ext_s	user_s	country_s	upload_dt	license_s	taken_dt	device_s	line_i	title_s	id	tag_ss
Istanbul	[22724021, 2344116, 29390475, 2347289, 23424969, 28350899]	http://www.flickr.com/photos/8509783@N03/10637408225/			False	http://farm4.staticflickr.com/3814/10637408225_3b8773cf03.jpg	7	aed09d4db64732137357107b654a275	jpg	mick62	Turkey	2013-11-03T02:25:20Z	Attribution-ShareAlike License	2012-11-25T07:17:11Z	Apple iPhone 5	40415167		10637408225	
Istanbul	[22724021, 2344116, 29390475, 2347289, 23424969, 28350899]	http://www.flickr.com/photos/8509783@N03/10637519786/			False	http://farm8.staticflickr.com/7331/10637519786_372af89700.jpg	7	28b8bc9219484ef239adb5351735148	jpg	mick62	Turkey	2013-11-03T02:32:20Z	Attribution-ShareAlike License	2012-11-25T07:17:11Z	Apple iPhone 5	84846437		10637519786	
Istanbul	[22724021, 2344116, 29390475, 2347289, 23424969, 28350899]	http://www.flickr.com/photos/8509783@N03/10637748913/			False	http://farm8.staticflickr.com/7335/10637748913_364a78315c.jpg	7	1852816ee9e6ef4eb27efa26546dbb77	jpg	mick62	Turkey	2013-11-03T02:32:31Z	Attribution-ShareAlike License	2012-11-25T07:17:24Z	Apple iPhone 5	99876531		10637748913	
Istanbul	[22724021, 2344116, 29390475, 2347289, 23424969, 28350899]	http://www.flickr.com/photos/8509783@N03/10637504085/			False	http://farm3.staticflickr.com/2833/10637504085_03d5ec613d.jpg	7	d5fed79764d15ff3f68aa8fef73ec	jpg	mick62	Turkey	2013-11-03T02:32:40Z	Attribution-ShareAlike License	2012-11-25T07:18:31Z	Apple iPhone 5	94458099		10637504085	
Istanbul	[22724021, 2344116, 29390475, 2347289, 23424969, 28350899]	http://www.flickr.com/photos/8509783@N03/10637506265/			False	http://farm6.staticflickr.com/5489/10637506265_45bb0ea14e.jpg	8	369fc1baa52d7f116f24330fa7f40a5	jpg	mick62	Turkey	2013-11-03T02:32:50Z	Attribution-ShareAlike License	2012-11-25T08:04:23Z	Apple iPhone 5	78472503		10637506265	
Istanbul	[22724021, 2344116, 29390475, 2347289, 23424969, 28350899]	http://www.flickr.com/photos/8509783@N03/10637410735/			False	http://farm6.staticflickr.com/5506/10637410735_dfc85d2963.jpg	8	b7823ecc1b436bcf5aa89df73c423048	jpg	mick62	Turkey	2013-11-03T02:25:30Z	Attribution-ShareAlike License	2012-11-25T08:04:23Z	Apple iPhone 5	92769363		10637410735	
Istanbul	[22724021, 2344116, 29390475, 2347289, 23424969, 28350899]	http://www.flickr.com/photos/8509783@N03/10637528346/			False	http://farm4.staticflickr.com/3765/10637528346_54a40862f9.jpg	8	4f579692ce581a5e541c4ef56f79a	jpg	mick62	Turkey	2013-11-03T02:32:59Z	Attribution-ShareAlike License	2012-11-25T08:04:31Z	Apple iPhone 5	36923762		10637528346	
Istanbul	[22724021, 2344116, 29390475, 2347289, 23424969, 28350899]	http://www.flickr.com/photos/8509783@N03/10637413225/			False	http://farm6.staticflickr.com/5485/10637413225_f3e4367a91.jpg	8	93487e44a87217b01e56675c5b7c6eb9	jpg	mick62	Turkey	2013-11-03T02:25:41Z	Attribution-ShareAlike License	2012-11-25T08:04:31Z	Apple iPhone 5	92180232		10637413225	
Istanbul	[22724021, 2344116, 29390475, 2347289, 23424969, 28350899]	http://www.flickr.com/photos/8509783@N03/10637523004/			False	http://farm6.staticflickr.com/5510/10637523004_b310073463.jpg	8	e1b557a60fb35862973ed16ee1beb	jpg	mick62	Turkey	2013-11-03T02:33:18Z	Attribution-ShareAlike License	2012-11-25T08:04:53Z	Apple iPhone 5	97794511		10637523004	
Istanbul	[22724021, 2344116, 29390475, 2347289, 23424969, 28350899]	http://www.flickr.com/photos/8509783@N03/10637428594/			False	http://farm4.staticflickr.com/3775/10637428594_4ce0830dd0.jpg	8	fcfef08621fd34da7f8454febcc2a355	jpg	mick62	Turkey	2013-11-03T02:26:04Z	Attribution-ShareAlike License	2012-11-25T08:08:54Z	Apple iPhone 5	68724106		10637428594	
Istanbul	[22724021, 2344116, 29390475, 2347289, 23424969, 28350899]	http://www.flickr.com/photos/8509783@N03/10637534726/			False	http://farm4.staticflickr.com/3748/10637534726_2d1808a060.jpg	8	fa14948f9805680e2bf18451eb0c37b	jpg	mick62	Turkey	2013-11-03T02:33:27Z	Attribution-ShareAlike License	2012-11-25T08:08:54Z	Apple iPhone 5	95423951		10637534726	
Istanbul	[22724021, 2344116, 29390475, 2347289, 23424969, 28350899]	http://www.flickr.com/photos/8509783@N03/10637666533/			False	http://farm4.staticflickr.com/3813/10637666533_acaaa2392f.jpg	8	a69283474d6c95de9d9f21833c6eff	jpg	mick62	Turkey	2013-11-03T02:26:17Z	Attribution-ShareAlike License	2012-11-25T08:39:07Z	Apple iPhone 5	63697320		10637666533	
Istanbul	[22724021, 2344116, 29390475, 2347289, 23424969, 28350899]	http://www.flickr.com/photos/8509783@N03/10637763223/			False	http://farm6.staticflickr.com/5531/10637763223_2999a6b106.jpg	8	537a694ce1e9fa42be2875f36b19fcd	jpg	mick62	Turkey	2013-11-03T02:33:37Z	Attribution-ShareAlike License	2012-11-25T08:39:07Z	Apple iPhone 5	68617691		10637763223	
Istanbul	[22724021, 2344116, 29390475, 2347289, 23424969, 28350899]	http://www.flickr.com/photos/8509783@N03/10637433314/			False	http://farm3.staticflickr.com/2884/10637433314_c83432c9cb.jpg	8	429d10e8de1497e0bca2dc1757fbe79	jpg	mick62	Turkey	2013-11-03T02:26:29Z	Attribution-ShareAlike License	2012-11-25T08:53:15Z	Apple iPhone 5	68374302		10637433314	
Istanbul	[22724021, 2344116, 29390475, 2347289, 23424969, 28350899]	http://www.flickr.com/photos/8509783@N03/10637519025/			False	http://farm4.staticflickr.com/3826/10637519025_dbf8313951.jpg	8	26c97d5e8edd566257e6cb1199580ce	jpg	mick62	Turkey	2013-11-03T02:33:47Z	Attribution-ShareAlike License	2012-11-25T08:53:15Z	Apple iPhone 5	93091699		10637519025	
Istanbul	[22724021, 2344116, 29390475, 2347289, 23424969, 28350899]	http://www.flickr.com/photos/8509783@N03/10637445526/			False	http://farm3.staticflickr.com/2888/10637445526_571e7f7256.jpg	8	9a51534b67e3c2eb81dc93dde722540	jpg	mick62	Turkey	2013-11-03T02:26:39Z	Attribution-ShareAlike License	2012-11-25T08:53:43Z	Apple iPhone 5	60326292		10637445526	
Istanbul	[22724021, 2344116, 29390475, 2347289, 23424969, 28350899]	http://www.flickr.com/photos/8509783@N03/10637541786/			False	http://farm3.staticflickr.com/2833/10637541786_1bc1463119.jpg	8	45ea43c6a86e129b453b3b1ec3897ef	jpg	mick62	Turkey	2013-11-03T02:33:57Z	Attribution-ShareAlike License	2012-11-25T08:53:43Z	Apple iPhone 5	82030748		10637541786	
Istanbul	[22724021, 2344116, 29390475, 2347289, 23424969, 28350899]	http://www.flickr.com/photos/8509783@N03/10637770063/			False	http://farm4.staticflickr.com/3722/10637770063_80100803bf.jpg	8	95f2464688b6731e13c39c2977f45e	jpg	mick62	Turkey	2013-11-03T02:34:06Z	Attribution-ShareAlike License	2012-11-25T08:53:52Z	Apple iPhone 5	46575020		10637770063	
Istanbul	[22724021, 2344116, 29390475, 2347289, 23424969, 28350899]	http://www.flickr.com/photos/8509783@N03/10637437874/			False	http://farm8.staticflickr.com/7412/10637437874_84ce9721c4.jpg	8	781c13d69fcb568fa7bd620992dc028	jpg	mick62	Turkey	2013-11-03T02:26:49Z	Attribution-ShareAlike License	2012-11-25T08:53:52Z	Apple iPhone 5	99039394		10637437874	
Istanbul	[22724021, 2344116, 29390475, 2347289, 23424969, 28350899]	http://www.flickr.com/photos/8509783@N03/10637535824/			False	http://farm6.staticflickr.com/5530/10637535824_ec1a93f2ff.jpg	8	3d67bccc499f821fb8938ae4622b9660	jpg	mick62	Turkey	2013-11-03T02:34:17Z	Attribution-ShareAlike License	2012-11-25T08:54:23Z	Apple iPhone 5	76454496		10637535824	
Istanbul	[22724021, 2344116, 29390475, 2347289, 23424969, 28350899]	http://www.flickr.com/photos/8509783@N03/10637676933/			False	http://farm8.staticflickr.com/7373/10637676933_65881b0b9e.jpg	8	513eab7b89a4c2151f3bbadfafc8b79	jpg	mick62	Turkey	2013-11-03T02:27:02Z	Attribution-ShareAlike License	2012-11-25T08:54:23Z	Apple iPhone 5	93656246		10637676933	
Istanbul	[22724021, 2344116, 29390475, 2347289, 23424969, 28350899]	http://www.flickr.com/photos/8509783@N03/10637453116/			False	http://farm3.staticflickr.com/2872/10637453116_2403696b92.jpg	8	91bea3662a9349694e48aaffecef8d5f	jpg	mick62	Turkey	2013-11-03T02:27:13Z	Attribution-ShareAlike License	2012-11-25T08:57:42Z	Apple iPhone 5	19068307		10637453116	
Istanbul	[22724021, 2344116, 29390475, 2347289, 23424969, 28350899]	http://www.flickr.com/photos/8509783@N03/10637548496/			False	http://farm8.staticflickr.com/7455/10637548496_0374ef0118.jpg	8	9caf66f3c195b01dfcc0218a68a24868	jpg	mick62	Turkey	2013-11-03T02:34:28Z	Attribution-ShareAlike License	2012-11-25T08:57:42Z	Apple iPhone 5	63811151		10637548496	
Istanbul	[22724021, 2344116, 29390475, 2347289, 23424969, 28350899]	http://www.flickr.com/photos/8509783@N03/10637681953/			False	http://farm6.staticflickr.com/5476/10637681953_2ebd6b2d02.jpg	8	72335787f7f2d9f7e6f8cb4aee976af	jpg	mick62	Turkey	2013-11-03T02:27:23Z	Attribution-ShareAlike License	2012-11-25T08:57:55Z	Apple iPhone 5	28068528		10637681953	
Istanbul	[22724021, 2344116, 29390475, 2347289, 23424969, 28350899]	http://www.flickr.com/photos/8509783@N03/10637530285/			False	http://farm8.staticflickr.com/7395/10637530285_7992b9c1b4.jpg	8	6672a1c1a7fb21f5c99dabfd3151fd5	jpg	mick62	Turkey	2013-11-03T02:34:37Z	Attribution-ShareAlike License	2012-11-25T08:57:55Z	Apple iPhone 5	67915341		10637530285	
Istanbul	[22724022, 2344116, 29390475, 2347289, 23424969, 28350899]	http://www.flickr.com/photos/8509783@N03/10637532385/			False	http://farm4.staticflickr.com/3782/10637532385_91d8afa22f.jpg	8	7a279cca1eb44ab96ea853fd34ed39b3	jpg	mick62	Turkey	2013-11-03T02:34:48Z	Attribution-ShareAlike License	2012-11-25T08:59:25Z	Apple iPhone 5	79003842		10637532385	
Istanbul	[22724022, 2344116, 29390475, 2347289, 23424969, 28350899]	http://www.flickr.com/photos/8509783@N03/10637437065/			False	http://farm4.staticflickr.com/3817/10637437065_3da542b844.jpg	8	2327328fec441156e0541836d0106a89	jpg	mick62	Turkey	2013-11-03T02:27:33Z	Attribution-ShareAlike License	2012-11-25T08:59:25Z	Apple iPhone 5	83522254		10637437065	
Istanbul	[22724022, 2344116, 29390475, 2347289, 23424969, 28350899]	http://www.flickr.com/photos/8509783@N03/10637459636/			False	http://farm6.staticflickr.com/5540/10637459636_a3247b5dc0.jpg	8	dd3824fbb6b8c26bd90c98b5ec818	jpg	mick62	Turkey	2013-11-03T02:27:44Z	Attribution-ShareAlike License	2012-11-25T08:59:29Z	Apple iPhone 5	47723484		10637459636	
Istanbul	[22724022, 2344116, 29390475, 2347289, 23424969, 28350899]	http://www.flickr.com/photos/8509783@N03/10637781753/			False	http://farm6.staticflickr.com/5477/10637781753_cfa8bc0b21.jpg	8	5685db59ad68771dd829d8777af9da3	jpg	mick62	Turkey	2013-11-03T02:34:58Z	Attribution-ShareAlike License	2012-11-25T08:59:29Z	Apple iPhone 5	80277016		10637781753	
Istanbul	[22724022, 2344116, 29390475, 2347289, 23424969, 28350899]	http://www.flickr.com/photos/8509783@N03/10637461846/			False	http://farm4.staticflickr.com/3775/10637461846_e6a525abee.jpg	8	b5a981ec68bba313e1d011911295bac0	jpg	mick62	Turkey	2013-11-03T02:27:54Z	Attribution-ShareAlike License	2012-11-25T08:59:34Z	Apple iPhone 5	64683486		10637461846	
Istanbul	[22724022, 2344116, 29390475, 2347289, 23424969, 28350899]	http://www.flickr.com/photos/8509783@N03/10637557976/			False	http://farm8.staticflickr.com/7376/10637557976_b2c3d832fe.jpg	8	e65c8b22a861e7cb542a9c19838a3754	jpg	mick62	Turkey	2013-11-03T02:35:07Z	Attribution-ShareAlike License	2012-11-25T08:59:34Z	Apple iPhone 5	81084278		10637557976	
Istanbul	[22724021, 2344116, 29390475, 2347289, 23424969, 28350899]	http://www.flickr.com/photos/8509783@N03/10637550084/			False	http://farm8.staticflickr.com/7378/10637550084_75f76c6253.jpg	9	fcb6d2158b9a81561a1ebe1c9ec32a6	jpg	mick62	Turkey	2013-11-03T02:35:18Z	Attribution-ShareAlike License	2012-11-25T09:06:45Z	Apple iPhone 5	74205980		10637550084	
Istanbul	[22724021, 2344116, 29390475, 2347289, 23424969, 28350899]	http://www.flickr.com/photos/8509783@N03/10637454844/			False	http://farm6.staticflickr.com/5509/10637454844_a70de5e670.jpg	9	35c0d31a8d3839b4594e255fe6ec8d9	jpg	mick62	Turkey	2013-11-03T02:28:05Z	Attribution-ShareAlike License	2012-11-25T09:06:45Z	Apple iPhone 5	84007654		10637454844	
Istanbul	[22724021, 2344116, 29390475, 2347289, 23424969, 28350899]	http://www.flickr.com/photos/8509783@N03/10637694283/			False	http://farm6.staticflickr.com/5486/10637694283_816a946bda.jpg	9	10119eaf7c67bd6fb86288774cc5	jpg	mick62	Turkey	2013-11-03T02:28:22Z	Attribution-ShareAlike License	2012-11-25T09:08:12Z	Apple iPhone 5	95131537		10637694283	
Istanbul	[22724021, 2344116, 29390475, 2347289, 23424969, 28350899]	http://www.flickr.com/photos/8509783@N03/10637562866/			False	http://farm3.staticflickr.com/2832/10637562866_8eede74241.jpg	9	bcb3da6fd41716664d739edcc6da30	jpg	mick62	Turkey	2013-11-03T02:35:28Z	Attribution-ShareAlike License	2012-11-25T09:08:12Z	Apple iPhone 5	97825701		10637562866	
Istanbul	[22724021, 2344116, 29390475, 2347289, 23424969, 28350899]	http://www.flickr.com/photos/8509783@N03/10637543765/			False	http://farm3.staticflickr.com/2812/10637543765_aa226b9bfb.jpg	9	c6b578fc8dd3811272d9015075e92	jpg	mick62	Turkey	2013-11-03T02:35:41Z	Attribution-ShareAlike License	2012-11-25T09:08:49Z	Apple iPhone 5	91004138		10637543765	
Istanbul	[22724021, 2344116, 29390475, 2347289, 23424969, 28350899]	http://www.flickr.com/photos/8509783@N03/10637460884/			False	http://farm8.staticflickr.com/7365/10637460884_898c12c209.jpg	9	f98bc6a94172ae934ca50d3d84f5371	jpg	mick62	Turkey	2013-11-03T02:28:33Z	Attribution-ShareAlike License	2012-11-25T09:08:49Z	Apple iPhone 5	98394701		10637460884	
Istanbul	[22724021, 2344116, 29390475, 2347289, 23424969, 28350899]	http://www.flickr.com/photos/8509783@N03/10637463724/			False	http://farm4.staticflickr.com/3734/10637463724_fb23f7ab01.jpg	9	50dda5f672f4e753bf87be72e655ba86	jpg	mick62	Turkey	2013-11-03T02:28:45Z	Attribution-ShareAlike License	2012-11-25T09:08:56Z	Apple iPhone 5	70854411		10637463724	
Istanbul	[22724021, 2344116, 29390475, 2347289, 23424969, 28350899]	http://www.flickr.com/photos/8509783@N03/10637793703/			False	http://farm8.staticflickr.com/7456/10637793703_27bb18c052.jpg	9	c428d46a4ef06cdf8cd7775513cc4240	jpg	mick62	Turkey	2013-11-03T02:35:51Z	Attribution-ShareAlike License	2012-11-25T09:08:56Z	Apple iPhone 5	80368002		10637793703	
Istanbul	[22724032, 2344116, 29390475, 2347289, 23424969, 28350899]	http://www.flickr.com/photos/8509783@N03/10637466114/			False	http://farm6.staticflickr.com/5498/10637466114_388bb58a6b.jpg	9	f1dc5a3dd0806bc068be2465c02cc0d	jpg	mick62	Turkey	2013-11-03T02:28:55Z	Attribution-ShareAlike License	2012-11-25T09:23:44Z	Apple iPhone 5	13230801		10637466114	
Istanbul	[22724032, 2344116, 29390475, 2347289, 23424969, 28350899]	http://www.flickr.com/photos/8509783@N03/10637559474/			False	http://farm6.staticflickr.com/5477/10637559474_ddc06f0171.jpg	9	40b6c38e9f52355a718079f8fdd713	jpg	mick62	Turkey	2013-11-03T02:36:00Z	Attribution-ShareAlike License	2012-11-25T09:23:44Z	Apple iPhone 5	67274498		10637559474	
Istanbul	[56556908, 22724022, 2344116, 29390475, 2347289, 29391294, 23424969, 28350899]	http://www.flickr.com/photos/8509783@N03/10637468494/			False	http://farm4.staticflickr.com/3733/10637468494_21d4573842.jpg	9	6153d062990db20b6b420af38cf40	jpg	mick62	Turkey	2013-11-03T02:29:07Z	Attribution-ShareAlike License	2012-11-25T09:30:53Z	Apple iPhone 5	74072846		10637468494	
Istanbul	[56556908, 22724022, 2344116, 29390475, 2347289, 29391294, 23424969, 28350899]	http://www.flickr.com/photos/8509783@N03/10637562224/			False	http://farm4.staticflickr.com/3751/10637562224_d2fb9f0a06.jpg	9	46880a134b0a9d38c84a7bc64eb33d1	jpg	mick62	Turkey	2013-11-03T02:36:11Z	Attribution-ShareAlike License	2012-11-25T09:30:53Z	Apple iPhone 5	92481988		10637562224	
Istanbul	[56556908, 22724022, 2344116, 29390475, 2347289, 29391294, 23424969, 28350899]	http://www.flickr.com/photos/8509783@N03/10637479716/			False	http://farm4.staticflickr.com/3751/10637479716_02ff50befe.jpg	9	82e12154be46fe2c70c378a7cfeb1fd4	jpg	mick62	Turkey	2013-11-03T02:29:17Z	Attribution-ShareAlike License	2012-11-25T09:31:36Z	Apple iPhone 5	94413262		10637479716	
Istanbul	[56556908, 22724022, 2344116, 29390475, 2347289, 29391294, 23424969, 28350899]	http://www.flickr.com/photos/8509783@N03/10637564574/			False	http://farm8.staticflickr.com/7346/10637564574_d0a6aa83d3.jpg	9	c16ae97a3ece31c7f772e9c60c0ac8c	jpg	mick62	Turkey	2013-11-03T02:36:22Z	Attribution-ShareAlike License	2012-11-25T09:31:36Z	Apple iPhone 5	99173798		10637564574	
Istanbul	[56556908, 22724022, 2344116, 29390475, 2347289, 29391294, 23424969, 28350899]	http://www.flickr.com/photos/8509783@N03/10637802533/			False	http://farm8.staticflickr.com/7290/10637802533_d36c9096d7.jpg	9	2f58843a92599dec514032c234a0e8f5	jpg	mick62	Turkey	2013-11-03T02:36:32Z	Attribution-ShareAlike License	2012-11-25T09:33:00Z	Apple iPhone 5	84039676		10637802533	
Istanbul	[56556908, 22724022, 2344116, 29390475, 2347289, 29391294, 23424969, 28350899]	http://www.flickr.com/photos/8509783@N03/10637708483/			False	http://farm6.staticflickr.com/5541/10637708483_428701e4f7.jpg	9	4c42861f6a21fffb6532a422fd54ef27	jpg	mick62	Turkey	2013-11-03T02:29:27Z	Attribution-ShareAlike License	2012-11-25T09:33:00Z	Apple iPhone 5	94278291		10637708483	
Istanbul	[22724022, 2344116, 29390475, 2347289, 23424969, 28350899]	http://www.flickr.com/photos/8509783@N03/10637804923/			False	http://farm8.staticflickr.com/7347/10637804923_9f0b81d441.jpg	9	76458132cbf9d732d43e0db36e1b	jpg	mick62	Turkey	2013-11-03T02:36:42Z	Attribution-ShareAlike License	2012-11-25T09:40:09Z	Apple iPhone 5	57077985		10637804923	
Istanbul	[22724022, 2344116, 29390475, 2347289, 23424969, 28350899]	http://www.flickr.com/photos/8509783@N03/10637464095/			False	http://farm4.staticflickr.com/3743/10637464095_2670fc6844.jpg	9	dbdbd5dd84ccc6fd851646fac986211	jpg	mick62	Turkey	2013-11-03T02:29:37Z	Attribution-ShareAlike License	2012-11-25T09:40:09Z	Apple iPhone 5	67932967		10637464095	
Istanbul	[22724021, 2344116, 29390475, 2347289, 23424969, 28350899]	http://www.flickr.com/photos/8509783@N03/10637486386/			False	http://farm6.staticflickr.com/5523/10637486386_a090a6a070.jpg	9	a14b11ee357315f7c3a68c8d3817cfb	jpg	mick62	Turkey	2013-11-03T02:29:48Z	Attribution-ShareAlike License	2012-11-25T09:40:24Z	Apple iPhone 5	2937370		10637486386	
Istanbul	[22724021, 2344116, 29390475, 2347289, 23424969, 28350899]	http://www.flickr.com/photos/8509783@N03/10637560135/			False	http://farm4.staticflickr.com/3826/10637560135_708af5a8a3.jpg	9	41fe4bf0d2925f801a03f4456a62010	jpg	mick62	Turkey	2013-11-03T02:36:53Z	Attribution-ShareAlike License	2012-11-25T09:40:24Z	Apple iPhone 5	99142373		10637560135	
Istanbul	[56556908, 22724022, 2344116, 29390475, 2347289, 29391294, 23424969, 28350899]	http://www.flickr.com/photos/8509783@N03/10637809053/			False	http://farm8.staticflickr.com/7314/10637809053_074f043a74.jpg	9	dabaa31baacf3f46574fbc67d23036c	jpg	mick62	Turkey	2013-11-03T02:37:02Z	Attribution-ShareAlike License	2012-11-25T09:46:07Z	Apple iPhone 5	68605237		10637809053	
Istanbul	[56556908, 22724022, 2344116, 29390475, 2347289, 29391294, 23424969, 28350899]	http://www.flickr.com/photos/8509783@N03/10637715773/			False	http://farm8.staticflickr.com/7301/10637715773_3fb86704d2.jpg	9	d6afd2b111d811d27397557c6e5ce7a	jpg	mick62	Turkey	2013-11-03T02:29:59Z	Attribution-ShareAlike License	2012-11-25T09:46:07Z	Apple iPhone 5	90277006		10637715773	
Istanbul	[56556908, 22724022, 2344116, 29390475, 2347289, 29391294, 23424969, 28350899]	http://www.flickr.com/photos/8509783@N03/10637585746/			False	http://farm8.staticflickr.com/7322/10637585746_53a87feef1.jpg	9	ce24d0374d323fbeb883d17f491bf5d	jpg	mick62	Turkey	2013-11-03T02:37:12Z	Attribution-ShareAlike License	2012-11-25T09:46:17Z	Apple iPhone 5	15973548		10637585746	
Istanbul	[56556908, 22724022, 2344116, 29390475, 2347289, 29391294, 23424969, 28350899]	http://www.flickr.com/photos/8509783@N03/10637718253/			False	http://farm4.staticflickr.com/3821/10637718253_3d73581b40.jpg	9	cffb6f51311ee66bf7a0ad141ebd52ff	jpg	mick62	Turkey	2013-11-03T02:30:09Z	Attribution-ShareAlike License	2012-11-25T09:46:17Z	Apple iPhone 5	20704418		10637718253	
Istanbul	[56556908, 22724022, 2344116, 29390475, 2347289, 29391294, 23424969, 28350899]	http://www.flickr.com/photos/8509783@N03/10637566815/			False	http://farm4.staticflickr.com/3771/10637566815_860d3cc245.jpg	9	79cd6ce23222128b7a27fdbf0291e85	jpg	mick62	Turkey	2013-11-03T02:37:23Z	Attribution-ShareAlike License	2012-11-25T09:46:34Z	Apple iPhone 5	76354863		10637566815	
Istanbul	[56556908, 22724022, 2344116, 29390475, 2347289, 29391294, 23424969, 28350899]	http://www.flickr.com/photos/8509783@N03/10637493536/			False	http://farm8.staticflickr.com/7356/10637493536_1218e1fabd.jpg	9	4230fdf2beef5ae21e33f4dbfc87837	jpg	mick62	Turkey	2013-11-03T02:30:20Z	Attribution-ShareAlike License	2012-11-25T09:46:34Z	Apple iPhone 5	98495712		10637493536	
Istanbul	[56556908, 22724022, 2344116, 29390475, 2347289, 29391294, 23424969, 28350899]	http://www.flickr.com/photos/8509783@N03/10637590306/			False	http://farm3.staticflickr.com/2884/10637590306_1d1d2b9f27.jpg	9	bb421447e0368d94e2699a6c75adc9	jpg	mick62	Turkey	2013-11-03T02:37:35Z	Attribution-ShareAlike License	2012-11-25T09:47:21Z	Apple iPhone 5	39310650		10637590306	
Istanbul	[56556908, 22724022, 2344116, 29390475, 2347289, 29391294, 23424969, 28350899]	http://www.flickr.com/photos/8509783@N03/10637495866/			False	http://farm3.staticflickr.com/2816/10637495866_8a92a3f405.jpg	9	fad4f16159cc96a714828a2236c075b3	jpg	mick62	Turkey	2013-11-03T02:30:31Z	Attribution-ShareAlike License	2012-11-25T09:47:21Z	Apple iPhone 5	74415815		10637495866	
Istanbul	[56579818, 2344116, 29390475, 2347289, 29391294, 23424969, 28350899]	http://www.flickr.com/photos/8509783@N03/10637819453/			False	http://farm6.staticflickr.com/5483/10637819453_18be19fe85.jpg	9	f4b28d6125652abe3dc2f69516cb13aa	jpg	mick62	Turkey	2013-11-03T02:37:47Z	Attribution-ShareAlike License	2012-11-25T09:48:00Z	Apple iPhone 5	7091259		10637819453	
Istanbul	[56579818, 2344116, 29390475, 2347289, 29391294, 23424969, 28350899]	http://www.flickr.com/photos/8509783@N03/10637725623/			False	http://farm6.staticflickr.com/5484/10637725623_b0202002f1.jpg	9	ea772428ec92c35a77dd216df41e672	jpg	mick62	Turkey	2013-11-03T02:30:43Z	Attribution-ShareAlike License	2012-11-25T09:48:00Z	Apple iPhone 5	78833114		10637725623	
Istanbul	[22450127, 22724022, 2344116, 29390475, 2347289, 29391294, 23424969, 28350899]	http://www.flickr.com/photos/8509783@N03/10637594616/			False	http://farm4.staticflickr.com/3814/10637594616_9d8d172ee1.jpg	9	5a7a27b81c57c9c83b447d47d0f316	jpg	mick62	Turkey	2013-11-03T02:37:56Z	Attribution-ShareAlike License	2012-11-25T09:48:58Z	Apple iPhone 5	9945805		10637594616	
Istanbul	[22450127, 22724022, 2344116, 29390475, 2347289, 29391294, 23424969, 28350899]	http://www.flickr.com/photos/8509783@N03/10637481835/			False	http://farm8.staticflickr.com/7352/10637481835_9894aeeb9b.jpg	9	8e299e39c24e3860d4fd3e5cfd79d6c	jpg	mick62	Turkey	2013-11-03T02:30:56Z	Attribution-ShareAlike License	2012-11-25T09:48:58Z	Apple iPhone 5	78082060		10637481835	
Istanbul	[22450127, 22724022, 2344116, 29390475, 2347289, 29391294, 23424969, 28350899]	http://www.flickr.com/photos/8509783@N03/10637596886/			False	http://farm6.staticflickr.com/5522/10637596886_bb65748b6e.jpg	9	a4af7b7acdeb575ba28e3849d587617c	jpg	mick62	Turkey	2013-11-03T02:38:06Z	Attribution-ShareAlike License	2012-11-25T09:49:24Z	Apple iPhone 5	61332873		10637596886	
Istanbul	[22450127, 22724022, 2344116, 29390475, 2347289, 29391294, 23424969, 28350899]	http://www.flickr.com/photos/8509783@N03/10637493754/			False	http://farm3.staticflickr.com/2820/10637493754_1f08ddcc9a.jpg	9	2cd5cf7189395a46a99236b34d708c	jpg	mick62	Turkey	2013-11-03T02:31:07Z	Attribution-ShareAlike License	2012-11-25T09:49:24Z	Apple iPhone 5	86945884		10637493754	
Istanbul	[56556908, 22724022, 2344116, 29390475, 2347289, 29391294, 23424969, 28350899]	http://www.flickr.com/photos/8509783@N03/10637825843/			False	http://farm8.staticflickr.com/7333/10637825843_e5bd3df5a7.jpg	9	f231e2bd2342af94e2ea7449cae34cc	jpg	mick62	Turkey	2013-11-03T02:38:16Z	Attribution-ShareAlike License	2012-11-25T09:51:37Z	Apple iPhone 5	75078161		10637825843	
Istanbul	[56556908, 22724022, 2344116, 29390475, 2347289, 29391294, 23424969, 28350899]	http://www.flickr.com/photos/8509783@N03/10637486565/			False	http://farm6.staticflickr.com/5534/10637486565_6db27fd85a.jpg	9	3cf9d4eb99d1a9d451d5cae124737062	jpg	mick62	Turkey	2013-11-03T02:31:18Z	Attribution-ShareAlike License	2012-11-25T09:51:37Z	Apple iPhone 5	71521337		10637486565	
Istanbul	[22724032, 2344116, 29390475, 2347289, 23424969, 28350899]	http://www.flickr.com/photos/8509783@N03/10637488985/			False	http://farm4.staticflickr.com/3741/10637488985_8865450d49.jpg	9	80dc3fc3ad8eba903f91536b1bd6e5a5	jpg	mick62	Turkey	2013-11-03T02:31:29Z	Attribution-ShareAlike License	2012-11-25T09:57:07Z	Apple iPhone 5	65661046		10637488985	
Istanbul	[22724032, 2344116, 29390475, 2347289, 23424969, 28350899]	http://www.flickr.com/photos/8509783@N03/10637592044/			False	http://farm8.staticflickr.com/7340/10637592044_444191085a.jpg	9	30af36918e42aec75cc2b09a5244988f	jpg	mick62	Turkey	2013-11-03T02:38:27Z	Attribution-ShareAlike License	2012-11-25T09:57:07Z	Apple iPhone 5	79375813		10637592044	
Istanbul	[22724032, 2344116, 29390475, 2347289, 23424969, 28350899]	http://www.flickr.com/photos/8509783@N03/10637583785/			False	http://farm8.staticflickr.com/7320/10637583785_d183104730.jpg	9	feb02ed799a7b6696a4903d4be490bf	jpg	mick62	Turkey	2013-11-03T02:38:37Z	Attribution-ShareAlike License	2012-11-25T09:58:10Z	Apple iPhone 5	19681580		10637583785	
Istanbul	[22724032, 2344116, 29390475, 2347289, 23424969, 28350899]	http://www.flickr.com/photos/8509783@N03/10637490935/			False	http://farm8.staticflickr.com/7358/10637490935_fa82d575ec.jpg	9	d5da82c18161c8fd9792b7ae365a95b	jpg	mick62	Turkey	2013-11-03T02:31:38Z	Attribution-ShareAlike License	2012-11-25T09:58:10Z	Apple iPhone 5	78493330		10637490935	
Istanbul	[22724021, 2344116, 29390475, 2347289, 23424969, 28350899]	http://www.flickr.com/photos/8509783@N03/10637512836/			False	http://farm3.staticflickr.com/2873/10637512836_9eab95956b.jpg	10	5cd0cd2fc942573e8b753a99f5d788b8	jpg	mick62	Turkey	2013-11-03T02:31:49Z	Attribution-ShareAlike License	2012-11-25T10:25:55Z	Apple iPhone 5	91193398		10637512836	
Istanbul	[22724021, 2344116, 29390475, 2347289, 23424969, 28350899]	http://www.flickr.com/photos/8509783@N03/10637606136/			False	http://farm4.staticflickr.com/3764/10637606136_60d4de7509.jpg	10	3dab3d7385057d62916d4a8a419973e	jpg	mick62	Turkey	2013-11-03T02:38:47Z	Attribution-ShareAlike License	2012-11-25T10:25:55Z	Apple iPhone 5	93873485		10637606136	
Istanbul	[22724097, 2344116, 29390475, 2347289, 23424969, 28350899]	http://www.flickr.com/photos/8509783@N03/10637495655/			False	http://farm4.staticflickr.com/3821/10637495655_671c19b0a3.jpg	20	4adab0c630c69c451b1264563e9e0fc	jpg	mick62	Turkey	2013-11-03T02:32:00Z	Attribution-ShareAlike License	2012-11-25T20:18:59Z	Apple iPhone 5	7029260		10637495655	
Istanbul	[22724097, 2344116, 29390475, 2347289, 23424969, 28350899]	http://www.flickr.com/photos/8509783@N03/10637588605/			False	http://farm8.staticflickr.com/7390/10637588605_60d2ae5847.jpg	20	37e01c9caa6826e98fe26083116e3eef	jpg	mick62	Turkey	2013-11-03T02:38:58Z	Attribution-ShareAlike License	2012-11-25T20:18:59Z	Apple iPhone 5	93081448		10637588605	
Istanbul	[22724097, 2344116, 29390475, 2347289, 23424969, 28350899]	http://www.flickr.com/photos/8509783@N03/10637601804/			False	http://farm6.staticflickr.com/5481/10637601804_5aa51b83e6.jpg	20	1211f8bc936c9ff2e0f8bf79375d25f1	jpg	mick62	Turkey	2013-11-03T02:39:08Z	Attribution-ShareAlike License	2012-11-25T20:24:25Z	Apple iPhone 5	74662275		10637601804	
Istanbul	[22724097, 2344116, 29390475, 2347289, 23424969, 28350899]	http://www.flickr.com/photos/8509783@N03/10637744373/			False	http://farm4.staticflickr.com/3703/10637744373_0510ca0607.jpg	20	6da298145dd84618211cf995716a5958	jpg	mick62	Turkey	2013-11-03T02:32:10Z	Attribution-ShareAlike License	2012-11-25T20:24:25Z	Apple iPhone 5	70396539		10637744373	
Istanbul	[22724097, 2344116, 29390475, 2347289, 23424969, 28350899]	http://www.flickr.com/photos/8509783@N03/10638743803/			False	http://farm3.staticflickr.com/2851/10638743803_68a53b13ae.jpg	20	61e4d8675145cbb6e491ec8b9e2574f	jpg	mick62	Turkey	2013-11-03T03:52:36Z	Attribution-ShareAlike License	2012-11-25T20:26:55Z	Apple iPhone 5	69572721		10638743803	
Istanbul	[22724097, 2344116, 29390475, 2347289, 23424969, 28350899]	http://www.flickr.com/photos/8509783@N03/10637604024/			False	http://farm6.staticflickr.com/5490/10637604024_38594c9de4.jpg	20	2fbaa0918bf40b6f9d5d23fc4344493	jpg	mick62	Turkey	2013-11-03T02:39:18Z	Attribution-ShareAlike License	2012-11-25T20:26:55Z	Apple iPhone 5	85673172		10637604024	
Istanbul	[22724032, 2344116, 29390475, 2347289, 23424969, 28350899]	http://www.flickr.com/photos/8509783@N03/10638746093/			False	http://farm8.staticflickr.com/7328/10638746093_528870a304.jpg	21	17361fb731e2cf8bb5b930d1b068e246	jpg	mick62	Turkey	2013-11-03T03:52:48Z	Attribution-ShareAlike License	2012-11-25T21:22:20Z	Apple iPhone 5	58748782		10638746093	
Istanbul	[22724032, 2344116, 29390475, 2347289, 23424969, 28350899]	http://www.flickr.com/photos/8509783@N03/10637606454/			False	http://farm4.staticflickr.com/3727/10637606454_171408eaeb.jpg	21	d6a0b0a229ab7f7599f748473b0ad7	jpg	mick62	Turkey	2013-11-03T02:39:28Z	Attribution-ShareAlike License	2012-11-25T21:22:20Z	Apple iPhone 5	92640257		10637606454	
Istanbul	[22724032, 2344116, 29390475, 2347289, 23424969, 28350899]	http://www.flickr.com/photos/8509783@N03/10638522294/			False	http://farm8.staticflickr.com/7408/10638522294_ee7836d7b8.jpg	21	cd8d44ae2b83b37d46ba6e928814ccad	jpg	mick62	Turkey	2013-11-03T03:53:01Z	Attribution-ShareAlike License	2012-11-25T21:22:54Z	Apple iPhone 5	25694288		10638522294	
Istanbul	[22724032, 2344116, 29390475, 2347289, 23424969, 28350899]	http://www.flickr.com/photos/8509783@N03/10637609014/			False	http://farm6.staticflickr.com/5505/10637609014_bd07bbe66f.jpg	21	b9803237ccfba25925877d3cec56b59	jpg	mick62	Turkey	2013-11-03T02:39:40Z	Attribution-ShareAlike License	2012-11-25T21:22:54Z	Apple iPhone 5	94948089		10637609014	
