town_s	woe_is	urlpage_s	machine_ss	desc_ws	video_b	url_s	hour_i	hash_s	ext_s	user_s	country_s	upload_dt	license_s	taken_dt	device_s	line_i	title_s	id	tag_ss
Istanbul	[22724021, 2344116, 29390475, 2347289, 23424969, 28350899]	http://www.flickr.com/photos/8509783@N03/10638631354/			False	http://farm4.staticflickr.com/3830/10638631354_598bf0a5fc.jpg	9	8b7d56c0c438142bacf332dbabd6d645	jpg	mick62	Turkey	2013-11-03T04:02:05Z	Attribution-ShareAlike License	2012-11-29T09:29:43Z	Apple iPhone 5	93542824		10638631354	
Istanbul	[22724021, 2344116, 29390475, 2347289, 23424969, 28350899]	http://www.flickr.com/photos/8509783@N03/10637711635/			False	http://farm6.staticflickr.com/5550/10637711635_0631eab528.jpg	9	35722ebcbd4a86eb89471a8f2ede3614	jpg	mick62	Turkey	2013-11-03T02:48:40Z	Attribution-ShareAlike License	2012-11-29T09:29:43Z	Apple iPhone 5	93530549		10637711635	
Istanbul	[22724021, 2344116, 29390475, 2347289, 23424969, 28350899]	http://www.flickr.com/photos/8509783@N03/10637726534/			False	http://farm4.staticflickr.com/3705/10637726534_0baf21dfbf.jpg	9	989a99b065cac215cf66e95dcb86968	jpg	mick62	Turkey	2013-11-03T02:48:52Z	Attribution-ShareAlike License	2012-11-29T09:29:52Z	Apple iPhone 5	48598539		10637726534	
Istanbul	[22724021, 2344116, 29390475, 2347289, 23424969, 28350899]	http://www.flickr.com/photos/8509783@N03/10638619335/			False	http://farm3.staticflickr.com/2826/10638619335_c6acf2b0c0.jpg	9	28168c5e48993f4311329e1419b2e77	jpg	mick62	Turkey	2013-11-03T04:02:16Z	Attribution-ShareAlike License	2012-11-29T09:29:52Z	Apple iPhone 5	66771407		10638619335	
Istanbul	[22724097, 2344116, 29390475, 2347289, 23424969, 28350899]	http://www.flickr.com/photos/8509783@N03/10637740366/			False	http://farm8.staticflickr.com/7390/10637740366_5b9d72629f.jpg	15	292cb447b1ce63a28fc7dbc75abe3321	jpg	mick62	Turkey	2013-11-03T02:49:13Z	Attribution-ShareAlike License	2012-11-29T15:30:00Z	Apple iPhone 5	53554326		10637740366	
Istanbul	[22724097, 2344116, 29390475, 2347289, 23424969, 28350899]	http://www.flickr.com/photos/8509783@N03/10638642086/			False	http://farm3.staticflickr.com/2843/10638642086_ecc9822264.jpg	15	589bb2269a6bf8de8c5fcab147ae61c	jpg	mick62	Turkey	2013-11-03T04:02:38Z	Attribution-ShareAlike License	2012-11-29T15:30:00Z	Apple iPhone 5	93375820		10638642086	
Istanbul	[22724097, 2344116, 29390475, 2347289, 23424969, 28350899]	http://www.flickr.com/photos/8509783@N03/10638640744/			False	http://farm4.staticflickr.com/3695/10638640744_8b9c11e4b1.jpg	15	74ef5274a6d5a68844b5d14b6c79816d	jpg	mick62	Turkey	2013-11-03T04:02:51Z	Attribution-ShareAlike License	2012-11-29T15:30:05Z	Apple iPhone 5	1171932		10638640744	
Istanbul	[22724097, 2344116, 29390475, 2347289, 23424969, 28350899]	http://www.flickr.com/photos/8509783@N03/10637967483/			False	http://farm6.staticflickr.com/5547/10637967483_d45aea0136.jpg	15	a777bdd5a02e33a22b88d313a6f64bb	jpg	mick62	Turkey	2013-11-03T02:49:23Z	Attribution-ShareAlike License	2012-11-29T15:30:05Z	Apple iPhone 5	81850197		10637967483	
Istanbul	[22724097, 2344116, 29390475, 2347289, 23424969, 28350899]	http://www.flickr.com/photos/8509783@N03/10637724405/			False	http://farm6.staticflickr.com/5547/10637724405_30430c1db8.jpg	15	ea83f6d33e96cfa16d50245c1114b52	jpg	mick62	Turkey	2013-11-03T02:49:36Z	Attribution-ShareAlike License	2012-11-29T15:33:26Z	Apple iPhone 5	73218851		10637724405	
Istanbul	[22724097, 2344116, 29390475, 2347289, 23424969, 28350899]	http://www.flickr.com/photos/8509783@N03/10638870633/			False	http://farm3.staticflickr.com/2850/10638870633_f45f4b29d9.jpg	15	e097f89178a761b2bbfccb59265c849d	jpg	mick62	Turkey	2013-11-03T04:03:10Z	Attribution-ShareAlike License	2012-11-29T15:33:26Z	Apple iPhone 5	95197280		10638870633	
Istanbul	[22724096, 2344116, 29390475, 2347289, 23424969, 28350899]	http://www.flickr.com/photos/8509783@N03/10637973193/			False	http://farm4.staticflickr.com/3682/10637973193_606dbd6105.jpg	15	63e4fe3cea829b4c7a3223254687d	jpg	mick62	Turkey	2013-11-03T02:49:48Z	Attribution-ShareAlike License	2012-11-29T15:48:43Z	Apple iPhone 5	77033154		10637973193	
Istanbul	[22724099, 2344116, 29390475, 2347289, 23424969, 28350899]	http://www.flickr.com/photos/8509783@N03/10637731845/			False	http://farm4.staticflickr.com/3811/10637731845_5d06575bbe.jpg	15	d051dde6d4708bd8c999dd9aed3748fd	jpg	mick62	Turkey	2013-11-03T02:50:10Z	Attribution-ShareAlike License	2012-11-29T15:50:01Z	Apple iPhone 5	91718456		10637731845	
Istanbul	[2343573, 2344116, 29390475, 2347289, 23424969, 28350899]	http://www.flickr.com/photos/8509783@N03/10637733965/			False	http://farm8.staticflickr.com/7348/10637733965_b9229a4ccf.jpg	15	d6f1c44e75d7b8dddc88799baf24239d	jpg	mick62	Turkey	2013-11-03T02:50:20Z	Attribution-ShareAlike License	2012-11-29T15:50:23Z	Apple iPhone 5	60775024		10637733965	
Istanbul	[2343573, 2344116, 29390475, 2347289, 23424969, 28350899]	http://www.flickr.com/photos/8509783@N03/10637982603/			False	http://farm4.staticflickr.com/3748/10637982603_8bb4f91f77.jpg	15	155f151da92e2a5f318b24e5edcf7d	jpg	mick62	Turkey	2013-11-03T02:50:31Z	Attribution-ShareAlike License	2012-11-29T15:50:30Z	Apple iPhone 5	71702427		10637982603	
Istanbul	[2343573, 2344116, 29390475, 2347289, 23424969, 28350899]	http://www.flickr.com/photos/8509783@N03/10637739155/			False	http://farm6.staticflickr.com/5475/10637739155_0b1f287433.jpg	15	75a44c8aa31bfac67097b3b0b9765ab	jpg	mick62	Turkey	2013-11-03T02:50:44Z	Attribution-ShareAlike License	2012-11-29T15:50:40Z	Apple iPhone 5	84477644		10637739155	
Istanbul	[2343573, 2344116, 29390475, 2347289, 23424969, 28350899]	http://www.flickr.com/photos/8509783@N03/10637741225/			False	http://farm8.staticflickr.com/7447/10637741225_01b32177ee.jpg	15	b5e1651429e3e194cdaf925d7ffdfd9	jpg	mick62	Turkey	2013-11-03T02:50:54Z	Attribution-ShareAlike License	2012-11-29T15:50:51Z	Apple iPhone 5	92495134		10637741225	
Istanbul	[2343573, 2344116, 29390475, 2347289, 23424969, 28350899]	http://www.flickr.com/photos/8509783@N03/10637755914/			False	http://farm4.staticflickr.com/3815/10637755914_d393cca7ef.jpg	15	357f3e680fafac349e71d2f1cdddd5	jpg	mick62	Turkey	2013-11-03T02:51:06Z	Attribution-ShareAlike License	2012-11-29T15:51:01Z	Apple iPhone 5	67418013		10637755914	
Istanbul	[2343573, 2344116, 29390475, 2347289, 23424969, 28350899]	http://www.flickr.com/photos/8509783@N03/10637991283/			False	http://farm6.staticflickr.com/5501/10637991283_878016c21d.jpg	15	6effbfae9c16ed7f15e8a76e5638d56	jpg	mick62	Turkey	2013-11-03T02:51:17Z	Attribution-ShareAlike License	2012-11-29T15:51:05Z	Apple iPhone 5	68618799		10637991283	
Istanbul	[2343573, 2344116, 29390475, 2347289, 23424969, 28350899]	http://www.flickr.com/photos/8509783@N03/10637993523/			False	http://farm4.staticflickr.com/3700/10637993523_49e8e36d0d.jpg	15	491d69128d24eba866e83fb6653637a	jpg	mick62	Turkey	2013-11-03T02:51:28Z	Attribution-ShareAlike License	2012-11-29T15:51:21Z	Apple iPhone 5	60708128		10637993523	
Istanbul	[2343573, 2344116, 29390475, 2347289, 23424969, 28350899]	http://www.flickr.com/photos/8509783@N03/10637995373/			False	http://farm3.staticflickr.com/2854/10637995373_b8e71c4982.jpg	15	5ba7fab5ef74196cd23768c8d94a65a	jpg	mick62	Turkey	2013-11-03T02:51:38Z	Attribution-ShareAlike License	2012-11-29T15:51:46Z	Apple iPhone 5	81263958		10637995373	
Istanbul	[2343573, 2344116, 29390475, 2347289, 23424969, 28350899]	http://www.flickr.com/photos/8509783@N03/10637751505/			False	http://farm4.staticflickr.com/3699/10637751505_f72fd6e9de.jpg	15	2e1255712bec79242e8b56a8ff35c2eb	jpg	mick62	Turkey	2013-11-03T02:51:49Z	Attribution-ShareAlike License	2012-11-29T15:51:55Z	Apple iPhone 5	90835984		10637751505	
Istanbul	[2343573, 2344116, 29390475, 2347289, 23424969, 28350899]	http://www.flickr.com/photos/8509783@N03/10637753675/			False	http://farm6.staticflickr.com/5485/10637753675_138a9eaf55.jpg	15	163ca12e94582be190b1aff3fcf2392f	jpg	mick62	Turkey	2013-11-03T02:52:00Z	Attribution-ShareAlike License	2012-11-29T15:52:00Z	Apple iPhone 5	76231679		10637753675	
Istanbul	[2343573, 2344116, 29390475, 2347289, 23424969, 28350899]	http://www.flickr.com/photos/8509783@N03/10638001653/			False	http://farm6.staticflickr.com/5512/10638001653_b513041724.jpg	15	8b15bc9cac2fe8ff3d473af769e6fb	jpg	mick62	Turkey	2013-11-03T02:52:10Z	Attribution-ShareAlike License	2012-11-29T15:52:04Z	Apple iPhone 5	87849989		10638001653	
Istanbul	[2343573, 2344116, 29390475, 2347289, 23424969, 28350899]	http://www.flickr.com/photos/8509783@N03/10637779656/			False	http://farm6.staticflickr.com/5509/10637779656_dce4b83427.jpg	15	4939a3f276dd6c21abbe7dd363bc8c93	jpg	mick62	Turkey	2013-11-03T02:52:22Z	Attribution-ShareAlike License	2012-11-29T15:52:14Z	Apple iPhone 5	95550707		10637779656	
Istanbul	[2343573, 2344116, 29390475, 2347289, 23424969, 28350899]	http://www.flickr.com/photos/8509783@N03/10638006013/			False	http://farm4.staticflickr.com/3736/10638006013_595c6e8334.jpg	15	74c79e76a06491111bd503122a3bf6	jpg	mick62	Turkey	2013-11-03T02:52:34Z	Attribution-ShareAlike License	2012-11-29T15:52:33Z	Apple iPhone 5	97941744		10638006013	
Istanbul	[2343573, 2344116, 29390475, 2347289, 23424969, 28350899]	http://www.flickr.com/photos/8509783@N03/10638008303/			False	http://farm6.staticflickr.com/5486/10638008303_0ddd5d717a.jpg	15	e21ebb802f21d32273f023cccee6ccd4	jpg	mick62	Turkey	2013-11-03T02:52:45Z	Attribution-ShareAlike License	2012-11-29T15:53:18Z	Apple iPhone 5	70431134		10638008303	
Istanbul	[2343573, 2344116, 29390475, 2347289, 23424969, 28350899]	http://www.flickr.com/photos/8509783@N03/10637778084/			False	http://farm3.staticflickr.com/2891/10637778084_6cb9275303.jpg	15	4f70c3a4fa28b1e2c738392fcaacfca	jpg	mick62	Turkey	2013-11-03T02:52:59Z	Attribution-ShareAlike License	2012-11-29T15:53:35Z	Apple iPhone 5	66825706		10637778084	
Istanbul	[2343573, 2344116, 29390475, 2347289, 23424969, 28350899]	http://www.flickr.com/photos/8509783@N03/10637768555/			False	http://farm4.staticflickr.com/3734/10637768555_605850809e.jpg	15	b042edafb440bcf2c6f4f8284176ae	jpg	mick62	Turkey	2013-11-03T02:53:12Z	Attribution-ShareAlike License	2012-11-29T15:53:46Z	Apple iPhone 5	81834740		10637768555	
Istanbul	[2343573, 2344116, 29390475, 2347289, 23424969, 28350899]	http://www.flickr.com/photos/8509783@N03/10637772125/			False	http://farm3.staticflickr.com/2868/10637772125_9cb2f8f37e.jpg	15	87d3b89fcf538a24d886a65e34ba2a39	jpg	mick62	Turkey	2013-11-03T02:53:28Z	Attribution-ShareAlike License	2012-11-29T15:53:58Z	Apple iPhone 5	73001653		10637772125	
Istanbul	[2343573, 2344116, 29390475, 2347289, 23424969, 28350899]	http://www.flickr.com/photos/8509783@N03/10637796456/			False	http://farm4.staticflickr.com/3810/10637796456_ab57c945a6.jpg	15	ea7e76e1e8c66d4ce71ba8dd22e5536f	jpg	mick62	Turkey	2013-11-03T02:53:42Z	Attribution-ShareAlike License	2012-11-29T15:54:22Z	Apple iPhone 5	59936220		10637796456	
Istanbul	[2343573, 2344116, 29390475, 2347289, 23424969, 28350899]	http://www.flickr.com/photos/8509783@N03/10637790064/			False	http://farm3.staticflickr.com/2869/10637790064_a4fbaa01e3.jpg	15	d66ad24d644d6b5b906f639bab5c4cd5	jpg	mick62	Turkey	2013-11-03T02:53:57Z	Attribution-ShareAlike License	2012-11-29T15:54:49Z	Apple iPhone 5	61467368		10637790064	
Istanbul	[2343573, 2344116, 29390475, 2347289, 23424969, 28350899]	http://www.flickr.com/photos/8509783@N03/10637803246/			False	http://farm8.staticflickr.com/7423/10637803246_df6bff2c69.jpg	15	bdccc0bd4791ba662cb1060b7c3e48	jpg	mick62	Turkey	2013-11-03T02:54:13Z	Attribution-ShareAlike License	2012-11-29T15:54:58Z	Apple iPhone 5	69088608		10637803246	
Istanbul	[2343573, 2344116, 29390475, 2347289, 23424969, 28350899]	http://www.flickr.com/photos/8509783@N03/10637806086/			False	http://farm3.staticflickr.com/2844/10637806086_3011c784f6.jpg	15	4181850bd8db4ebdec4242269baecd7	jpg	mick62	Turkey	2013-11-03T02:54:27Z	Attribution-ShareAlike License	2012-11-29T15:55:03Z	Apple iPhone 5	73240926		10637806086	
Istanbul	[2343573, 2344116, 29390475, 2347289, 23424969, 28350899]	http://www.flickr.com/photos/8509783@N03/10637787345/			False	http://farm6.staticflickr.com/5532/10637787345_f7c3f231e7.jpg	15	3680c5f9656e1491217fa23f6a0708c	jpg	mick62	Turkey	2013-11-03T02:54:42Z	Attribution-ShareAlike License	2012-11-29T15:55:16Z	Apple iPhone 5	93187317		10637787345	
Istanbul	[22724124, 2344116, 29390475, 2347289, 23424969, 28350899]	http://www.flickr.com/photos/8509783@N03/10637811106/			False	http://farm6.staticflickr.com/5543/10637811106_e91cfefee8.jpg	15	556ac992d92d23d9a94e3391e678b	jpg	mick62	Turkey	2013-11-03T02:54:54Z	Attribution-ShareAlike License	2012-11-29T15:57:21Z	Apple iPhone 5	14667520		10637811106	
Istanbul	[22724124, 2344116, 29390475, 2347289, 23424969, 28350899]	http://www.flickr.com/photos/8509783@N03/10637813236/			False	http://farm3.staticflickr.com/2869/10637813236_fb71dc8e9e.jpg	15	d178d3c2a3321d29885956e3a1e454	jpg	mick62	Turkey	2013-11-03T02:55:04Z	Attribution-ShareAlike License	2012-11-29T15:57:28Z	Apple iPhone 5	83058794		10637813236	
Istanbul	[55865066, 2344116, 29390475, 2347289, 23424969, 28350899]	http://www.flickr.com/photos/8509783@N03/10637794685/			False	http://farm3.staticflickr.com/2886/10637794685_306924508f.jpg	16	d488a2432cd2d96a28e6328affa43b	jpg	mick62	Turkey	2013-11-03T02:55:17Z	Attribution-ShareAlike License	2012-11-29T16:02:51Z	Apple iPhone 5	91815620		10637794685	
Istanbul	[55865066, 2344116, 29390475, 2347289, 23424969, 28350899]	http://www.flickr.com/photos/8509783@N03/10638041693/			False	http://farm3.staticflickr.com/2821/10638041693_f69d86080b.jpg	16	37128c779aa2e6e4ce366ae760a0c08b	jpg	mick62	Turkey	2013-11-03T02:55:32Z	Attribution-ShareAlike License	2012-11-29T16:03:04Z	Apple iPhone 5	72796441		10638041693	
Istanbul	[55865066, 2344116, 29390475, 2347289, 23424969, 28350899]	http://www.flickr.com/photos/8509783@N03/10637821356/			False	http://farm8.staticflickr.com/7412/10637821356_a96eea5ed2.jpg	16	3045ecd9d754d2c24f94291341c345c1	jpg	mick62	Turkey	2013-11-03T02:55:43Z	Attribution-ShareAlike License	2012-11-29T16:15:49Z	Apple iPhone 5	84006688		10637821356	
Istanbul	[55865066, 2344116, 29390475, 2347289, 23424969, 28350899]	http://www.flickr.com/photos/8509783@N03/10637813184/			False	http://farm6.staticflickr.com/5512/10637813184_02d889d65c.jpg	17	86936c45f6bd3a3240e08ee218ebd518	jpg	mick62	Turkey	2013-11-03T02:55:53Z	Attribution-ShareAlike License	2012-11-29T17:10:45Z	Apple iPhone 5	91232836		10637813184	
Istanbul	[55865066, 2344116, 29390475, 2347289, 23424969, 28350899]	http://www.flickr.com/photos/8509783@N03/10637825566/			False	http://farm8.staticflickr.com/7386/10637825566_6af0e9fc5d.jpg	17	6deb8045eb5971a0911f425bb1ec28f4	jpg	mick62	Turkey	2013-11-03T02:56:03Z	Attribution-ShareAlike License	2012-11-29T17:10:55Z	Apple iPhone 5	36891845		10637825566	
Istanbul	[55865066, 2344116, 29390475, 2347289, 23424969, 28350899]	http://www.flickr.com/photos/8509783@N03/10637827366/			False	http://farm3.staticflickr.com/2813/10637827366_ba5dbc515a.jpg	17	873371b452aa2e16cfbe1ad6b16b558	jpg	mick62	Turkey	2013-11-03T02:56:13Z	Attribution-ShareAlike License	2012-11-29T17:11:12Z	Apple iPhone 5	72735443		10637827366	
Istanbul	[55865011, 2344116, 29390475, 2347289, 23424969, 28350899]	http://www.flickr.com/photos/8509783@N03/10637829486/			False	http://farm4.staticflickr.com/3783/10637829486_e1ea9dfc94.jpg	17	c45fb5765eee9f9253838ea0ffce63c8	jpg	mick62	Turkey	2013-11-03T02:56:24Z	Attribution-ShareAlike License	2012-11-29T17:47:38Z	Apple iPhone 5	76939314		10637829486	
Istanbul	[55865011, 2344116, 29390475, 2347289, 23424969, 28350899]	http://www.flickr.com/photos/8509783@N03/10637832556/			False	http://farm8.staticflickr.com/7407/10637832556_a0b200b0e0.jpg	17	ccda4fff181ef470a04f4066b1f49f41	jpg	mick62	Turkey	2013-11-03T02:56:37Z	Attribution-ShareAlike License	2012-11-29T17:50:15Z	Apple iPhone 5	96261166		10637832556	
Istanbul	[55865011, 2344116, 29390475, 2347289, 23424969, 28350899]	http://www.flickr.com/photos/8509783@N03/10637814085/			False	http://farm4.staticflickr.com/3772/10637814085_3e25bed60f.jpg	18	58de63b8d895833733c03c2a8867f	jpg	mick62	Turkey	2013-11-03T02:56:49Z	Attribution-ShareAlike License	2012-11-29T18:11:53Z	Apple iPhone 5	73275428		10637814085	
Istanbul	[55865011, 2344116, 29390475, 2347289, 23424969, 28350899]	http://www.flickr.com/photos/8509783@N03/10637837926/			False	http://farm8.staticflickr.com/7387/10637837926_ba13c5baa0.jpg	18	eeca9ede9cf4b25c21be1a05bc623ab	jpg	mick62	Turkey	2013-11-03T02:57:00Z	Attribution-ShareAlike License	2012-11-29T18:12:02Z	Apple iPhone 5	71602282		10637837926	
Istanbul	[55865011, 2344116, 29390475, 2347289, 23424969, 28350899]	http://www.flickr.com/photos/8509783@N03/10637840496/			False	http://farm8.staticflickr.com/7443/10637840496_0f8445797f.jpg	18	b4c7b5f863b65f4dd1c4aee2a93716d	jpg	mick62	Turkey	2013-11-03T02:57:11Z	Attribution-ShareAlike License	2012-11-29T18:12:10Z	Apple iPhone 5	90898376		10637840496	
Istanbul	[55865011, 2344116, 29390475, 2347289, 23424969, 28350899]	http://www.flickr.com/photos/8509783@N03/10638065523/			False	http://farm8.staticflickr.com/7306/10638065523_66cc444be6.jpg	18	3a3b9fe6f56d1ca597eeed76e4a2545	jpg	mick62	Turkey	2013-11-03T02:57:25Z	Attribution-ShareAlike License	2012-11-29T18:26:48Z	Apple iPhone 5	86432794		10638065523	
Istanbul	[55865011, 2344116, 29390475, 2347289, 23424969, 28350899]	http://www.flickr.com/photos/8509783@N03/10637835594/			False	http://farm3.staticflickr.com/2821/10637835594_23fd2a0d98.jpg	18	e4e05934d6dbe69d7fb2901d15d59c96	jpg	mick62	Turkey	2013-11-03T02:57:40Z	Attribution-ShareAlike License	2012-11-29T18:31:44Z	Apple iPhone 5	86575457		10637835594	
Istanbul	[55865011, 2344116, 29390475, 2347289, 23424969, 28350899]	http://www.flickr.com/photos/8509783@N03/10638070853/			False	http://farm4.staticflickr.com/3682/10638070853_a5bb8d6fbf.jpg	19	f36f31148e220ded8911549e165a38d	jpg	mick62	Turkey	2013-11-03T02:57:50Z	Attribution-ShareAlike License	2012-11-29T19:04:19Z	Apple iPhone 5	87163886		10638070853	
Istanbul	[55865011, 2344116, 29390475, 2347289, 23424969, 28350899]	http://www.flickr.com/photos/8509783@N03/10637829785/			False	http://farm6.staticflickr.com/5479/10637829785_33a1cf6c9e.jpg	19	49982f41519fdfda039a14566385c2	jpg	mick62	Turkey	2013-11-03T02:58:00Z	Attribution-ShareAlike License	2012-11-29T19:05:51Z	Apple iPhone 5	98824745		10637829785	
Istanbul	[55865011, 2344116, 29390475, 2347289, 23424969, 28350899]	http://www.flickr.com/photos/8509783@N03/10638075163/			False	http://farm4.staticflickr.com/3830/10638075163_297222e228.jpg	19	552d206f15b8f4cdb5bf7d6680ae1f81	jpg	mick62	Turkey	2013-11-03T02:58:11Z	Attribution-ShareAlike License	2012-11-29T19:06:10Z	Apple iPhone 5	85397839		10638075163	
Istanbul	[55865011, 2344116, 29390475, 2347289, 23424969, 28350899]	http://www.flickr.com/photos/8509783@N03/10637856086/			False	http://farm4.staticflickr.com/3792/10637856086_fa3887bf3c.jpg	19	7b6a954aa7a3bd64cef3e7d0205f53b2	jpg	mick62	Turkey	2013-11-03T02:58:22Z	Attribution-ShareAlike License	2012-11-29T19:06:31Z	Apple iPhone 5	22122688		10637856086	
Istanbul	[55865011, 2344116, 29390475, 2347289, 23424969, 28350899]	http://www.flickr.com/photos/8509783@N03/10637836995/			False	http://farm3.staticflickr.com/2860/10637836995_e16e33e00a.jpg	19	adeb48dd66ceafd6314959a9f6b459a	jpg	mick62	Turkey	2013-11-03T02:58:33Z	Attribution-ShareAlike License	2012-11-29T19:10:26Z	Apple iPhone 5	93229164		10637836995	
Istanbul	[55865011, 2344116, 29390475, 2347289, 23424969, 28350899]	http://www.flickr.com/photos/8509783@N03/10638082103/			False	http://farm8.staticflickr.com/7359/10638082103_3c7ea02abe.jpg	19	938f449e138141ee31f026c4be7857af	jpg	mick62	Turkey	2013-11-03T02:58:44Z	Attribution-ShareAlike License	2012-11-29T19:10:35Z	Apple iPhone 5	42010670		10638082103	
Istanbul	[55865011, 2344116, 29390475, 2347289, 23424969, 28350899]	http://www.flickr.com/photos/8509783@N03/10638084763/			False	http://farm4.staticflickr.com/3739/10638084763_525e8bc7be.jpg	19	6c4aa28a35ec8f11f79023bf7af8f	jpg	mick62	Turkey	2013-11-03T02:58:56Z	Attribution-ShareAlike License	2012-11-29T19:10:46Z	Apple iPhone 5	98613859		10638084763	
Istanbul	[55865011, 2344116, 29390475, 2347289, 23424969, 28350899]	http://www.flickr.com/photos/8509783@N03/10637843845/			False	http://farm8.staticflickr.com/7373/10637843845_203890f000.jpg	19	5afe125d30a32bedd58a36cff9f342	jpg	mick62	Turkey	2013-11-03T02:59:06Z	Attribution-ShareAlike License	2012-11-29T19:15:19Z	Apple iPhone 5	62472996		10637843845	
Istanbul	[55865011, 2344116, 29390475, 2347289, 23424969, 28350899]	http://www.flickr.com/photos/8509783@N03/10638089773/			False	http://farm8.staticflickr.com/7446/10638089773_232f0f2a5a.jpg	19	e480a7b76dfd953d82c895377f44f6dd	jpg	mick62	Turkey	2013-11-03T02:59:19Z	Attribution-ShareAlike License	2012-11-29T19:42:15Z	Apple iPhone 5	65217446		10638089773	
Istanbul	[55865011, 2344116, 29390475, 2347289, 23424969, 28350899]	http://www.flickr.com/photos/8509783@N03/10637859834/			False	http://farm8.staticflickr.com/7442/10637859834_c1af666f7b.jpg	20	dac430408f61ca276341bf474897f71	jpg	mick62	Turkey	2013-11-03T02:59:30Z	Attribution-ShareAlike License	2012-11-29T20:02:49Z	Apple iPhone 5	61284610		10637859834	
Istanbul	[55865011, 2344116, 29390475, 2347289, 23424969, 28350899]	http://www.flickr.com/photos/8509783@N03/10638094323/			False	http://farm4.staticflickr.com/3773/10638094323_27769cf6fd.jpg	20	1693ee2a24f751a83112fb5e24546b8	jpg	mick62	Turkey	2013-11-03T02:59:40Z	Attribution-ShareAlike License	2012-11-29T20:03:04Z	Apple iPhone 5	90606702		10638094323	
Istanbul	[55865011, 2344116, 29390475, 2347289, 23424969, 28350899]	http://www.flickr.com/photos/8509783@N03/10638096713/			False	http://farm4.staticflickr.com/3688/10638096713_89aeb14972.jpg	21	3348f15a8472ed1f42b5e42ecc5b1ce	jpg	mick62	Turkey	2013-11-03T02:59:51Z	Attribution-ShareAlike License	2012-11-29T21:37:33Z	Apple iPhone 5	88425047		10638096713	
Istanbul	[55865011, 2344116, 29390475, 2347289, 23424969, 28350899]	http://www.flickr.com/photos/8509783@N03/10638099373/			False	http://farm4.staticflickr.com/3832/10638099373_a26222f6e3.jpg	21	486b4be4b8f2fe8d77c4becfa8546060	jpg	mick62	Turkey	2013-11-03T03:00:02Z	Attribution-ShareAlike License	2012-11-29T21:39:47Z	Apple iPhone 5	275734		10638099373	
