town_s	woe_is	urlpage_s	machine_ss	desc_ws	video_b	url_s	hour_i	hash_s	ext_s	user_s	country_s	upload_dt	license_s	taken_dt	device_s	line_i	title_s	id	tag_ss
Istanbul	[22450135, 22724032, 2344116, 29390475, 2347289, 29391294, 23424969, 28350899]	http://www.flickr.com/photos/84292292@N00/7266761164/			False	http://farm8.staticflickr.com/7230/7266761164_69053fffee.jpg	19	7710f04bb078e586b67eb97205b456c	jpg	Aleksandr Zykov	Turkey	2012-05-25T09:51:14Z	Attribution-ShareAlike License	2012-05-01T19:15:36Z	FUJIFILM FinePix X100	81503958	Istanbul	7266761164	[u'istanbul', u'turkey']
Istanbul	[22724021, 2344116, 29390475, 2347289, 23424969, 28350899]	http://www.flickr.com/photos/84292292@N00/7266761776/			False	http://farm9.staticflickr.com/8168/7266761776_551dc3848a.jpg	19	cca0bb7e3374588eb23dd8c103a764d	jpg	Aleksandr Zykov	Turkey	2012-05-25T09:51:27Z	Attribution-ShareAlike License	2012-05-01T19:15:58Z	FUJIFILM FinePix X100	50248788	Istanbul	7266761776	[u'istanbul', u'turkey']
Istanbul	[22724021, 2344116, 29390475, 2347289, 23424969, 28350899]	http://www.flickr.com/photos/84292292@N00/7266762274/			False	http://farm9.staticflickr.com/8016/7266762274_ae55fda340.jpg	19	2791fef533ae6213b8da28e7013fc92	jpg	Aleksandr Zykov	Turkey	2012-05-25T09:51:37Z	Attribution-ShareAlike License	2012-05-01T19:16:10Z	FUJIFILM FinePix X100	82506709	Istanbul	7266762274	[u'istanbul', u'turkey']
Istanbul	[22724021, 2344116, 29390475, 2347289, 23424969, 28350899]	http://www.flickr.com/photos/84292292@N00/7266762834/			False	http://farm9.staticflickr.com/8018/7266762834_828071a366.jpg	19	63ef03a587bf5fa59cd55bf873dde1	jpg	Aleksandr Zykov	Turkey	2012-05-25T09:51:49Z	Attribution-ShareAlike License	2012-05-01T19:16:52Z	FUJIFILM FinePix X100	94431773	Istanbul	7266762834	[u'istanbul', u'mosque', u'turkey']
Istanbul	[22724021, 2344116, 29390475, 2347289, 23424969, 28350899]	http://www.flickr.com/photos/84292292@N00/7266763850/			False	http://farm8.staticflickr.com/7077/7266763850_3afccb8ce0.jpg	19	446bdba564255bdd8d40b42a4c08fcb	jpg	Aleksandr Zykov	Turkey	2012-05-25T09:52:08Z	Attribution-ShareAlike License	2012-05-01T19:18:23Z	FUJIFILM FinePix X100	80529141	Istanbul	7266763850	[u'istanbul', u'turkey']
Istanbul	[22724021, 2344116, 29390475, 2347289, 23424969, 28350899]	http://www.flickr.com/photos/84292292@N00/7266764780/			False	http://farm8.staticflickr.com/7221/7266764780_deb0c09d91.jpg	19	feb8abcde361221db8bfbf19cb8553f4	jpg	Aleksandr Zykov	Turkey	2012-05-25T09:52:26Z	Attribution-ShareAlike License	2012-05-01T19:22:10Z	FUJIFILM FinePix X100	71509276	Istanbul	7266764780	[u'istanbul', u'turkey']
Istanbul	[22724021, 2344116, 29390475, 2347289, 23424969, 28350899]	http://www.flickr.com/photos/84292292@N00/7266765358/			False	http://farm8.staticflickr.com/7212/7266765358_ab2e52a53c.jpg	19	4067bcda2693fd13737f25a0662d2641	jpg	Aleksandr Zykov	Turkey	2012-05-25T09:52:36Z	Attribution-ShareAlike License	2012-05-01T19:25:11Z	FUJIFILM FinePix X100	77829282	Istanbul	7266765358	[u'istanbul', u'turkey']
Istanbul	[22724105, 2344116, 29390475, 2347289, 23424969, 28350899]	http://www.flickr.com/photos/84292292@N00/7266765922/			False	http://farm9.staticflickr.com/8004/7266765922_8170ef3830.jpg	19	255cb82be27ad5caa95fe27334f842	jpg	Aleksandr Zykov	Turkey	2012-05-25T09:52:46Z	Attribution-ShareAlike License	2012-05-01T19:32:43Z	FUJIFILM FinePix X100	67577665	Istanbul	7266765922	[u'bosphorus', u'istanbul', u'sea', u'turkey']
Istanbul	[22724105, 2344116, 29390475, 2347289, 23424969, 28350899]	http://www.flickr.com/photos/84292292@N00/7266766442/			False	http://farm8.staticflickr.com/7081/7266766442_eb74855048.jpg	19	e58e39be9c99328561a90fcd1a5632e	jpg	Aleksandr Zykov	Turkey	2012-05-25T09:52:56Z	Attribution-ShareAlike License	2012-05-01T19:36:51Z	FUJIFILM FinePix X100	63168865	Istanbul	7266766442	[u'bosphorus', u'istanbul', u'sea', u'turkey']
Istanbul	[22724105, 2344116, 29390475, 2347289, 23424969, 28350899]	http://www.flickr.com/photos/84292292@N00/7266766986/			False	http://farm8.staticflickr.com/7075/7266766986_86e7fc5e37.jpg	19	1cb173bfde66f678f6d85ac8f946c6fd	jpg	Aleksandr Zykov	Turkey	2012-05-25T09:53:07Z	Attribution-ShareAlike License	2012-05-01T19:39:12Z	FUJIFILM FinePix X100	91291911	Istanbul	7266766986	[u'bosphorus', u'golden horn', u'istanbul', u'sea', u'turkey']
Istanbul	[22724105, 2344116, 29390475, 2347289, 23424969, 28350899]	http://www.flickr.com/photos/84292292@N00/7266767428/			False	http://farm8.staticflickr.com/7231/7266767428_54a52db728.jpg	19	d230b62fc163efb95158d0ffe0c54c12	jpg	Aleksandr Zykov	Turkey	2012-05-25T09:53:16Z	Attribution-ShareAlike License	2012-05-01T19:43:47Z	FUJIFILM FinePix X100	67943372	Istanbul	7266767428	[u'bosphorus', u'golden horn', u'istanbul', u'sea', u'turkey']
Istanbul	[22724105, 2344116, 29390475, 2347289, 23424969, 28350899]	http://www.flickr.com/photos/84292292@N00/7266768144/			False	http://farm8.staticflickr.com/7220/7266768144_fffe017400.jpg	19	1fa45890715b722a2169952f7320a8db	jpg	Aleksandr Zykov	Turkey	2012-05-25T09:53:30Z	Attribution-ShareAlike License	2012-05-01T19:43:52Z	FUJIFILM FinePix X100	85741427	Istanbul	7266768144	[u'bosphorus', u'golden horn', u'istanbul', u'sea', u'turkey']
Istanbul	[22724105, 2344116, 29390475, 2347289, 23424969, 28350899]	http://www.flickr.com/photos/84292292@N00/7266768802/			False	http://farm9.staticflickr.com/8150/7266768802_de0b88846b.jpg	19	e8f269f369e9fce1b5482d151b7a5d	jpg	Aleksandr Zykov	Turkey	2012-05-25T09:53:43Z	Attribution-ShareAlike License	2012-05-01T19:47:44Z	FUJIFILM FinePix X100	66612516	Istanbul	7266768802	[u'istanbul', u'turkey']
Istanbul	[22724105, 2344116, 29390475, 2347289, 23424969, 28350899]	http://www.flickr.com/photos/84292292@N00/7266769204/			False	http://farm8.staticflickr.com/7230/7266769204_8bcd57dbbc.jpg	19	7f2c8a82c6e1db288a2ac5c84af7cc1c	jpg	Aleksandr Zykov	Turkey	2012-05-25T09:53:52Z	Attribution-ShareAlike License	2012-05-01T19:53:08Z	FUJIFILM FinePix X100	71603909	Istanbul	7266769204	[u'istanbul', u'turkey']
Istanbul	[22724105, 2344116, 29390475, 2347289, 23424969, 28350899]	http://www.flickr.com/photos/84292292@N00/7266769738/			False	http://farm8.staticflickr.com/7084/7266769738_57a392eaa3.jpg	19	71fcbdbc96790bbf8bdcf7fe271f6e4	jpg	Aleksandr Zykov	Turkey	2012-05-25T09:54:03Z	Attribution-ShareAlike License	2012-05-01T19:53:31Z	FUJIFILM FinePix X100	91311046	Istanbul	7266769738	[u'istanbul', u'turkey']
Istanbul	[22724105, 2344116, 29390475, 2347289, 23424969, 28350899]	http://www.flickr.com/photos/84292292@N00/7266770010/			False	http://farm8.staticflickr.com/7071/7266770010_92fdc9950f.jpg	19	5e35ee24a59dd2769eb7831f7638663	jpg	Aleksandr Zykov	Turkey	2012-05-25T09:54:09Z	Attribution-ShareAlike License	2012-05-01T19:54:12Z	FUJIFILM FinePix X100	39487757	Istanbul	7266770010	[u'istanbul', u'turkey']
Istanbul	[22724105, 2344116, 29390475, 2347289, 23424969, 28350899]	http://www.flickr.com/photos/84292292@N00/7266770576/			False	http://farm8.staticflickr.com/7091/7266770576_f3b86436a1.jpg	19	f3a206c7aebd830c5c2d55bf27e312	jpg	Aleksandr Zykov	Turkey	2012-05-25T09:54:21Z	Attribution-ShareAlike License	2012-05-01T19:55:05Z	FUJIFILM FinePix X100	24335503	Istanbul	7266770576	[u'istanbul', u'turkey']
Istanbul	[22724105, 2344116, 29390475, 2347289, 23424969, 28350899]	http://www.flickr.com/photos/84292292@N00/7266770966/			False	http://farm8.staticflickr.com/7083/7266770966_69577fd9f7.jpg	19	69b0546acf995ef22b164f7f7dcd7dbd	jpg	Aleksandr Zykov	Turkey	2012-05-25T09:54:29Z	Attribution-ShareAlike License	2012-05-01T19:55:08Z	FUJIFILM FinePix X100	93611026	Istanbul	7266770966	[u'istanbul', u'turkey']
Istanbul	[22724105, 2344116, 29390475, 2347289, 23424969, 28350899]	http://www.flickr.com/photos/84292292@N00/7266771348/			False	http://farm8.staticflickr.com/7101/7266771348_56e9436b4a.jpg	19	a5d8143c51b9b1b5fb7f02aaffd46f4	jpg	Aleksandr Zykov	Turkey	2012-05-25T09:54:38Z	Attribution-ShareAlike License	2012-05-01T19:55:11Z	FUJIFILM FinePix X100	72124370	Istanbul	7266771348	[u'istanbul', u'turkey']
Istanbul	[22724105, 2344116, 29390475, 2347289, 23424969, 28350899]	http://www.flickr.com/photos/84292292@N00/7266771850/			False	http://farm8.staticflickr.com/7101/7266771850_c4a9eacb7a.jpg	19	5a9e3f54dc2a3b8fecfe293440319b8c	jpg	Aleksandr Zykov	Turkey	2012-05-25T09:54:50Z	Attribution-ShareAlike License	2012-05-01T19:55:33Z	FUJIFILM FinePix X100	30336574	Istanbul	7266771850	[u'istanbul', u'turkey']
Istanbul	[22724105, 2344116, 29390475, 2347289, 23424969, 28350899]	http://www.flickr.com/photos/84292292@N00/7266772156/			False	http://farm8.staticflickr.com/7226/7266772156_e3ec03630d.jpg	19	f413fc4c9b35ea38cea535e2019c944	jpg	Aleksandr Zykov	Turkey	2012-05-25T09:54:58Z	Attribution-ShareAlike License	2012-05-01T19:59:31Z	FUJIFILM FinePix X100	27210796	Istanbul	7266772156	[u'istanbul', u'turkey']
Istanbul	[22724105, 2344116, 29390475, 2347289, 23424969, 28350899]	http://www.flickr.com/photos/84292292@N00/7266772552/			False	http://farm8.staticflickr.com/7227/7266772552_a4abe16fe7.jpg	20	cddbbe9fa5fa6f99f599c9c28512cb9	jpg	Aleksandr Zykov	Turkey	2012-05-25T09:55:06Z	Attribution-ShareAlike License	2012-05-01T20:00:01Z	FUJIFILM FinePix X100	91594387	Istanbul	7266772552	[u'istanbul', u'mosque', u'turkey']
Istanbul	[22724105, 2344116, 29390475, 2347289, 23424969, 28350899]	http://www.flickr.com/photos/84292292@N00/7266773152/			False	http://farm8.staticflickr.com/7215/7266773152_b6f1f6693d.jpg	20	af3d18a7d54032a09fcfd9d6ec14d0d5	jpg	Aleksandr Zykov	Turkey	2012-05-25T09:55:19Z	Attribution-ShareAlike License	2012-05-01T20:00:20Z	FUJIFILM FinePix X100	87249168	Istanbul	7266773152	[u'istanbul', u'turkey']
Istanbul	[22724105, 2344116, 29390475, 2347289, 23424969, 28350899]	http://www.flickr.com/photos/84292292@N00/7266773558/			False	http://farm9.staticflickr.com/8168/7266773558_6b20324799.jpg	20	43791fcf1cb7a43d92c5caca242725e4	jpg	Aleksandr Zykov	Turkey	2012-05-25T09:55:28Z	Attribution-ShareAlike License	2012-05-01T20:02:11Z	FUJIFILM FinePix X100	30533022	Istanbul	7266773558	[u'istanbul', u'turkey']
Istanbul	[22724105, 2344116, 29390475, 2347289, 23424969, 28350899]	http://www.flickr.com/photos/84292292@N00/7266774012/			False	http://farm8.staticflickr.com/7082/7266774012_339cfbefae.jpg	20	4124425385bc9eb6c46a259e89efc2	jpg	Aleksandr Zykov	Turkey	2012-05-25T09:55:39Z	Attribution-ShareAlike License	2012-05-01T20:03:33Z	FUJIFILM FinePix X100	82852228	Istanbul	7266774012	[u'istanbul', u'mosque', u'turkey']
Istanbul	[22724105, 2344116, 29390475, 2347289, 23424969, 28350899]	http://www.flickr.com/photos/84292292@N00/7266774826/			False	http://farm8.staticflickr.com/7075/7266774826_c681918450.jpg	20	ae7fb21839455731ff26cd2b18c5963	jpg	Aleksandr Zykov	Turkey	2012-05-25T09:55:55Z	Attribution-ShareAlike License	2012-05-01T20:03:53Z	FUJIFILM FinePix X100	59969143	Istanbul	7266774826	[u'istanbul', u'turkey']
Istanbul	[22724105, 2344116, 29390475, 2347289, 23424969, 28350899]	http://www.flickr.com/photos/84292292@N00/7266775622/			False	http://farm8.staticflickr.com/7221/7266775622_a838fd0121.jpg	20	9366d694c76a3a1fb225a5aaeb28392e	jpg	Aleksandr Zykov	Turkey	2012-05-25T09:56:12Z	Attribution-ShareAlike License	2012-05-01T20:04:30Z	FUJIFILM FinePix X100	79657555	Istanbul	7266775622	[u'istanbul', u'turkey']
Istanbul	[22724105, 2344116, 29390475, 2347289, 23424969, 28350899]	http://www.flickr.com/photos/84292292@N00/7266776062/			False	http://farm9.staticflickr.com/8162/7266776062_25385df0ae.jpg	20	c2348a8b2adf8bf537b36e6660d7861e	jpg	Aleksandr Zykov	Turkey	2012-05-25T09:56:21Z	Attribution-ShareAlike License	2012-05-01T20:05:54Z	FUJIFILM FinePix X100	36625881	Istanbul	7266776062	[u'istanbul', u'mosque', u'turkey']
Istanbul	[22724105, 2344116, 29390475, 2347289, 23424969, 28350899]	http://www.flickr.com/photos/84292292@N00/7266776588/			False	http://farm8.staticflickr.com/7092/7266776588_555a2e19ab.jpg	20	ee25ec5bb25f708ea7a4be8a3523b4dd	jpg	Aleksandr Zykov	Turkey	2012-05-25T09:56:33Z	Attribution-ShareAlike License	2012-05-01T20:10:19Z	FUJIFILM FinePix X100	62388876	Istanbul	7266776588	[u'istanbul', u'turkey']
Istanbul	[22724108, 2344116, 29390475, 2347289, 23424969, 28350899]	http://www.flickr.com/photos/84292292@N00/7266777146/			False	http://farm9.staticflickr.com/8163/7266777146_b0321e7a79.jpg	20	d5ebdc4dbb8844df31dc708ab2f51ec3	jpg	Aleksandr Zykov	Turkey	2012-05-25T09:56:45Z	Attribution-ShareAlike License	2012-05-01T20:24:27Z	FUJIFILM FinePix X100	83107790	Istanbul	7266777146	[u'istanbul', u'turkey']
Istanbul	[22724108, 2344116, 29390475, 2347289, 23424969, 28350899]	http://www.flickr.com/photos/84292292@N00/7266777828/			False	http://farm8.staticflickr.com/7243/7266777828_3a3c4598a0.jpg	20	6f6d3abc94b0b6531984fbe3bb5c21	jpg	Aleksandr Zykov	Turkey	2012-05-25T09:57:00Z	Attribution-ShareAlike License	2012-05-01T20:28:43Z	FUJIFILM FinePix X100	78210642	Istanbul	7266777828	[u'istanbul', u'turkey']
Istanbul	[22724108, 2344116, 29390475, 2347289, 23424969, 28350899]	http://www.flickr.com/photos/84292292@N00/7266778586/			False	http://farm9.staticflickr.com/8166/7266778586_0d088e28a5.jpg	20	6fb45aa2ead57bad92d2d76a6fdfadf	jpg	Aleksandr Zykov	Turkey	2012-05-25T09:57:15Z	Attribution-ShareAlike License	2012-05-01T20:28:57Z	FUJIFILM FinePix X100	39313763	Istanbul	7266778586	[u'istanbul', u'turkey']
Istanbul	[22724108, 2344116, 29390475, 2347289, 23424969, 28350899]	http://www.flickr.com/photos/84292292@N00/7266779094/			False	http://farm8.staticflickr.com/7211/7266779094_4eefd32499.jpg	20	ac131f694d55bc4aacc81c680df5461	jpg	Aleksandr Zykov	Turkey	2012-05-25T09:57:27Z	Attribution-ShareAlike License	2012-05-01T20:29:24Z	FUJIFILM FinePix X100	23254835	Istanbul	7266779094	[u'istanbul', u'turkey']
Istanbul	[22724108, 2344116, 29390475, 2347289, 23424969, 28350899]	http://www.flickr.com/photos/84292292@N00/7266779508/			False	http://farm9.staticflickr.com/8156/7266779508_7a89185491.jpg	20	b53434a8534898352ae22deb786bb4	jpg	Aleksandr Zykov	Turkey	2012-05-25T09:57:36Z	Attribution-ShareAlike License	2012-05-01T20:32:23Z	FUJIFILM FinePix X100	79565460	Istanbul	7266779508	[u'istanbul', u'turkey']
Istanbul	[22724108, 2344116, 29390475, 2347289, 23424969, 28350899]	http://www.flickr.com/photos/84292292@N00/7266780196/			False	http://farm8.staticflickr.com/7238/7266780196_6660409a79.jpg	20	80c5ee995c97d52fd4325b6b439da8	jpg	Aleksandr Zykov	Turkey	2012-05-25T09:57:51Z	Attribution-ShareAlike License	2012-05-01T20:32:48Z	FUJIFILM FinePix X100	88319106	Istanbul	7266780196	[u'istanbul', u'turkey']
Istanbul	[22724108, 2344116, 29390475, 2347289, 23424969, 28350899]	http://www.flickr.com/photos/84292292@N00/7266780782/			False	http://farm8.staticflickr.com/7225/7266780782_dd035c3186.jpg	20	25f435da136638c588d1edf178f8c1ff	jpg	Aleksandr Zykov	Turkey	2012-05-25T09:58:03Z	Attribution-ShareAlike License	2012-05-01T20:34:02Z	FUJIFILM FinePix X100	69043374	Istanbul	7266780782	[u'istanbul', u'turkey']
Istanbul	[22724108, 2344116, 29390475, 2347289, 23424969, 28350899]	http://www.flickr.com/photos/84292292@N00/7266781542/			False	http://farm8.staticflickr.com/7214/7266781542_89e67612e2.jpg	20	289e549e28f913c530f089adb3a5b512	jpg	Aleksandr Zykov	Turkey	2012-05-25T09:58:18Z	Attribution-ShareAlike License	2012-05-01T20:36:25Z	FUJIFILM FinePix X100	62160441	Istanbul	7266781542	[u'istanbul', u'turkey']
Istanbul	[22724017, 2344116, 29390475, 2347289, 23424969, 28350899]	http://www.flickr.com/photos/84292292@N00/7266782270/			False	http://farm8.staticflickr.com/7072/7266782270_246f228a7a.jpg	21	e4e15d5921872545253fa9493d62a4a7	jpg	Aleksandr Zykov	Turkey	2012-05-25T09:58:32Z	Attribution-ShareAlike License	2012-05-01T21:01:33Z	FUJIFILM FinePix X100	65113122	Istanbul	7266782270	[u'istanbul', u'turkey']
Istanbul	[22724017, 2344116, 29390475, 2347289, 23424969, 28350899]	http://www.flickr.com/photos/84292292@N00/7266783004/			False	http://farm8.staticflickr.com/7094/7266783004_5211001849.jpg	21	6bfb1257db7c6fb475f016fad1be711	jpg	Aleksandr Zykov	Turkey	2012-05-25T09:58:47Z	Attribution-ShareAlike License	2012-05-01T21:05:09Z	FUJIFILM FinePix X100	58463152	Istanbul	7266783004	[u'istanbul', u'mosque', u'turkey']
Istanbul	[22724017, 2344116, 29390475, 2347289, 23424969, 28350899]	http://www.flickr.com/photos/84292292@N00/7266783616/			False	http://farm8.staticflickr.com/7088/7266783616_d9189aa56c.jpg	21	45ecb8491070cfd7ded3ec6a771ff1	jpg	Aleksandr Zykov	Turkey	2012-05-25T09:58:59Z	Attribution-ShareAlike License	2012-05-01T21:09:29Z	FUJIFILM FinePix X100	61023111	Istanbul	7266783616	[u'istanbul', u'mosque', u'turkey']
Istanbul	[22724017, 2344116, 29390475, 2347289, 23424969, 28350899]	http://www.flickr.com/photos/84292292@N00/7266784020/			False	http://farm8.staticflickr.com/7085/7266784020_99736a0382.jpg	21	c78643f7258eebf4f8bdccfe4c90a8	jpg	Aleksandr Zykov	Turkey	2012-05-25T09:59:07Z	Attribution-ShareAlike License	2012-05-01T21:09:40Z	FUJIFILM FinePix X100	81181069	Istanbul	7266784020	[u'istanbul', u'turkey']
Istanbul	[22724017, 2344116, 29390475, 2347289, 23424969, 28350899]	http://www.flickr.com/photos/84292292@N00/7266784380/			False	http://farm8.staticflickr.com/7075/7266784380_fe994674a1.jpg	21	eb1c12f34f191768787934fa86efa5d	jpg	Aleksandr Zykov	Turkey	2012-05-25T09:59:15Z	Attribution-ShareAlike License	2012-05-01T21:24:49Z	FUJIFILM FinePix X100	81605391	Istanbul	7266784380	[u'istanbul', u'turkey']
Istanbul	[22724022, 2344116, 29390475, 2347289, 23424969, 28350899]	http://www.flickr.com/photos/84292292@N00/7266784938/			False	http://farm8.staticflickr.com/7089/7266784938_b4761a2c8a.jpg	21	1b6d828fb06da32763b9975e62b1cedf	jpg	Aleksandr Zykov	Turkey	2012-05-25T09:59:26Z	Attribution-ShareAlike License	2012-05-01T21:34:10Z	FUJIFILM FinePix X100	72330010	Istanbul	7266784938	[u'istanbul', u'turkey']
Istanbul	[22724022, 2344116, 29390475, 2347289, 23424969, 28350899]	http://www.flickr.com/photos/84292292@N00/7266785372/			False	http://farm8.staticflickr.com/7230/7266785372_1e5a6ac8fd.jpg	21	9266575629b40eff9dc9a699f5015	jpg	Aleksandr Zykov	Turkey	2012-05-25T09:59:35Z	Attribution-ShareAlike License	2012-05-01T21:35:24Z	FUJIFILM FinePix X100	81851979	Istanbul	7266785372	[u'istanbul', u'turkey']
Istanbul	[22724020, 2344116, 29390475, 2347289, 23424969, 28350899]	http://www.flickr.com/photos/84292292@N00/7266785878/			False	http://farm9.staticflickr.com/8027/7266785878_818bb3c363.jpg	22	a76d1211a1a821d1e2c9ed70fe692ac0	jpg	Aleksandr Zykov	Turkey	2012-05-25T09:59:45Z	Attribution-ShareAlike License	2012-05-01T22:09:32Z	FUJIFILM FinePix X100	89170283	Istanbul	7266785878	[u'istanbul', u'turkey']
Istanbul	[22724012, 2344116, 29390475, 2347289, 23424969, 28350899]	http://www.flickr.com/photos/84292292@N00/7266786512/			False	http://farm8.staticflickr.com/7092/7266786512_c93d590473.jpg	22	a09ce024bfe62ce19dc213b68746ed2	jpg	Aleksandr Zykov	Turkey	2012-05-25T09:59:58Z	Attribution-ShareAlike License	2012-05-01T22:14:07Z	FUJIFILM FinePix X100	3221963	Istanbul	7266786512	[u'istanbul', u'turkey']
Istanbul	[22724012, 2344116, 29390475, 2347289, 23424969, 28350899]	http://www.flickr.com/photos/84292292@N00/7266787082/			False	http://farm9.staticflickr.com/8144/7266787082_b02e77a12d.jpg	22	598287cc48e98253bd269af1e746f4	jpg	Aleksandr Zykov	Turkey	2012-05-25T10:00:09Z	Attribution-ShareAlike License	2012-05-01T22:17:06Z	FUJIFILM FinePix X100	70886520	Istanbul	7266787082	[u'istanbul', u'turkey']
Istanbul	[22450613, 22724013, 2344116, 29390475, 2347289, 29391294, 23424969, 28350899]	http://www.flickr.com/photos/84292292@N00/7266787522/			False	http://farm8.staticflickr.com/7081/7266787522_569ef974ab.jpg	22	72df2a35d5c2c9cb1396f5b99f1474d	jpg	Aleksandr Zykov	Turkey	2012-05-25T10:00:17Z	Attribution-ShareAlike License	2012-05-01T22:18:28Z	FUJIFILM FinePix X100	81311088	Istanbul	7266787522	[u'istanbul', u'turkey']
Istanbul	[22450613, 22724013, 2344116, 29390475, 2347289, 29391294, 23424969, 28350899]	http://www.flickr.com/photos/84292292@N00/7266787970/			False	http://farm9.staticflickr.com/8145/7266787970_c91a2009b1.jpg	22	bbd6a212e1803ef6244ad89615575ab	jpg	Aleksandr Zykov	Turkey	2012-05-25T10:00:25Z	Attribution-ShareAlike License	2012-05-01T22:18:58Z	FUJIFILM FinePix X100	60351734	Istanbul	7266787970	[u'istanbul', u'turkey']
Istanbul	[22450135, 22724032, 2344116, 29390475, 2347289, 29391294, 23424969, 28350899]	http://www.flickr.com/photos/84292292@N00/7266790900/			False	http://farm9.staticflickr.com/8167/7266790900_f72f5e08cc.jpg	22	8ebfe27ff0e5696a166ae48556fb3e	jpg	Aleksandr Zykov	Turkey	2012-05-25T10:01:20Z	Attribution-ShareAlike License	2012-05-01T22:26:03Z	FUJIFILM FinePix X100	58860990	Istanbul	7266790900	[u'istanbul', u'mosque', u'turkey']
Istanbul	[22450135, 22724032, 2344116, 29390475, 2347289, 29391294, 23424969, 28350899]	http://www.flickr.com/photos/84292292@N00/7266791372/			False	http://farm8.staticflickr.com/7235/7266791372_617cb819b9.jpg	22	f4b774c71abd98627dc7e0e85dc0258b	jpg	Aleksandr Zykov	Turkey	2012-05-25T10:01:31Z	Attribution-ShareAlike License	2012-05-01T22:28:59Z	FUJIFILM FinePix X100	80394377	Istanbul	7266791372	[u'istanbul', u'mosque', u'turkey']
