town_s	woe_is	urlpage_s	machine_ss	desc_ws	video_b	url_s	hour_i	hash_s	ext_s	user_s	country_s	upload_dt	license_s	taken_dt	device_s	line_i	title_s	id	tag_ss
Istanbul	[22724021, 2344116, 29390475, 2347289, 23424969, 28350899]	http://www.flickr.com/photos/84292292@N00/7266791858/			False	http://farm8.staticflickr.com/7227/7266791858_6a54a62bc4.jpg	10	791b33c83099f07aa4c5475f461691c6	jpg	Aleksandr Zykov	Turkey	2012-05-25T10:01:41Z	Attribution-ShareAlike License	2012-05-02T10:29:54Z	FUJIFILM FinePix X100	77377821	Istanbul	7266791858	[u'istanbul', u'turkey']
Istanbul	[22724021, 2344116, 29390475, 2347289, 23424969, 28350899]	http://www.flickr.com/photos/84292292@N00/7266792374/			False	http://farm8.staticflickr.com/7083/7266792374_e7f8fd252c.jpg	10	1bf1a02463102ca4c0fe17d2ae3a7a1d	jpg	Aleksandr Zykov	Turkey	2012-05-25T10:01:53Z	Attribution-ShareAlike License	2012-05-02T10:30:02Z	FUJIFILM FinePix X100	60951796	Istanbul	7266792374	[u'istanbul', u'turkey']
Istanbul	[22724021, 2344116, 29390475, 2347289, 23424969, 28350899]	http://www.flickr.com/photos/84292292@N00/7266792920/			False	http://farm9.staticflickr.com/8005/7266792920_7a22604831.jpg	10	41a461d483f9188b4fec347dd50385	jpg	Aleksandr Zykov	Turkey	2012-05-25T10:02:05Z	Attribution-ShareAlike License	2012-05-02T10:30:15Z	FUJIFILM FinePix X100	7769960	Istanbul	7266792920	[u'istanbul', u'turkey']
Istanbul	[22450558, 22724032, 2344116, 29390475, 2347289, 29391294, 23424969, 28350899]	http://www.flickr.com/photos/84292292@N00/7266793296/			False	http://farm8.staticflickr.com/7101/7266793296_ebbd7231d9.jpg	10	6445a23928e59b98eb219c4c77f4cb8	jpg	Aleksandr Zykov	Turkey	2012-05-25T10:02:13Z	Attribution-ShareAlike License	2012-05-02T10:33:00Z	FUJIFILM FinePix X100	88311194	Istanbul	7266793296	[u'istanbul', u'turkey']
Istanbul	[22450344, 22724021, 2344116, 29390475, 2347289, 29391294, 23424969, 28350899]	http://www.flickr.com/photos/84292292@N00/7266793760/			False	http://farm8.staticflickr.com/7072/7266793760_214b9c373e.jpg	10	46b3bd195fe9216f4e924e4c8bb0c39d	jpg	Aleksandr Zykov	Turkey	2012-05-25T10:02:22Z	Attribution-ShareAlike License	2012-05-02T10:37:52Z	FUJIFILM FinePix X100	45186030	Sultan Ahmed Mosque	7266793760	[u'istanbul', u'mosque', u'turkey']
Istanbul	[22450344, 22724021, 2344116, 29390475, 2347289, 29391294, 23424969, 28350899]	http://www.flickr.com/photos/84292292@N00/7266794068/			False	http://farm8.staticflickr.com/7081/7266794068_8039e89922.jpg	10	a9221f8e2fbcb48f477248bf4438beb1	jpg	Aleksandr Zykov	Turkey	2012-05-25T10:02:28Z	Attribution-ShareAlike License	2012-05-02T10:38:42Z	FUJIFILM FinePix X100	69320288	Sultan Ahmed Mosque	7266794068	[u'istanbul', u'mosque', u'turkey']
Istanbul	[22450344, 22724021, 2344116, 29390475, 2347289, 29391294, 23424969, 28350899]	http://www.flickr.com/photos/84292292@N00/7266794554/			False	http://farm8.staticflickr.com/7223/7266794554_483afe9c53.jpg	10	5cd7cebeea6179d782404d79c8ed1ec1	jpg	Aleksandr Zykov	Turkey	2012-05-25T10:02:39Z	Attribution-ShareAlike License	2012-05-02T10:46:19Z	FUJIFILM FinePix X100	15434553	Sultan Ahmed Mosque	7266794554	[u'istanbul', u'mosque', u'turkey']
Istanbul	[22450344, 22724021, 2344116, 29390475, 2347289, 29391294, 23424969, 28350899]	http://www.flickr.com/photos/84292292@N00/7266795078/			False	http://farm9.staticflickr.com/8152/7266795078_52039726be.jpg	10	8aedfbe9e1139616b7c7327c096ac3f	jpg	Aleksandr Zykov	Turkey	2012-05-25T10:02:50Z	Attribution-ShareAlike License	2012-05-02T10:46:29Z	FUJIFILM FinePix X100	97183537	Sultan Ahmed Mosque	7266795078	[u'istanbul', u'mosque', u'turkey']
Istanbul	[22450344, 22724021, 2344116, 29390475, 2347289, 29391294, 23424969, 28350899]	http://www.flickr.com/photos/84292292@N00/7266795724/			False	http://farm8.staticflickr.com/7235/7266795724_a27ece2a5e.jpg	10	cd252ed4a56ad36488b971293ffc884f	jpg	Aleksandr Zykov	Turkey	2012-05-25T10:03:03Z	Attribution-ShareAlike License	2012-05-02T10:49:00Z	FUJIFILM FinePix X100	85834678	Sultan Ahmed Mosque	7266795724	[u'istanbul', u'mosque', u'turkey']
Istanbul	[22450344, 22724021, 2344116, 29390475, 2347289, 29391294, 23424969, 28350899]	http://www.flickr.com/photos/84292292@N00/7266796568/			False	http://farm8.staticflickr.com/7244/7266796568_7be65dcc23.jpg	10	9e40cc4b7c18275c13ba5ca716f16fb	jpg	Aleksandr Zykov	Turkey	2012-05-25T10:03:19Z	Attribution-ShareAlike License	2012-05-02T10:49:49Z	FUJIFILM FinePix X100	80536517	Sultan Ahmed Mosque	7266796568	[u'istanbul', u'mosque', u'turkey']
Istanbul	[22450344, 22724021, 2344116, 29390475, 2347289, 29391294, 23424969, 28350899]	http://www.flickr.com/photos/84292292@N00/7266797210/			False	http://farm8.staticflickr.com/7092/7266797210_bc9864dec0.jpg	10	2f536da74fd7c0e6a190d31987ae1344	jpg	Aleksandr Zykov	Turkey	2012-05-25T10:03:33Z	Attribution-ShareAlike License	2012-05-02T10:50:39Z	FUJIFILM FinePix X100	61948668	Sultan Ahmed Mosque	7266797210	[u'istanbul', u'mosque', u'turkey']
Istanbul	[22450344, 22724021, 2344116, 29390475, 2347289, 29391294, 23424969, 28350899]	http://www.flickr.com/photos/84292292@N00/7266797954/			False	http://farm8.staticflickr.com/7230/7266797954_11f33681fa.jpg	10	a8acab1573741eddfb08150344b8573	jpg	Aleksandr Zykov	Turkey	2012-05-25T10:03:48Z	Attribution-ShareAlike License	2012-05-02T10:54:07Z	FUJIFILM FinePix X100	53236635	Sultan Ahmed Mosque	7266797954	[u'istanbul', u'mosque', u'turkey']
Istanbul	[22450344, 22724021, 2344116, 29390475, 2347289, 29391294, 23424969, 28350899]	http://www.flickr.com/photos/84292292@N00/7266798560/			False	http://farm8.staticflickr.com/7228/7266798560_b75afabae8.jpg	10	23234872f563a81993712ba2ddf39177	jpg	Aleksandr Zykov	Turkey	2012-05-25T10:04:03Z	Attribution-ShareAlike License	2012-05-02T10:54:14Z	FUJIFILM FinePix X100	66457261	Sultan Ahmed Mosque	7266798560	[u'istanbul', u'mosque', u'turkey']
Istanbul	[22450344, 22724021, 2344116, 29390475, 2347289, 29391294, 23424969, 28350899]	http://www.flickr.com/photos/84292292@N00/7266799240/			False	http://farm8.staticflickr.com/7214/7266799240_240e4a2e52.jpg	10	e28d5bdc65b045985dc5d2b69caa7e	jpg	Aleksandr Zykov	Turkey	2012-05-25T10:04:19Z	Attribution-ShareAlike License	2012-05-02T10:54:26Z	FUJIFILM FinePix X100	61420217	Sultan Ahmed Mosque	7266799240	[u'istanbul', u'mosque', u'turkey']
Istanbul	[22450344, 22724021, 2344116, 29390475, 2347289, 29391294, 23424969, 28350899]	http://www.flickr.com/photos/84292292@N00/7266799968/			False	http://farm8.staticflickr.com/7087/7266799968_a093c4ca74.jpg	11	61eb516672b39dd7b758c69f44cc6f9	jpg	Aleksandr Zykov	Turkey	2012-05-25T10:04:34Z	Attribution-ShareAlike License	2012-05-02T11:10:14Z	FUJIFILM FinePix X100	82180186	Sultan Ahmed Mosque	7266799968	[u'istanbul', u'mosque', u'turkey']
Istanbul	[22450344, 22724021, 2344116, 29390475, 2347289, 29391294, 23424969, 28350899]	http://www.flickr.com/photos/84292292@N00/7266800578/			False	http://farm8.staticflickr.com/7236/7266800578_6ec756acd9.jpg	11	a87530959587e8a75ec114f728201d95	jpg	Aleksandr Zykov	Turkey	2012-05-25T10:04:48Z	Attribution-ShareAlike License	2012-05-02T11:16:43Z	FUJIFILM FinePix X100	55468883	Sultan Ahmed Mosque	7266800578	[u'istanbul', u'mosque', u'turkey']
Istanbul	[22724015, 2344116, 29390475, 2347289, 23424969, 28350899]	http://www.flickr.com/photos/84292292@N00/7266801126/			False	http://farm8.staticflickr.com/7100/7266801126_9799a59a9a.jpg	11	458b76f2f1de5026da1971da6dc37fa	jpg	Aleksandr Zykov	Turkey	2012-05-25T10:04:58Z	Attribution-ShareAlike License	2012-05-02T11:49:56Z	FUJIFILM FinePix X100	71364611	Istanbul	7266801126	[u'istanbul', u'mosque', u'turkey']
Istanbul	[22724015, 2344116, 29390475, 2347289, 23424969, 28350899]	http://www.flickr.com/photos/84292292@N00/7266801788/			False	http://farm8.staticflickr.com/7218/7266801788_73d837b744.jpg	12	6dba39d1d143c5b1bc6334c6778f3b2	jpg	Aleksandr Zykov	Turkey	2012-05-25T10:05:13Z	Attribution-ShareAlike License	2012-05-02T12:29:27Z	FUJIFILM FinePix X100	63315458	Istanbul	7266801788	[u'istanbul', u'mosque', u'turkey']
Istanbul	[22724015, 2344116, 29390475, 2347289, 23424969, 28350899]	http://www.flickr.com/photos/84292292@N00/7266803474/			False	http://farm9.staticflickr.com/8157/7266803474_918e07dc22.jpg	12	a244da362eab975c43d646ed6ab13e	jpg	Aleksandr Zykov	Turkey	2012-05-25T10:05:46Z	Attribution-ShareAlike License	2012-05-02T12:29:31Z	FUJIFILM FinePix X100	73383389	Istanbul	7266803474	[u'istanbul', u'mosque', u'turkey']
Istanbul	[22724015, 2344116, 29390475, 2347289, 23424969, 28350899]	http://www.flickr.com/photos/84292292@N00/7266804274/			False	http://farm8.staticflickr.com/7071/7266804274_41572ab77a.jpg	12	26e6bdda6413ff29cc12b289f4db7adf	jpg	Aleksandr Zykov	Turkey	2012-05-25T10:06:02Z	Attribution-ShareAlike License	2012-05-02T12:30:07Z	FUJIFILM FinePix X100	86537643	Istanbul	7266804274	[u'istanbul', u'mosque', u'turkey']
Istanbul	[22724015, 2344116, 29390475, 2347289, 23424969, 28350899]	http://www.flickr.com/photos/84292292@N00/7266805042/			False	http://farm8.staticflickr.com/7083/7266805042_ab4e774a8f.jpg	12	657c93a88ae0b7e4be26858c201077f5	jpg	Aleksandr Zykov	Turkey	2012-05-25T10:06:17Z	Attribution-ShareAlike License	2012-05-02T12:30:15Z	FUJIFILM FinePix X100	64287233	Istanbul	7266805042	[u'istanbul', u'mosque', u'turkey']
Istanbul	[22724015, 2344116, 29390475, 2347289, 23424969, 28350899]	http://www.flickr.com/photos/84292292@N00/7266805824/			False	http://farm8.staticflickr.com/7216/7266805824_6dd9ca3ec3.jpg	12	d5d10d5cef6560a3bf20c3e617f9	jpg	Aleksandr Zykov	Turkey	2012-05-25T10:06:34Z	Attribution-ShareAlike License	2012-05-02T12:31:57Z	FUJIFILM FinePix X100	89051495	Istanbul	7266805824	[u'istanbul', u'mosque', u'turkey']
Istanbul	[22724015, 2344116, 29390475, 2347289, 23424969, 28350899]	http://www.flickr.com/photos/84292292@N00/7266806536/			False	http://farm9.staticflickr.com/8163/7266806536_6f97495638.jpg	12	4b3b4871ea6c19cd3ef12dcd471cc7e	jpg	Aleksandr Zykov	Turkey	2012-05-25T10:06:49Z	Attribution-ShareAlike License	2012-05-02T12:32:15Z	FUJIFILM FinePix X100	81722114	Istanbul	7266806536	[u'istanbul', u'mosque', u'turkey']
Istanbul	[22724015, 2344116, 29390475, 2347289, 23424969, 28350899]	http://www.flickr.com/photos/84292292@N00/7266807196/			False	http://farm8.staticflickr.com/7090/7266807196_3ef5c006f2.jpg	12	65ac67e83edfb4a0fef5f6695608ce	jpg	Aleksandr Zykov	Turkey	2012-05-25T10:07:02Z	Attribution-ShareAlike License	2012-05-02T12:32:41Z	FUJIFILM FinePix X100	85932658	Istanbul	7266807196	[u'istanbul', u'mosque', u'turkey']
Istanbul	[22724015, 2344116, 29390475, 2347289, 23424969, 28350899]	http://www.flickr.com/photos/84292292@N00/7266807662/			False	http://farm9.staticflickr.com/8164/7266807662_cfc0771531.jpg	12	da80c22116d715cb3992e3bcb89f1bf	jpg	Aleksandr Zykov	Turkey	2012-05-25T10:07:11Z	Attribution-ShareAlike License	2012-05-02T12:35:50Z	FUJIFILM FinePix X100	64973447	Istanbul	7266807662	[u'istanbul', u'mosque', u'turkey']
Istanbul	[22724015, 2344116, 29390475, 2347289, 23424969, 28350899]	http://www.flickr.com/photos/84292292@N00/7266808136/			False	http://farm8.staticflickr.com/7232/7266808136_37eeb321f5.jpg	12	23248f9ee137c2e412fe21150047ae	jpg	Aleksandr Zykov	Turkey	2012-05-25T10:07:21Z	Attribution-ShareAlike License	2012-05-02T12:36:32Z	FUJIFILM FinePix X100	87125629	Istanbul	7266808136	[u'istanbul', u'turkey']
Istanbul	[22724015, 2344116, 29390475, 2347289, 23424969, 28350899]	http://www.flickr.com/photos/84292292@N00/7266808658/			False	http://farm8.staticflickr.com/7226/7266808658_9ea57ce5c6.jpg	12	133d2eb4c2ab7a893c5a39ee38ea2b9c	jpg	Aleksandr Zykov	Turkey	2012-05-25T10:07:32Z	Attribution-ShareAlike License	2012-05-02T12:36:38Z	FUJIFILM FinePix X100	94118853	Istanbul	7266808658	[u'istanbul', u'turkey']
Istanbul	[22724015, 2344116, 29390475, 2347289, 23424969, 28350899]	http://www.flickr.com/photos/84292292@N00/7266809356/			False	http://farm9.staticflickr.com/8002/7266809356_a071d6db4a.jpg	12	6d18ee9bba9285362c7d4250b4e255	jpg	Aleksandr Zykov	Turkey	2012-05-25T10:07:46Z	Attribution-ShareAlike License	2012-05-02T12:38:59Z	FUJIFILM FinePix X100	95065674	Istanbul	7266809356	[u'istanbul', u'turkey']
Istanbul	[22724017, 2344116, 29390475, 2347289, 23424969, 28350899]	http://www.flickr.com/photos/84292292@N00/7266809844/			False	http://farm8.staticflickr.com/7089/7266809844_96ec37f21d.jpg	12	1ea73c65c1137021f616c32ab411e5ee	jpg	Aleksandr Zykov	Turkey	2012-05-25T10:07:55Z	Attribution-ShareAlike License	2012-05-02T12:39:28Z	FUJIFILM FinePix X100	94929255	Istanbul	7266809844	[u'istanbul', u'mosque', u'turkey']
Istanbul	[22724017, 2344116, 29390475, 2347289, 23424969, 28350899]	http://www.flickr.com/photos/84292292@N00/7266810344/			False	http://farm9.staticflickr.com/8157/7266810344_d46f6a4b3d.jpg	12	54ae9c7468e0629c221d1fa1afdd19aa	jpg	Aleksandr Zykov	Turkey	2012-05-25T10:08:05Z	Attribution-ShareAlike License	2012-05-02T12:40:04Z	FUJIFILM FinePix X100	61560257	Istanbul	7266810344	[u'istanbul', u'turkey']
Istanbul	[22724017, 2344116, 29390475, 2347289, 23424969, 28350899]	http://www.flickr.com/photos/84292292@N00/7266810776/			False	http://farm8.staticflickr.com/7214/7266810776_e5464dcca8.jpg	12	1a1292f92f15691a66484e4aedb5ac	jpg	Aleksandr Zykov	Turkey	2012-05-25T10:08:14Z	Attribution-ShareAlike License	2012-05-02T12:41:40Z	FUJIFILM FinePix X100	51773739	Istanbul	7266810776	[u'istanbul', u'turkey']
Istanbul	[22724017, 2344116, 29390475, 2347289, 23424969, 28350899]	http://www.flickr.com/photos/84292292@N00/7266811332/			False	http://farm8.staticflickr.com/7244/7266811332_275e2cdd3f.jpg	12	d0e93a78bb6cf32e0e38e98e914c6aa	jpg	Aleksandr Zykov	Turkey	2012-05-25T10:08:26Z	Attribution-ShareAlike License	2012-05-02T12:42:01Z	FUJIFILM FinePix X100	74672923	Istanbul	7266811332	[u'istanbul', u'turkey']
Istanbul	[22724106, 2344116, 29390475, 2347289, 23424969, 28350899]	http://www.flickr.com/photos/84292292@N00/7266811912/			False	http://farm8.staticflickr.com/7231/7266811912_df524d1b8e.jpg	12	c744b3866a403661f7c78d9d5e9f916	jpg	Aleksandr Zykov	Turkey	2012-05-25T10:08:39Z	Attribution-ShareAlike License	2012-05-02T12:43:17Z	FUJIFILM FinePix X100	73840959	Istanbul	7266811912	[u'bosphorus', u'golden horn', u'istanbul', u'sea', u'turkey']
Istanbul	[22724077, 2344116, 29390475, 2347289, 23424969, 28350899]	http://www.flickr.com/photos/84292292@N00/7266812434/			False	http://farm8.staticflickr.com/7223/7266812434_5bdbb722bb.jpg	13	2283739a3f495f42b62614ba5ec27d	jpg	Aleksandr Zykov	Turkey	2012-05-25T10:08:50Z	Attribution-ShareAlike License	2012-05-02T13:04:22Z	FUJIFILM FinePix X100	93172568	Istanbul	7266812434	[u'istanbul', u'turkey']
Istanbul	[22724077, 2344116, 29390475, 2347289, 23424969, 28350899]	http://www.flickr.com/photos/84292292@N00/7266812994/			False	http://farm8.staticflickr.com/7231/7266812994_1d2abe9830.jpg	13	30ada93d4c9d23503455685780c7b59	jpg	Aleksandr Zykov	Turkey	2012-05-25T10:09:02Z	Attribution-ShareAlike License	2012-05-02T13:04:39Z	FUJIFILM FinePix X100	77947469	Istanbul	7266812994	[u'istanbul', u'turkey']
Istanbul	[22724077, 2344116, 29390475, 2347289, 23424969, 28350899]	http://www.flickr.com/photos/84292292@N00/7266813668/			False	http://farm9.staticflickr.com/8141/7266813668_5d4c316aa7.jpg	13	ccd8a04ba84d2770eb7c4558b9d02588	jpg	Aleksandr Zykov	Turkey	2012-05-25T10:09:16Z	Attribution-ShareAlike License	2012-05-02T13:13:08Z	FUJIFILM FinePix X100	73345419	Istanbul	7266813668	[u'istanbul', u'turkey']
Istanbul	[22724077, 2344116, 29390475, 2347289, 23424969, 28350899]	http://www.flickr.com/photos/84292292@N00/7266814174/			False	http://farm8.staticflickr.com/7089/7266814174_ff3ffa555a.jpg	13	88e432ea79706190939d15a7e44e419	jpg	Aleksandr Zykov	Turkey	2012-05-25T10:09:27Z	Attribution-ShareAlike License	2012-05-02T13:18:18Z	FUJIFILM FinePix X100	70965632	Istanbul	7266814174	[u'istanbul', u'turkey']
Istanbul	[22724083, 2344116, 29390475, 2347289, 23424969, 28350899]	http://www.flickr.com/photos/84292292@N00/7266814708/			False	http://farm8.staticflickr.com/7101/7266814708_ea327b14e9.jpg	13	ea265b7496a82682d4ee1f5b8e27c4	jpg	Aleksandr Zykov	Turkey	2012-05-25T10:09:38Z	Attribution-ShareAlike License	2012-05-02T13:39:23Z	FUJIFILM FinePix X100	69997058	Istanbul	7266814708	[u'istanbul', u'turkey']
Istanbul	[22724083, 2344116, 29390475, 2347289, 23424969, 28350899]	http://www.flickr.com/photos/84292292@N00/7266815352/			False	http://farm8.staticflickr.com/7242/7266815352_d556b46177.jpg	13	2890ddf9a7cf68a75af44d1f2516ca	jpg	Aleksandr Zykov	Turkey	2012-05-25T10:09:52Z	Attribution-ShareAlike License	2012-05-02T13:40:34Z	FUJIFILM FinePix X100	72110486	Istanbul	7266815352	[u'istanbul', u'turkey']
Istanbul	[22724083, 2344116, 29390475, 2347289, 23424969, 28350899]	http://www.flickr.com/photos/84292292@N00/7266815850/			False	http://farm9.staticflickr.com/8154/7266815850_a402de41a4.jpg	13	1edb26acb96d1680f47c3b62333b8b4	jpg	Aleksandr Zykov	Turkey	2012-05-25T10:10:05Z	Attribution-ShareAlike License	2012-05-02T13:41:17Z	FUJIFILM FinePix X100	67266141	Istanbul	7266815850	[u'istanbul', u'turkey']
Istanbul	[22724083, 2344116, 29390475, 2347289, 23424969, 28350899]	http://www.flickr.com/photos/84292292@N00/7266816286/			False	http://farm9.staticflickr.com/8157/7266816286_226fffbd1d.jpg	13	7a41f758d2c8d34e63688a747a4e13e	jpg	Aleksandr Zykov	Turkey	2012-05-25T10:10:15Z	Attribution-ShareAlike License	2012-05-02T13:44:09Z	FUJIFILM FinePix X100	84640071	Istanbul	7266816286	[u'istanbul', u'turkey']
Istanbul	[22724083, 2344116, 29390475, 2347289, 23424969, 28350899]	http://www.flickr.com/photos/84292292@N00/7266816626/			False	http://farm8.staticflickr.com/7215/7266816626_a63f01fbeb.jpg	13	5cfbcbd81ac815a9b81edb0f39f61e2	jpg	Aleksandr Zykov	Turkey	2012-05-25T10:10:23Z	Attribution-ShareAlike License	2012-05-02T13:44:16Z	FUJIFILM FinePix X100	85132246	Istanbul	7266816626	[u'friends', u'istanbul', u'turkey']
Istanbul	[22724083, 2344116, 29390475, 2347289, 23424969, 28350899]	http://www.flickr.com/photos/84292292@N00/7266817042/			False	http://farm8.staticflickr.com/7084/7266817042_24533d45ef.jpg	13	f3ff20cc607fea22687ea46691bb13f	jpg	Aleksandr Zykov	Turkey	2012-05-25T10:10:32Z	Attribution-ShareAlike License	2012-05-02T13:44:48Z	FUJIFILM FinePix X100	85499828	Istanbul	7266817042	[u'istanbul', u'turkey']
Istanbul	[22724083, 2344116, 29390475, 2347289, 23424969, 28350899]	http://www.flickr.com/photos/84292292@N00/7266817366/			False	http://farm9.staticflickr.com/8024/7266817366_220fda1d14.jpg	13	10159ae0ceb595a5aba323248ece8458	jpg	Aleksandr Zykov	Turkey	2012-05-25T10:10:40Z	Attribution-ShareAlike License	2012-05-02T13:46:08Z	FUJIFILM FinePix X100	96899817	Istanbul	7266817366	[u'istanbul', u'turkey']
Istanbul	[22724083, 2344116, 29390475, 2347289, 23424969, 28350899]	http://www.flickr.com/photos/84292292@N00/7266817776/			False	http://farm8.staticflickr.com/7084/7266817776_a4908133be.jpg	13	8ac7d8fdbb25a97369d22a9cc5e1a2e5	jpg	Aleksandr Zykov	Turkey	2012-05-25T10:10:49Z	Attribution-ShareAlike License	2012-05-02T13:47:29Z	FUJIFILM FinePix X100	84470700	Istanbul	7266817776	[u'istanbul', u'turkey']
Istanbul	[22724083, 2344116, 29390475, 2347289, 23424969, 28350899]	http://www.flickr.com/photos/84292292@N00/7266818442/			False	http://farm9.staticflickr.com/8141/7266818442_d18a0bdfca.jpg	13	cada8352732b1aa7b79bd89e3e5584	jpg	Aleksandr Zykov	Turkey	2012-05-25T10:11:03Z	Attribution-ShareAlike License	2012-05-02T13:47:50Z	FUJIFILM FinePix X100	95988111	Istanbul	7266818442	[u'istanbul', u'turkey']
Istanbul	[22724083, 2344116, 29390475, 2347289, 23424969, 28350899]	http://www.flickr.com/photos/84292292@N00/7266819084/			False	http://farm8.staticflickr.com/7095/7266819084_3f21c64252.jpg	13	f49e2b0e2cff769cac43b4c4fc4d1	jpg	Aleksandr Zykov	Turkey	2012-05-25T10:11:17Z	Attribution-ShareAlike License	2012-05-02T13:56:25Z	FUJIFILM FinePix X100	86809645	Istanbul	7266819084	[u'istanbul', u'turkey']
Istanbul	[22724083, 2344116, 29390475, 2347289, 23424969, 28350899]	http://www.flickr.com/photos/84292292@N00/7266819740/			False	http://farm9.staticflickr.com/8008/7266819740_d240b9a879.jpg	14	4da56876e55f32c25f7843f758592c6f	jpg	Aleksandr Zykov	Turkey	2012-05-25T10:11:30Z	Attribution-ShareAlike License	2012-05-02T14:04:37Z	FUJIFILM FinePix X100	63276273	Istanbul	7266819740	[u'istanbul', u'turkey']
Istanbul	[22724088, 2344116, 29390475, 2347289, 23424969, 28350899]	http://www.flickr.com/photos/84292292@N00/7266820184/			False	http://farm8.staticflickr.com/7242/7266820184_389f84a465.jpg	14	ebbaf768f9464f494c7cfea2167d4f7f	jpg	Aleksandr Zykov	Turkey	2012-05-25T10:11:39Z	Attribution-ShareAlike License	2012-05-02T14:27:56Z	FUJIFILM FinePix X100	96360909	Istanbul	7266820184	[u'istanbul', u'turkey']
Istanbul	[22724095, 2344116, 29390475, 2347289, 23424969, 28350899]	http://www.flickr.com/photos/84292292@N00/7266820660/			False	http://farm8.staticflickr.com/7074/7266820660_49fd392c26.jpg	14	709da651e72eae75b5816c25f1ae7fed	jpg	Aleksandr Zykov	Turkey	2012-05-25T10:11:49Z	Attribution-ShareAlike License	2012-05-02T14:30:42Z	FUJIFILM FinePix X100	81896827	Istanbul	7266820660	[u'istanbul', u'turkey']
Istanbul	[22724095, 2344116, 29390475, 2347289, 23424969, 28350899]	http://www.flickr.com/photos/84292292@N00/7266821598/			False	http://farm8.staticflickr.com/7222/7266821598_0750e6a858.jpg	14	79a2642ff8b372a8844ceb86f6bd7d4b	jpg	Aleksandr Zykov	Turkey	2012-05-25T10:12:07Z	Attribution-ShareAlike License	2012-05-02T14:31:00Z	FUJIFILM FinePix X100	59820509	Istanbul	7266821598	[u'istanbul', u'turkey']
Istanbul	[22724095, 2344116, 29390475, 2347289, 23424969, 28350899]	http://www.flickr.com/photos/84292292@N00/7266821986/			False	http://farm9.staticflickr.com/8026/7266821986_a0aaa76862.jpg	14	5a3a38337957c11f9b555c46599f6c1c	jpg	Aleksandr Zykov	Turkey	2012-05-25T10:12:16Z	Attribution-ShareAlike License	2012-05-02T14:31:27Z	FUJIFILM FinePix X100	87973821	Istanbul	7266821986	[u'istanbul', u'turkey']
Istanbul	[22724100, 2344116, 29390475, 2347289, 23424969, 28350899]	http://www.flickr.com/photos/84292292@N00/7266822612/			False	http://farm8.staticflickr.com/7213/7266822612_339692d38c.jpg	14	998220c1c635c7af2fe5e59c31fb	jpg	Aleksandr Zykov	Turkey	2012-05-25T10:12:29Z	Attribution-ShareAlike License	2012-05-02T14:44:06Z	FUJIFILM FinePix X100	68947811	Istanbul	7266822612	[u'istanbul', u'turkey']
Istanbul	[22724100, 2344116, 29390475, 2347289, 23424969, 28350899]	http://www.flickr.com/photos/84292292@N00/7266823106/			False	http://farm8.staticflickr.com/7219/7266823106_c4dee45974.jpg	14	ab8275d622f2bdfe8ea3ebda93f7c9	jpg	Aleksandr Zykov	Turkey	2012-05-25T10:12:38Z	Attribution-ShareAlike License	2012-05-02T14:46:19Z	FUJIFILM FinePix X100	96545218	Istanbul	7266823106	[u'istanbul', u'turkey']
Istanbul	[22724109, 2344116, 29390475, 2347289, 23424969, 28350899]	http://www.flickr.com/photos/84292292@N00/7266823738/			False	http://farm8.staticflickr.com/7101/7266823738_f352dcaeb8.jpg	15	979dd1e6fe2a696cec944ca2e57b0	jpg	Aleksandr Zykov	Turkey	2012-05-25T10:12:51Z	Attribution-ShareAlike License	2012-05-02T15:10:13Z	FUJIFILM FinePix X100	84859318	Istanbul	7266823738	[u'istanbul', u'turkey']
Istanbul	[22724109, 2344116, 29390475, 2347289, 23424969, 28350899]	http://www.flickr.com/photos/84292292@N00/7266824248/			False	http://farm8.staticflickr.com/7073/7266824248_fbc52c0471.jpg	15	73ac5e4e7225746319b495956cde9969	jpg	Aleksandr Zykov	Turkey	2012-05-25T10:13:02Z	Attribution-ShareAlike License	2012-05-02T15:10:35Z	FUJIFILM FinePix X100	67984620	Istanbul	7266824248	[u'istanbul', u'turkey']
Istanbul	[22724109, 2344116, 29390475, 2347289, 23424969, 28350899]	http://www.flickr.com/photos/84292292@N00/7266824774/			False	http://farm9.staticflickr.com/8164/7266824774_35f5fef071.jpg	15	edfbfebc5df93af83e897e89999429	jpg	Aleksandr Zykov	Turkey	2012-05-25T10:13:12Z	Attribution-ShareAlike License	2012-05-02T15:13:26Z	FUJIFILM FinePix X100	26791	Istanbul	7266824774	[u'istanbul', u'turkey']
Istanbul	[22724130, 2344116, 29390475, 2347289, 23424969, 28350899]	http://www.flickr.com/photos/84292292@N00/7266825208/			False	http://farm8.staticflickr.com/7213/7266825208_18432f67fb.jpg	15	3e2f4b74de8bc1f2c413d0ca283889ea	jpg	Aleksandr Zykov	Turkey	2012-05-25T10:13:21Z	Attribution-ShareAlike License	2012-05-02T15:30:52Z	FUJIFILM FinePix X100	68340271	Istanbul	7266825208	[u'istanbul', u'turkey']
Istanbul	[22724130, 2344116, 29390475, 2347289, 23424969, 28350899]	http://www.flickr.com/photos/84292292@N00/7266825768/			False	http://farm8.staticflickr.com/7081/7266825768_a9b8cf328b.jpg	15	b16aef9ecbdd9dda26a6c26c4141496b	jpg	Aleksandr Zykov	Turkey	2012-05-25T10:13:34Z	Attribution-ShareAlike License	2012-05-02T15:33:07Z	FUJIFILM FinePix X100	76915845	Istanbul	7266825768	[u'istanbul', u'turkey']
Istanbul	[22724130, 2344116, 29390475, 2347289, 23424969, 28350899]	http://www.flickr.com/photos/84292292@N00/7266826174/			False	http://farm8.staticflickr.com/7243/7266826174_e184b96b8f.jpg	15	1f526bde9cf46d13f74aa0dc66a16d	jpg	Aleksandr Zykov	Turkey	2012-05-25T10:13:42Z	Attribution-ShareAlike License	2012-05-02T15:33:17Z	FUJIFILM FinePix X100	66823387	Istanbul	7266826174	[u'istanbul', u'turkey']
Istanbul	[22724130, 2344116, 29390475, 2347289, 23424969, 28350899]	http://www.flickr.com/photos/84292292@N00/7266826692/			False	http://farm8.staticflickr.com/7079/7266826692_9070b9bc35.jpg	15	4c89ba219f72913a5a121c9609fa939	jpg	Aleksandr Zykov	Turkey	2012-05-25T10:13:52Z	Attribution-ShareAlike License	2012-05-02T15:33:30Z	FUJIFILM FinePix X100	13087792	Istanbul	7266826692	[u'istanbul', u'turkey']
Istanbul	[22724130, 2344116, 29390475, 2347289, 23424969, 28350899]	http://www.flickr.com/photos/84292292@N00/7266827210/			False	http://farm9.staticflickr.com/8025/7266827210_21fd3d419f.jpg	15	6ee65bf69826ec946c1ca2c9ba98b46	jpg	Aleksandr Zykov	Turkey	2012-05-25T10:14:03Z	Attribution-ShareAlike License	2012-05-02T15:34:01Z	FUJIFILM FinePix X100	83185097	Istanbul	7266827210	[u'istanbul', u'turkey']
Istanbul	[22724112, 2344116, 29390475, 2347289, 23424969, 28350899]	http://www.flickr.com/photos/84292292@N00/7266827726/			False	http://farm9.staticflickr.com/8005/7266827726_26f4df5fe5.jpg	18	e9d213115b385a2ffad556d8e6cf352	jpg	Aleksandr Zykov	Turkey	2012-05-25T10:14:14Z	Attribution-ShareAlike License	2012-05-02T18:14:17Z	FUJIFILM FinePix X100	77381819	Istanbul	7266827726	[u'istanbul', u'turkey']
Istanbul	[22724112, 2344116, 29390475, 2347289, 23424969, 28350899]	http://www.flickr.com/photos/84292292@N00/7266828474/			False	http://farm9.staticflickr.com/8144/7266828474_31d9752e07.jpg	18	6b27edad411c4d739e1c9029deea8a0	jpg	Aleksandr Zykov	Turkey	2012-05-25T10:14:28Z	Attribution-ShareAlike License	2012-05-02T18:21:19Z	FUJIFILM FinePix X100	78290689	Istanbul	7266828474	[u'istanbul', u'turkey']
Istanbul	[22724112, 2344116, 29390475, 2347289, 23424969, 28350899]	http://www.flickr.com/photos/84292292@N00/7266829124/			False	http://farm8.staticflickr.com/7232/7266829124_0f88bd6abb.jpg	18	77f427f8c6adc78db5dba91735eebbf	jpg	Aleksandr Zykov	Turkey	2012-05-25T10:14:41Z	Attribution-ShareAlike License	2012-05-02T18:21:57Z	FUJIFILM FinePix X100	86118039	Istanbul	7266829124	[u'istanbul', u'turkey']
Istanbul	[22724112, 2344116, 29390475, 2347289, 23424969, 28350899]	http://www.flickr.com/photos/84292292@N00/7266829752/			False	http://farm8.staticflickr.com/7090/7266829752_0b644c89f3.jpg	19	882998b30aa2996aaabdc6c55ef222	jpg	Aleksandr Zykov	Turkey	2012-05-25T10:14:53Z	Attribution-ShareAlike License	2012-05-02T19:45:15Z	FUJIFILM FinePix X100	60582159	Istanbul	7266829752	[u'istanbul', u'turkey']
Istanbul	[22724112, 2344116, 29390475, 2347289, 23424969, 28350899]	http://www.flickr.com/photos/84292292@N00/7266830456/			False	http://farm8.staticflickr.com/7090/7266830456_11d1897f6a.jpg	19	46777fc360262f9c8f72c6e7327e5d3	jpg	Aleksandr Zykov	Turkey	2012-05-25T10:15:08Z	Attribution-ShareAlike License	2012-05-02T19:50:42Z	FUJIFILM FinePix X100	61225304	Istanbul	7266830456	[u'istanbul', u'turkey']
Istanbul	[22724112, 2344116, 29390475, 2347289, 23424969, 28350899]	http://www.flickr.com/photos/84292292@N00/7266831394/			False	http://farm9.staticflickr.com/8014/7266831394_ff43596074.jpg	19	da21a9c5c92c678b57f15ce2c662b536	jpg	Aleksandr Zykov	Turkey	2012-05-25T10:15:27Z	Attribution-ShareAlike License	2012-05-02T19:51:51Z	FUJIFILM FinePix X100	57468905	Istanbul	7266831394	[u'istanbul', u'turkey']
Istanbul	[22724112, 2344116, 29390475, 2347289, 23424969, 28350899]	http://www.flickr.com/photos/84292292@N00/7266832016/			False	http://farm8.staticflickr.com/7091/7266832016_9895679909.jpg	19	577521b722c833cd90d7a5af5eb17942	jpg	Aleksandr Zykov	Turkey	2012-05-25T10:15:40Z	Attribution-ShareAlike License	2012-05-02T19:59:31Z	FUJIFILM FinePix X100	79519445	Istanbul	7266832016	[u'istanbul', u'turkey']
