town_s	woe_is	urlpage_s	machine_ss	desc_ws	video_b	url_s	hour_i	hash_s	ext_s	user_s	country_s	upload_dt	license_s	taken_dt	device_s	line_i	title_s	id	tag_ss
Istanbul	[22450161, 22724022, 2344116, 29390475, 2347289, 29391294, 23424969, 28350899]	http://www.flickr.com/photos/84292292@N00/7266840668/			False	http://farm8.staticflickr.com/7092/7266840668_10668197a0.jpg	9	fce499eb44b757728f80b16ef1776	jpg	Aleksandr Zykov	Turkey	2012-05-25T10:18:48Z	Attribution-ShareAlike License	2012-05-05T09:15:43Z	FUJIFILM FinePix X100	62398130	Ayasofya	7266840668	[u'ayasofya', u'istanbul', u'turkey']
Istanbul	[22450161, 22724022, 2344116, 29390475, 2347289, 29391294, 23424969, 28350899]	http://www.flickr.com/photos/84292292@N00/7266842282/			False	http://farm8.staticflickr.com/7088/7266842282_91af212b2b.jpg	9	da7eff2c741dd6e9119e45690cbf623	jpg	Aleksandr Zykov	Turkey	2012-05-25T10:19:28Z	Attribution-ShareAlike License	2012-05-05T09:16:02Z	FUJIFILM FinePix X100	92458892	Ayasofya	7266842282	[u'ayasofya', u'istanbul', u'turkey']
Istanbul	[22450161, 22724022, 2344116, 29390475, 2347289, 29391294, 23424969, 28350899]	http://www.flickr.com/photos/84292292@N00/7266842900/			False	http://farm8.staticflickr.com/7234/7266842900_7ef93658d5.jpg	9	5d506e1e80d4d72980ad24233bf3b745	jpg	Aleksandr Zykov	Turkey	2012-05-25T10:19:41Z	Attribution-ShareAlike License	2012-05-05T09:17:32Z	FUJIFILM FinePix X100	95473174	Ayasofya	7266842900	[u'ayasofya', u'istanbul', u'turkey']
Istanbul	[22450161, 22724022, 2344116, 29390475, 2347289, 29391294, 23424969, 28350899]	http://www.flickr.com/photos/84292292@N00/7266843630/			False	http://farm8.staticflickr.com/7227/7266843630_19c58efbb2.jpg	9	15475b687f7dba22b335fb42ca0c59e	jpg	Aleksandr Zykov	Turkey	2012-05-25T10:19:57Z	Attribution-ShareAlike License	2012-05-05T09:19:02Z	FUJIFILM FinePix X100	72224957	Ayasofya	7266843630	[u'ayasofya', u'istanbul', u'turkey']
Istanbul	[22450161, 22724022, 2344116, 29390475, 2347289, 29391294, 23424969, 28350899]	http://www.flickr.com/photos/84292292@N00/7266844148/			False	http://farm8.staticflickr.com/7077/7266844148_f0aec2e5d9.jpg	9	4ef6dc2fa64dd64477f42b603d63bdd	jpg	Aleksandr Zykov	Turkey	2012-05-25T10:20:09Z	Attribution-ShareAlike License	2012-05-05T09:19:37Z	FUJIFILM FinePix X100	45348434	Ayasofya	7266844148	[u'ayasofya', u'istanbul', u'turkey']
Istanbul	[22450161, 22724022, 2344116, 29390475, 2347289, 29391294, 23424969, 28350899]	http://www.flickr.com/photos/84292292@N00/7266845086/			False	http://farm8.staticflickr.com/7218/7266845086_b4ee7de6d7.jpg	9	670457ebceacdec8825764619d1768f	jpg	Aleksandr Zykov	Turkey	2012-05-25T10:20:29Z	Attribution-ShareAlike License	2012-05-05T09:21:14Z	FUJIFILM FinePix X100	60905043	Ayasofya	7266845086	[u'ayasofya', u'istanbul', u'turkey']
Istanbul	[22450161, 22724022, 2344116, 29390475, 2347289, 29391294, 23424969, 28350899]	http://www.flickr.com/photos/84292292@N00/7266845952/			False	http://farm8.staticflickr.com/7240/7266845952_6337643056.jpg	9	9ac31a26ce843c948ab7a6335430e4	jpg	Aleksandr Zykov	Turkey	2012-05-25T10:20:48Z	Attribution-ShareAlike License	2012-05-05T09:21:51Z	FUJIFILM FinePix X100	75356070	Ayasofya	7266845952	[u'ayasofya', u'istanbul', u'turkey']
Istanbul	[22450161, 22724022, 2344116, 29390475, 2347289, 29391294, 23424969, 28350899]	http://www.flickr.com/photos/84292292@N00/7266846890/			False	http://farm9.staticflickr.com/8145/7266846890_1b4384d6a9.jpg	9	59624a2e98b2d58ef1cc16be253b649e	jpg	Aleksandr Zykov	Turkey	2012-05-25T10:21:08Z	Attribution-ShareAlike License	2012-05-05T09:22:17Z	FUJIFILM FinePix X100	84617391	Ayasofya	7266846890	[u'ayasofya', u'istanbul', u'turkey']
Istanbul	[22450161, 22724022, 2344116, 29390475, 2347289, 29391294, 23424969, 28350899]	http://www.flickr.com/photos/84292292@N00/7266847566/			False	http://farm8.staticflickr.com/7089/7266847566_aef407902b.jpg	9	82f0198eda28d633793885c1f09ccb26	jpg	Aleksandr Zykov	Turkey	2012-05-25T10:21:23Z	Attribution-ShareAlike License	2012-05-05T09:23:20Z	FUJIFILM FinePix X100	69867351	Ayasofya	7266847566	[u'ayasofya', u'istanbul', u'turkey']
Istanbul	[22450161, 22724022, 2344116, 29390475, 2347289, 29391294, 23424969, 28350899]	http://www.flickr.com/photos/84292292@N00/7266848852/			False	http://farm8.staticflickr.com/7085/7266848852_96dd32ef7f.jpg	9	5cd2db514327ea84ab595c4ef52fc1	jpg	Aleksandr Zykov	Turkey	2012-05-25T10:21:52Z	Attribution-ShareAlike License	2012-05-05T09:32:33Z	FUJIFILM FinePix X100	82099822	Ayasofya	7266848852	[u'ayasofya', u'istanbul', u'turkey']
Istanbul	[22450161, 22724022, 2344116, 29390475, 2347289, 29391294, 23424969, 28350899]	http://www.flickr.com/photos/84292292@N00/7266850236/			False	http://farm8.staticflickr.com/7071/7266850236_90394cc395.jpg	9	47ecff2e22e6367fc8db80fb817a1845	jpg	Aleksandr Zykov	Turkey	2012-05-25T10:22:23Z	Attribution-ShareAlike License	2012-05-05T09:34:58Z	FUJIFILM FinePix X100	79523137	Ayasofya	7266850236	[u'ayasofya', u'istanbul', u'turkey']
Istanbul	[22450161, 22724022, 2344116, 29390475, 2347289, 29391294, 23424969, 28350899]	http://www.flickr.com/photos/84292292@N00/7266853210/			False	http://farm8.staticflickr.com/7078/7266853210_06d18b7af2.jpg	9	a87d73996d17c7a173d65187f65e585	jpg	Aleksandr Zykov	Turkey	2012-05-25T10:23:25Z	Attribution-ShareAlike License	2012-05-05T09:35:20Z	FUJIFILM FinePix X100	94592526	Ayasofya	7266853210	[u'ayasofya', u'istanbul', u'turkey']
Istanbul	[22450161, 22724022, 2344116, 29390475, 2347289, 29391294, 23424969, 28350899]	http://www.flickr.com/photos/84292292@N00/7266854174/			False	http://farm9.staticflickr.com/8154/7266854174_aa361a3343.jpg	9	b845a874858375317d86ba9ec88cd64	jpg	Aleksandr Zykov	Turkey	2012-05-25T10:23:44Z	Attribution-ShareAlike License	2012-05-05T09:37:23Z	FUJIFILM FinePix X100	60368248	Ayasofya	7266854174	[u'ayasofya', u'istanbul', u'turkey']
Istanbul	[22450161, 22724022, 2344116, 29390475, 2347289, 29391294, 23424969, 28350899]	http://www.flickr.com/photos/84292292@N00/7266854914/			False	http://farm8.staticflickr.com/7243/7266854914_13abb66278.jpg	9	f36188c8637f98fcddbc69daaa75e	jpg	Aleksandr Zykov	Turkey	2012-05-25T10:23:58Z	Attribution-ShareAlike License	2012-05-05T09:38:33Z	FUJIFILM FinePix X100	97896572	Ayasofya	7266854914	[u'ayasofya', u'istanbul', u'turkey']
Istanbul	[22450161, 22724022, 2344116, 29390475, 2347289, 29391294, 23424969, 28350899]	http://www.flickr.com/photos/84292292@N00/7266855772/			False	http://farm8.staticflickr.com/7077/7266855772_a985290924.jpg	9	bf3ddaca9d38b6fb26d1f3b2b62d68ff	jpg	Aleksandr Zykov	Turkey	2012-05-25T10:24:17Z	Attribution-ShareAlike License	2012-05-05T09:39:02Z	FUJIFILM FinePix X100	95257548	Ayasofya	7266855772	[u'ayasofya', u'istanbul', u'turkey']
Istanbul	[22450161, 22724022, 2344116, 29390475, 2347289, 29391294, 23424969, 28350899]	http://www.flickr.com/photos/84292292@N00/7266856384/			False	http://farm9.staticflickr.com/8013/7266856384_51b595c19d.jpg	9	d5be234b1e943655d677379aa98a2ea	jpg	Aleksandr Zykov	Turkey	2012-05-25T10:24:29Z	Attribution-ShareAlike License	2012-05-05T09:39:24Z	FUJIFILM FinePix X100	86511550	Ayasofya	7266856384	[u'ayasofya', u'istanbul', u'turkey']
Istanbul	[22450161, 22724022, 2344116, 29390475, 2347289, 29391294, 23424969, 28350899]	http://www.flickr.com/photos/84292292@N00/7266857110/			False	http://farm8.staticflickr.com/7093/7266857110_febf73ae7b.jpg	9	f8b7ae21123d438886a9772be38d2ac	jpg	Aleksandr Zykov	Turkey	2012-05-25T10:24:43Z	Attribution-ShareAlike License	2012-05-05T09:39:49Z	FUJIFILM FinePix X100	83216192	Ayasofya	7266857110	[u'ayasofya', u'istanbul', u'turkey']
Istanbul	[22450161, 22724022, 2344116, 29390475, 2347289, 29391294, 23424969, 28350899]	http://www.flickr.com/photos/84292292@N00/7266857862/			False	http://farm8.staticflickr.com/7072/7266857862_75d7214940.jpg	9	8cd295b3b596a1b7189ef6e9b937e4d	jpg	Aleksandr Zykov	Turkey	2012-05-25T10:24:59Z	Attribution-ShareAlike License	2012-05-05T09:40:54Z	FUJIFILM FinePix X100	68478171	Ayasofya	7266857862	[u'ayasofya', u'istanbul', u'turkey']
Istanbul	[22450161, 22724022, 2344116, 29390475, 2347289, 29391294, 23424969, 28350899]	http://www.flickr.com/photos/84292292@N00/7266858860/			False	http://farm8.staticflickr.com/7215/7266858860_ce61243dae.jpg	9	dc1d7e9d6b05ce3314ffdd5f0d77f2c	jpg	Aleksandr Zykov	Turkey	2012-05-25T10:25:20Z	Attribution-ShareAlike License	2012-05-05T09:41:47Z	FUJIFILM FinePix X100	56928036	Ayasofya	7266858860	[u'ayasofya', u'istanbul', u'turkey']
Istanbul	[22450161, 22724022, 2344116, 29390475, 2347289, 29391294, 23424969, 28350899]	http://www.flickr.com/photos/84292292@N00/7266859872/			False	http://farm8.staticflickr.com/7074/7266859872_634b4f69ee.jpg	9	5d828ce960a64523af157ff8a53d041	jpg	Aleksandr Zykov	Turkey	2012-05-25T10:25:39Z	Attribution-ShareAlike License	2012-05-05T09:42:54Z	FUJIFILM FinePix X100	93039238	Ayasofya	7266859872	[u'ayasofya', u'istanbul', u'turkey']
Istanbul	[22450161, 22724022, 2344116, 29390475, 2347289, 29391294, 23424969, 28350899]	http://www.flickr.com/photos/84292292@N00/7266860902/			False	http://farm9.staticflickr.com/8021/7266860902_659359e5a0.jpg	9	1923744f731f49a5fdf968b04faba3	jpg	Aleksandr Zykov	Turkey	2012-05-25T10:25:58Z	Attribution-ShareAlike License	2012-05-05T09:44:08Z	FUJIFILM FinePix X100	82586213	Ayasofya	7266860902	[u'ayasofya', u'istanbul', u'turkey']
Istanbul	[22450161, 22724022, 2344116, 29390475, 2347289, 29391294, 23424969, 28350899]	http://www.flickr.com/photos/84292292@N00/7266861486/			False	http://farm9.staticflickr.com/8146/7266861486_8bda36acfe.jpg	9	9710c36deb90aec824996c752069de2f	jpg	Aleksandr Zykov	Turkey	2012-05-25T10:26:09Z	Attribution-ShareAlike License	2012-05-05T09:45:02Z	FUJIFILM FinePix X100	32855510	Ayasofya	7266861486	[u'ayasofya', u'istanbul', u'turkey']
Istanbul	[22450161, 22724022, 2344116, 29390475, 2347289, 29391294, 23424969, 28350899]	http://www.flickr.com/photos/84292292@N00/7266862370/			False	http://farm9.staticflickr.com/8166/7266862370_4cc14777a9.jpg	9	9dde84bde9ca7f80df48f3fd9e5ce077	jpg	Aleksandr Zykov	Turkey	2012-05-25T10:26:26Z	Attribution-ShareAlike License	2012-05-05T09:47:17Z	FUJIFILM FinePix X100	74105517	Ayasofya	7266862370	[u'ayasofya', u'istanbul', u'turkey']
Istanbul	[22450161, 22724022, 2344116, 29390475, 2347289, 29391294, 23424969, 28350899]	http://www.flickr.com/photos/84292292@N00/7266863110/			False	http://farm9.staticflickr.com/8008/7266863110_2140d34271.jpg	9	4caededbe7ca6448ce834a5a315d3df	jpg	Aleksandr Zykov	Turkey	2012-05-25T10:26:41Z	Attribution-ShareAlike License	2012-05-05T09:48:47Z	FUJIFILM FinePix X100	85125911	Ayasofya	7266863110	[u'ayasofya', u'istanbul', u'turkey']
Istanbul	[22450161, 22724022, 2344116, 29390475, 2347289, 29391294, 23424969, 28350899]	http://www.flickr.com/photos/84292292@N00/7266863756/			False	http://farm8.staticflickr.com/7080/7266863756_d94febe207.jpg	9	42e843b8945e8c296a7c3b224bfa4cb	jpg	Aleksandr Zykov	Turkey	2012-05-25T10:26:53Z	Attribution-ShareAlike License	2012-05-05T09:51:06Z	FUJIFILM FinePix X100	22538403	Ayasofya	7266863756	[u'ayasofya', u'istanbul', u'turkey']
Istanbul	[22450161, 22724022, 2344116, 29390475, 2347289, 29391294, 23424969, 28350899]	http://www.flickr.com/photos/84292292@N00/7266864852/			False	http://farm9.staticflickr.com/8154/7266864852_6f04d04a49.jpg	9	5023b53ff4958f8ef2ec2cdb766d55d	jpg	Aleksandr Zykov	Turkey	2012-05-25T10:27:17Z	Attribution-ShareAlike License	2012-05-05T09:51:15Z	FUJIFILM FinePix X100	60748190	Ayasofya	7266864852	[u'ayasofya', u'istanbul', u'turkey']
Istanbul	[22450161, 22724022, 2344116, 29390475, 2347289, 29391294, 23424969, 28350899]	http://www.flickr.com/photos/84292292@N00/7266865402/			False	http://farm8.staticflickr.com/7227/7266865402_09b2561376.jpg	9	fdc258fe32f3a1b876c8cfa1c0b5dc58	jpg	Aleksandr Zykov	Turkey	2012-05-25T10:27:29Z	Attribution-ShareAlike License	2012-05-05T09:52:13Z	FUJIFILM FinePix X100	88093013	Ayasofya	7266865402	[u'ayasofya', u'istanbul', u'turkey']
Istanbul	[22450161, 22724022, 2344116, 29390475, 2347289, 29391294, 23424969, 28350899]	http://www.flickr.com/photos/84292292@N00/7266866056/			False	http://farm8.staticflickr.com/7083/7266866056_0ba56b7c56.jpg	9	80b54b981b7014ffb1fec916a1d720b6	jpg	Aleksandr Zykov	Turkey	2012-05-25T10:27:44Z	Attribution-ShareAlike License	2012-05-05T09:52:30Z	FUJIFILM FinePix X100	33661855	Ayasofya	7266866056	[u'ayasofya', u'istanbul', u'turkey']
Istanbul	[22450161, 22724022, 2344116, 29390475, 2347289, 29391294, 23424969, 28350899]	http://www.flickr.com/photos/84292292@N00/7266867364/			False	http://farm8.staticflickr.com/7088/7266867364_bce81cb761.jpg	9	721acf41e1a28a8b1aaadc7df2f8b8c	jpg	Aleksandr Zykov	Turkey	2012-05-25T10:28:12Z	Attribution-ShareAlike License	2012-05-05T09:53:14Z	FUJIFILM FinePix X100	4321031	Ayasofya	7266867364	[u'ayasofya', u'istanbul', u'turkey']
Istanbul	[22450161, 22724022, 2344116, 29390475, 2347289, 29391294, 23424969, 28350899]	http://www.flickr.com/photos/84292292@N00/7266868264/			False	http://farm8.staticflickr.com/7236/7266868264_d53f048ca4.jpg	9	1843379341440826bede77468338638	jpg	Aleksandr Zykov	Turkey	2012-05-25T10:28:32Z	Attribution-ShareAlike License	2012-05-05T09:54:07Z	FUJIFILM FinePix X100	66627712	Ayasofya	7266868264	[u'ayasofya', u'istanbul', u'turkey']
Istanbul	[22450161, 22724022, 2344116, 29390475, 2347289, 29391294, 23424969, 28350899]	http://www.flickr.com/photos/84292292@N00/7266869164/			False	http://farm9.staticflickr.com/8008/7266869164_4cde9d5918.jpg	9	8598e5a8a2ee3325b5a38c78dd4567fe	jpg	Aleksandr Zykov	Turkey	2012-05-25T10:28:51Z	Attribution-ShareAlike License	2012-05-05T09:55:11Z	FUJIFILM FinePix X100	77477227	Ayasofya	7266869164	[u'ayasofya', u'istanbul', u'turkey']
Istanbul	[22450161, 22724022, 2344116, 29390475, 2347289, 29391294, 23424969, 28350899]	http://www.flickr.com/photos/84292292@N00/7266870040/			False	http://farm8.staticflickr.com/7086/7266870040_d008e85c4d.jpg	10	33d3204adc1541ac747a4bf27cd2799	jpg	Aleksandr Zykov	Turkey	2012-05-25T10:29:08Z	Attribution-ShareAlike License	2012-05-05T10:24:06Z	FUJIFILM FinePix X100	67650135	Ayasofya	7266870040	[u'ayasofya', u'istanbul', u'turkey']
Istanbul	[22450161, 22724022, 2344116, 29390475, 2347289, 29391294, 23424969, 28350899]	http://www.flickr.com/photos/84292292@N00/7266870706/			False	http://farm8.staticflickr.com/7226/7266870706_3760fa7c39.jpg	10	f1e23d1f34f34a20df9bc844cfca34f9	jpg	Aleksandr Zykov	Turkey	2012-05-25T10:29:22Z	Attribution-ShareAlike License	2012-05-05T10:24:13Z	FUJIFILM FinePix X100	74994694	Ayasofya	7266870706	[u'ayasofya', u'istanbul', u'turkey']
Istanbul	[22450161, 22724022, 2344116, 29390475, 2347289, 29391294, 23424969, 28350899]	http://www.flickr.com/photos/84292292@N00/7266872188/			False	http://farm8.staticflickr.com/7100/7266872188_3061ccd5a5.jpg	10	4bcc17ae9624ffe5836cf241a85451f7	jpg	Aleksandr Zykov	Turkey	2012-05-25T10:29:52Z	Attribution-ShareAlike License	2012-05-05T10:24:27Z	FUJIFILM FinePix X100	83258744	Ayasofya	7266872188	[u'ayasofya', u'istanbul', u'turkey']
Istanbul	[22450161, 22724022, 2344116, 29390475, 2347289, 29391294, 23424969, 28350899]	http://www.flickr.com/photos/84292292@N00/7266872760/			False	http://farm8.staticflickr.com/7094/7266872760_51f7c631af.jpg	10	77bcf114bb17564f1d8cff3d2e5a64	jpg	Aleksandr Zykov	Turkey	2012-05-25T10:30:03Z	Attribution-ShareAlike License	2012-05-05T10:25:04Z	FUJIFILM FinePix X100	8251976	Ayasofya	7266872760	[u'ayasofya', u'istanbul', u'turkey']
Istanbul	[22450161, 22724022, 2344116, 29390475, 2347289, 29391294, 23424969, 28350899]	http://www.flickr.com/photos/84292292@N00/7266873412/			False	http://farm8.staticflickr.com/7091/7266873412_28784f74bf.jpg	10	41b17623998d944c3b882dfb43ab58c6	jpg	Aleksandr Zykov	Turkey	2012-05-25T10:30:15Z	Attribution-ShareAlike License	2012-05-05T10:28:35Z	FUJIFILM FinePix X100	20253583	Ayasofya	7266873412	[u'ayasofya', u'istanbul', u'turkey']
Istanbul	[22450161, 22724022, 2344116, 29390475, 2347289, 29391294, 23424969, 28350899]	http://www.flickr.com/photos/84292292@N00/7266874166/			False	http://farm8.staticflickr.com/7218/7266874166_e5826f4b59.jpg	10	2442e3f75bef96c79ccce969ef3687b	jpg	Aleksandr Zykov	Turkey	2012-05-25T10:30:31Z	Attribution-ShareAlike License	2012-05-05T10:30:18Z	FUJIFILM FinePix X100	67608543	Ayasofya	7266874166	[u'ayasofya', u'istanbul', u'turkey']
Istanbul	[22450161, 22724022, 2344116, 29390475, 2347289, 29391294, 23424969, 28350899]	http://www.flickr.com/photos/84292292@N00/7266874700/			False	http://farm8.staticflickr.com/7082/7266874700_6b4d7ccd42.jpg	10	b4dbcf508a753762b4e529128563dc7	jpg	Aleksandr Zykov	Turkey	2012-05-25T10:30:42Z	Attribution-ShareAlike License	2012-05-05T10:34:34Z	FUJIFILM FinePix X100	86825121	Ayasofya	7266874700	[u'ayasofya', u'istanbul', u'turkey']
Istanbul	[22450161, 22724022, 2344116, 29390475, 2347289, 29391294, 23424969, 28350899]	http://www.flickr.com/photos/84292292@N00/7266875192/			False	http://farm8.staticflickr.com/7212/7266875192_d5f627b32a.jpg	10	a5cf1ba5c36ddd7c70a2dd5270fd9	jpg	Aleksandr Zykov	Turkey	2012-05-25T10:30:52Z	Attribution-ShareAlike License	2012-05-05T10:35:16Z	FUJIFILM FinePix X100	98962990	Ayasofya	7266875192	[u'ayasofya', u'istanbul', u'turkey']
Istanbul	[22450161, 22724022, 2344116, 29390475, 2347289, 29391294, 23424969, 28350899]	http://www.flickr.com/photos/84292292@N00/7266875644/			False	http://farm8.staticflickr.com/7089/7266875644_e70cf40f78.jpg	10	bbcfcc8f96148727302aecf32fc1d442	jpg	Aleksandr Zykov	Turkey	2012-05-25T10:31:01Z	Attribution-ShareAlike License	2012-05-05T10:39:55Z	FUJIFILM FinePix X100	91021508	Ayasofya	7266875644	[u'ayasofya', u'istanbul', u'turkey']
Istanbul	[22450161, 22724022, 2344116, 29390475, 2347289, 29391294, 23424969, 28350899]	http://www.flickr.com/photos/84292292@N00/7266876334/			False	http://farm8.staticflickr.com/7088/7266876334_6efd4de061.jpg	10	f82d5c496e8fd4fbf909999c798b650	jpg	Aleksandr Zykov	Turkey	2012-05-25T10:31:16Z	Attribution-ShareAlike License	2012-05-05T10:58:13Z	FUJIFILM FinePix X100	84109242	Istanbul	7266876334	[u'istanbul', u'turkey']
Istanbul	[22450161, 22724022, 2344116, 29390475, 2347289, 29391294, 23424969, 28350899]	http://www.flickr.com/photos/84292292@N00/7266876922/			False	http://farm8.staticflickr.com/7219/7266876922_c170ece35b.jpg	10	89c05e6697e6f67ced617348b85f7a	jpg	Aleksandr Zykov	Turkey	2012-05-25T10:31:28Z	Attribution-ShareAlike License	2012-05-05T10:58:19Z	FUJIFILM FinePix X100	84501208	Istanbul	7266876922	[u'istanbul', u'turkey']
Istanbul	[22450161, 22724022, 2344116, 29390475, 2347289, 29391294, 23424969, 28350899]	http://www.flickr.com/photos/84292292@N00/7266877442/			False	http://farm9.staticflickr.com/8026/7266877442_17805c2ca6.jpg	10	d6828786f925dd62f6537c7276ca3f	jpg	Aleksandr Zykov	Turkey	2012-05-25T10:31:39Z	Attribution-ShareAlike License	2012-05-05T10:58:50Z	FUJIFILM FinePix X100	94637851	Istanbul	7266877442	[u'istanbul', u'turkey']
Istanbul	[22724121, 2344116, 29390475, 2347289, 23424969, 28350899]	http://www.flickr.com/photos/84292292@N00/7266878288/			False	http://farm9.staticflickr.com/8018/7266878288_6b1d479bc0.jpg	14	2aef7a54c157a3eb4be72b6350a57	jpg	Aleksandr Zykov	Turkey	2012-05-25T10:31:56Z	Attribution-ShareAlike License	2012-05-05T14:52:10Z	FUJIFILM FinePix X100	1081451	Istanbul	7266878288	[u'istanbul', u'turkey']
Istanbul	[22724121, 2344116, 29390475, 2347289, 23424969, 28350899]	http://www.flickr.com/photos/84292292@N00/7266878982/			False	http://farm9.staticflickr.com/8168/7266878982_c39bc252b3.jpg	14	dd9f70448ee4ee9d240f885e3af9cce	jpg	Aleksandr Zykov	Turkey	2012-05-25T10:32:10Z	Attribution-ShareAlike License	2012-05-05T14:57:45Z	FUJIFILM FinePix X100	96947187	Istanbul	7266878982	[u'istanbul', u'turkey']
Istanbul	[55865066, 2344116, 29390475, 2347289, 23424969, 28350899]	http://www.flickr.com/photos/84292292@N00/7266879880/			False	http://farm9.staticflickr.com/8146/7266879880_77606046f0.jpg	15	f4c7ea203725cf2058a86aa27ad1b17f	jpg	Aleksandr Zykov	Turkey	2012-05-25T10:32:28Z	Attribution-ShareAlike License	2012-05-05T15:07:36Z	FUJIFILM FinePix X100	78947697	Istanbul	7266879880	[u'bosphorus', u'istanbul', u'sea', u'turkey']
Istanbul	[55865066, 2344116, 29390475, 2347289, 23424969, 28350899]	http://www.flickr.com/photos/84292292@N00/7266880334/			False	http://farm9.staticflickr.com/8158/7266880334_53698415a7.jpg	15	ffc9ffc2a953c758bb2ab7e2aba4c8b	jpg	Aleksandr Zykov	Turkey	2012-05-25T10:32:37Z	Attribution-ShareAlike License	2012-05-05T15:10:12Z	FUJIFILM FinePix X100	97678656	Istanbul	7266880334	[u'istanbul', u'turkey']
Istanbul	[55865066, 2344116, 29390475, 2347289, 23424969, 28350899]	http://www.flickr.com/photos/84292292@N00/7266881026/			False	http://farm8.staticflickr.com/7211/7266881026_3835a1ee95.jpg	15	e056a29165cb256fe0875de0b68fcc	jpg	Aleksandr Zykov	Turkey	2012-05-25T10:32:51Z	Attribution-ShareAlike License	2012-05-05T15:13:02Z	FUJIFILM FinePix X100	88064203	Istanbul	7266881026	[u'istanbul', u'turkey']
Istanbul	[55865066, 2344116, 29390475, 2347289, 23424969, 28350899]	http://www.flickr.com/photos/84292292@N00/7266881748/			False	http://farm8.staticflickr.com/7084/7266881748_8d847ec387.jpg	15	bac1f22895e406662d2eacadb53e9	jpg	Aleksandr Zykov	Turkey	2012-05-25T10:33:06Z	Attribution-ShareAlike License	2012-05-05T15:13:20Z	FUJIFILM FinePix X100	95953529	Istanbul	7266881748	[u'istanbul', u'turkey']
Istanbul	[55865066, 2344116, 29390475, 2347289, 23424969, 28350899]	http://www.flickr.com/photos/84292292@N00/7266882666/			False	http://farm8.staticflickr.com/7075/7266882666_023aa17abb.jpg	15	39ff58b32fc29d78cccbf8505d21256	jpg	Aleksandr Zykov	Turkey	2012-05-25T10:33:23Z	Attribution-ShareAlike License	2012-05-05T15:15:23Z	FUJIFILM FinePix X100	62278827	Istanbul	7266882666	[u'istanbul', u'turkey']
Istanbul	[55865066, 2344116, 29390475, 2347289, 23424969, 28350899]	http://www.flickr.com/photos/84292292@N00/7266883264/			False	http://farm8.staticflickr.com/7231/7266883264_ee58cc711d.jpg	15	8fed849079ec47987125387f2c411	jpg	Aleksandr Zykov	Turkey	2012-05-25T10:33:33Z	Attribution-ShareAlike License	2012-05-05T15:19:23Z	FUJIFILM FinePix X100	86796230	Istanbul	7266883264	[u'istanbul', u'turkey']
Istanbul	[55865066, 2344116, 29390475, 2347289, 23424969, 28350899]	http://www.flickr.com/photos/84292292@N00/7266884004/			False	http://farm8.staticflickr.com/7239/7266884004_d1e7551fc6.jpg	15	37a68decb79519b1cda5bb0f063c4	jpg	Aleksandr Zykov	Turkey	2012-05-25T10:33:48Z	Attribution-ShareAlike License	2012-05-05T15:20:32Z	FUJIFILM FinePix X100	66601251	Istanbul	7266884004	[u'istanbul', u'turkey']
Istanbul	[2343573, 2344116, 29390475, 2347289, 23424969, 28350899]	http://www.flickr.com/photos/84292292@N00/7266884682/			False	http://farm8.staticflickr.com/7234/7266884682_8cf9176b5e.jpg	17	4df572382258fb1efb453993cf3feaf0	jpg	Aleksandr Zykov	Turkey	2012-05-25T10:34:01Z	Attribution-ShareAlike License	2012-05-05T17:09:54Z	FUJIFILM FinePix X100	93809878	Istanbul	7266884682	[u'bosphorus', u'istanbul', u'sea', u'turkey']
Istanbul	[2343573, 2344116, 29390475, 2347289, 23424969, 28350899]	http://www.flickr.com/photos/84292292@N00/7266885444/			False	http://farm9.staticflickr.com/8148/7266885444_d4865f4d32.jpg	17	bdbcceec28c7e7a88efa9641c58ee7f	jpg	Aleksandr Zykov	Turkey	2012-05-25T10:34:16Z	Attribution-ShareAlike License	2012-05-05T17:10:03Z	FUJIFILM FinePix X100	99421174	Istanbul	7266885444	[u'bosphorus', u'istanbul', u'sea', u'turkey']
Istanbul	[2343573, 2344116, 29390475, 2347289, 23424969, 28350899]	http://www.flickr.com/photos/84292292@N00/7266885996/			False	http://farm8.staticflickr.com/7105/7266885996_1f4d5b191f.jpg	17	3f436de63403c944edba258172ab9ab	jpg	Aleksandr Zykov	Turkey	2012-05-25T10:34:28Z	Attribution-ShareAlike License	2012-05-05T17:10:11Z	FUJIFILM FinePix X100	66415726	Istanbul	7266885996	[u'bosphorus', u'istanbul', u'sea', u'turkey']
Istanbul	[2343573, 2344116, 29390475, 2347289, 23424969, 28350899]	http://www.flickr.com/photos/84292292@N00/7266886598/			False	http://farm8.staticflickr.com/7072/7266886598_e364363dc3.jpg	17	d545b78882c2febb49163119e1cf01b	jpg	Aleksandr Zykov	Turkey	2012-05-25T10:34:41Z	Attribution-ShareAlike License	2012-05-05T17:10:24Z	FUJIFILM FinePix X100	76674977	Istanbul	7266886598	[u'bosphorus', u'istanbul', u'sea', u'turkey']
Istanbul	[2343573, 2344116, 29390475, 2347289, 23424969, 28350899]	http://www.flickr.com/photos/84292292@N00/7266887262/			False	http://farm8.staticflickr.com/7074/7266887262_22338d6167.jpg	17	e55e1cd96cbe7bff7a30f5cf717db43e	jpg	Aleksandr Zykov	Turkey	2012-05-25T10:34:55Z	Attribution-ShareAlike License	2012-05-05T17:10:45Z	FUJIFILM FinePix X100	37643416	Istanbul	7266887262	[u'bosphorus', u'istanbul', u'sea', u'turkey']
Istanbul	[2343573, 2344116, 29390475, 2347289, 23424969, 28350899]	http://www.flickr.com/photos/84292292@N00/7266888020/			False	http://farm8.staticflickr.com/7217/7266888020_8f1bbd32ec.jpg	17	4d8bd0a368732ddcb7b24988d486ca	jpg	Aleksandr Zykov	Turkey	2012-05-25T10:35:12Z	Attribution-ShareAlike License	2012-05-05T17:10:58Z	FUJIFILM FinePix X100	71653483	Istanbul	7266888020	[u'bosphorus', u'friends', u'istanbul', u'sea', u'turkey']
Istanbul	[2343573, 2344116, 29390475, 2347289, 23424969, 28350899]	http://www.flickr.com/photos/84292292@N00/7266890152/			False	http://farm9.staticflickr.com/8028/7266890152_b989aca99b.jpg	17	3c68d5ca215cd64532fb27ce3d984b4	jpg	Aleksandr Zykov	Turkey	2012-05-25T10:35:55Z	Attribution-ShareAlike License	2012-05-05T17:11:28Z	FUJIFILM FinePix X100	81456137	Istanbul	7266890152	[u'bosphorus', u'istanbul', u'sea', u'turkey']
Istanbul	[2343573, 2344116, 29390475, 2347289, 23424969, 28350899]	http://www.flickr.com/photos/84292292@N00/7266891214/			False	http://farm8.staticflickr.com/7083/7266891214_1a37e20a90.jpg	17	b360dd9c6385c2ba2e9986d82194f423	jpg	Aleksandr Zykov	Turkey	2012-05-25T10:36:16Z	Attribution-ShareAlike License	2012-05-05T17:13:14Z	FUJIFILM FinePix X100	13592255	Istanbul	7266891214	[u'bosphorus', u'istanbul', u'sea', u'turkey']
Istanbul	[2343573, 2344116, 29390475, 2347289, 23424969, 28350899]	http://www.flickr.com/photos/84292292@N00/7266893956/			False	http://farm8.staticflickr.com/7100/7266893956_0a521b87ca.jpg	17	8d1b84990fcd7a17689e998cdd5e9	jpg	Aleksandr Zykov	Turkey	2012-05-25T10:37:06Z	Attribution-ShareAlike License	2012-05-05T17:15:14Z	FUJIFILM FinePix X100	85006605	Istanbul	7266893956	[u'bosphorus', u'istanbul', u'sea', u'turkey']
Istanbul	[2343573, 2344116, 29390475, 2347289, 23424969, 28350899]	http://www.flickr.com/photos/84292292@N00/7266894532/			False	http://farm8.staticflickr.com/7234/7266894532_175128ee9b.jpg	17	c69a7d15ac4ed3846fe172aa2395a	jpg	Aleksandr Zykov	Turkey	2012-05-25T10:37:18Z	Attribution-ShareAlike License	2012-05-05T17:15:32Z	FUJIFILM FinePix X100	47467038	Istanbul	7266894532	[u'bosphorus', u'istanbul', u'sea', u'turkey']
Istanbul	[2343573, 2344116, 29390475, 2347289, 23424969, 28350899]	http://www.flickr.com/photos/84292292@N00/7266895114/			False	http://farm9.staticflickr.com/8152/7266895114_1ae9a79bea.jpg	17	95ec48cbfe4ad0b2149eeaeec8c45798	jpg	Aleksandr Zykov	Turkey	2012-05-25T10:37:29Z	Attribution-ShareAlike License	2012-05-05T17:15:48Z	FUJIFILM FinePix X100	3623131	Istanbul	7266895114	[u'bosphorus', u'istanbul', u'sea', u'turkey']
Istanbul	[2343573, 2344116, 29390475, 2347289, 23424969, 28350899]	http://www.flickr.com/photos/84292292@N00/7266895552/			False	http://farm9.staticflickr.com/8159/7266895552_9c28c29951.jpg	17	9b18c37a22d0b4881df88894e3156b6	jpg	Aleksandr Zykov	Turkey	2012-05-25T10:37:38Z	Attribution-ShareAlike License	2012-05-05T17:16:41Z	FUJIFILM FinePix X100	62312288	Istanbul	7266895552	[u'bosphorus', u'istanbul', u'sea', u'turkey']
Istanbul	[2343573, 2344116, 29390475, 2347289, 23424969, 28350899]	http://www.flickr.com/photos/84292292@N00/7266896304/			False	http://farm9.staticflickr.com/8023/7266896304_e27fc9c9eb.jpg	17	40132e91b228985291d8ef250cc4c2f	jpg	Aleksandr Zykov	Turkey	2012-05-25T10:37:54Z	Attribution-ShareAlike License	2012-05-05T17:17:06Z	FUJIFILM FinePix X100	83830868	Istanbul	7266896304	[u'bosphorus', u'istanbul', u'sea', u'turkey']
Istanbul	[2343573, 2344116, 29390475, 2347289, 23424969, 28350899]	http://www.flickr.com/photos/84292292@N00/7266896702/			False	http://farm8.staticflickr.com/7223/7266896702_a4049ea045.jpg	17	55a641be1f8b552842447f669978b95	jpg	Aleksandr Zykov	Turkey	2012-05-25T10:38:04Z	Attribution-ShareAlike License	2012-05-05T17:17:59Z	FUJIFILM FinePix X100	89875555	Istanbul	7266896702	[u'bosphorus', u'istanbul', u'sea', u'turkey']
Istanbul	[22724105, 2344116, 29390475, 2347289, 23424969, 28350899]	http://www.flickr.com/photos/84292292@N00/10777742526/			False	http://farm8.staticflickr.com/7294/10777742526_fe1bc734d2.jpg	18	51765db26b2ebbaf6869c489ded16	jpg	Aleksandr Zykov	Turkey	2013-11-10T14:04:34Z	Attribution-ShareAlike License	2012-05-05T18:48:48Z	SAMSUNG GT-I9100	39655483	Istanbul	10777742526	[u'istanbul', u'mobile', u'turkey']
