town_s	woe_is	urlpage_s	machine_ss	desc_ws	video_b	url_s	hour_i	hash_s	ext_s	user_s	country_s	upload_dt	license_s	taken_dt	device_s	line_i	title_s	id	tag_ss
Istanbul	[22724017, 2344116, 29390475, 2347289, 23424969, 28350899]	http://www.flickr.com/photos/24776236@N00/8393735974/		Only the middle of Galata bridge spans the water directly, the rest is occupied by (mainly) restaurants beneath the bridge and fishermen on top.	False	http://farm9.staticflickr.com/8053/8393735974_131b5c3e26.jpg	11	642868424260e40c0e63fab605a3a30	jpg	Mr. Pi	Turkey	2013-01-18T22:43:52Z	Attribution-NonCommercial-NoDerivs License	2012-11-06T11:47:39Z	PENTAX Corporation PENTAX K10D	72677271	imgp2483	8393735974	[u'bosphorus', u'bridge', u'fishing', u'istanbul', u'river', u'turkey']
Istanbul	[22724017, 2344116, 29390475, 2347289, 23424969, 28350899]	http://www.flickr.com/photos/24776236@N00/8393736908/		Galata, once more	False	http://farm9.staticflickr.com/8507/8393736908_4d401ca8f1.jpg	11	8ec59045f28419b11e734ef5bf70cbcf	jpg	Mr. Pi	Turkey	2013-01-18T22:44:17Z	Attribution-NonCommercial-NoDerivs License	2012-11-06T11:47:50Z	PENTAX Corporation PENTAX K10D	79399698	imgp2486	8393736908	[u'bosphorus', u'houses', u'istanbul', u'river', u'tower', u'turkey']
Istanbul	[22724017, 2344116, 29390475, 2347289, 23424969, 28350899]	http://www.flickr.com/photos/24776236@N00/8392697661/			False	http://farm9.staticflickr.com/8498/8392697661_f10b04f56c.jpg	11	bf8d7a95905362ec849d1a221445763a	jpg	Mr. Pi	Turkey	2013-01-18T23:04:27Z	Attribution-NonCommercial-NoDerivs License	2012-11-06T11:48:42Z	PENTAX Corporation PENTAX K10D	67308514	imgp2489	8392697661	[u'istanbul', u'turkey']
Istanbul	[22724040, 2344116, 29390475, 2347289, 23424969, 28350899]	http://www.flickr.com/photos/24776236@N00/8393814764/		Hooded Crow (Corvus cornix)	False	http://farm9.staticflickr.com/8098/8393814764_f80b2a78c4.jpg	12	9f25226eee693d41041b2c12267bc38	jpg	Mr. Pi	Turkey	2013-01-18T23:18:50Z	Attribution-NonCommercial-NoDerivs License	2012-11-06T12:14:53Z	PENTAX Corporation PENTAX K10D	72701676	imgp2492	8393814764	[u'animals', u'birds', u'istanbul', u'turkey']
Istanbul	[22724040, 2344116, 29390475, 2347289, 23424969, 28350899]	http://www.flickr.com/photos/24776236@N00/8392730077/		Quite a special kind of brickwork ...	False	http://farm9.staticflickr.com/8518/8392730077_ce1fb1f460.jpg	12	f974d0b7a021181e48ff278cda34356b	jpg	Mr. Pi	Turkey	2013-01-18T23:19:44Z	Attribution-NonCommercial-NoDerivs License	2012-11-06T12:28:42Z	PENTAX Corporation PENTAX K10D	76420620	imgp2502	8392730077	[u'istanbul', u'turkey']
Istanbul	[22724040, 2344116, 29390475, 2347289, 23424969, 28350899]	http://www.flickr.com/photos/24776236@N00/8392730987/		Reading a big book.	False	http://farm9.staticflickr.com/8495/8392730987_9eb67a1b55.jpg	12	c7e5a0a622835b1b88e8aa2a7c0acc8	jpg	Mr. Pi	Turkey	2013-01-18T23:20:09Z	Attribution-NonCommercial-NoDerivs License	2012-11-06T12:29:28Z	PENTAX Corporation PENTAX K10D	91914061	imgp2506	8392730987	[u'istanbul', u'reading', u'turkey']
Istanbul	[22724017, 2344116, 29390475, 2347289, 23424969, 28350899]	http://www.flickr.com/photos/24776236@N00/8393818356/		The Golden Horn ferry	False	http://farm9.staticflickr.com/8225/8393818356_ea249387f1.jpg	12	2ca5e9ec979e2c8e157bc51c644af7f	jpg	Mr. Pi	Turkey	2013-01-18T23:20:30Z	Attribution-NonCommercial-NoDerivs License	2012-11-06T12:49:20Z	PENTAX Corporation PENTAX K10D	37977221	imgp2510	8393818356	[u'boat', u'bosphorus', u'ferry', u'istanbul', u'river', u'turkey']
Istanbul	[22724041, 2344116, 29390475, 2347289, 23424969, 28350899]	http://www.flickr.com/photos/24776236@N00/8393819060/		S��leymaniye Mosque	False	http://farm9.staticflickr.com/8056/8393819060_bbbf8cc4a1.jpg	12	2cb788d86dbcf3523c475d20ebe0ef	jpg	Mr. Pi	Turkey	2013-01-18T23:20:50Z	Attribution-NonCommercial-NoDerivs License	2012-11-06T12:53:58Z	PENTAX Corporation PENTAX K10D	70723728	imgp2519	8393819060	[u'istanbul', u'mosque', u'turkey']
Istanbul	[22724106, 2344116, 29390475, 2347289, 23424969, 28350899]	http://www.flickr.com/photos/24776236@N00/8392733187/		Ataturk bridge	False	http://farm9.staticflickr.com/8218/8392733187_a29a5a9fa1.jpg	12	67322e88b56cd5ca632bbe366429410	jpg	Mr. Pi	Turkey	2013-01-18T23:21:16Z	Attribution-NonCommercial-NoDerivs License	2012-11-06T12:55:06Z	PENTAX Corporation PENTAX K10D	3206679	imgp2526	8392733187	[u'bosphorus', u'bridge', u'istanbul', u'river', u'turkey']
Istanbul	[22724078, 2344116, 29390475, 2347289, 23424969, 28350899]	http://www.flickr.com/photos/24776236@N00/8393820644/		Sheltered building	False	http://farm9.staticflickr.com/8089/8393820644_2940fcfe67.jpg	12	642a2cef7ec368f8de740dfdcc1fb9d	jpg	Mr. Pi	Turkey	2013-01-18T23:21:37Z	Attribution-NonCommercial-NoDerivs License	2012-11-06T12:57:36Z	PENTAX Corporation PENTAX K10D	89063397	imgp2537	8393820644	[u'bosphorus', u'istanbul', u'river', u'scaffolds', u'turkey']
Istanbul	[22724072, 2344116, 29390475, 2347289, 23424969, 28350899]	http://www.flickr.com/photos/24776236@N00/8393821580/		The Y-39 and (probably) Y-38 from the Turkish navy. These barrack ships without don't have their own propulsion. They date back to WWII, when they were built by the US navy as APL-53 and APL-47. In 1987 they were sold to Turkey.	False	http://farm9.staticflickr.com/8506/8393821580_2d03886611.jpg	13	8f71fbc96c767d28042a29d8f7c417	jpg	Mr. Pi	Turkey	2013-01-18T23:22:06Z	Attribution-NonCommercial-NoDerivs License	2012-11-06T13:03:37Z	PENTAX Corporation PENTAX K10D	69502066	imgp2545	8393821580	[u'boat', u'bosphorus', u'istanbul', u'navy ship', u'river', u'turkey']
Istanbul	[22724072, 2344116, 29390475, 2347289, 23424969, 28350899]	http://www.flickr.com/photos/24776236@N00/8393822190/		Wharfs on the east bank of the Golden Horn.	False	http://farm9.staticflickr.com/8511/8393822190_0ef9a2b1c5.jpg	13	2795cd169f1f3237f6140b7fbfc872b	jpg	Mr. Pi	Turkey	2013-01-18T23:22:25Z	Attribution-NonCommercial-NoDerivs License	2012-11-06T13:05:24Z	PENTAX Corporation PENTAX K10D	65689710	imgp2549	8393822190	[u'bosphorus', u'crane', u'harbor', u'istanbul', u'river', u'turkey']
Istanbul	[22724072, 2344116, 29390475, 2347289, 23424969, 28350899]	http://www.flickr.com/photos/24776236@N00/8392736083/			False	http://farm9.staticflickr.com/8516/8392736083_8bdffff7c7.jpg	13	d22384b592118390e9bc139fe53a3b4a	jpg	Mr. Pi	Turkey	2013-01-18T23:22:45Z	Attribution-NonCommercial-NoDerivs License	2012-11-06T13:05:43Z	PENTAX Corporation PENTAX K10D	80907836	imgp2551	8392736083	[u'bosphorus', u'city', u'istanbul', u'river', u'turkey']
Istanbul	[22724072, 2344116, 29390475, 2347289, 23424969, 28350899]	http://www.flickr.com/photos/24776236@N00/8393823586/		wine	False	http://farm9.staticflickr.com/8055/8393823586_cbc8e40222.jpg	13	30323e7dc53dff7ff839686a4bc1c6fe	jpg	Mr. Pi	Turkey	2013-01-18T23:23:06Z	Attribution-NonCommercial-NoDerivs License	2012-11-06T13:06:19Z	PENTAX Corporation PENTAX K10D	81446439	imgp2559	8393823586	[u'bosphorus', u'cranes', u'harbor', u'istanbul', u'river', u'turkey']
Istanbul	[22724072, 2344116, 29390475, 2347289, 23424969, 28350899]	http://www.flickr.com/photos/24776236@N00/8393824560/		This place belongs to the cormorants now	False	http://farm9.staticflickr.com/8354/8393824560_9f442e46dd.jpg	13	43eae132c0ee6aee33a83d99c8915ba2	jpg	Mr. Pi	Turkey	2013-01-18T23:23:36Z	Attribution-NonCommercial-NoDerivs License	2012-11-06T13:06:36Z	PENTAX Corporation PENTAX K10D	75763175	imgp2560	8393824560	[u'birds', u'bosphorus', u'istanbul', u'river', u'turkey', u'water birds']
Istanbul	[22724067, 2344116, 29390475, 2347289, 23424969, 28350899]	http://www.flickr.com/photos/24776236@N00/8392738391/		When a fire damaged the Galata Bridge in 1992, it was replaced and the old one was towed upstream. The Old Galata Bridge gets connected on occasions, but often the section are parked on the shore to improve the current of the river.	False	http://farm9.staticflickr.com/8505/8392738391_c0c4abe8b5.jpg	13	222efa279859717d9e35fceedef4fd	jpg	Mr. Pi	Turkey	2013-01-18T23:23:58Z	Attribution-NonCommercial-NoDerivs License	2012-11-06T13:08:48Z	PENTAX Corporation PENTAX K10D	62912790	imgp2563	8392738391	[u'bosphorus', u'bridge', u'istanbul', u'river', u'turkey']
Istanbul	[22724067, 2344116, 29390475, 2347289, 23424969, 28350899]	http://www.flickr.com/photos/24776236@N00/8393826096/		The S338 submarine is another navy ship that was originally built in the US during WWII. It was acquired by Turkey in 1973 and decommissioned in 2000. Nowadays it serves as a museum.	False	http://farm9.staticflickr.com/8335/8393826096_8deccc0359.jpg	13	ccb7218680f1ed32a3d3f4df8cbe8	jpg	Mr. Pi	Turkey	2013-01-18T23:24:26Z	Attribution-NonCommercial-NoDerivs License	2012-11-06T13:09:04Z	PENTAX Corporation PENTAX K10D	97470273	imgp2569	8393826096	[u'bosphorus', u'istanbul', u'river', u'ship', u'submarine', u'turkey']
Istanbul	[22724007, 2344116, 29390475, 2347289, 23424969, 28350899]	http://www.flickr.com/photos/24776236@N00/8392739875/		Ottoman building style can be found everywhere	False	http://farm9.staticflickr.com/8089/8392739875_5130753ed6.jpg	13	45a06b7d9c786d440504ef5d7b9f3f4	jpg	Mr. Pi	Turkey	2013-01-18T23:24:48Z	Attribution-NonCommercial-NoDerivs License	2012-11-06T13:19:55Z	PENTAX Corporation PENTAX K10D	85672068	imgp2576	8392739875	[u'derelict', u'houses', u'istanbul', u'turkey']
Istanbul	[22724007, 2344116, 29390475, 2347289, 23424969, 28350899]	http://www.flickr.com/photos/24776236@N00/8393827856/		Tower from the old city wall, surrounded by rubble	False	http://farm9.staticflickr.com/8194/8393827856_302ff596de.jpg	13	84ef8b3aa3377c38b61b302cedc51095	jpg	Mr. Pi	Turkey	2013-01-18T23:25:20Z	Attribution-NonCommercial-NoDerivs License	2012-11-06T13:20:25Z	PENTAX Corporation PENTAX K10D	80446528	imgp2579	8393827856	[u'city wall', u'derelict', u'istanbul', u'turkey']
Istanbul	[22724007, 2344116, 29390475, 2347289, 23424969, 28350899]	http://www.flickr.com/photos/24776236@N00/8393828516/		Reconstruction	False	http://farm9.staticflickr.com/8332/8393828516_83abe55cbf.jpg	13	2094388c6a17a86336b9df2258cbd33	jpg	Mr. Pi	Turkey	2013-01-18T23:25:43Z	Attribution-NonCommercial-NoDerivs License	2012-11-06T13:25:16Z	PENTAX Corporation PENTAX K10D	73347022	imgp2582	8393828516	[u'construction site', u'derelict', u'houses', u'istanbul', u'turkey']
Istanbul	[22724007, 2344116, 29390475, 2347289, 23424969, 28350899]	http://www.flickr.com/photos/24776236@N00/8393829152/			False	http://farm9.staticflickr.com/8468/8393829152_26f4058d9f.jpg	13	2ba0b22cce2183137ca3ab146bf3f2ac	jpg	Mr. Pi	Turkey	2013-01-18T23:26:03Z	Attribution-NonCommercial-NoDerivs License	2012-11-06T13:27:55Z	PENTAX Corporation PENTAX K10D	6610144	imgp2588	8393829152	[u'houses', u'istanbul', u'turkey']
Istanbul	[22724007, 2344116, 29390475, 2347289, 23424969, 28350899]	http://www.flickr.com/photos/24776236@N00/8392743051/		The old Istanbul city wall, in many places a ruin	False	http://farm9.staticflickr.com/8470/8392743051_7e97c5aafe.jpg	13	9a98d8929abc453359b3f36a294d8eb	jpg	Mr. Pi	Turkey	2013-01-18T23:26:28Z	Attribution-NonCommercial-NoDerivs License	2012-11-06T13:30:11Z	PENTAX Corporation PENTAX K10D	95365658	imgp2592	8392743051	[u'city wall', u'istanbul', u'turkey']
Istanbul	[22724005, 2344116, 29390475, 2347289, 23424969, 28350899]	http://www.flickr.com/photos/24776236@N00/8392744375/		Gate in the old city wall	False	http://farm9.staticflickr.com/8047/8392744375_5f4c07787e.jpg	13	4003a95dc96301e4c64f7e481bcee1e	jpg	Mr. Pi	Turkey	2013-01-18T23:27:07Z	Attribution-NonCommercial-NoDerivs License	2012-11-06T13:35:12Z	PENTAX Corporation PENTAX K10D	32671459	imgp2602	8392744375	[u'city wall', u'gate', u'istanbul', u'turkey']
Istanbul	[22724005, 2344116, 29390475, 2347289, 23424969, 28350899]	http://www.flickr.com/photos/24776236@N00/8392745421/			False	http://farm9.staticflickr.com/8046/8392745421_bc84db6c5f.jpg	13	96498075a047215f616c7f99342a83	jpg	Mr. Pi	Turkey	2013-01-18T23:27:38Z	Attribution-NonCommercial-NoDerivs License	2012-11-06T13:37:15Z	PENTAX Corporation PENTAX K10D	88261412	imgp2607	8392745421	[u'car', u'derelict', u'istanbul', u'turkey']
Istanbul	[22724005, 2344116, 29390475, 2347289, 23424969, 28350899]	http://www.flickr.com/photos/24776236@N00/8392745979/		Even though the state of the house is in decline, the balcony has to be painted in a nice color.	False	http://farm9.staticflickr.com/8501/8392745979_fbbba20142.jpg	13	ee783280c87f8ad55eb833380d5a049	jpg	Mr. Pi	Turkey	2013-01-18T23:27:56Z	Attribution-NonCommercial-NoDerivs License	2012-11-06T13:39:59Z	PENTAX Corporation PENTAX K10D	84936782	imgp2611	8392745979	[u'house', u'istanbul', u'turkey']
Istanbul	[22724005, 2344116, 29390475, 2347289, 23424969, 28350899]	http://www.flickr.com/photos/24776236@N00/8392746791/		The houses and building in this area of the city aren't in a really good shape, but this neat and shiny new playground along the old city wall suggests there are some renovation projects going on.	False	http://farm9.staticflickr.com/8187/8392746791_5361f902bf.jpg	13	55676e3139a8bc57ffbd241a5849c5e1	jpg	Mr. Pi	Turkey	2013-01-18T23:28:19Z	Attribution-NonCommercial-NoDerivs License	2012-11-06T13:40:28Z	PENTAX Corporation PENTAX K10D	4273965	imgp2614	8392746791	[u'city wall', u'istanbul', u'playground', u'turkey']
Istanbul	[22724005, 2344116, 29390475, 2347289, 23424969, 28350899]	http://www.flickr.com/photos/24776236@N00/8392747695/		The Byzantine palace of the Porphyrogenitus built into the city wall, is currently being renovated.	False	http://farm9.staticflickr.com/8091/8392747695_d0ce262a51.jpg	13	ecbfd8f09a57622ead2ee11454f16d	jpg	Mr. Pi	Turkey	2013-01-18T23:28:45Z	Attribution-NonCommercial-NoDerivs License	2012-11-06T13:47:18Z	PENTAX Corporation PENTAX K10D	71641793	imgp2626	8392747695	[u'city wall', u'construction work', u'istanbul', u'palace', u'turkey']
Istanbul	[22724005, 2344116, 29390475, 2347289, 23424969, 28350899]	http://www.flickr.com/photos/24776236@N00/8393835884/		The Byzantine palace of the Porphyrogenitus built into the city wall, is currently being renovated.	False	http://farm9.staticflickr.com/8336/8393835884_9b9769f91d.jpg	13	988afb12735f47e2915072df6993d3	jpg	Mr. Pi	Turkey	2013-01-18T23:29:23Z	Attribution-NonCommercial-NoDerivs License	2012-11-06T13:48:26Z	PENTAX Corporation PENTAX K10D	62592584	imgp2629	8393835884	[u'city wall', u'construction work', u'istanbul', u'palace', u'turkey']
Istanbul	[22724005, 2344116, 29390475, 2347289, 23424969, 28350899]	http://www.flickr.com/photos/24776236@N00/8392749785/		The old city wall	False	http://farm9.staticflickr.com/8048/8392749785_9d2b032996.jpg	13	9ebb3b64287f352ff16d59c7a6746e7d	jpg	Mr. Pi	Turkey	2013-01-18T23:29:41Z	Attribution-NonCommercial-NoDerivs License	2012-11-06T13:50:09Z	PENTAX Corporation PENTAX K10D	52384976	imgp2632	8392749785	[u'city wall', u'istanbul', u'minaret', u'turkey']
Istanbul	[22450406, 22724003, 2344116, 29390475, 2347289, 29391294, 23424969, 28350899]	http://www.flickr.com/photos/24776236@N00/8392750459/		The small Byzantine Chora Church was built during the 11th century and with a gift from a rich inhabitant heavily decorated in the 14th century. Like the Hagia Sophia, it was converted to a mosque by the Ottomans and the decorations were plastered over. And like the Hagia Sophia, these were restored and the building is a museum now.	False	http://farm9.staticflickr.com/8506/8392750459_89f8b5d1bd.jpg	14	303158105eab548c42a36cc9df9a65b7	jpg	Mr. Pi	Turkey	2013-01-18T23:29:59Z	Attribution-NonCommercial-NoDerivs License	2012-11-06T14:02:49Z	PENTAX Corporation PENTAX K10D	81279034	imgp2639	8392750459	[u'church', u'decoration', u'istanbul', u'turkey']
Istanbul	[22450406, 22724003, 2344116, 29390475, 2347289, 29391294, 23424969, 28350899]	http://www.flickr.com/photos/24776236@N00/8393837990/		The small Byzantine Chora Church was built during the 11th century and with a gift from a rich inhabitant heavily decorated in the 14th century. Like the Hagia Sophia, it was converted to a mosque by the Ottomans and the decorations were plastered over. And like the Hagia Sophia, these were restored and the building is a museum now.	False	http://farm9.staticflickr.com/8371/8393837990_971d4d6384.jpg	14	e0c41f59d84d10508851b45073655c6c	jpg	Mr. Pi	Turkey	2013-01-18T23:30:24Z	Attribution-NonCommercial-NoDerivs License	2012-11-06T14:03:30Z	PENTAX Corporation PENTAX K10D	64739037	imgp2643	8393837990	[u'church', u'decoration', u'dome', u'istanbul', u'turkey']
Istanbul	[22450406, 22724003, 2344116, 29390475, 2347289, 29391294, 23424969, 28350899]	http://www.flickr.com/photos/24776236@N00/8393838882/		The small Byzantine Chora Church was built during the 11th century and with a gift from a rich inhabitant heavily decorated in the 14th century. Like the Hagia Sophia, it was converted to a mosque by the Ottomans and the decorations were plastered over. And like the Hagia Sophia, these were restored and the building is a museum now.	False	http://farm9.staticflickr.com/8354/8393838882_6c9c66cd29.jpg	14	68565ae7863723078545fba8c711b	jpg	Mr. Pi	Turkey	2013-01-18T23:30:51Z	Attribution-NonCommercial-NoDerivs License	2012-11-06T14:05:00Z	PENTAX Corporation PENTAX K10D	62939896	imgp2647	8393838882	[u'church', u'decoration', u'dome', u'istanbul', u'mosaic', u'turkey']
Istanbul	[22450406, 22724003, 2344116, 29390475, 2347289, 29391294, 23424969, 28350899]	http://www.flickr.com/photos/24776236@N00/8392752971/		The small Byzantine Chora Church was built during the 11th century and with a gift from a rich inhabitant heavily decorated in the 14th century. Like the Hagia Sophia, it was converted to a mosque by the Ottomans and the decorations were plastered over. And like the Hagia Sophia, these were restored and the building is a museum now.	False	http://farm9.staticflickr.com/8052/8392752971_efed6a2573.jpg	14	2e7038d9611946365eb6c39afe9025	jpg	Mr. Pi	Turkey	2013-01-18T23:31:18Z	Attribution-NonCommercial-NoDerivs License	2012-11-06T14:06:44Z	PENTAX Corporation PENTAX K10D	35205987	imgp2654	8392752971	[u'church', u'decoration', u'istanbul', u'mosaic', u'turkey']
Istanbul	[22450406, 22724003, 2344116, 29390475, 2347289, 29391294, 23424969, 28350899]	http://www.flickr.com/photos/24776236@N00/8393840604/		The small Byzantine Chora Church was built during the 11th century and with a gift from a rich inhabitant heavily decorated in the 14th century. Like the Hagia Sophia, it was converted to a mosque by the Ottomans and the decorations were plastered over. And like the Hagia Sophia, these were restored and the building is a museum now.	False	http://farm9.staticflickr.com/8500/8393840604_38ed7654ce.jpg	14	27a1f913705947bfc3ff90304f6e11a7	jpg	Mr. Pi	Turkey	2013-01-18T23:31:43Z	Attribution-NonCommercial-NoDerivs License	2012-11-06T14:07:46Z	PENTAX Corporation PENTAX K10D	65829921	imgp2656	8393840604	[u'church', u'decoration', u'istanbul', u'mosaic', u'mural', u'turkey']
Istanbul	[22450406, 22724003, 2344116, 29390475, 2347289, 29391294, 23424969, 28350899]	http://www.flickr.com/photos/24776236@N00/8393841386/		In some places, just a hint of the original decorations remain.	False	http://farm9.staticflickr.com/8369/8393841386_078c9df459.jpg	14	e534c6258cc0be529912f6a96d5f7a55	jpg	Mr. Pi	Turkey	2013-01-18T23:32:06Z	Attribution-NonCommercial-NoDerivs License	2012-11-06T14:08:38Z	PENTAX Corporation PENTAX K10D	22819743	imgp2659	8393841386	[u'church', u'decoration', u'istanbul', u'mosaic', u'turkey']
Istanbul	[22450406, 22724003, 2344116, 29390475, 2347289, 29391294, 23424969, 28350899]	http://www.flickr.com/photos/24776236@N00/8393842334/		The small Byzantine Chora Church was built during the 11th century and with a gift from a rich inhabitant heavily decorated in the 14th century. Like the Hagia Sophia, it was converted to a mosque by the Ottomans and the decorations were plastered over. And like the Hagia Sophia, these were restored and the building is a museum now.	False	http://farm9.staticflickr.com/8471/8393842334_5fc2fe45a9.jpg	14	1b1f6460877f363157d104884357bc6	jpg	Mr. Pi	Turkey	2013-01-18T23:32:37Z	Attribution-NonCommercial-NoDerivs License	2012-11-06T14:11:40Z	PENTAX Corporation PENTAX K10D	6805890	imgp2662	8393842334	[u'church', u'decoration', u'istanbul', u'mosaic', u'turkey']
Istanbul	[22450406, 22724003, 2344116, 29390475, 2347289, 29391294, 23424969, 28350899]	http://www.flickr.com/photos/24776236@N00/8392756323/		Partially due to earthquakes, the decorations aren't complete anymore.	False	http://farm9.staticflickr.com/8464/8392756323_d8d8c9356b.jpg	14	abc5fc951eba21d914da2c2fa413dd31	jpg	Mr. Pi	Turkey	2013-01-18T23:33:05Z	Attribution-NonCommercial-NoDerivs License	2012-11-06T14:14:04Z	PENTAX Corporation PENTAX K10D	52298558	imgp2673	8392756323	[u'church', u'decoration', u'istanbul', u'mosaic', u'turkey']
Istanbul	[22450406, 22724003, 2344116, 29390475, 2347289, 29391294, 23424969, 28350899]	http://www.flickr.com/photos/24776236@N00/8393843912/		The small Byzantine Chora Church was built during the 11th century and with a gift from a rich inhabitant heavily decorated in the 14th century. Like the Hagia Sophia, it was converted to a mosque by the Ottomans and the decorations were plastered over. And like the Hagia Sophia, these were restored and the building is a museum now.	False	http://farm9.staticflickr.com/8472/8393843912_4642b2cb1f.jpg	14	5094a17db07c63da84b8fc196dca84a	jpg	Mr. Pi	Turkey	2013-01-18T23:33:29Z	Attribution-NonCommercial-NoDerivs License	2012-11-06T14:16:53Z	PENTAX Corporation PENTAX K10D	98115539	imgp2680	8393843912	[u'church', u'decoration', u'istanbul', u'turkey']
Istanbul	[22724003, 2344116, 29390475, 2347289, 23424969, 28350899]	http://www.flickr.com/photos/24776236@N00/8393845016/		Ayvansaray	False	http://farm9.staticflickr.com/8373/8393845016_4fe12de879.jpg	14	9ec51184b0ee6cafac01baa4e757bb3	jpg	Mr. Pi	Turkey	2013-01-18T23:34:03Z	Attribution-NonCommercial-NoDerivs License	2012-11-06T14:20:34Z	PENTAX Corporation PENTAX K10D	60599019	imgp2686-imgp2687	8393845016	[u'city', u'istanbul', u'turkey']
Istanbul	[22724003, 2344116, 29390475, 2347289, 23424969, 28350899]	http://www.flickr.com/photos/24776236@N00/8393847398/		The Byzantine Chorah Church, converted to a mosque by the Ottomans and nowadays a museum.	False	http://farm9.staticflickr.com/8219/8393847398_206d3db471.jpg	14	15577e5842a6a48cd275d0a03a885ae8	jpg	Mr. Pi	Turkey	2013-01-18T23:35:17Z	Attribution-NonCommercial-NoDerivs License	2012-11-06T14:21:50Z	PENTAX Corporation PENTAX K10D	97130561	imgp2689	8393847398	[u'church', u'istanbul', u'turkey']
Istanbul	[22723964, 2344116, 29390475, 2347289, 23424969, 28350899]	http://www.flickr.com/photos/24776236@N00/8393848202/		Gate in a part of the city wall that seems to be restored - a bit.	False	http://farm9.staticflickr.com/8081/8393848202_b3d65b96af.jpg	14	58549bfa1133635be7d1e65b4b609f	jpg	Mr. Pi	Turkey	2013-01-18T23:35:42Z	Attribution-NonCommercial-NoDerivs License	2012-11-06T14:58:19Z	PENTAX Corporation PENTAX K10D	87803565	imgp2694	8393848202	[u'city wall', u'istanbul', u'turkey']
Istanbul	[22723964, 2344116, 29390475, 2347289, 23424969, 28350899]	http://www.flickr.com/photos/24776236@N00/8393849046/		The old city wall	False	http://farm9.staticflickr.com/8375/8393849046_05d318130b.jpg	14	2194d152d6ad96cc471d36de87472b	jpg	Mr. Pi	Turkey	2013-01-18T23:36:06Z	Attribution-NonCommercial-NoDerivs License	2012-11-06T14:58:30Z	PENTAX Corporation PENTAX K10D	49598507	imgp2698	8393849046	[u'city wall', u'istanbul', u'turkey']
Istanbul	[22723964, 2344116, 29390475, 2347289, 23424969, 28350899]	http://www.flickr.com/photos/24776236@N00/8393849988/		The old city wall	False	http://farm9.staticflickr.com/8077/8393849988_953c452f0b.jpg	15	6e5f35f53c1f68696a736584623d498	jpg	Mr. Pi	Turkey	2013-01-18T23:36:30Z	Attribution-NonCommercial-NoDerivs License	2012-11-06T15:01:38Z	PENTAX Corporation PENTAX K10D	36720299	imgp2704	8393849988	[u'city wall', u'istanbul', u'turkey']
Istanbul	[22723998, 2344116, 29390475, 2347289, 23424969, 28350899]	http://www.flickr.com/photos/24776236@N00/8393850856/		The old city wall	False	http://farm9.staticflickr.com/8466/8393850856_5916ce0f7c.jpg	15	8951fe32ae11ccabd2ad79ab17b7bd1	jpg	Mr. Pi	Turkey	2013-01-18T23:36:55Z	Attribution-NonCommercial-NoDerivs License	2012-11-06T15:04:37Z	PENTAX Corporation PENTAX K10D	74563806	imgp2705	8393850856	[u'city wall', u'istanbul', u'turkey']
Istanbul	[22723998, 2344116, 29390475, 2347289, 23424969, 28350899]	http://www.flickr.com/photos/24776236@N00/8393852050/		The old city wall, apparently patched up in some places.	False	http://farm9.staticflickr.com/8096/8393852050_6ae11ab4ea.jpg	15	322ab037e4d94e2ed0e84f7c2a79b9f2	jpg	Mr. Pi	Turkey	2013-01-18T23:37:29Z	Attribution-NonCommercial-NoDerivs License	2012-11-06T15:06:01Z	PENTAX Corporation PENTAX K10D	94133910	imgp2708	8393852050	[u'city wall', u'istanbul', u'turkey']
Istanbul	[22723993, 2344116, 29390475, 2347289, 23424969, 28350899]	http://www.flickr.com/photos/24776236@N00/8393853726/		Tower in the old city wall. As we found out soon enough, there are quite sinister people hanging around here - when we got back on the main road after a few scary moments, we were warned by a passer-by: "don't go there, it's dangerous".	False	http://farm9.staticflickr.com/8464/8393853726_734e54454d.jpg	15	4e9cc681ddc86e79e918aba1fbe2a148	jpg	Mr. Pi	Turkey	2013-01-18T23:38:22Z	Attribution-NonCommercial-NoDerivs License	2012-11-06T15:16:52Z	PENTAX Corporation PENTAX K10D	67406393	imgp2717	8393853726	[u'city wall', u'istanbul', u'tower', u'turkey']
Istanbul	[22723993, 2344116, 29390475, 2347289, 23424969, 28350899]	http://www.flickr.com/photos/24776236@N00/8392767973/		Istanbul as seen from the old city wall	False	http://farm9.staticflickr.com/8194/8392767973_136fb767a5.jpg	15	84ad3be9fc6576395aa05bfbe03fc3b0	jpg	Mr. Pi	Turkey	2013-01-18T23:38:51Z	Attribution-NonCommercial-NoDerivs License	2012-11-06T15:16:54Z	PENTAX Corporation PENTAX K10D	97057255	imgp2718-imgp2719	8392767973	[u'city', u'istanbul', u'turkey']
Istanbul	[22723993, 2344116, 29390475, 2347289, 23424969, 28350899]	http://www.flickr.com/photos/24776236@N00/8393856868/		Apparently, someone took residence in this old part of the Istanbul fortifications.	False	http://farm9.staticflickr.com/8323/8393856868_70d7756567.jpg	15	64eac87d1cbe59f35836c8b9528ddde7	jpg	Mr. Pi	Turkey	2013-01-18T23:39:58Z	Attribution-NonCommercial-NoDerivs License	2012-11-06T15:17:13Z	PENTAX Corporation PENTAX K10D	97309992	imgp2720	8393856868	[u'city wall', u'istanbul', u'turkey']
Istanbul	[22723993, 2344116, 29390475, 2347289, 23424969, 28350899]	http://www.flickr.com/photos/24776236@N00/8392770843/		Wood	False	http://farm9.staticflickr.com/8516/8392770843_6ca9c03d1b.jpg	15	e3b528ae9b6a325172b4ebe6414f325	jpg	Mr. Pi	Turkey	2013-01-18T23:40:21Z	Attribution-NonCommercial-NoDerivs License	2012-11-06T15:17:46Z	PENTAX Corporation PENTAX K10D	81050773	imgp2726	8392770843	[u'house', u'istanbul', u'turkey']
Istanbul	[22724024, 2344116, 29390475, 2347289, 23424969, 28350899]	http://www.flickr.com/photos/24776236@N00/8393858146/		Balancing act	False	http://farm9.staticflickr.com/8214/8393858146_31a3454de2.jpg	16	755427a8cec232cc9abb223df6bf24	jpg	Mr. Pi	Turkey	2013-01-18T23:40:38Z	Attribution-NonCommercial-NoDerivs License	2012-11-06T16:05:35Z	PENTAX Corporation PENTAX K10D	71293163	imgp2731	8393858146	[u'buildings', u'city', u'istanbul', u'turkey']
Istanbul	[22724024, 2344116, 29390475, 2347289, 23424969, 28350899]	http://www.flickr.com/photos/24776236@N00/8392772233/		Laleli mosque along the very busy shopping area of the Ordu road.	False	http://farm9.staticflickr.com/8195/8392772233_4918f64c4d.jpg	16	97e11a79933846b3a6b185aac5af7	jpg	Mr. Pi	Turkey	2013-01-18T23:41:02Z	Attribution-NonCommercial-NoDerivs License	2012-11-06T16:05:41Z	PENTAX Corporation PENTAX K10D	94926811	imgp2733	8392772233	[u'city', u'istanbul', u'mosque', u'turkey']
Istanbul	[22724129, 2344116, 29390475, 2347289, 23424969, 28350899]	http://www.flickr.com/photos/24776236@N00/8392772879/		Shopping area	False	http://farm9.staticflickr.com/8081/8392772879_c08210496a.jpg	16	a17b7add986a2efdb3792fa179512740	jpg	Mr. Pi	Turkey	2013-01-18T23:41:19Z	Attribution-NonCommercial-NoDerivs License	2012-11-06T16:10:13Z	PENTAX Corporation PENTAX K10D	62671873	imgp2736	8392772879	[u'city', u'istanbul', u'shops', u'turkey', u'wheelbarrow']
Istanbul	[22724028, 2344116, 29390475, 2347289, 23424969, 28350899]	http://www.flickr.com/photos/24776236@N00/8392773519/		Shopping district	False	http://farm9.staticflickr.com/8376/8392773519_fa3b8ab72a.jpg	16	75552ea1b49f8de4c5cd8a422769	jpg	Mr. Pi	Turkey	2013-01-18T23:41:39Z	Attribution-NonCommercial-NoDerivs License	2012-11-06T16:17:40Z	PENTAX Corporation PENTAX K10D	99192910	imgp2741	8392773519	[u'city', u'istanbul', u'shops', u'turkey']
Istanbul	[22724108, 2344116, 29390475, 2347289, 23424969, 28350899]	http://www.flickr.com/photos/24776236@N00/8392775353/		A "smart shop" probably has another meaning here than with us.	False	http://farm9.staticflickr.com/8071/8392775353_589d520379.jpg	19	c227e1cf8c8743166d3dab6dc3da44c	jpg	Mr. Pi	Turkey	2013-01-18T23:42:33Z	Attribution-NonCommercial-NoDerivs License	2012-11-06T19:38:18Z	PENTAX Corporation PENTAX K10D	88985891	imgp2755	8392775353	[u'istanbul', u'sign', u'turkey']
Istanbul	[22724077, 2344116, 29390475, 2347289, 23424969, 28350899]	http://www.flickr.com/photos/24776236@N00/8392777029/		Many restaurants in Istanbul server an old Ottoman recipe where a stew is prepared in an earthenware jar on a fire and then the head is smashed of with a big knife to eat it. Works very well for tourists - like us.	False	http://farm9.staticflickr.com/8463/8392777029_70380543fb.jpg	20	4e82c02897299498ab851e0d65997a0	jpg	Mr. Pi	Turkey	2013-01-18T23:43:23Z	Attribution-NonCommercial-NoDerivs License	2012-11-06T20:27:55Z	Sony Ericsson LT26i	61209592	2012-11-06 20.27.55	8392777029	[u'cooking', u'food', u'istanbul', u'turkey']
Istanbul	[22724077, 2344116, 29390475, 2347289, 23424969, 28350899]	http://www.flickr.com/photos/24776236@N00/8393864776/		Many restaurants in Istanbul server an old Ottoman recipe where a stew is prepared in an earthenware jar on a fire and then the head is smashed of with a big knife to eat it. Works very well for tourists - like us.	False	http://farm9.staticflickr.com/8495/8393864776_735a57a5e4.jpg	20	bd24f333c22efa1575d22f85c9af	jpg	Mr. Pi	Turkey	2013-01-18T23:44:00Z	Attribution-NonCommercial-NoDerivs License	2012-11-06T20:28:47Z	Sony Ericsson LT26i	53514266	2012-11-06 20.28.47	8393864776	[u'cooking', u'food', u'istanbul', u'turkey']
Istanbul	[22724077, 2344116, 29390475, 2347289, 23424969, 28350899]	http://www.flickr.com/photos/24776236@N00/8393865940/		Many restaurants in Istanbul server an old Ottoman recipe where a stew is prepared in an earthenware jar on a fire and then the head is smashed of with a big knife to eat it. Works very well for tourists - like us.	False	http://farm9.staticflickr.com/8218/8393865940_28fc4459e7.jpg	20	4e3c9186fa6ad7aad3445de2f4a12b3	jpg	Mr. Pi	Turkey	2013-01-18T23:44:39Z	Attribution-NonCommercial-NoDerivs License	2012-11-06T20:30:20Z	Sony Ericsson LT26i	76562816	2012-11-06 20.30.20	8393865940	[u'food', u'istanbul', u'turkey']
