town_s	woe_is	urlpage_s	machine_ss	desc_ws	video_b	url_s	hour_i	hash_s	ext_s	user_s	country_s	upload_dt	license_s	taken_dt	device_s	line_i	title_s	id	tag_ss
Istanbul	[22724021, 2344116, 29390475, 2347289, 23424969, 28350899]	http://www.flickr.com/photos/35034364890@N01/3749487897/		Lucky's Turkish cousin?	False	http://farm3.staticflickr.com/2499/3749487897_4f85994507.jpg	10	64a6c8018ec23a6a8fe28e36b2b93bc	jpg	Chris Tengi	Turkey	2009-07-23T19:27:40Z	Attribution-NonCommercial-NoDerivs License	2009-07-23T10:45:59Z	Apple iPhone	29686949	img_1039	3749487897	[u'cat', u'turkey', u'vacation']
Istanbul	[22724021, 2344116, 29390475, 2347289, 23424969, 28350899]	http://www.flickr.com/photos/35034364890@N01/3749485731/			False	http://farm3.staticflickr.com/2649/3749485731_3c9b8a99bd.jpg	12	587621babe686e1b374fbc8f8cebcd1a	jpg	Chris Tengi	Turkey	2009-07-23T19:26:53Z	Attribution-NonCommercial-NoDerivs License	2009-07-23T12:24:22Z	Apple iPhone	96716398	img_1041	3749485731	[u'turkey', u'vacation']
Istanbul	[22724017, 2344116, 29390475, 2347289, 23424969, 28350899]	http://www.flickr.com/photos/35034364890@N01/3749485419/		Fishing off the Galata Bridge at sunset	False	http://farm3.staticflickr.com/2478/3749485419_963c3ea977.jpg	13	46dba5259a485b561c651fa0e5b829	jpg	Chris Tengi	Turkey	2009-07-23T19:26:46Z	Attribution-NonCommercial-NoDerivs License	2009-07-23T13:17:06Z	Apple iPhone	95051671	img_1043	3749485419	[u'turkey', u'vacation']
Istanbul	[22724021, 2344116, 29390475, 2347289, 23424969, 28350899]	http://www.flickr.com/photos/35034364890@N01/3749486023/		Turtles in the Armada Hotel lobby	False	http://farm3.staticflickr.com/2650/3749486023_0e07838758.jpg	14	aca8a04b40a889131c94a8b4a6a630	jpg	Chris Tengi	Turkey	2009-07-23T19:26:59Z	Attribution-NonCommercial-NoDerivs License	2009-07-23T14:30:08Z	Apple iPhone	79202628	img_1044	3749486023	[u'fountain', u'turkey', u'turtle', u'turtles', u'vacation']
Istanbul	[22724021, 2344116, 29390475, 2347289, 23424969, 28350899]	http://www.flickr.com/photos/35034364890@N01/3758915911/			False	http://farm3.staticflickr.com/2603/3758915911_b012ec672a.jpg	17	fca43b5dcefcb436aba5ab6864e8caf	jpg	Chris Tengi	Turkey	2009-07-26T21:43:34Z	Attribution-NonCommercial-NoDerivs License	2009-07-23T17:57:06Z	Canon PowerShot A710 IS	4953219	IMG_3370	3758915911	[u'hippodrome of constantinople', u'istanbul', u'mosque', u'turkey', u'vacation']
Istanbul	[22724021, 2344116, 29390475, 2347289, 23424969, 28350899]	http://www.flickr.com/photos/35034364890@N01/3759715784/			False	http://farm3.staticflickr.com/2635/3759715784_c7011f99e8.jpg	18	9f3a7069bcaef7ed2ef033b5d5931a	jpg	Chris Tengi	Turkey	2009-07-26T21:44:20Z	Attribution-NonCommercial-NoDerivs License	2009-07-23T18:11:11Z	Canon PowerShot A710 IS	68040785	IMG_3371	3759715784	[u'hippodrome of constantinople', u'istanbul', u'mosque', u'turkey', u'vacation']
Istanbul	[22724021, 2344116, 29390475, 2347289, 23424969, 28350899]	http://www.flickr.com/photos/35034364890@N01/3759716952/			False	http://farm3.staticflickr.com/2674/3759716952_4494d472b6.jpg	18	c4c84846376a3d70f9732b29e3c9b6be	jpg	Chris Tengi	Turkey	2009-07-26T21:44:39Z	Attribution-NonCommercial-NoDerivs License	2009-07-23T18:12:51Z	Canon PowerShot A710 IS	92809136	IMG_3373	3759716952	[u'istanbul', u'janet', u'k\ufffd\ufffd\ufffd\ufffd\ufffd\ufffdkayasofya', u'mark', u'martin', u'nick', u'randee', u'restaurant', u'thomas', u'turkey', u'vacation']
Istanbul	[22724021, 2344116, 29390475, 2347289, 23424969, 28350899]	http://www.flickr.com/photos/35034364890@N01/3759717894/			False	http://farm3.staticflickr.com/2572/3759717894_2be8e333cf.jpg	18	897d9ee6c10917da35a509475eb99f5	jpg	Chris Tengi	Turkey	2009-07-26T21:44:57Z	Attribution-NonCommercial-NoDerivs License	2009-07-23T18:27:40Z	Canon PowerShot A710 IS	36576423	IMG_3379	3759717894	[u'istanbul', u'k\ufffd\ufffd\ufffd\ufffd\ufffd\ufffdkayasofya', u'mosque', u'turkey', u'vacation']
Istanbul	[22724021, 2344116, 29390475, 2347289, 23424969, 28350899]	http://www.flickr.com/photos/35034364890@N01/3758921873/			False	http://farm3.staticflickr.com/2632/3758921873_1a5cd0c282.jpg	18	42187ccc76ded7bffe32344de5741f	jpg	Chris Tengi	Turkey	2009-07-26T21:45:13Z	Attribution-NonCommercial-NoDerivs License	2009-07-23T18:32:36Z	Canon PowerShot A710 IS	59657669	IMG_3382	3758921873	[u'bird', u'istanbul', u'k\ufffd\ufffd\ufffd\ufffd\ufffd\ufffdkayasofya', u'restaurant', u'turkey', u'vacation']
Istanbul	[22724021, 2344116, 29390475, 2347289, 23424969, 28350899]	http://www.flickr.com/photos/35034364890@N01/3759720040/			False	http://farm4.staticflickr.com/3223/3759720040_629fa26c94.jpg	18	8021cec41faab860814d911518a279	jpg	Chris Tengi	Turkey	2009-07-26T21:45:34Z	Attribution-NonCommercial-NoDerivs License	2009-07-23T18:36:28Z	Canon PowerShot A710 IS	93998143	IMG_3383	3759720040	[u'bird', u'birds', u'istanbul', u'k\ufffd\ufffd\ufffd\ufffd\ufffd\ufffdkayasofya', u'restaurant', u'turkey', u'vacation']
Istanbul	[22724021, 2344116, 29390475, 2347289, 23424969, 28350899]	http://www.flickr.com/photos/35034364890@N01/3759721080/			False	http://farm3.staticflickr.com/2439/3759721080_17fc7f0f2d.jpg	18	cb6693d52f6cf56ab5ec2d6fb1529bc1	jpg	Chris Tengi	Turkey	2009-07-26T21:45:52Z	Attribution-NonCommercial-NoDerivs License	2009-07-23T18:37:04Z	Canon PowerShot A710 IS	90520055	IMG_3384	3759721080	[u'bird', u'istanbul', u'k\ufffd\ufffd\ufffd\ufffd\ufffd\ufffdkayasofya', u'restaurant', u'turkey', u'vacation']
Istanbul	[22724021, 2344116, 29390475, 2347289, 23424969, 28350899]	http://www.flickr.com/photos/35034364890@N01/3758925039/			False	http://farm3.staticflickr.com/2545/3758925039_4a6d1f11d5.jpg	18	721926750cca4529f112814e50497f	jpg	Chris Tengi	Turkey	2009-07-26T21:46:09Z	Attribution-NonCommercial-NoDerivs License	2009-07-23T18:37:39Z	Canon PowerShot A710 IS	74964685	IMG_3385	3758925039	[u'bird', u'istanbul', u'k\ufffd\ufffd\ufffd\ufffd\ufffd\ufffdkayasofya', u'restaurant', u'turkey', u'vacation']
Istanbul	[22724032, 2344116, 29390475, 2347289, 23424969, 28350899]	http://www.flickr.com/photos/35034364890@N01/3759727192/			False	http://farm3.staticflickr.com/2568/3759727192_8c159c2a28.jpg	19	b34d98636bc37a4c23ded764ebf2e249	jpg	Chris Tengi	Turkey	2009-07-26T21:47:37Z	Attribution-NonCommercial-NoDerivs License	2009-07-23T19:32:49Z	Canon PowerShot A710 IS	3847964	IMG_3404	3759727192	[u'binbirdirek', u'istanbul', u'restaurant', u'turkey', u'vacation']
Istanbul	[22724021, 2344116, 29390475, 2347289, 23424969, 28350899]	http://www.flickr.com/photos/35034364890@N01/3759728724/			False	http://farm3.staticflickr.com/2508/3759728724_b37f3202da.jpg	19	1a334d37dd880fd83da2e50ae3ab288	jpg	Chris Tengi	Turkey	2009-07-26T21:48:04Z	Attribution-NonCommercial-NoDerivs License	2009-07-23T19:33:35Z	Canon PowerShot A710 IS	74524132	IMG_3405	3759728724	[u'hippodrome of constantinople', u'istanbul', u'restaurant', u'turkey', u'vacation']
Istanbul	[22724021, 2344116, 29390475, 2347289, 23424969, 28350899]	http://www.flickr.com/photos/35034364890@N01/3759729982/			False	http://farm4.staticflickr.com/3530/3759729982_4bf0bfe9c6.jpg	19	2413b599b8b39d7901851dbf44a10	jpg	Chris Tengi	Turkey	2009-07-26T21:48:27Z	Attribution-NonCommercial-NoDerivs License	2009-07-23T19:33:50Z	Canon PowerShot A710 IS	82100440	IMG_3406	3759729982	[u'hippodrome of constantinople', u'istanbul', u'restaurant', u'turkey', u'vacation']
Istanbul	[22724021, 2344116, 29390475, 2347289, 23424969, 28350899]	http://www.flickr.com/photos/35034364890@N01/3759730938/			False	http://farm3.staticflickr.com/2424/3759730938_e285e00f3d.jpg	19	456e9fcd1df718efbed921a97f2a56b	jpg	Chris Tengi	Turkey	2009-07-26T21:48:44Z	Attribution-NonCommercial-NoDerivs License	2009-07-23T19:34:34Z	Canon PowerShot A710 IS	95845823	IMG_3407	3759730938	[u'istanbul', u'k\ufffd\ufffd\ufffd\ufffd\ufffd\ufffdkayasofya', u'restaurant', u'turkey', u'vacation']
Istanbul	[22724021, 2344116, 29390475, 2347289, 23424969, 28350899]	http://www.flickr.com/photos/35034364890@N01/3759732258/			False	http://farm3.staticflickr.com/2571/3759732258_c7ef61baf9.jpg	19	37abf3565c542387a93cac202089a8c5	jpg	Chris Tengi	Turkey	2009-07-26T21:49:07Z	Attribution-NonCommercial-NoDerivs License	2009-07-23T19:34:51Z	Canon PowerShot A710 IS	94550218	IMG_3408	3759732258	[u'istanbul', u'k\ufffd\ufffd\ufffd\ufffd\ufffd\ufffdkayasofya', u'restaurant', u'turkey', u'vacation']
Istanbul	[22450707, 22724032, 2344116, 29390475, 2347289, 29391294, 23424969, 28350899]	http://www.flickr.com/photos/35034364890@N01/3758936353/			False	http://farm3.staticflickr.com/2503/3758936353_0e3fc84983.jpg	19	c6753747c99efbd7fa53dd3fd1f2451	jpg	Chris Tengi	Turkey	2009-07-26T21:49:25Z	Attribution-NonCommercial-NoDerivs License	2009-07-23T19:46:05Z	Canon PowerShot A710 IS	60407431	IMG_3409	3758936353	[u'hippodrome of constantinople', u'istanbul', u'obelisk', u'turkey', u'vacation']
Istanbul	[22450272, 22724032, 2344116, 29390475, 2347289, 29391294, 23424969, 28350899]	http://www.flickr.com/photos/35034364890@N01/3759734204/			False	http://farm3.staticflickr.com/2471/3759734204_0f359a5de0.jpg	19	3c8563303f91773ccd74447be223c831	jpg	Chris Tengi	Turkey	2009-07-26T21:49:39Z	Attribution-NonCommercial-NoDerivs License	2009-07-23T19:46:55Z	Canon PowerShot A710 IS	70126239	IMG_3411	3759734204	[u'binbirdirek', u'istanbul', u'obelisk', u'turkey', u'vacation']
Istanbul	[22450581, 22724020, 2344116, 29390475, 2347289, 29391294, 23424969, 28350899]	http://www.flickr.com/photos/35034364890@N01/3758938157/			False	http://farm3.staticflickr.com/2465/3758938157_dff3968296.jpg	19	93d12aad2483a1ed5dd4e2cf15f92a46	jpg	Chris Tengi	Turkey	2009-07-26T21:49:56Z	Attribution-NonCommercial-NoDerivs License	2009-07-23T19:57:13Z	Canon PowerShot A710 IS	90220590	IMG_3413	3758938157	[u'binbirdirek', u'istanbul', u'martin', u'randee', u'sultanahmet', u'tram', u'turkey', u'vacation']
Istanbul	[22724020, 2344116, 29390475, 2347289, 23424969, 28350899]	http://www.flickr.com/photos/35034364890@N01/3758939109/			False	http://farm3.staticflickr.com/2562/3758939109_18e2e12bf3.jpg	20	11a9a0bdfba9c502a723f50f2d06dc3	jpg	Chris Tengi	Turkey	2009-07-26T21:50:13Z	Attribution-NonCommercial-NoDerivs License	2009-07-23T20:05:14Z	Canon PowerShot A710 IS	8495237	IMG_3414	3758939109	[u'binbirdirek', u'istanbul', u'sultanahmet', u'tram', u'turkey', u'vacation']
Istanbul	[22724017, 2344116, 29390475, 2347289, 23424969, 28350899]	http://www.flickr.com/photos/35034364890@N01/3759738116/			False	http://farm3.staticflickr.com/2605/3759738116_e3e32b901e.jpg	20	b2b289db20039fa46e453487f322f1	jpg	Chris Tengi	Turkey	2009-07-26T21:50:43Z	Attribution-NonCommercial-NoDerivs License	2009-07-23T20:17:13Z	Canon PowerShot A710 IS	62131772	IMG_3415	3759738116	[u'hobyar', u'istanbul', u'turkey', u'vacation']
Istanbul	[22724017, 2344116, 29390475, 2347289, 23424969, 28350899]	http://www.flickr.com/photos/35034364890@N01/3759739408/			False	http://farm3.staticflickr.com/2523/3759739408_64979831bd.jpg	20	913fc349d590125a109980073638764	jpg	Chris Tengi	Turkey	2009-07-26T21:51:04Z	Attribution-NonCommercial-NoDerivs License	2009-07-23T20:18:07Z	Canon PowerShot A710 IS	68049217	IMG_3416	3759739408	[u'hobyar', u'istanbul', u'turkey', u'vacation']
Istanbul	[22724017, 2344116, 29390475, 2347289, 23424969, 28350899]	http://www.flickr.com/photos/35034364890@N01/3758943347/			False	http://farm3.staticflickr.com/2650/3758943347_c051543492.jpg	20	1efb62877a6a2ac9277ac628cf7b63ee	jpg	Chris Tengi	Turkey	2009-07-26T21:51:23Z	Attribution-NonCommercial-NoDerivs License	2009-07-23T20:20:47Z	Canon PowerShot A710 IS	66476136	IMG_3417	3758943347	[u'istanbul', u'r\ufffd\ufffdstempa?a', u'turkey', u'vacation']
Istanbul	[22724017, 2344116, 29390475, 2347289, 23424969, 28350899]	http://www.flickr.com/photos/35034364890@N01/3759741196/			False	http://farm3.staticflickr.com/2543/3759741196_8e040e894c.jpg	20	121223f196c882a6316f563ca422973	jpg	Chris Tengi	Turkey	2009-07-26T21:51:35Z	Attribution-NonCommercial-NoDerivs License	2009-07-23T20:21:36Z	Canon PowerShot A710 IS	91140146	IMG_3419	3759741196	[u'istanbul', u'mosque', u'r\ufffd\ufffdstempa?a', u'sunset', u'turkey', u'vacation']
Istanbul	[22724017, 2344116, 29390475, 2347289, 23424969, 28350899]	http://www.flickr.com/photos/35034364890@N01/3759741898/			False	http://farm3.staticflickr.com/2427/3759741898_87b9fbe0ec.jpg	20	bf11443eda425b28b8d2a5bc652a81fa	jpg	Chris Tengi	Turkey	2009-07-26T21:51:48Z	Attribution-NonCommercial-NoDerivs License	2009-07-23T20:21:41Z	Canon PowerShot A710 IS	93369660	IMG_3420	3759741898	[u'istanbul', u'mosque', u'r\ufffd\ufffdstempa?a', u'sunset', u'turkey', u'vacation']
Istanbul	[22724017, 2344116, 29390475, 2347289, 23424969, 28350899]	http://www.flickr.com/photos/35034364890@N01/3759742716/			False	http://farm4.staticflickr.com/3499/3759742716_68c825e5ea.jpg	20	1c8682b175e2d3db09240fc2a86548	jpg	Chris Tengi	Turkey	2009-07-26T21:52:01Z	Attribution-NonCommercial-NoDerivs License	2009-07-23T20:21:45Z	Canon PowerShot A710 IS	78575054	IMG_3421	3759742716	[u'istanbul', u'mosque', u'r\ufffd\ufffdstempa?a', u'sunset', u'turkey', u'vacation']
Istanbul	[22724017, 2344116, 29390475, 2347289, 23424969, 28350899]	http://www.flickr.com/photos/35034364890@N01/3758946203/			False	http://farm3.staticflickr.com/2578/3758946203_bd4211e23c.jpg	20	9e5f626ee77349c7d45cc29bca4b86	jpg	Chris Tengi	Turkey	2009-07-26T21:52:11Z	Attribution-NonCommercial-NoDerivs License	2009-07-23T20:21:50Z	Canon PowerShot A710 IS	95659151	IMG_3422	3758946203	[u'istanbul', u'mosque', u'r\ufffd\ufffdstempa?a', u'sunset', u'turkey', u'vacation']
Istanbul	[22724017, 2344116, 29390475, 2347289, 23424969, 28350899]	http://www.flickr.com/photos/35034364890@N01/3756709765/			False	http://farm3.staticflickr.com/2542/3756709765_f8ab05f80a.jpg	20	b6b211376fb77775c66b0db40ac6689	jpg	Chris Tengi	Turkey	2009-07-26T07:27:29Z	Attribution-NonCommercial-NoDerivs License	2009-07-23T20:25:08Z	Canon PowerShot A710 IS	74404220	IMG_3430	3756709765	[u'istanbul', u'r\ufffd\ufffdstempa?a', u'turkey', u'vacation']
Istanbul	[22724017, 2344116, 29390475, 2347289, 23424969, 28350899]	http://www.flickr.com/photos/35034364890@N01/3759745736/			False	http://farm3.staticflickr.com/2470/3759745736_2aabbfca17.jpg	20	67c67a1df92ecea4559abcfd2a9ac5	jpg	Chris Tengi	Turkey	2009-07-26T21:52:52Z	Attribution-NonCommercial-NoDerivs License	2009-07-23T20:28:41Z	Canon PowerShot A710 IS	89096457	IMG_3435	3759745736	[u'turkey', u'vacation']
Istanbul	[22724017, 2344116, 29390475, 2347289, 23424969, 28350899]	http://www.flickr.com/photos/35034364890@N01/3759746960/			False	http://farm4.staticflickr.com/3482/3759746960_a8045aef7b.jpg	20	44da9f321fc67d2d89fa1a8497b496a	jpg	Chris Tengi	Turkey	2009-07-26T21:53:14Z	Attribution-NonCommercial-NoDerivs License	2009-07-23T20:30:21Z	Canon PowerShot A710 IS	71643562	IMG_3436	3759746960	[u'turkey', u'vacation']
Istanbul	[22724017, 2344116, 29390475, 2347289, 23424969, 28350899]	http://www.flickr.com/photos/35034364890@N01/3759748540/			False	http://farm4.staticflickr.com/3465/3759748540_6a70292124.jpg	20	3a67f64351d494e8b1c9253d9599fb	jpg	Chris Tengi	Turkey	2009-07-26T21:53:40Z	Attribution-NonCommercial-NoDerivs License	2009-07-23T20:34:48Z	Canon PowerShot A710 IS	77871867	IMG_3438	3759748540	[u'istanbul', u'r\ufffd\ufffdstempa?a', u'turkey', u'vacation']
Istanbul	[22724017, 2344116, 29390475, 2347289, 23424969, 28350899]	http://www.flickr.com/photos/35034364890@N01/3758952479/			False	http://farm4.staticflickr.com/3486/3758952479_3e92c44c89.jpg	20	cdbd53ffafeb6496d4cce08ba4599eca	jpg	Chris Tengi	Turkey	2009-07-26T21:53:57Z	Attribution-NonCommercial-NoDerivs License	2009-07-23T20:36:12Z	Canon PowerShot A710 IS	95227326	IMG_3440	3758952479	[u'istanbul', u'mosque', u'r\ufffd\ufffdstempa?a', u'turkey', u'vacation']
Istanbul	[22724017, 2344116, 29390475, 2347289, 23424969, 28350899]	http://www.flickr.com/photos/35034364890@N01/3759750502/			False	http://farm3.staticflickr.com/2503/3759750502_be370f12e1.jpg	20	5a62c425d9c714e59618abb6ee9d9fd8	jpg	Chris Tengi	Turkey	2009-07-26T21:54:17Z	Attribution-NonCommercial-NoDerivs License	2009-07-23T20:37:10Z	Canon PowerShot A710 IS	80321734	IMG_3441	3759750502	[u'istanbul', u'martin', u'r\ufffd\ufffdstempa?a', u'turkey', u'vacation']
Istanbul	[22724017, 2344116, 29390475, 2347289, 23424969, 28350899]	http://www.flickr.com/photos/35034364890@N01/3759751464/			False	http://farm4.staticflickr.com/3485/3759751464_8cd1de080d.jpg	20	db3b757c429f515e1f48ff835e16fb5	jpg	Chris Tengi	Turkey	2009-07-26T21:54:34Z	Attribution-NonCommercial-NoDerivs License	2009-07-23T20:37:23Z	Canon PowerShot A710 IS	81141055	IMG_3442	3759751464	[u'istanbul', u'r\ufffd\ufffdstempa?a', u'turkey', u'vacation']
Istanbul	[22724017, 2344116, 29390475, 2347289, 23424969, 28350899]	http://www.flickr.com/photos/35034364890@N01/3759752544/			False	http://farm4.staticflickr.com/3430/3759752544_34256a3563.jpg	20	a5515891c2478370cd49cb6cf38b	jpg	Chris Tengi	Turkey	2009-07-26T21:54:57Z	Attribution-NonCommercial-NoDerivs License	2009-07-23T20:41:01Z	Canon PowerShot A710 IS	61085134	IMG_3446	3759752544	[u'istanbul', u'r\ufffd\ufffdstempa?a', u'turkey', u'vacation']
Istanbul	[22724017, 2344116, 29390475, 2347289, 23424969, 28350899]	http://www.flickr.com/photos/35034364890@N01/3759753756/			False	http://farm4.staticflickr.com/3521/3759753756_7d8e0ce77c.jpg	20	722fb9902b41cf24c6f8f53b2bef15e	jpg	Chris Tengi	Turkey	2009-07-26T21:55:16Z	Attribution-NonCommercial-NoDerivs License	2009-07-23T20:43:45Z	Canon PowerShot A710 IS	69868246	IMG_3448	3759753756	[u'istanbul', u'r\ufffd\ufffdstempa?a', u'turkey', u'vacation']
