town_s	woe_is	urlpage_s	machine_ss	desc_ws	video_b	url_s	hour_i	hash_s	ext_s	user_s	country_s	upload_dt	license_s	taken_dt	device_s	line_i	title_s	id	tag_ss
Istanbul	[22450127, 22724022, 2344116, 29390475, 2347289, 29391294, 23424969, 28350899]	http://www.flickr.com/photos/35034364890@N01/3765978308/			False	http://farm3.staticflickr.com/2531/3765978308_193c0854d8.jpg	9	4231789783467ac854e2c7e5c85afc4	jpg	Chris Tengi	Turkey	2009-07-28T14:40:59Z	Attribution-NonCommercial-NoDerivs License	2009-07-24T09:28:20Z	Canon PowerShot A710 IS	85980518	IMG_3458	3765978308	[u'cankurtaran', u'eric', u'istanbul', u'mark', u'nick', u'thomas', u'topkapi', u'turkey', u'vacation']
Istanbul	[22724022, 2344116, 29390475, 2347289, 23424969, 28350899]	http://www.flickr.com/photos/35034364890@N01/3765445139/			False	http://farm3.staticflickr.com/2578/3765445139_65aa00a7a3.jpg	9	d3d12482eeeb31776216c14821c29d99	jpg	Chris Tengi	Turkey	2009-07-28T16:11:08Z	Attribution-NonCommercial-NoDerivs License	2009-07-24T09:32:02Z	Canon PowerShot A710 IS	89095122	IMG_3459	3765445139	[u'topkapi', u'turkey', u'vacation']
Istanbul	[22724013, 2344116, 29390475, 2347289, 23424969, 28350899]	http://www.flickr.com/photos/35034364890@N01/3766061818/			False	http://farm3.staticflickr.com/2521/3766061818_57c4f81f4e.jpg	9	b215b0e878ce628c415ebbb8182ce96	jpg	Chris Tengi	Turkey	2009-07-28T15:10:42Z	Attribution-NonCommercial-NoDerivs License	2009-07-24T09:40:49Z	Canon PowerShot A710 IS	69098843	IMG_3464	3766061818	[u'cankurtaran', u'istanbul', u'topkapi', u'turkey', u'vacation']
Istanbul	[22724013, 2344116, 29390475, 2347289, 23424969, 28350899]	http://www.flickr.com/photos/35034364890@N01/3765516285/			False	http://farm4.staticflickr.com/3568/3765516285_96329551c3.jpg	9	3e25f6094552fff86c644455977537	jpg	Chris Tengi	Turkey	2009-07-28T16:36:55Z	Attribution-NonCommercial-NoDerivs License	2009-07-24T09:41:03Z	Canon PowerShot A710 IS	44131726	IMG_3465	3765516285	[u'cankurtaran', u'istanbul', u'nick', u'thomas', u'topkapi', u'turkey', u'vacation']
Istanbul	[22724013, 2344116, 29390475, 2347289, 23424969, 28350899]	http://www.flickr.com/photos/35034364890@N01/3864322964/			False	http://farm3.staticflickr.com/2561/3864322964_d7ff262382.jpg	9	125c7e1990edcde39244c64bf39f339f	jpg	Chris Tengi	Turkey	2009-08-28T05:42:33Z	Attribution-NonCommercial-NoDerivs License	2009-07-24T09:42:22Z	Canon PowerShot A710 IS	81672581	IMG_3468	3864322964	[u'cankurtaran', u'chris', u'harem', u'istanbul', u'topkapi', u'turkey', u'vacation']
Istanbul	[22724013, 2344116, 29390475, 2347289, 23424969, 28350899]	http://www.flickr.com/photos/35034364890@N01/3765232867/			False	http://farm3.staticflickr.com/2469/3765232867_4f4e9227af.jpg	9	8ff1941fbed1ca09f69e4608a35517d	jpg	Chris Tengi	Turkey	2009-07-28T14:58:18Z	Attribution-NonCommercial-NoDerivs License	2009-07-24T09:43:34Z	Canon PowerShot A710 IS	61634879	IMG_3471	3765232867	[u'cankurtaran', u'harem', u'istanbul', u'mark', u'topkapi', u'turkey', u'vacation']
Istanbul	[22724013, 2344116, 29390475, 2347289, 23424969, 28350899]	http://www.flickr.com/photos/35034364890@N01/3766091486/			False	http://farm3.staticflickr.com/2467/3766091486_66ee0d2c1a.jpg	9	59e1f2975724fecf70922a2d7040e0	jpg	Chris Tengi	Turkey	2009-07-28T15:20:56Z	Attribution-NonCommercial-NoDerivs License	2009-07-24T09:45:09Z	Canon PowerShot A710 IS	96200405	IMG_3473	3766091486	[u'cankurtaran', u'harem', u'istanbul', u'topkapi', u'turkey', u'vacation']
Istanbul	[22724013, 2344116, 29390475, 2347289, 23424969, 28350899]	http://www.flickr.com/photos/35034364890@N01/3766096126/			False	http://farm3.staticflickr.com/2515/3766096126_0253be9917.jpg	9	ec9c389c144b6cf0bcd7b3dcbfac4e62	jpg	Chris Tengi	Turkey	2009-07-28T15:22:28Z	Attribution-NonCommercial-NoDerivs License	2009-07-24T09:47:08Z	Canon PowerShot A710 IS	67193283	IMG_3475	3766096126	[u'cankurtaran', u'harem', u'istanbul', u'topkapi', u'turkey', u'vacation']
Istanbul	[22724013, 2344116, 29390475, 2347289, 23424969, 28350899]	http://www.flickr.com/photos/35034364890@N01/3864323086/			False	http://farm3.staticflickr.com/2667/3864323086_899a87d59e.jpg	9	bdb58bbfc586ddae8a42fcdec8a95e	jpg	Chris Tengi	Turkey	2009-08-28T05:42:37Z	Attribution-NonCommercial-NoDerivs License	2009-07-24T09:47:26Z	Canon PowerShot A710 IS	73397858	IMG_3476	3864323086	[u'cankurtaran', u'harem', u'istanbul', u'topkapi', u'turkey', u'vacation']
Istanbul	[22724013, 2344116, 29390475, 2347289, 23424969, 28350899]	http://www.flickr.com/photos/35034364890@N01/3765221133/			False	http://farm3.staticflickr.com/2628/3765221133_812cdf7532.jpg	9	5b2c5eec7550307871d369e991f38e3a	jpg	Chris Tengi	Turkey	2009-07-28T14:54:15Z	Attribution-NonCommercial-NoDerivs License	2009-07-24T09:49:56Z	Canon PowerShot A710 IS	95639780	IMG_3479	3765221133	[u'cankurtaran', u'harem', u'istanbul', u'topkapi', u'turkey', u'vacation']
Istanbul	[22724013, 2344116, 29390475, 2347289, 23424969, 28350899]	http://www.flickr.com/photos/35034364890@N01/3765226157/			False	http://farm3.staticflickr.com/2514/3765226157_afb58454f7.jpg	9	1692b7733e6e34369d6f29fa0a211bd	jpg	Chris Tengi	Turkey	2009-07-28T14:55:59Z	Attribution-NonCommercial-NoDerivs License	2009-07-24T09:50:22Z	Canon PowerShot A710 IS	69209941	IMG_3480	3765226157	[u'cankurtaran', u'harem', u'istanbul', u'topkapi', u'turkey', u'vacation']
Istanbul	[22724013, 2344116, 29390475, 2347289, 23424969, 28350899]	http://www.flickr.com/photos/35034364890@N01/3766111724/			False	http://farm3.staticflickr.com/2569/3766111724_86418bdaa6.jpg	9	102933169fbde5bbbaf9a2c64b0bb1a	jpg	Chris Tengi	Turkey	2009-07-28T15:27:46Z	Attribution-NonCommercial-NoDerivs License	2009-07-24T09:50:43Z	Canon PowerShot A710 IS	35586740	IMG_3481	3766111724	[u'cankurtaran', u'harem', u'istanbul', u'topkapi', u'turkey', u'vacation']
Istanbul	[22724013, 2344116, 29390475, 2347289, 23424969, 28350899]	http://www.flickr.com/photos/35034364890@N01/3766316736/			False	http://farm3.staticflickr.com/2458/3766316736_c324a64798.jpg	9	88d6c31d201b3026f095d85b75669871	jpg	Chris Tengi	Turkey	2009-07-28T16:38:58Z	Attribution-NonCommercial-NoDerivs License	2009-07-24T09:50:47Z	Canon PowerShot A710 IS	42815451	IMG_3482	3766316736	[u'cankurtaran', u'harem', u'istanbul', u'topkapi', u'turkey', u'vacation']
Istanbul	[22724013, 2344116, 29390475, 2347289, 23424969, 28350899]	http://www.flickr.com/photos/35034364890@N01/3864323226/			False	http://farm4.staticflickr.com/3543/3864323226_01b57baf39.jpg	9	9d56ef72a597c14fbe4dccb1be356fd	jpg	Chris Tengi	Turkey	2009-08-28T05:42:41Z	Attribution-NonCommercial-NoDerivs License	2009-07-24T09:54:05Z	Canon PowerShot A710 IS	79831333	IMG_3484	3864323226	[u'cankurtaran', u'chris', u'eric', u'harem', u'istanbul', u'mark', u'randee', u'topkapi', u'turkey', u'vacation']
Istanbul	[22724013, 2344116, 29390475, 2347289, 23424969, 28350899]	http://www.flickr.com/photos/35034364890@N01/3765229113/			False	http://farm3.staticflickr.com/2523/3765229113_fdba9d05a5.jpg	9	f0a16f86e5b5ba2c161736864aff3993	jpg	Chris Tengi	Turkey	2009-07-28T14:57:00Z	Attribution-NonCommercial-NoDerivs License	2009-07-24T09:54:37Z	Canon PowerShot A710 IS	26509463	IMG_3485	3765229113	[u'harem', u'topkapi', u'turkey', u'vacation']
Istanbul	[22724013, 2344116, 29390475, 2347289, 23424969, 28350899]	http://www.flickr.com/photos/35034364890@N01/3766011418/			False	http://farm4.staticflickr.com/3602/3766011418_02e23dd20d.jpg	9	7cb2692f586ae38444133c0657488cb	jpg	Chris Tengi	Turkey	2009-07-28T14:52:55Z	Attribution-NonCommercial-NoDerivs License	2009-07-24T09:59:48Z	Canon PowerShot A710 IS	90657601	IMG_3490	3766011418	[u'cankurtaran', u'harem', u'istanbul', u'topkapi', u'turkey', u'vacation']
Istanbul	[22724013, 2344116, 29390475, 2347289, 23424969, 28350899]	http://www.flickr.com/photos/35034364890@N01/3766057964/			False	http://farm3.staticflickr.com/2536/3766057964_94cdbf5316.jpg	9	3dc222aeedcaf0ea795ffc3795467dbe	jpg	Chris Tengi	Turkey	2009-07-28T15:09:20Z	Attribution-NonCommercial-NoDerivs License	2009-07-24T09:59:56Z	Canon PowerShot A710 IS	61112273	IMG_3491	3766057964	[u'cankurtaran', u'harem', u'istanbul', u'topkapi', u'turkey', u'vacation']
Istanbul	[22724021, 2344116, 29390475, 2347289, 23424969, 28350899]	http://www.flickr.com/photos/35034364890@N01/3752723333/		Outside the Harem at Topkapi Palace	False	http://farm3.staticflickr.com/2650/3752723333_f8f73cd182.jpg	10	c8827fa481468d1c9b38953f45460	jpg	Chris Tengi	Turkey	2009-07-24T21:53:04Z	Attribution-NonCommercial-NoDerivs License	2009-07-24T10:05:04Z	Apple iPhone	16402630	img_1046	3752723333	[u'topkapi', u'turkey', u'vacation']
Istanbul	[22724013, 2344116, 29390475, 2347289, 23424969, 28350899]	http://www.flickr.com/photos/35034364890@N01/3863539695/			False	http://farm3.staticflickr.com/2500/3863539695_334e1f6fbe.jpg	10	20ec3d3bb14f96596be9326d4d1d19ca	jpg	Chris Tengi	Turkey	2009-08-28T05:42:45Z	Attribution-NonCommercial-NoDerivs License	2009-07-24T10:11:40Z	Canon PowerShot A710 IS	85199742	IMG_3504	3863539695	[u'cankurtaran', u'harem', u'istanbul', u'topkapi', u'turkey', u'vacation']
Istanbul	[22724013, 2344116, 29390475, 2347289, 23424969, 28350899]	http://www.flickr.com/photos/35034364890@N01/3863539821/			False	http://farm4.staticflickr.com/3425/3863539821_1f2cc63a90.jpg	10	30c2f62aeb1a7d98529631eda0653d	jpg	Chris Tengi	Turkey	2009-08-28T05:42:49Z	Attribution-NonCommercial-NoDerivs License	2009-07-24T10:12:10Z	Canon PowerShot A710 IS	84067411	IMG_3505	3863539821	[u'cankurtaran', u'eric', u'harem', u'istanbul', u'randee', u'topkapi', u'turkey', u'vacation']
Istanbul	[22724013, 2344116, 29390475, 2347289, 23424969, 28350899]	http://www.flickr.com/photos/35034364890@N01/3864323600/			False	http://farm4.staticflickr.com/3464/3864323600_f92a395a6b.jpg	10	5257a697588f505288a83d20ed4ad72	jpg	Chris Tengi	Turkey	2009-08-28T05:42:54Z	Attribution-NonCommercial-NoDerivs License	2009-07-24T10:16:28Z	Canon PowerShot A710 IS	95059418	IMG_3510	3864323600	[u'cankurtaran', u'harem', u'istanbul', u'topkapi', u'turkey', u'vacation']
Istanbul	[22724013, 2344116, 29390475, 2347289, 23424969, 28350899]	http://www.flickr.com/photos/35034364890@N01/3863540059/			False	http://farm3.staticflickr.com/2569/3863540059_605b096c15.jpg	10	514b8ecfc9e88ec3c73cb27db517211	jpg	Chris Tengi	Turkey	2009-08-28T05:42:58Z	Attribution-NonCommercial-NoDerivs License	2009-07-24T10:19:31Z	Canon PowerShot A710 IS	60273246	IMG_3515	3863540059	[u'cankurtaran', u'harem', u'istanbul', u'topkapi', u'turkey', u'vacation']
Istanbul	[22724021, 2344116, 29390475, 2347289, 23424969, 28350899]	http://www.flickr.com/photos/35034364890@N01/3753517682/		Inside the Harem at Topkapi Palace	False	http://farm3.staticflickr.com/2478/3753517682_01ffe1e1b1.jpg	10	71dff07b1b53c3b9864ec3c0a8b46ae	jpg	Chris Tengi	Turkey	2009-07-24T21:52:58Z	Attribution-NonCommercial-NoDerivs License	2009-07-24T10:24:27Z	Apple iPhone	12457988	img_1048	3753517682	[u'topkapi', u'turkey', u'vacation']
Istanbul	[22724021, 2344116, 29390475, 2347289, 23424969, 28350899]	http://www.flickr.com/photos/35034364890@N01/3752722775/		Inside the Harem at Topkapi Palace	False	http://farm3.staticflickr.com/2510/3752722775_5f13af0fea.jpg	10	bdd1c4dd88fbe1c21381882971e4e288	jpg	Chris Tengi	Turkey	2009-07-24T21:52:48Z	Attribution-NonCommercial-NoDerivs License	2009-07-24T10:25:42Z	Apple iPhone	46288681	img_1049	3752722775	[u'topkapi', u'turkey', u'vacation']
Istanbul	[22724013, 2344116, 29390475, 2347289, 23424969, 28350899]	http://www.flickr.com/photos/35034364890@N01/3766161314/			False	http://farm3.staticflickr.com/2468/3766161314_675ae0a2a9.jpg	10	365cae182cdeed1f9ecd6d83a9aa	jpg	Chris Tengi	Turkey	2009-07-28T15:44:19Z	Attribution-NonCommercial-NoDerivs License	2009-07-24T10:29:06Z	Canon PowerShot A710 IS	65836387	IMG_3528	3766161314	[u'harem', u'topkapi', u'turkey', u'vacation']
Istanbul	[22724021, 2344116, 29390475, 2347289, 23424969, 28350899]	http://www.flickr.com/photos/35034364890@N01/3752722569/		At Topkapi Palace	False	http://farm3.staticflickr.com/2545/3752722569_72853558f1.jpg	10	4f3cde89c0b794842e41c87eae5529	jpg	Chris Tengi	Turkey	2009-07-24T21:52:42Z	Attribution-NonCommercial-NoDerivs License	2009-07-24T10:34:05Z	Apple iPhone	88341999	img_1051	3752722569	[u'topkapi', u'turkey', u'vacation']
Istanbul	[22724013, 2344116, 29390475, 2347289, 23424969, 28350899]	http://www.flickr.com/photos/35034364890@N01/3765358945/			False	http://farm4.staticflickr.com/3449/3765358945_bd260c219f.jpg	10	6f379ae4402bf79815fc17b3d0fc4772	jpg	Chris Tengi	Turkey	2009-07-28T15:41:52Z	Attribution-NonCommercial-NoDerivs License	2009-07-24T10:35:28Z	Canon PowerShot A710 IS	86013964	IMG_3529	3765358945	[u'chris', u'eric', u'harem', u'janet', u'mark', u'martin', u'nick', u'randee', u'thomas', u'topkapi', u'turkey', u'vacation']
Istanbul	[22724013, 2344116, 29390475, 2347289, 23424969, 28350899]	http://www.flickr.com/photos/35034364890@N01/3765214317/			False	http://farm3.staticflickr.com/2516/3765214317_f7fb5b9e63.jpg	10	ed885799850ed88a254a2ad24f22a2	jpg	Chris Tengi	Turkey	2009-07-28T14:51:54Z	Attribution-NonCommercial-NoDerivs License	2009-07-24T10:35:34Z	Canon PowerShot A710 IS	64205392	IMG_3530	3765214317	[u'chris', u'eric', u'harem', u'janet', u'mark', u'martin', u'nick', u'randee', u'thomas', u'topkapi', u'turkey', u'vacation']
Istanbul	[22724013, 2344116, 29390475, 2347289, 23424969, 28350899]	http://www.flickr.com/photos/35034364890@N01/3756710245/			False	http://farm4.staticflickr.com/3199/3756710245_dd328ac0c7.jpg	10	84536ea918a9caf94f109bfa3c9eb54c	jpg	Chris Tengi	Turkey	2009-07-26T07:27:48Z	Attribution-NonCommercial-NoDerivs License	2009-07-24T10:35:34Z	Canon PowerShot A710 IS	96385755	IMG_3530	3756710245	[u'topkapi', u'turkey', u'vacation']
Istanbul	[22724013, 2344116, 29390475, 2347289, 23424969, 28350899]	http://www.flickr.com/photos/35034364890@N01/3765311821/			False	http://farm4.staticflickr.com/3496/3765311821_1c021b929e.jpg	10	6ab7447dc72343d78d4019b4b37d96	jpg	Chris Tengi	Turkey	2009-07-28T15:25:50Z	Attribution-NonCommercial-NoDerivs License	2009-07-24T10:47:18Z	Canon PowerShot A710 IS	77283403	IMG_3538	3765311821	[u'harem', u'topkapi', u'turkey', u'vacation']
Istanbul	[22724013, 2344116, 29390475, 2347289, 23424969, 28350899]	http://www.flickr.com/photos/35034364890@N01/3766102280/			False	http://farm4.staticflickr.com/3557/3766102280_c9fe940b22.jpg	10	cfca5497c92a4d9faec5f1d4c3e72599	jpg	Chris Tengi	Turkey	2009-07-28T15:24:31Z	Attribution-NonCommercial-NoDerivs License	2009-07-24T10:59:49Z	Canon PowerShot A710 IS	93580113	IMG_3539	3766102280	[u'topkapi', u'turkey', u'vacation']
Istanbul	[22724013, 2344116, 29390475, 2347289, 23424969, 28350899]	http://www.flickr.com/photos/35034364890@N01/3766172142/			False	http://farm4.staticflickr.com/3506/3766172142_898193474f.jpg	11	5c42fac8ccb4be66bfc1b221c50283	jpg	Chris Tengi	Turkey	2009-07-28T15:47:58Z	Attribution-NonCommercial-NoDerivs License	2009-07-24T11:01:13Z	Canon PowerShot A710 IS	43182146	IMG_3542	3766172142	[u'cankurtaran', u'istanbul', u'nick', u'topkapi', u'turkey', u'vacation']
Istanbul	[22724013, 2344116, 29390475, 2347289, 23424969, 28350899]	http://www.flickr.com/photos/35034364890@N01/3863540281/			False	http://farm4.staticflickr.com/3424/3863540281_349043e6ef.jpg	11	544d25616829543bd9751bf234ece25	jpg	Chris Tengi	Turkey	2009-08-28T05:43:07Z	Attribution-NonCommercial-NoDerivs License	2009-07-24T11:07:34Z	Canon PowerShot A710 IS	30327392	IMG_3547	3863540281	[u'cankurtaran', u'istanbul', u'topkapi', u'turkey', u'vacation']
Istanbul	[22724013, 2344116, 29390475, 2347289, 23424969, 28350899]	http://www.flickr.com/photos/35034364890@N01/3863864861/			False	http://farm4.staticflickr.com/3467/3863864861_68f8ed468f.jpg	11	a58a2c752ff85531b940e3c3b4c6428	jpg	Chris Tengi	Turkey	2009-08-28T09:41:44Z	Attribution-NonCommercial-NoDerivs License	2009-07-24T11:17:33Z	Canon PowerShot A710 IS	79508728	IMG_3553	3863864861	[u'cankurtaran', u'istanbul', u'mark', u'thomas', u'topkapi', u'turkey', u'vacation']
Istanbul	[22724022, 2344116, 29390475, 2347289, 23424969, 28350899]	http://www.flickr.com/photos/35034364890@N01/3863540345/			False	http://farm4.staticflickr.com/3487/3863540345_a0676341d2.jpg	11	814628a6dafea6c03c857629fbe87c8a	jpg	Chris Tengi	Turkey	2009-08-28T05:43:09Z	Attribution-NonCommercial-NoDerivs License	2009-07-24T11:40:11Z	Canon PowerShot A710 IS	72102371	IMG_3554	3863540345	[u'cankurtaran', u'istanbul', u'topkapi', u'turkey', u'vacation']
Istanbul	[22724013, 2344116, 29390475, 2347289, 23424969, 28350899]	http://www.flickr.com/photos/35034364890@N01/3765293891/			False	http://farm3.staticflickr.com/2445/3765293891_753776eebe.jpg	11	7b24e3f9f3e0f0d3863fa5e89aa2d2a6	jpg	Chris Tengi	Turkey	2009-07-28T15:19:44Z	Attribution-NonCommercial-NoDerivs License	2009-07-24T11:45:15Z	Canon PowerShot A710 IS	79765195	IMG_3559	3765293891	[u'cankurtaran', u'istanbul', u'topkapi', u'turkey', u'vacation']
Istanbul	[22724013, 2344116, 29390475, 2347289, 23424969, 28350899]	http://www.flickr.com/photos/35034364890@N01/3765291175/			False	http://farm4.staticflickr.com/3531/3765291175_59b632849e.jpg	12	7e5aad7988441a0e4b6f3eec5446	jpg	Chris Tengi	Turkey	2009-07-28T15:18:52Z	Attribution-NonCommercial-NoDerivs License	2009-07-24T12:10:09Z	Canon PowerShot A710 IS	83614965	IMG_3560	3765291175	[u'cankurtaran', u'istanbul', u'topkapi', u'turkey', u'vacation']
Istanbul	[22724013, 2344116, 29390475, 2347289, 23424969, 28350899]	http://www.flickr.com/photos/35034364890@N01/3765498583/			False	http://farm4.staticflickr.com/3534/3765498583_02771b1fd1.jpg	12	d827c6912d514311403412fcdc64b68	jpg	Chris Tengi	Turkey	2009-07-28T16:30:21Z	Attribution-NonCommercial-NoDerivs License	2009-07-24T12:11:49Z	Canon PowerShot A710 IS	66569004	IMG_3561	3765498583	[u'cankurtaran', u'istanbul', u'nick', u'topkapi', u'turkey', u'vacation']
Istanbul	[22724013, 2344116, 29390475, 2347289, 23424969, 28350899]	http://www.flickr.com/photos/35034364890@N01/3765452011/			False	http://farm3.staticflickr.com/2471/3765452011_4ed0c739dc.jpg	12	e86a75890fc8e4e71f9b359ab8a67c	jpg	Chris Tengi	Turkey	2009-07-28T16:13:36Z	Attribution-NonCommercial-NoDerivs License	2009-07-24T12:11:59Z	Canon PowerShot A710 IS	83194223	IMG_3562	3765452011	[u'cankurtaran', u'istanbul', u'randee', u'topkapi', u'turkey', u'vacation']
Istanbul	[22724013, 2344116, 29390475, 2347289, 23424969, 28350899]	http://www.flickr.com/photos/35034364890@N01/3863540483/			False	http://farm4.staticflickr.com/3528/3863540483_8c3a41ed53.jpg	12	d4f1db3984356597f571f81e23cd73b1	jpg	Chris Tengi	Turkey	2009-08-28T05:43:14Z	Attribution-NonCommercial-NoDerivs License	2009-07-24T12:19:26Z	Canon PowerShot A710 IS	92216460	IMG_3571	3863540483	[u'cankurtaran', u'istanbul', u'topkapi', u'turkey', u'vacation']
Istanbul	[22724013, 2344116, 29390475, 2347289, 23424969, 28350899]	http://www.flickr.com/photos/35034364890@N01/3766098944/			False	http://farm3.staticflickr.com/2456/3766098944_b2778a5efb.jpg	12	8e14eeae7b53edb3e616c5cd778e7d5	jpg	Chris Tengi	Turkey	2009-07-28T15:23:24Z	Attribution-NonCommercial-NoDerivs License	2009-07-24T12:22:36Z	Canon PowerShot A710 IS	99087566	IMG_3574	3766098944	[u'cankurtaran', u'istanbul', u'topkapi', u'turkey', u'vacation']
Istanbul	[22724013, 2344116, 29390475, 2347289, 23424969, 28350899]	http://www.flickr.com/photos/35034364890@N01/3863540683/			False	http://farm4.staticflickr.com/3627/3863540683_ae98985f94.jpg	12	14f6af39c53cf35788d3ddd64feac	jpg	Chris Tengi	Turkey	2009-08-28T05:43:20Z	Attribution-NonCommercial-NoDerivs License	2009-07-24T12:25:28Z	Canon PowerShot A710 IS	86690366	IMG_3578	3863540683	[u'cankurtaran', u'istanbul', u'topkapi', u'turkey', u'vacation']
Istanbul	[22724013, 2344116, 29390475, 2347289, 23424969, 28350899]	http://www.flickr.com/photos/35034364890@N01/3863540825/			False	http://farm4.staticflickr.com/3466/3863540825_8c132f5071.jpg	12	fce91dd6c271e934685bd8a11dcf1c	jpg	Chris Tengi	Turkey	2009-08-28T05:43:25Z	Attribution-NonCommercial-NoDerivs License	2009-07-24T12:26:15Z	Canon PowerShot A710 IS	68079025	IMG_3582	3863540825	[u'cankurtaran', u'istanbul', u'topkapi', u'turkey', u'vacation']
Istanbul	[22724013, 2344116, 29390475, 2347289, 23424969, 28350899]	http://www.flickr.com/photos/35034364890@N01/3864324518/			False	http://farm3.staticflickr.com/2560/3864324518_98d636042e.jpg	12	7eee824a9ddb5666a4e6c9d88de5bd59	jpg	Chris Tengi	Turkey	2009-08-28T05:43:29Z	Attribution-NonCommercial-NoDerivs License	2009-07-24T12:32:10Z	Canon PowerShot A710 IS	96277625	IMG_3588	3864324518	[u'cankurtaran', u'eric', u'istanbul', u'mark', u'nick', u'thomas', u'topkapi', u'turkey', u'vacation']
Istanbul	[22724013, 2344116, 29390475, 2347289, 23424969, 28350899]	http://www.flickr.com/photos/35034364890@N01/3766145036/			False	http://farm4.staticflickr.com/3459/3766145036_cdd0c51021.jpg	12	ede7ebabb5d9bfcebd50d63a7e6cd73	jpg	Chris Tengi	Turkey	2009-07-28T15:38:52Z	Attribution-NonCommercial-NoDerivs License	2009-07-24T12:34:39Z	Canon PowerShot A710 IS	87066131	IMG_3589	3766145036	[u'cankurtaran', u'istanbul', u'topkapi', u'turkey', u'vacation']
Istanbul	[22724013, 2344116, 29390475, 2347289, 23424969, 28350899]	http://www.flickr.com/photos/35034364890@N01/3766134542/			False	http://farm4.staticflickr.com/3486/3766134542_e1e04806b9.jpg	12	d2e12c91e681de39dcfe50ca4dfbe6ac	jpg	Chris Tengi	Turkey	2009-07-28T15:35:24Z	Attribution-NonCommercial-NoDerivs License	2009-07-24T12:35:01Z	Canon PowerShot A710 IS	72560313	IMG_3590	3766134542	[u'cankurtaran', u'istanbul', u'topkapi', u'turkey', u'vacation']
Istanbul	[22724013, 2344116, 29390475, 2347289, 23424969, 28350899]	http://www.flickr.com/photos/35034364890@N01/3766306560/			False	http://farm3.staticflickr.com/2478/3766306560_5bae53d56f.jpg	12	9a89cd8bb6ba4b2177d0bec0a79cef2e	jpg	Chris Tengi	Turkey	2009-07-28T16:35:07Z	Attribution-NonCommercial-NoDerivs License	2009-07-24T12:36:46Z	Canon PowerShot A710 IS	16907036	IMG_3595	3766306560	[u'cankurtaran', u'chris', u'istanbul', u'randee', u'topkapi', u'turkey', u'vacation']
Istanbul	[22724013, 2344116, 29390475, 2347289, 23424969, 28350899]	http://www.flickr.com/photos/35034364890@N01/3765505339/			False	http://farm3.staticflickr.com/2666/3765505339_5301e933a5.jpg	12	b78fe99cddfbd371ade03be285196316	jpg	Chris Tengi	Turkey	2009-07-28T16:32:50Z	Attribution-NonCommercial-NoDerivs License	2009-07-24T12:37:05Z	Canon PowerShot A710 IS	94854188	IMG_3596	3765505339	[u'cankurtaran', u'eric', u'istanbul', u'nick', u'topkapi', u'turkey', u'vacation']
Istanbul	[22724013, 2344116, 29390475, 2347289, 23424969, 28350899]	http://www.flickr.com/photos/35034364890@N01/3863541009/			False	http://farm4.staticflickr.com/3509/3863541009_d13c48ccee.jpg	12	68f073a9873a473d82f0549987c26196	jpg	Chris Tengi	Turkey	2009-08-28T05:43:32Z	Attribution-NonCommercial-NoDerivs License	2009-07-24T12:38:12Z	Canon PowerShot A710 IS	79009078	IMG_3597	3863541009	[u'cankurtaran', u'istanbul', u'topkapi', u'turkey', u'vacation']
Istanbul	[22724013, 2344116, 29390475, 2347289, 23424969, 28350899]	http://www.flickr.com/photos/35034364890@N01/3863541197/			False	http://farm3.staticflickr.com/2460/3863541197_1d85411830.jpg	12	28956b9b7b5b92ae9ce8585f81812734	jpg	Chris Tengi	Turkey	2009-08-28T05:43:39Z	Attribution-NonCommercial-NoDerivs License	2009-07-24T12:40:59Z	Canon PowerShot A710 IS	4420934	IMG_3599	3863541197	[u'cankurtaran', u'istanbul', u'topkapi', u'turkey', u'vacation']
Istanbul	[22724013, 2344116, 29390475, 2347289, 23424969, 28350899]	http://www.flickr.com/photos/35034364890@N01/3752721905/		16th Century Kaftan - yowza!	False	http://farm4.staticflickr.com/3518/3752721905_2ff8194e37.jpg	12	5717e03101a4dc431152721b33e691	jpg	Chris Tengi	Turkey	2009-07-24T21:52:25Z	Attribution-NonCommercial-NoDerivs License	2009-07-24T12:51:15Z	Apple iPhone	55297570	img_1053	3752721905	[u'topkapi', u'turkey', u'vacation']
Istanbul	[22450127, 22724022, 2344116, 29390475, 2347289, 29391294, 23424969, 28350899]	http://www.flickr.com/photos/35034364890@N01/3765288305/			False	http://farm4.staticflickr.com/3575/3765288305_570a9e4db3.jpg	13	dd75ec31257d96a4f3b973f7996422dd	jpg	Chris Tengi	Turkey	2009-07-28T15:17:55Z	Attribution-NonCommercial-NoDerivs License	2009-07-24T13:11:55Z	Canon PowerShot A710 IS	94584609	IMG_3604	3765288305	[u'cankurtaran', u'istanbul', u'topkapi', u'turkey', u'vacation']
Istanbul	[22450127, 22724022, 2344116, 29390475, 2347289, 29391294, 23424969, 28350899]	http://www.flickr.com/photos/35034364890@N01/3766078268/			False	http://farm4.staticflickr.com/3450/3766078268_3b1419cb55.jpg	13	7f4e19c2c44c66b0a9f63979854d29c	jpg	Chris Tengi	Turkey	2009-07-28T15:16:34Z	Attribution-NonCommercial-NoDerivs License	2009-07-24T13:12:57Z	Canon PowerShot A710 IS	81876581	IMG_3605	3766078268	[u'cankurtaran', u'istanbul', u'topkapi', u'turkey', u'vacation']
Istanbul	[22724021, 2344116, 29390475, 2347289, 23424969, 28350899]	http://www.flickr.com/photos/35034364890@N01/3765373257/			False	http://farm3.staticflickr.com/2434/3765373257_9dfc49f4a5.jpg	13	a1f1db65ee8d8ed821ff525e666e9d2	jpg	Chris Tengi	Turkey	2009-07-28T15:46:41Z	Attribution-NonCommercial-NoDerivs License	2009-07-24T13:27:02Z	Canon PowerShot A710 IS	74404929	IMG_3608	3765373257	[u'cankurtaran', u'istanbul', u'turkey', u'vacation']
Istanbul	[22724021, 2344116, 29390475, 2347289, 23424969, 28350899]	http://www.flickr.com/photos/35034364890@N01/3766202826/			False	http://farm3.staticflickr.com/2671/3766202826_05943ab408.jpg	14	2c64a2a8e67d373dac37cc515f5dff5	jpg	Chris Tengi	Turkey	2009-07-28T15:58:04Z	Attribution-NonCommercial-NoDerivs License	2009-07-24T14:01:58Z	Canon PowerShot A710 IS	62100112	IMG_3611	3766202826	[u'cankurtaran', u'istanbul', u'turkey', u'vacation']
Istanbul	[22724021, 2344116, 29390475, 2347289, 23424969, 28350899]	http://www.flickr.com/photos/35034364890@N01/3765272463/			False	http://farm4.staticflickr.com/3571/3765272463_c8d1091351.jpg	14	2072a2e812529483aaa1c69940109c8f	jpg	Chris Tengi	Turkey	2009-07-28T15:12:23Z	Attribution-NonCommercial-NoDerivs License	2009-07-24T14:58:05Z	Canon PowerShot A710 IS	62048865	IMG_3614	3765272463	[u'cankurtaran', u'istanbul', u'turkey', u'vacation']
Istanbul	[22724021, 2344116, 29390475, 2347289, 23424969, 28350899]	http://www.flickr.com/photos/35034364890@N01/3765251981/			False	http://farm4.staticflickr.com/3559/3765251981_522bf82b4a.jpg	14	8071f5d091a59169b6879f33177315	jpg	Chris Tengi	Turkey	2009-07-28T15:05:04Z	Attribution-NonCommercial-NoDerivs License	2009-07-24T14:59:24Z	Canon PowerShot A710 IS	35682664	IMG_3616	3765251981	[u'cankurtaran', u'chris', u'istanbul', u'janet', u'martin', u'randee', u'turkey', u'vacation']
Istanbul	[22724021, 2344116, 29390475, 2347289, 23424969, 28350899]	http://www.flickr.com/photos/35034364890@N01/3766042810/			False	http://farm4.staticflickr.com/3518/3766042810_92e923e524.jpg	15	6fe0d8392f86709181436e681ff346eb	jpg	Chris Tengi	Turkey	2009-07-28T15:03:58Z	Attribution-NonCommercial-NoDerivs License	2009-07-24T15:22:21Z	Canon PowerShot A710 IS	76152111	IMG_3617	3766042810	[u'hippodrome of constantinople', u'istanbul', u'turkey', u'vacation']
Istanbul	[22724032, 2344116, 29390475, 2347289, 23424969, 28350899]	http://www.flickr.com/photos/35034364890@N01/3765243023/			False	http://farm3.staticflickr.com/2530/3765243023_3d20c55625.jpg	15	22a626c5261da14bdce2a3df8774e071	jpg	Chris Tengi	Turkey	2009-07-28T15:01:55Z	Attribution-NonCommercial-NoDerivs License	2009-07-24T15:24:50Z	Canon PowerShot A710 IS	98349009	IMG_3618	3765243023	[u'hippodrome of constantinople', u'istanbul', u'turkey', u'vacation']
Istanbul	[22724012, 2344116, 29390475, 2347289, 23424969, 28350899]	http://www.flickr.com/photos/35034364890@N01/3765235497/			False	http://farm3.staticflickr.com/2459/3765235497_1d78a62c3d.jpg	15	a6c6bea3e68a13675a1413f830183a1	jpg	Chris Tengi	Turkey	2009-07-28T14:59:11Z	Attribution-NonCommercial-NoDerivs License	2009-07-24T15:39:22Z	Canon PowerShot A710 IS	86218614	IMG_3619	3765235497	[u'hocapa?a', u'istanbul', u'turkey', u'vacation']
Istanbul	[22724012, 2344116, 29390475, 2347289, 23424969, 28350899]	http://www.flickr.com/photos/35034364890@N01/3766054900/			False	http://farm3.staticflickr.com/2467/3766054900_c595c44c92.jpg	15	90486d431f1b7a427ac07bcef78d30e0	jpg	Chris Tengi	Turkey	2009-07-28T15:08:14Z	Attribution-NonCommercial-NoDerivs License	2009-07-24T15:39:33Z	Canon PowerShot A710 IS	72040646	IMG_3620	3766054900	[u'hocapa?a', u'istanbul', u'turkey', u'vacation']
Istanbul	[22450613, 22724013, 2344116, 29390475, 2347289, 29391294, 23424969, 28350899]	http://www.flickr.com/photos/35034364890@N01/3765257845/			False	http://farm4.staticflickr.com/3483/3765257845_2c97e34267.jpg	15	92d2a23fb31ef5363950c9628116e37	jpg	Chris Tengi	Turkey	2009-07-28T15:07:06Z	Attribution-NonCommercial-NoDerivs License	2009-07-24T15:40:31Z	Canon PowerShot A710 IS	79556747	IMG_3621	3765257845	[u'hocapa?a', u'istanbul', u'turkey', u'vacation']
Istanbul	[22450613, 22724013, 2344116, 29390475, 2347289, 29391294, 23424969, 28350899]	http://www.flickr.com/photos/35034364890@N01/3765255077/			False	http://farm3.staticflickr.com/2477/3765255077_ca93a5693f.jpg	15	22b481cd29a3e7d2e2784b9ac5952e2	jpg	Chris Tengi	Turkey	2009-07-28T15:06:09Z	Attribution-NonCommercial-NoDerivs License	2009-07-24T15:40:35Z	Canon PowerShot A710 IS	92162690	IMG_3622	3765255077	[u'hocapa?a', u'istanbul', u'turkey', u'vacation']
Istanbul	[22724012, 2344116, 29390475, 2347289, 23424969, 28350899]	http://www.flickr.com/photos/35034364890@N01/3765986570/			False	http://farm4.staticflickr.com/3440/3765986570_f0d56c2f04.jpg	15	22cb566ff848c5a454986dff2fd931	jpg	Chris Tengi	Turkey	2009-07-28T14:43:56Z	Attribution-NonCommercial-NoDerivs License	2009-07-24T15:41:46Z	Canon PowerShot A710 IS	94738922	IMG_3623	3765986570	[u'hobyar', u'istanbul', u'turkey', u'vacation']
Istanbul	[22724012, 2344116, 29390475, 2347289, 23424969, 28350899]	http://www.flickr.com/photos/35034364890@N01/3765189827/			False	http://farm3.staticflickr.com/2550/3765189827_7efb50c6be.jpg	15	c0caa21dbfdbd54d1eca1eba9b176433	jpg	Chris Tengi	Turkey	2009-07-28T14:43:04Z	Attribution-NonCommercial-NoDerivs License	2009-07-24T15:43:04Z	Canon PowerShot A710 IS	61440555	IMG_3624	3765189827	[u'hobyar', u'istanbul', u'turkey', u'vacation']
Istanbul	[22724017, 2344116, 29390475, 2347289, 23424969, 28350899]	http://www.flickr.com/photos/35034364890@N01/3765981432/			False	http://farm4.staticflickr.com/3542/3765981432_236d0f5bba.jpg	15	36efcad2e77b52eb6f2d4fc6a277f	jpg	Chris Tengi	Turkey	2009-07-28T14:42:06Z	Attribution-NonCommercial-NoDerivs License	2009-07-24T15:43:28Z	Canon PowerShot A710 IS	74578559	IMG_3625	3765981432	[u'hobyar', u'istanbul', u'turkey', u'vacation']
Istanbul	[22724017, 2344116, 29390475, 2347289, 23424969, 28350899]	http://www.flickr.com/photos/35034364890@N01/3864331340/			False	http://farm4.staticflickr.com/3461/3864331340_4d4c532406.jpg	15	9873d148b4b679faabd0bec75935fa5	jpg	Chris Tengi	Turkey	2009-08-28T05:48:02Z	Attribution-NonCommercial-NoDerivs License	2009-07-24T15:43:36Z	Canon PowerShot A710 IS	88740483	IMG_3626	3864331340	[u'hobyar', u'istanbul', u'turkey', u'vacation']
Istanbul	[22724017, 2344116, 29390475, 2347289, 23424969, 28350899]	http://www.flickr.com/photos/35034364890@N01/3863547813/			False	http://farm3.staticflickr.com/2493/3863547813_27cc87f851.jpg	15	b1b2fd3d69aa1118f6c83dd56aa6fc9b	jpg	Chris Tengi	Turkey	2009-08-28T05:48:08Z	Attribution-NonCommercial-NoDerivs License	2009-07-24T15:44:23Z	Canon PowerShot A710 IS	97013375	IMG_3628	3863547813	[u'hobyar', u'istanbul', u'turkey', u'vacation']
Istanbul	[22724012, 2344116, 29390475, 2347289, 23424969, 28350899]	http://www.flickr.com/photos/35034364890@N01/3863548085/			False	http://farm3.staticflickr.com/2555/3863548085_c8283b15f5.jpg	15	3884cb8596a1569d6fe2133175e195a	jpg	Chris Tengi	Turkey	2009-08-28T05:48:18Z	Attribution-NonCommercial-NoDerivs License	2009-07-24T15:52:15Z	Canon PowerShot A710 IS	80710731	IMG_3633	3863548085	[u'hobyar', u'istanbul', u'spice market', u'turkey', u'vacation']
Istanbul	[22724017, 2344116, 29390475, 2347289, 23424969, 28350899]	http://www.flickr.com/photos/35034364890@N01/3864332064/			False	http://farm3.staticflickr.com/2517/3864332064_063013dfd9.jpg	16	80cac5e763ec7818af2dbd3937fbfb6	jpg	Chris Tengi	Turkey	2009-08-28T05:48:28Z	Attribution-NonCommercial-NoDerivs License	2009-07-24T16:49:39Z	Canon PowerShot A710 IS	89404275	IMG_3637	3864332064	[u'istanbul', u'r\ufffd\ufffdstempa?a', u'spice market', u'turkey', u'vacation']
Istanbul	[22724017, 2344116, 29390475, 2347289, 23424969, 28350899]	http://www.flickr.com/photos/35034364890@N01/3864332360/			False	http://farm3.staticflickr.com/2555/3864332360_1dd54869c9.jpg	16	808aaca574f353d4803664a89131f0b0	jpg	Chris Tengi	Turkey	2009-08-28T05:48:39Z	Attribution-NonCommercial-NoDerivs License	2009-07-24T16:52:49Z	Canon PowerShot A710 IS	69241332	IMG_3640	3864332360	[u'istanbul', u'r\ufffd\ufffdstempa?a', u'spice market', u'turkey', u'vacation']
Istanbul	[22724017, 2344116, 29390475, 2347289, 23424969, 28350899]	http://www.flickr.com/photos/35034364890@N01/3864334046/			False	http://farm3.staticflickr.com/2385/3864334046_1190dbe41f.jpg	16	c9b1d641b9d743bec0cff51d53ad8ac	jpg	Chris Tengi	Turkey	2009-08-28T05:49:45Z	Attribution-NonCommercial-NoDerivs License	2009-07-24T16:54:49Z	Canon PowerShot A710 IS	76174608	IMG_3643	3864334046	[u'istanbul', u'r\ufffd\ufffdstempa?a', u'spice market', u'turkey', u'vacation']
Istanbul	[22724017, 2344116, 29390475, 2347289, 23424969, 28350899]	http://www.flickr.com/photos/35034364890@N01/3864334188/			False	http://farm3.staticflickr.com/2627/3864334188_153b414a06.jpg	16	d9187ca892579a4321e734262a44679	jpg	Chris Tengi	Turkey	2009-08-28T05:49:50Z	Attribution-NonCommercial-NoDerivs License	2009-07-24T16:55:30Z	Canon PowerShot A710 IS	82758852	IMG_3644	3864334188	[u'istanbul', u'r\ufffd\ufffdstempa?a', u'spice market', u'turkey', u'vacation']
Istanbul	[22724017, 2344116, 29390475, 2347289, 23424969, 28350899]	http://www.flickr.com/photos/35034364890@N01/3863550725/			False	http://farm3.staticflickr.com/2517/3863550725_014d6f4536.jpg	16	ef4c6269cc13139ba893c824b6265	jpg	Chris Tengi	Turkey	2009-08-28T05:49:55Z	Attribution-NonCommercial-NoDerivs License	2009-07-24T16:58:56Z	Canon PowerShot A710 IS	86135056	IMG_3647	3863550725	[u'istanbul', u'r\ufffd\ufffdstempa?a', u'spice market', u'turkey', u'vacation']
Istanbul	[22724017, 2344116, 29390475, 2347289, 23424969, 28350899]	http://www.flickr.com/photos/35034364890@N01/3864335654/			False	http://farm3.staticflickr.com/2675/3864335654_0bfe1becc1.jpg	17	fdec69e33732fa4dd6b6cf41789d9b1e	jpg	Chris Tengi	Turkey	2009-08-28T05:50:43Z	Attribution-NonCommercial-NoDerivs License	2009-07-24T17:03:09Z	Canon PowerShot A710 IS	33529933	IMG_3648	3864335654	[u'istanbul', u'r\ufffd\ufffdstempa?a', u'spice market', u'turkey', u'vacation']
Istanbul	[22724017, 2344116, 29390475, 2347289, 23424969, 28350899]	http://www.flickr.com/photos/35034364890@N01/3766188566/			False	http://farm3.staticflickr.com/2479/3766188566_4461b12c25.jpg	17	8947645e96f36f3c9353bba77257	jpg	Chris Tengi	Turkey	2009-07-28T15:53:14Z	Attribution-NonCommercial-NoDerivs License	2009-07-24T17:09:56Z	Canon PowerShot A710 IS	63673594	IMG_3649	3766188566	[u'istanbul', u'r\ufffd\ufffdstempa?a', u'spice market', u'turkey', u'vacation']
Istanbul	[22724017, 2344116, 29390475, 2347289, 23424969, 28350899]	http://www.flickr.com/photos/35034364890@N01/3766183524/			False	http://farm3.staticflickr.com/2566/3766183524_1a008ecfeb.jpg	17	42e3be32231d95d6988ab0faba75e9a6	jpg	Chris Tengi	Turkey	2009-07-28T15:51:34Z	Attribution-NonCommercial-NoDerivs License	2009-07-24T17:12:55Z	Canon PowerShot A710 IS	95596255	IMG_3650	3766183524	[u'istanbul', u'r\ufffd\ufffdstempa?a', u'turkey', u'vacation']
Istanbul	[22724021, 2344116, 29390475, 2347289, 23424969, 28350899]	http://www.flickr.com/photos/35034364890@N01/3864335764/			False	http://farm4.staticflickr.com/3469/3864335764_8dd3749ba7.jpg	17	f3b15d9c65012a2502ab7d68871e9b	jpg	Chris Tengi	Turkey	2009-08-28T05:50:47Z	Attribution-NonCommercial-NoDerivs License	2009-07-24T17:52:29Z	Canon PowerShot A710 IS	18953611	IMG_3667	3864335764	[u'istanbul', u'sultanahmet', u'turkey', u'vacation']
Istanbul	[22724021, 2344116, 29390475, 2347289, 23424969, 28350899]	http://www.flickr.com/photos/35034364890@N01/3863552383/			False	http://farm3.staticflickr.com/2469/3863552383_cf3885ffaa.jpg	17	72f446c1afc192f5cd23c45adc536db	jpg	Chris Tengi	Turkey	2009-08-28T05:50:51Z	Attribution-NonCommercial-NoDerivs License	2009-07-24T17:53:04Z	Canon PowerShot A710 IS	85748069	IMG_3668	3863552383	[u'istanbul', u'sultanahmet', u'turkey', u'vacation']
Istanbul	[22724021, 2344116, 29390475, 2347289, 23424969, 28350899]	http://www.flickr.com/photos/35034364890@N01/3864349526/			False	http://farm3.staticflickr.com/2570/3864349526_c1ca05bd24.jpg	17	836e69c0a01524fdf51c2a21a440614d	jpg	Chris Tengi	Turkey	2009-08-28T05:59:58Z	Attribution-NonCommercial-NoDerivs License	2009-07-24T17:56:30Z	Canon PowerShot A710 IS	60475472	IMG_3671	3864349526	[u'eric', u'istanbul', u'mark', u'randee', u'sultanahmet', u'turkey', u'vacation']
Istanbul	[22724021, 2344116, 29390475, 2347289, 23424969, 28350899]	http://www.flickr.com/photos/35034364890@N01/3756712621/			False	http://farm3.staticflickr.com/2642/3756712621_819164b8da.jpg	17	24a211ef080fd9c57143416136d53e5	jpg	Chris Tengi	Turkey	2009-07-26T07:29:22Z	Attribution-NonCommercial-NoDerivs License	2009-07-24T17:57:31Z	Canon PowerShot A710 IS	84759443	IMG_3672	3756712621	[u'cat', u'hippodrome of constantinople', u'istanbul', u'turkey', u'vacation']
Istanbul	[22724021, 2344116, 29390475, 2347289, 23424969, 28350899]	http://www.flickr.com/photos/35034364890@N01/3863566423/			False	http://farm3.staticflickr.com/2567/3863566423_56eefb711d.jpg	17	17c49399428a6cdf4a943676871b772	jpg	Chris Tengi	Turkey	2009-08-28T06:00:03Z	Attribution-NonCommercial-NoDerivs License	2009-07-24T17:57:51Z	Canon PowerShot A710 IS	79338283	IMG_3673	3863566423	[u'cat', u'cats', u'istanbul', u'sultanahmet', u'turkey', u'vacation']
Istanbul	[22724103, 2344116, 29390475, 2347289, 23424969, 28350899]	http://www.flickr.com/photos/35034364890@N01/3864349736/			False	http://farm3.staticflickr.com/2432/3864349736_5d5fbd1ffd.jpg	20	4ee35a0349941f6057cee0866cc170	jpg	Chris Tengi	Turkey	2009-08-28T06:00:07Z	Attribution-NonCommercial-NoDerivs License	2009-07-24T20:31:52Z	Canon PowerShot A710 IS	69629499	IMG_3682	3864349736	[u'eric', u'firuza?a', u'istanbul', u'janet', u'mark', u'martin', u'nick', u'randee', u'thomas', u'turkey', u'vacation']
Istanbul	[22724080, 2344116, 29390475, 2347289, 23424969, 28350899]	http://www.flickr.com/photos/35034364890@N01/3864349854/			False	http://farm3.staticflickr.com/2446/3864349854_f37ca28409.jpg	21	1d5e98525dac6e499dc2024fda4bc40	jpg	Chris Tengi	Turkey	2009-08-28T06:00:11Z	Attribution-NonCommercial-NoDerivs License	2009-07-24T21:58:27Z	Canon PowerShot A710 IS	99893772	IMG_3696	3864349854	[u'asmal?mescit', u'istanbul', u'turkey', u'vacation']
Istanbul	[56816574, 2344116, 29390475, 2347289, 23424969, 28350899]	http://www.flickr.com/photos/35034364890@N01/3863566711/			False	http://farm4.staticflickr.com/3533/3863566711_fe6d712efa.jpg	22	8a3ec26540306cafc2a5a4e40b5e4f	jpg	Chris Tengi	Turkey	2009-08-28T06:00:16Z	Attribution-NonCommercial-NoDerivs License	2009-07-24T22:07:06Z	Canon PowerShot A710 IS	22891580	IMG_3698	3863566711	[u'h\ufffd\ufffdseyina?a', u'istanbul', u'turkey', u'vacation']
Istanbul	[22724082, 2344116, 29390475, 2347289, 23424969, 28350899]	http://www.flickr.com/photos/35034364890@N01/3756713239/			False	http://farm3.staticflickr.com/2516/3756713239_0cef88cbc2.jpg	22	d0a570b15e24d5ab8678285e5ce2e40	jpg	Chris Tengi	Turkey	2009-07-26T07:29:45Z	Attribution-NonCommercial-NoDerivs License	2009-07-24T22:12:25Z	Canon PowerShot A710 IS	52336110	IMG_3701	3756713239	[u'istanbul', u'kulo?lu', u'turkey', u'vacation']
