town_s	woe_is	urlpage_s	machine_ss	desc_ws	video_b	url_s	hour_i	hash_s	ext_s	user_s	country_s	upload_dt	license_s	taken_dt	device_s	line_i	title_s	id	tag_ss
Istanbul	[22724021, 2344116, 29390475, 2347289, 23424969, 28350899]	http://www.flickr.com/photos/20145743@N00/4998211407/			False	http://farm5.staticflickr.com/4126/4998211407_e6270204d0.jpg	8	e1be9639e7f6a1e5196c4b8193547e3	jpg	Royston Rascals	Turkey	2010-09-17T14:30:04Z	Attribution-NonCommercial License	2010-09-17T08:28:55Z	NIKON COOLPIX S550	65389771	Antique Hotel, Istanbul	4998211407	[u'20100917', u'europe2010', u'istanbul', u'turkey']
Istanbul	[22724021, 2344116, 29390475, 2347289, 23424969, 28350899]	http://www.flickr.com/photos/20145743@N00/4998819046/			False	http://farm5.staticflickr.com/4151/4998819046_a59156cca6.jpg	8	2b601741450f391a2a71f3f1f3f1edf	jpg	Royston Rascals	Turkey	2010-09-17T14:30:40Z	Attribution-NonCommercial License	2010-09-17T08:29:10Z	NIKON COOLPIX S550	77464479	Boxing the bikes, Istanbul	4998819046	[u'20100917', u'europe2010', u'istanbul', u'turkey']
Istanbul	[22724021, 2344116, 29390475, 2347289, 23424969, 28350899]	http://www.flickr.com/photos/20145743@N00/4998214423/			False	http://farm5.staticflickr.com/4147/4998214423_dd28e8659a.jpg	8	637c8cc5ce6a51a6f52ebd29cb1cde1	jpg	Royston Rascals	Turkey	2010-09-17T14:31:26Z	Attribution-NonCommercial License	2010-09-17T08:29:48Z	NIKON COOLPIX S550	75291110	Boxing the bikes, Istanbul	4998214423	[u'20100917', u'europe2010', u'istanbul', u'turkey']
Istanbul	[22724020, 2344116, 29390475, 2347289, 23424969, 28350899]	http://www.flickr.com/photos/20145743@N00/4998215765/			False	http://farm5.staticflickr.com/4125/4998215765_76ac240645.jpg	10	17e0aca4e7d86b36950619737ffcf	jpg	Royston Rascals	Turkey	2010-09-17T14:32:02Z	Attribution-NonCommercial License	2010-09-17T10:06:04Z	NIKON COOLPIX S550	83417896	Police presence near Aya Sofiya, Istanbul	4998215765	[u'20100917', u'europe2010', u'istanbul', u'turkey']
Istanbul	[22724020, 2344116, 29390475, 2347289, 23424969, 28350899]	http://www.flickr.com/photos/20145743@N00/4998217363/			False	http://farm5.staticflickr.com/4152/4998217363_d4013a1b9c.jpg	10	759d1450927ed11972bc777616866fd3	jpg	Royston Rascals	Turkey	2010-09-17T14:32:46Z	Attribution-NonCommercial License	2010-09-17T10:23:16Z	NIKON COOLPIX S550	83987746	Street scene, Istanbul	4998217363	[u'20100917', u'europe2010', u'istanbul', u'turkey']
Istanbul	[22724020, 2344116, 29390475, 2347289, 23424969, 28350899]	http://www.flickr.com/photos/20145743@N00/4998825342/			False	http://farm5.staticflickr.com/4089/4998825342_64bd13891a.jpg	10	e4dc299b69685bfc9e25a2703f4621ef	jpg	Royston Rascals	Turkey	2010-09-17T14:33:27Z	Attribution-NonCommercial License	2010-09-17T10:24:44Z	NIKON COOLPIX S550	65475294	Shop, Istanbul	4998825342	[u'20100917', u'europe2010', u'istanbul', u'turkey']
Istanbul	[22724020, 2344116, 29390475, 2347289, 23424969, 28350899]	http://www.flickr.com/photos/20145743@N00/4998826650/			False	http://farm5.staticflickr.com/4144/4998826650_e9ddeff218.jpg	10	9cf5916f36123d6efef360c68098fa	jpg	Royston Rascals	Turkey	2010-09-17T14:34:04Z	Attribution-NonCommercial License	2010-09-17T10:26:46Z	NIKON COOLPIX S550	67426436	Manchester shop, Istanbul	4998826650	[u'20100917', u'europe2010', u'istanbul', u'turkey']
Istanbul	[22724020, 2344116, 29390475, 2347289, 23424969, 28350899]	http://www.flickr.com/photos/20145743@N00/4998221547/			False	http://farm5.staticflickr.com/4092/4998221547_ec05c500d3.jpg	10	6ccb9cb162b873fe42155caa6c651f4	jpg	Royston Rascals	Turkey	2010-09-17T14:34:41Z	Attribution-NonCommercial License	2010-09-17T10:30:36Z	NIKON COOLPIX S550	75046269	Street scene, Istanbul	4998221547	[u'20100917', u'europe2010', u'istanbul', u'turkey']
Istanbul	[22724020, 2344116, 29390475, 2347289, 23424969, 28350899]	http://www.flickr.com/photos/20145743@N00/4998829568/			False	http://farm5.staticflickr.com/4126/4998829568_a6dfda03fe.jpg	10	18cfc46717e2b2317d2c91eb9431	jpg	Royston Rascals	Turkey	2010-09-17T14:35:22Z	Attribution-NonCommercial License	2010-09-17T10:31:14Z	NIKON COOLPIX S550	69523221	Street scene, Istanbul	4998829568	[u'20100917', u'europe2010', u'istanbul', u'turkey']
Istanbul	[22724020, 2344116, 29390475, 2347289, 23424969, 28350899]	http://www.flickr.com/photos/20145743@N00/4998224193/			False	http://farm5.staticflickr.com/4112/4998224193_cc6a78de73.jpg	10	15be3a5fd9381184e349731ef12a97b3	jpg	Royston Rascals	Turkey	2010-09-17T14:35:57Z	Attribution-NonCommercial License	2010-09-17T10:32:01Z	NIKON COOLPIX S550	2500903	Street scene, Istanbul	4998224193	[u'20100917', u'europe2010', u'istanbul', u'turkey']
Istanbul	[22724011, 2344116, 29390475, 2347289, 23424969, 28350899]	http://www.flickr.com/photos/20145743@N00/4998225391/			False	http://farm5.staticflickr.com/4104/4998225391_82fd098fc6.jpg	10	8d5dd744b6656a1855ae8fb829e9ba34	jpg	Royston Rascals	Turkey	2010-09-17T14:36:39Z	Attribution-NonCommercial License	2010-09-17T10:34:16Z	NIKON COOLPIX S550	97571410	Old gate near Suleymaniye Mosque, Istanbul	4998225391	[u'20100917', u'europe2010', u'istanbul', u'turkey']
Istanbul	[22724011, 2344116, 29390475, 2347289, 23424969, 28350899]	http://www.flickr.com/photos/20145743@N00/4998833156/			False	http://farm5.staticflickr.com/4103/4998833156_4fddfed17f.jpg	11	753535166bc9d11cbb2736074ef18a6	jpg	Royston Rascals	Turkey	2010-09-17T14:37:17Z	Attribution-NonCommercial License	2010-09-17T11:11:03Z	NIKON COOLPIX S550	74453831	Courtyard cafe near Suleymaniye Mosque, Istanbul	4998833156	[u'20100917', u'europe2010', u'istanbul', u'turkey']
Istanbul	[22724011, 2344116, 29390475, 2347289, 23424969, 28350899]	http://www.flickr.com/photos/20145743@N00/4998834402/			False	http://farm5.staticflickr.com/4145/4998834402_24a26349b6.jpg	11	1ee8fc0a8bcd7bf93cf3efd55d7d012	jpg	Royston Rascals	Turkey	2010-09-17T14:37:56Z	Attribution-NonCommercial License	2010-09-17T11:20:30Z	NIKON COOLPIX S550	40631957	Suleymaniye Mosque, Istanbul	4998834402	[u'20100917', u'europe2010', u'istanbul', u'turkey']
Istanbul	[22724011, 2344116, 29390475, 2347289, 23424969, 28350899]	http://www.flickr.com/photos/20145743@N00/4998835806/			False	http://farm5.staticflickr.com/4091/4998835806_88760f063e.jpg	11	a155a2b287997edc2d2837745e5	jpg	Royston Rascals	Turkey	2010-09-17T14:38:37Z	Attribution-NonCommercial License	2010-09-17T11:26:10Z	NIKON COOLPIX S550	96334362	DSCN5729	4998835806	[u'20100917', u'europe2010', u'istanbul', u'turkey']
Istanbul	[22724011, 2344116, 29390475, 2347289, 23424969, 28350899]	http://www.flickr.com/photos/20145743@N00/4998231091/			False	http://farm5.staticflickr.com/4107/4998231091_4d66d779e7.jpg	11	c89fdaca9e2cb7a52523bebe88aa	jpg	Royston Rascals	Turkey	2010-09-17T14:39:25Z	Attribution-NonCommercial License	2010-09-17T11:26:23Z	NIKON COOLPIX S550	81536146	DSCN5730	4998231091	[u'20100917', u'europe2010', u'istanbul', u'turkey']
Istanbul	[22724011, 2344116, 29390475, 2347289, 23424969, 28350899]	http://www.flickr.com/photos/20145743@N00/4998838970/			False	http://farm5.staticflickr.com/4108/4998838970_2ef91897bf.jpg	11	9a38ddb084dec36a78fb57a1065859	jpg	Royston Rascals	Turkey	2010-09-17T14:40:09Z	Attribution-NonCommercial License	2010-09-17T11:26:51Z	NIKON COOLPIX S550	83644026	DSCN5731	4998838970	[u'20100917', u'europe2010', u'istanbul', u'turkey']
Istanbul	[22724011, 2344116, 29390475, 2347289, 23424969, 28350899]	http://www.flickr.com/photos/20145743@N00/4998840390/			False	http://farm5.staticflickr.com/4091/4998840390_d530ab83e0.jpg	11	cb8abe796fae8719a5266264f4aae50	jpg	Royston Rascals	Turkey	2010-09-17T14:40:51Z	Attribution-NonCommercial License	2010-09-17T11:28:10Z	NIKON COOLPIX S550	77689503	DSCN5732	4998840390	[u'20100917', u'europe2010', u'istanbul', u'turkey']
Istanbul	[22724011, 2344116, 29390475, 2347289, 23424969, 28350899]	http://www.flickr.com/photos/20145743@N00/4998842038/			False	http://farm5.staticflickr.com/4132/4998842038_3b72bf4195.jpg	11	f398cc6f88ba6fd9a30778db2175c55	jpg	Royston Rascals	Turkey	2010-09-17T14:41:36Z	Attribution-NonCommercial License	2010-09-17T11:28:21Z	NIKON COOLPIX S550	96357610	DSCN5733	4998842038	[u'20100917', u'europe2010', u'istanbul', u'turkey']
Istanbul	[22724020, 2344116, 29390475, 2347289, 23424969, 28350899]	http://www.flickr.com/photos/20145743@N00/4998237211/			False	http://farm5.staticflickr.com/4090/4998237211_d35cc8bee3.jpg	11	6cc2edd31145ae9db5625602688ad	jpg	Royston Rascals	Turkey	2010-09-17T14:42:16Z	Attribution-NonCommercial License	2010-09-17T11:46:30Z	NIKON COOLPIX S550	65644681	Street scene, Istanbul	4998237211	[u'20100917', u'europe2010', u'istanbul', u'turkey']
Istanbul	[22724020, 2344116, 29390475, 2347289, 23424969, 28350899]	http://www.flickr.com/photos/20145743@N00/4998238379/			False	http://farm5.staticflickr.com/4152/4998238379_1f6b659746.jpg	11	e363b875dfd796631b4de42bed433b37	jpg	Royston Rascals	Turkey	2010-09-17T14:42:51Z	Attribution-NonCommercial License	2010-09-17T11:46:35Z	NIKON COOLPIX S550	64674059	Street scene, Istanbul	4998238379	[u'20100917', u'europe2010', u'istanbul', u'turkey']
Istanbul	[22724020, 2344116, 29390475, 2347289, 23424969, 28350899]	http://www.flickr.com/photos/20145743@N00/4998845886/			False	http://farm5.staticflickr.com/4153/4998845886_2e913b4384.jpg	11	0e5bd45c9c3431b6c3987ce19765	jpg	Royston Rascals	Turkey	2010-09-17T14:43:27Z	Attribution-NonCommercial License	2010-09-17T11:46:45Z	NIKON COOLPIX S550	73070223	Street scene, Istanbul	4998845886	[u'20100917', u'europe2010', u'istanbul', u'turkey']
Istanbul	[22724020, 2344116, 29390475, 2347289, 23424969, 28350899]	http://www.flickr.com/photos/20145743@N00/4998240905/			False	http://farm5.staticflickr.com/4125/4998240905_55a09397a0.jpg	11	9672b1f0fad67af879f891ee31266ab2	jpg	Royston Rascals	Turkey	2010-09-17T14:44:06Z	Attribution-NonCommercial License	2010-09-17T11:47:32Z	NIKON COOLPIX S550	26147621	Street scene, Istanbul	4998240905	[u'20100917', u'europe2010', u'istanbul', u'turkey']
Istanbul	[22724012, 2344116, 29390475, 2347289, 23424969, 28350899]	http://www.flickr.com/photos/20145743@N00/4998848380/			False	http://farm5.staticflickr.com/4087/4998848380_c355c77168.jpg	13	f2941e832242dd7a24d1f0658457ba	jpg	Royston Rascals	Turkey	2010-09-17T14:44:46Z	Attribution-NonCommercial License	2010-09-17T13:32:41Z	NIKON COOLPIX S550	11902215	View up Golden Horn, Istanbul	4998848380	[u'20100917', u'europe2010', u'istanbul', u'turkey']
Istanbul	[55865006, 2344116, 29390475, 2347289, 23424969, 28350899]	http://www.flickr.com/photos/20145743@N00/4998243625/			False	http://farm5.staticflickr.com/4105/4998243625_f9d19bfdc9.jpg	13	a49b3ea0bde614490a140bf4c6cbeb	jpg	Royston Rascals	Turkey	2010-09-17T14:45:24Z	Attribution-NonCommercial License	2010-09-17T13:49:42Z	NIKON COOLPIX S550	90745181	Eyup Mosque, Istanbul	4998243625	[u'20100917', u'europe2010', u'istanbul', u'turkey']
Istanbul	[55865006, 2344116, 29390475, 2347289, 23424969, 28350899]	http://www.flickr.com/photos/20145743@N00/4998851152/			False	http://farm5.staticflickr.com/4113/4998851152_dcc7f1f03e.jpg	13	146d942eb8cece9bab51cac17223c29	jpg	Royston Rascals	Turkey	2010-09-17T14:46:08Z	Attribution-NonCommercial License	2010-09-17T13:50:03Z	NIKON COOLPIX S550	96593720	Eyup Mosque, Istanbul	4998851152	[u'20100917', u'europe2010', u'istanbul', u'turkey']
Istanbul	[55865006, 2344116, 29390475, 2347289, 23424969, 28350899]	http://www.flickr.com/photos/20145743@N00/4998852542/			False	http://farm5.staticflickr.com/4107/4998852542_30f02d775e.jpg	13	f5eb997624241c99f818166484d7d288	jpg	Royston Rascals	Turkey	2010-09-17T14:46:49Z	Attribution-NonCommercial License	2010-09-17T13:51:21Z	NIKON COOLPIX S550	29262060	Eyup bread shop, Istanbul	4998852542	[u'20100917', u'europe2010', u'istanbul', u'turkey']
Istanbul	[55865006, 2344116, 29390475, 2347289, 23424969, 28350899]	http://www.flickr.com/photos/20145743@N00/4998247857/			False	http://farm5.staticflickr.com/4084/4998247857_c21533f61c.jpg	13	4a4c9067c23c5da483b96bb02922e7b5	jpg	Royston Rascals	Turkey	2010-09-17T14:47:26Z	Attribution-NonCommercial License	2010-09-17T13:55:36Z	NIKON COOLPIX S550	98476176	Eyup Mosque, Istanbul	4998247857	[u'20100917', u'europe2010', u'istanbul', u'turkey']
Istanbul	[55865006, 2344116, 29390475, 2347289, 23424969, 28350899]	http://www.flickr.com/photos/20145743@N00/4998855044/			False	http://farm5.staticflickr.com/4124/4998855044_59995a4208.jpg	13	824b6ec4f49c4c91adee49baf3fb42	jpg	Royston Rascals	Turkey	2010-09-17T14:48:04Z	Attribution-NonCommercial License	2010-09-17T13:55:43Z	NIKON COOLPIX S550	96543566	Eyup Mosque, Istanbul	4998855044	[u'20100917', u'europe2010', u'istanbul', u'turkey']
Istanbul	[55865006, 2344116, 29390475, 2347289, 23424969, 28350899]	http://www.flickr.com/photos/20145743@N00/4998250443/			False	http://farm5.staticflickr.com/4092/4998250443_c18b95f959.jpg	13	55982dd38bba46b6b5202e8232debcaa	jpg	Royston Rascals	Turkey	2010-09-17T14:48:43Z	Attribution-NonCommercial License	2010-09-17T13:56:34Z	NIKON COOLPIX S550	98384311	Eyup Mosque, Istanbul	4998250443	[u'20100917', u'europe2010', u'istanbul', u'turkey']
Istanbul	[55865006, 2344116, 29390475, 2347289, 23424969, 28350899]	http://www.flickr.com/photos/20145743@N00/4998331181/			False	http://farm5.staticflickr.com/4084/4998331181_b57db80571.jpg	13	594f1182cbdf1ce0701bfb3ae1509739	jpg	Royston Rascals	Turkey	2010-09-17T15:25:43Z	Attribution-NonCommercial License	2010-09-17T13:56:39Z	NIKON COOLPIX S550	33286481	Eyup Mosque, Istanbul	4998331181	[u'20100917', u'europe2010', u'istanbul', u'turkey']
Istanbul	[55865006, 2344116, 29390475, 2347289, 23424969, 28350899]	http://www.flickr.com/photos/20145743@N00/4998332821/			False	http://farm5.staticflickr.com/4103/4998332821_52dbf74f25.jpg	13	4fa61c22080d82486a04eec5cd34eb2	jpg	Royston Rascals	Turkey	2010-09-17T15:26:26Z	Attribution-NonCommercial License	2010-09-17T13:58:03Z	NIKON COOLPIX S550	99538083	Eyup Mosque, Istanbul	4998332821	[u'20100917', u'europe2010', u'istanbul', u'turkey']
Istanbul	[55865006, 2344116, 29390475, 2347289, 23424969, 28350899]	http://www.flickr.com/photos/20145743@N00/4998334533/			False	http://farm5.staticflickr.com/4132/4998334533_936045c6a0.jpg	14	8ffd6fc2407761efaa0531dca6e603c	jpg	Royston Rascals	Turkey	2010-09-17T15:27:08Z	Attribution-NonCommercial License	2010-09-17T14:00:12Z	NIKON COOLPIX S550	37001107	Eyup Mosque, Istanbul	4998334533	[u'20100917', u'europe2010', u'istanbul', u'turkey']
Istanbul	[55865006, 2344116, 29390475, 2347289, 23424969, 28350899]	http://www.flickr.com/photos/20145743@N00/4998942824/			False	http://farm5.staticflickr.com/4110/4998942824_313e7b023f.jpg	14	774dc968913ddc56e11fc7ff097eb57	jpg	Royston Rascals	Turkey	2010-09-17T15:27:51Z	Attribution-NonCommercial License	2010-09-17T14:02:18Z	NIKON COOLPIX S550	78206249	Eyup Mosque, Istanbul	4998942824	[u'20100917', u'europe2010', u'istanbul', u'turkey']
Istanbul	[55865006, 2344116, 29390475, 2347289, 23424969, 28350899]	http://www.flickr.com/photos/20145743@N00/4998944774/			False	http://farm5.staticflickr.com/4085/4998944774_f5c41351fc.jpg	14	d5df87b0fb8dc2b5d617b23c1ede1d2	jpg	Royston Rascals	Turkey	2010-09-17T15:28:40Z	Attribution-NonCommercial License	2010-09-17T14:02:24Z	NIKON COOLPIX S550	83928340	Eyup Mosque, Istanbul	4998944774	[u'20100917', u'europe2010', u'istanbul', u'turkey']
Istanbul	[55865006, 2344116, 29390475, 2347289, 23424969, 28350899]	http://www.flickr.com/photos/20145743@N00/4998339661/			False	http://farm5.staticflickr.com/4111/4998339661_d42b4428ab.jpg	14	9e5b42331c1c925946d52d7b3f8a2e1	jpg	Royston Rascals	Turkey	2010-09-17T15:29:17Z	Attribution-NonCommercial License	2010-09-17T14:04:12Z	NIKON COOLPIX S550	75422511	Eyup Mosque, Istanbul	4998339661	[u'20100917', u'europe2010', u'istanbul', u'turkey']
Istanbul	[22724020, 2344116, 29390475, 2347289, 23424969, 28350899]	http://www.flickr.com/photos/20145743@N00/4998341247/			False	http://farm5.staticflickr.com/4113/4998341247_80fd7ea185.jpg	14	03facf8db30010c669b2a01e8f074	jpg	Royston Rascals	Turkey	2010-09-17T15:29:53Z	Attribution-NonCommercial License	2010-09-17T14:28:45Z	NIKON COOLPIX S550	65735178	City Walls, Istanbul	4998341247	[u'20100917', u'europe2010', u'istanbul', u'turkey']
Istanbul	[22724012, 2344116, 29390475, 2347289, 23424969, 28350899]	http://www.flickr.com/photos/20145743@N00/4998949292/			False	http://farm5.staticflickr.com/4105/4998949292_5c1e15a630.jpg	14	6053b9555e67cc13dd5d808dfb6d5124	jpg	Royston Rascals	Turkey	2010-09-17T15:30:34Z	Attribution-NonCommercial License	2010-09-17T14:32:22Z	NIKON COOLPIX S550	95236686	Boats and ferry landing, Golden Horn, Istanbul	4998949292	[u'20100917', u'europe2010', u'istanbul', u'turkey']
Istanbul	[22724012, 2344116, 29390475, 2347289, 23424969, 28350899]	http://www.flickr.com/photos/20145743@N00/4998950888/			False	http://farm5.staticflickr.com/4125/4998950888_103c97d7a9.jpg	14	23a45a4c643aac33e2fb4729e88313e2	jpg	Royston Rascals	Turkey	2010-09-17T15:31:11Z	Attribution-NonCommercial License	2010-09-17T14:39:36Z	NIKON COOLPIX S550	62120257	DSCN5753	4998950888	[u'20100917', u'europe2010', u'istanbul', u'turkey']
Istanbul	[22724012, 2344116, 29390475, 2347289, 23424969, 28350899]	http://www.flickr.com/photos/20145743@N00/4998952536/			False	http://farm5.staticflickr.com/4107/4998952536_833fede8f0.jpg	14	9984290f8cb569b72ebbc85d74b2c99	jpg	Royston Rascals	Turkey	2010-09-17T15:31:49Z	Attribution-NonCommercial License	2010-09-17T14:39:59Z	NIKON COOLPIX S550	65931804	DSCN5754	4998952536	[u'20100917', u'europe2010', u'istanbul', u'turkey']
Istanbul	[22724012, 2344116, 29390475, 2347289, 23424969, 28350899]	http://www.flickr.com/photos/20145743@N00/4998954104/			False	http://farm5.staticflickr.com/4125/4998954104_16a46c799f.jpg	14	17a25e53329c5b42a27918fcc6a4ef8	jpg	Royston Rascals	Turkey	2010-09-17T15:32:31Z	Attribution-NonCommercial License	2010-09-17T14:41:11Z	NIKON COOLPIX S550	68648867	View across Golden Horn, Istanbul	4998954104	[u'20100917', u'europe2010', u'istanbul', u'turkey']
Istanbul	[22724012, 2344116, 29390475, 2347289, 23424969, 28350899]	http://www.flickr.com/photos/20145743@N00/4998349195/			False	http://farm5.staticflickr.com/4140/4998349195_bac3a259b9.jpg	14	f2b7d631b3d14155e28c5b10d6d7e8f3	jpg	Royston Rascals	Turkey	2010-09-17T15:33:12Z	Attribution-NonCommercial License	2010-09-17T14:41:37Z	NIKON COOLPIX S550	3164622	View across Golden Horn, Istanbul	4998349195	[u'20100917', u'europe2010', u'istanbul', u'turkey']
Istanbul	[22724017, 2344116, 29390475, 2347289, 23424969, 28350899]	http://www.flickr.com/photos/20145743@N00/4998350713/			False	http://farm5.staticflickr.com/4154/4998350713_166a3788d9.jpg	15	6b7c2cb6113e267a49e942c431c35e64	jpg	Royston Rascals	Turkey	2010-09-17T15:33:54Z	Attribution-NonCommercial License	2010-09-17T15:12:37Z	NIKON COOLPIX S550	64828808	Simitci, Istanbul	4998350713	[u'20100917', u'europe2010', u'istanbul', u'turkey']
Istanbul	[22724017, 2344116, 29390475, 2347289, 23424969, 28350899]	http://www.flickr.com/photos/20145743@N00/4998352163/			False	http://farm5.staticflickr.com/4129/4998352163_a581692c92.jpg	15	19205c58e0544843c6e39e40651fc197	jpg	Royston Rascals	Turkey	2010-09-17T15:34:32Z	Attribution-NonCommercial License	2010-09-17T15:14:02Z	NIKON COOLPIX S550	66707964	Balik ekmek seller on Eminonu	4998352163	[u'20100917', u'europe2010', u'istanbul', u'turkey']
Istanbul	[22724017, 2344116, 29390475, 2347289, 23424969, 28350899]	http://www.flickr.com/photos/20145743@N00/4998353721/			False	http://farm5.staticflickr.com/4090/4998353721_822d918c55.jpg	15	3815e1dc3cf9a46b783d7bd1e475ac53	jpg	Royston Rascals	Turkey	2010-09-17T15:35:13Z	Attribution-NonCommercial License	2010-09-17T15:18:16Z	NIKON COOLPIX S550	89971594	Balik ekmek seller, Eminonu, Istanbul	4998353721	[u'20100917', u'europe2010', u'istanbul', u'turkey']
Istanbul	[22724017, 2344116, 29390475, 2347289, 23424969, 28350899]	http://www.flickr.com/photos/20145743@N00/4998355103/			False	http://farm5.staticflickr.com/4124/4998355103_e79bafa5ce.jpg	15	9c6f3a856fd7549bcea01814bd7599e6	jpg	Royston Rascals	Turkey	2010-09-17T15:35:52Z	Attribution-NonCommercial License	2010-09-17T15:18:46Z	NIKON COOLPIX S550	49022151	Balik ekmek, Istanbul	4998355103	[u'20100917', u'europe2010', u'istanbul', u'turkey']
Istanbul	[22724017, 2344116, 29390475, 2347289, 23424969, 28350899]	http://www.flickr.com/photos/20145743@N00/4998962714/			False	http://farm5.staticflickr.com/4148/4998962714_059570c3e4.jpg	15	d26357303558857473a5d234a92c3552	jpg	Royston Rascals	Turkey	2010-09-17T15:36:29Z	Attribution-NonCommercial License	2010-09-17T15:21:15Z	NIKON COOLPIX S550	63591828	Bicycle parking rails, Istanbul	4998962714	[u'20100917', u'europe2010', u'istanbul', u'turkey']
Istanbul	[22724012, 2344116, 29390475, 2347289, 23424969, 28350899]	http://www.flickr.com/photos/20145743@N00/4998357963/			False	http://farm5.staticflickr.com/4145/4998357963_db3898b666.jpg	15	2764e67d471cbaadc0bc3e66efab8	jpg	Royston Rascals	Turkey	2010-09-17T15:37:11Z	Attribution-NonCommercial License	2010-09-17T15:23:03Z	NIKON COOLPIX S550	664845	On the road, Istanbul	4998357963	[u'20100917', u'europe2010', u'istanbul', u'turkey']
Istanbul	[22724020, 2344116, 29390475, 2347289, 23424969, 28350899]	http://www.flickr.com/photos/20145743@N00/4998965658/			False	http://farm5.staticflickr.com/4148/4998965658_788dfec8f9.jpg	15	1222c537bbe73485bcdc5ea0d4d983e2	jpg	Royston Rascals	Turkey	2010-09-17T15:37:55Z	Attribution-NonCommercial License	2010-09-17T15:32:57Z	NIKON COOLPIX S550	55585321	On the tram, Istanbul	4998965658	[u'20100917', u'europe2010', u'istanbul', u'turkey']
Istanbul	[22724021, 2344116, 29390475, 2347289, 23424969, 28350899]	http://www.flickr.com/photos/20145743@N00/5003490266/			False	http://farm5.staticflickr.com/4152/5003490266_4b7ab33912.jpg	16	5a6c08264911140995958ec9ece6dc	jpg	Royston Rascals	Turkey	2010-09-19T04:51:35Z	Attribution-NonCommercial License	2010-09-17T16:42:57Z	NIKON COOLPIX S550	76744399	Tanker on the Bosphorus, Istanbul	5003490266	[u'20100918', u'europe2010', u'istanbul', u'turkey']
Istanbul	[22724021, 2344116, 29390475, 2347289, 23424969, 28350899]	http://www.flickr.com/photos/20145743@N00/5003491698/			False	http://farm5.staticflickr.com/4149/5003491698_84deba93f3.jpg	16	e69d5e778fdc438c4422524672184a1	jpg	Royston Rascals	Turkey	2010-09-19T04:52:19Z	Attribution-NonCommercial License	2010-09-17T16:53:07Z	NIKON COOLPIX S550	68812373	Low clearance into the Bosphorus	5003491698	[u'20100918', u'europe2010', u'istanbul', u'turkey']
