town_s	woe_is	urlpage_s	machine_ss	desc_ws	video_b	url_s	hour_i	hash_s	ext_s	user_s	country_s	upload_dt	license_s	taken_dt	device_s	line_i	title_s	id	tag_ss
Istanbul	[22724062, 2344116, 29390475, 2347289, 23424969, 28350899]	http://www.flickr.com/photos/22828985@N08/7914254734/			False	http://farm9.staticflickr.com/8034/7914254734_894100d8c9.jpg	6	7be735c1d636a95c43ad1a777087874a	jpg	Sergio & Gabriella	Turkey	2012-09-02T15:45:43Z	Attribution-NonCommercial-NoDerivs License	2012-07-03T06:57:59Z	Canon DIGITAL IXUS 80 IS	3199020	004G Istanbul	7914254734	[u'istanbul', u'turchia', u'turkey']
Istanbul	[22724017, 2344116, 29390475, 2347289, 23424969, 28350899]	http://www.flickr.com/photos/22828985@N08/7914360062/			False	http://farm9.staticflickr.com/8040/7914360062_65deb1f30c.jpg	7	d3adca499a6e7284635166bf266e52	jpg	Sergio & Gabriella	Turkey	2012-09-02T15:59:59Z	Attribution-NonCommercial-NoDerivs License	2012-07-03T07:20:16Z	Canon DIGITAL IXUS 80 IS	80651865	006G Yeni Camii	7914360062	[u'istanbul', u'turchia', u'turkey', u'yeni camii']
Istanbul	[22724017, 2344116, 29390475, 2347289, 23424969, 28350899]	http://www.flickr.com/photos/22828985@N08/7914281554/			False	http://farm9.staticflickr.com/8452/7914281554_c21b6661dd.jpg	7	dc436c58e9d01c72198257bc186ccbcd	jpg	Sergio & Gabriella	Turkey	2012-09-02T15:49:23Z	Attribution-NonCommercial-NoDerivs License	2012-07-03T07:20:55Z	Canon DIGITAL IXUS 80 IS	69526753	008G Yeni Camii	7914281554	[u'istanbul', u'turchia', u'turkey', u'yeni camii']
Istanbul	[22724017, 2344116, 29390475, 2347289, 23424969, 28350899]	http://www.flickr.com/photos/22828985@N08/7914334736/			False	http://farm9.staticflickr.com/8041/7914334736_bc32d0544b.jpg	7	6c6ceb291b1eac488be117a6128b77	jpg	Sergio & Gabriella	Turkey	2012-09-02T15:56:34Z	Attribution-NonCommercial-NoDerivs License	2012-07-03T07:22:03Z	Canon DIGITAL IXUS 80 IS	65473180	011G Yeni Camii	7914334736	[u'istanbul', u'turchia', u'turkey', u'yeni camii']
Istanbul	[22724017, 2344116, 29390475, 2347289, 23424969, 28350899]	http://www.flickr.com/photos/22828985@N08/7921143992/			False	http://farm9.staticflickr.com/8454/7921143992_c72a2a6883.jpg	7	c533c0c51fc2308e2514e326780f085	jpg	Sergio & Gabriella	Turkey	2012-09-03T13:02:03Z	Attribution-NonCommercial-NoDerivs License	2012-07-03T07:28:46Z	Canon DIGITAL IXUS 80 IS	60456604	014G Yeni Camii	7921143992	[u'bazar', u'istanbul', u'moschea', u'turchia', u'turkey']
Istanbul	[22724062, 2344116, 29390475, 2347289, 23424969, 28350899]	http://www.flickr.com/photos/22828985@N08/7914246232/			False	http://farm9.staticflickr.com/8318/7914246232_29d2ba5e6d.jpg	7	5031f386b435e873fcf7c9aa409f3	jpg	Sergio & Gabriella	Turkey	2012-09-02T15:44:30Z	Attribution-NonCommercial-NoDerivs License	2012-07-03T07:38:31Z	Panasonic DMC-FX100	77677183	004S Istanbul	7914246232	[u'istanbul', u'turchia', u'turkey']
Istanbul	[22724017, 2344116, 29390475, 2347289, 23424969, 28350899]	http://www.flickr.com/photos/22828985@N08/7921135366/			False	http://farm9.staticflickr.com/8453/7921135366_d7306d0e8c.jpg	7	c7f01699e97fa0b482b940e8bb35b0ce	jpg	Sergio & Gabriella	Turkey	2012-09-03T13:00:28Z	Attribution-NonCommercial-NoDerivs License	2012-07-03T07:56:39Z	Canon DIGITAL IXUS 80 IS	91068053	019G Yeni Camii	7921135366	[u'bazar', u'istanbul', u'moschea', u'turchia', u'turkey']
Istanbul	[22724017, 2344116, 29390475, 2347289, 23424969, 28350899]	http://www.flickr.com/photos/22828985@N08/7921459316/			False	http://farm9.staticflickr.com/8036/7921459316_2a40356927.jpg	8	9a755e589ca63b23bf3d7c11f5f37bbf	jpg	Sergio & Gabriella	Turkey	2012-09-03T13:57:01Z	Attribution-NonCommercial-NoDerivs License	2012-07-03T08:06:25Z	Canon DIGITAL IXUS 80 IS	68355438	020G Bazaar delle spezie	7921459316	[u'istanbul', u'turchia', u'turkey']
Istanbul	[22724017, 2344116, 29390475, 2347289, 23424969, 28350899]	http://www.flickr.com/photos/22828985@N08/7921450826/			False	http://farm9.staticflickr.com/8180/7921450826_e7dcf4bdfd.jpg	8	3a9d87c47e16a9ffb67f2bc3bae25	jpg	Sergio & Gabriella	Turkey	2012-09-03T13:55:35Z	Attribution-NonCommercial-NoDerivs License	2012-07-03T08:06:57Z	Canon DIGITAL IXUS 80 IS	86758913	021G Bazaar delle spezie	7921450826	[u'istanbul', u'turchia', u'turkey']
Istanbul	[22724017, 2344116, 29390475, 2347289, 23424969, 28350899]	http://www.flickr.com/photos/22828985@N08/7921441324/			False	http://farm9.staticflickr.com/8457/7921441324_a729ac4fbb.jpg	8	7977f63cc1e91e53faddbbba3e0e114	jpg	Sergio & Gabriella	Turkey	2012-09-03T13:53:58Z	Attribution-NonCommercial-NoDerivs License	2012-07-03T08:09:21Z	Canon DIGITAL IXUS 80 IS	14345288	023G Bazaar delle spezie	7921441324	[u'istanbul', u'turchia', u'turkey']
Istanbul	[22724017, 2344116, 29390475, 2347289, 23424969, 28350899]	http://www.flickr.com/photos/22828985@N08/7921430648/			False	http://farm9.staticflickr.com/8037/7921430648_aff000b39c.jpg	8	703bc0baf774e582aa191013de8a	jpg	Sergio & Gabriella	Turkey	2012-09-03T13:52:12Z	Attribution-NonCommercial-NoDerivs License	2012-07-03T08:12:00Z	Canon DIGITAL IXUS 80 IS	86849956	025G Bazaar delle spezie	7921430648	[u'istanbul', u'turchia', u'turkey']
Istanbul	[22724017, 2344116, 29390475, 2347289, 23424969, 28350899]	http://www.flickr.com/photos/22828985@N08/7921420298/			False	http://farm9.staticflickr.com/8313/7921420298_2db9f5b72b.jpg	8	e9a99df9a6bbcf136de5daad5743e5b	jpg	Sergio & Gabriella	Turkey	2012-09-03T13:50:37Z	Attribution-NonCommercial-NoDerivs License	2012-07-03T08:12:29Z	Canon DIGITAL IXUS 80 IS	87764360	026G Bazaar delle spezie	7921420298	[u'istanbul', u'turchia', u'turkey']
Istanbul	[22724017, 2344116, 29390475, 2347289, 23424969, 28350899]	http://www.flickr.com/photos/22828985@N08/7914272094/			False	http://farm9.staticflickr.com/8439/7914272094_873c4dcae4.jpg	8	3b7b50d453841c96ea8b494e93616	jpg	Sergio & Gabriella	Turkey	2012-09-02T15:48:05Z	Attribution-NonCommercial-NoDerivs License	2012-07-03T08:13:30Z	Panasonic DMC-FX100	70958386	006S Nuova moschea	7914272094	[u'istanbul', u'turchia', u'turkey', u'yeni camii']
Istanbul	[22724017, 2344116, 29390475, 2347289, 23424969, 28350899]	http://www.flickr.com/photos/22828985@N08/7914374420/			False	http://farm9.staticflickr.com/8180/7914374420_fb30216858.jpg	8	ad25b549fdcc45ca743916fc28ab6718	jpg	Sergio & Gabriella	Turkey	2012-09-02T16:02:03Z	Attribution-NonCommercial-NoDerivs License	2012-07-03T08:16:32Z	Panasonic DMC-FX100	60908147	007S Yeni Camii	7914374420	[u'istanbul', u'turchia', u'turkey', u'yeni camii']
Istanbul	[22724017, 2344116, 29390475, 2347289, 23424969, 28350899]	http://www.flickr.com/photos/22828985@N08/7914401584/			False	http://farm9.staticflickr.com/8449/7914401584_e84af70aef.jpg	8	7a62b1df76f2447f0bd5282e2293ae4	jpg	Sergio & Gabriella	Turkey	2012-09-02T16:05:48Z	Attribution-NonCommercial-NoDerivs License	2012-07-03T08:17:04Z	Panasonic DMC-FX100	96246881	008S Yeni Camii	7914401584	[u'istanbul', u'turchia', u'turkey', u'yeni camii']
Istanbul	[22724017, 2344116, 29390475, 2347289, 23424969, 28350899]	http://www.flickr.com/photos/22828985@N08/7914387138/			False	http://farm9.staticflickr.com/8182/7914387138_fa54c32442.jpg	8	9972e3b529713723a83fe27f9a63e0c8	jpg	Sergio & Gabriella	Turkey	2012-09-02T16:03:48Z	Attribution-NonCommercial-NoDerivs License	2012-07-03T08:17:13Z	Panasonic DMC-FX100	89078942	009S Yeni Camii	7914387138	[u'istanbul', u'turchia', u'turkey', u'yeni camii']
Istanbul	[22724017, 2344116, 29390475, 2347289, 23424969, 28350899]	http://www.flickr.com/photos/22828985@N08/7921399078/			False	http://farm9.staticflickr.com/8316/7921399078_112c68f9bd.jpg	8	ab764f38141fa0c6f2604f6a21a8c278	jpg	Sergio & Gabriella	Turkey	2012-09-03T13:46:31Z	Attribution-NonCommercial-NoDerivs License	2012-07-03T08:20:08Z	Canon DIGITAL IXUS 80 IS	87183058	028G Bazaar delle spezie	7921399078	[u'istanbul', u'turchia', u'turkey']
Istanbul	[22724017, 2344116, 29390475, 2347289, 23424969, 28350899]	http://www.flickr.com/photos/22828985@N08/7914350464/			False	http://farm9.staticflickr.com/8177/7914350464_ca2385da03.jpg	8	93405a178303ccbcf86cd6c985691df	jpg	Sergio & Gabriella	Turkey	2012-09-02T15:58:39Z	Attribution-NonCommercial-NoDerivs License	2012-07-03T08:21:28Z	Panasonic DMC-FX100	80442152	011S Yeni Camii	7914350464	[u'istanbul', u'turchia', u'turkey', u'yeni camii']
Istanbul	[22724017, 2344116, 29390475, 2347289, 23424969, 28350899]	http://www.flickr.com/photos/22828985@N08/7914295882/			False	http://farm9.staticflickr.com/8304/7914295882_0c5a7045b0.jpg	8	25b3bbf7c66d40df336215e38f4bdaa	jpg	Sergio & Gabriella	Turkey	2012-09-02T15:51:18Z	Attribution-NonCommercial-NoDerivs License	2012-07-03T08:24:22Z	Panasonic DMC-FX100	60490573	012S Yeni Camii	7914295882	[u'istanbul', u'turchia', u'turkey', u'yeni camii']
Istanbul	[22724017, 2344116, 29390475, 2347289, 23424969, 28350899]	http://www.flickr.com/photos/22828985@N08/7914323886/			False	http://farm9.staticflickr.com/8179/7914323886_eac7a2dd4e.jpg	8	51744174aff246690e6422fe7e549	jpg	Sergio & Gabriella	Turkey	2012-09-02T15:55:08Z	Attribution-NonCommercial-NoDerivs License	2012-07-03T08:24:38Z	Panasonic DMC-FX100	74733008	013S Yeni Camii	7914323886	[u'istanbul', u'turchia', u'turkey', u'yeni camii']
Istanbul	[22724017, 2344116, 29390475, 2347289, 23424969, 28350899]	http://www.flickr.com/photos/22828985@N08/7921365834/			False	http://farm9.staticflickr.com/8302/7921365834_c64f8615b4.jpg	8	3c417bd518eef89668c691857da12f1a	jpg	Sergio & Gabriella	Turkey	2012-09-03T13:41:05Z	Attribution-NonCommercial-NoDerivs License	2012-07-03T08:25:41Z	Canon DIGITAL IXUS 80 IS	76906104	030G Yeni Camii	7921365834	[u'istanbul', u'turchia', u'turkey', u'yeni camii']
Istanbul	[22724017, 2344116, 29390475, 2347289, 23424969, 28350899]	http://www.flickr.com/photos/22828985@N08/7921358706/			False	http://farm9.staticflickr.com/8455/7921358706_067e2bc7e2.jpg	8	e5a16cd5cbb2545f1e5b91861711887	jpg	Sergio & Gabriella	Turkey	2012-09-03T13:39:57Z	Attribution-NonCommercial-NoDerivs License	2012-07-03T08:25:50Z	Canon DIGITAL IXUS 80 IS	92829835	031G Yeni Camii	7921358706	[u'istanbul', u'turchia', u'turkey', u'yeni camii']
Istanbul	[22724017, 2344116, 29390475, 2347289, 23424969, 28350899]	http://www.flickr.com/photos/22828985@N08/7914309934/			False	http://farm9.staticflickr.com/8438/7914309934_0bc68a8052.jpg	8	e256f081d52eecb4dbcd14685ec9ca1c	jpg	Sergio & Gabriella	Turkey	2012-09-02T15:53:15Z	Attribution-NonCommercial-NoDerivs License	2012-07-03T08:26:28Z	Panasonic DMC-FX100	81768449	014S Yeni Camii	7914309934	[u'istanbul', u'turchia', u'turkey', u'yeni camii']
Istanbul	[22724017, 2344116, 29390475, 2347289, 23424969, 28350899]	http://www.flickr.com/photos/22828985@N08/7921627134/			False	http://farm9.staticflickr.com/8032/7921627134_97d62f9928.jpg	8	dd78f927feac69d269c9991bc58fdef1	jpg	Sergio & Gabriella	Turkey	2012-09-03T14:23:35Z	Attribution-NonCommercial-NoDerivs License	2012-07-03T08:28:44Z	Canon DIGITAL IXUS 80 IS	68310302	033G Istanbul	7921627134	[u'istanbul', u'turchia', u'turkey']
Istanbul	[22724017, 2344116, 29390475, 2347289, 23424969, 28350899]	http://www.flickr.com/photos/22828985@N08/7921086206/			False	http://farm9.staticflickr.com/8455/7921086206_06385fef3a.jpg	8	bbd9942aed9128b0cc839a9f72e0ee	jpg	Sergio & Gabriella	Turkey	2012-09-03T12:50:49Z	Attribution-NonCommercial-NoDerivs License	2012-07-03T08:29:10Z	Panasonic DMC-FX100	79751152	015S Yeni Camii	7921086206	[u'istanbul', u'moschea', u'turchia', u'turkey']
Istanbul	[22724017, 2344116, 29390475, 2347289, 23424969, 28350899]	http://www.flickr.com/photos/22828985@N08/7921495422/			False	http://farm9.staticflickr.com/8318/7921495422_90c41e1ae6.jpg	8	5e925fe17e43b7ab08e14586dd7f9	jpg	Sergio & Gabriella	Turkey	2012-09-03T14:03:03Z	Attribution-NonCommercial-NoDerivs License	2012-07-03T08:29:30Z	Canon DIGITAL IXUS 80 IS	88942800	034G Istanbul	7921495422	[u'istanbul', u'turchia', u'turkey']
Istanbul	[22724017, 2344116, 29390475, 2347289, 23424969, 28350899]	http://www.flickr.com/photos/22828985@N08/7921076346/			False	http://farm9.staticflickr.com/8035/7921076346_cbeeeb739b.jpg	8	851de9d8622be6c59ec8c3e7aca8f314	jpg	Sergio & Gabriella	Turkey	2012-09-03T12:48:52Z	Attribution-NonCommercial-NoDerivs License	2012-07-03T08:30:41Z	Panasonic DMC-FX100	92023458	016S Yeni Camii	7921076346	[u'istanbul', u'moschea', u'turchia', u'turkey']
Istanbul	[22724017, 2344116, 29390475, 2347289, 23424969, 28350899]	http://www.flickr.com/photos/22828985@N08/7921166266/			False	http://farm9.staticflickr.com/8461/7921166266_bd6c59bc09.jpg	8	9b53fdd38b872d5ddecc9aae575186	jpg	Sergio & Gabriella	Turkey	2012-09-03T13:06:07Z	Attribution-NonCommercial-NoDerivs License	2012-07-03T08:42:05Z	Panasonic DMC-FX100	11644412	017S Yeni Camii	7921166266	[u'bazar', u'istanbul', u'moschea', u'turchia', u'turkey']
Istanbul	[22450344, 22724021, 2344116, 29390475, 2347289, 29391294, 23424969, 28350899]	http://www.flickr.com/photos/22828985@N08/7921591366/			False	http://farm9.staticflickr.com/8301/7921591366_3b9cd33b41.jpg	8	b213f99591ffeb22a384c92c4e3b7fdb	jpg	Sergio & Gabriella	Turkey	2012-09-03T14:17:58Z	Attribution-NonCommercial-NoDerivs License	2012-07-03T08:51:19Z	Canon DIGITAL IXUS 80 IS	75471599	035G Moschea blu	7921591366	[u'istanbul', u'turchia', u'turkey']
Istanbul	[22724017, 2344116, 29390475, 2347289, 23424969, 28350899]	http://www.flickr.com/photos/22828985@N08/7921048564/			False	http://farm9.staticflickr.com/8300/7921048564_0fe7fe2038.jpg	8	944b42aeb37b1e6733444e9ae035118	jpg	Sergio & Gabriella	Turkey	2012-09-03T12:43:00Z	Attribution-NonCommercial-NoDerivs License	2012-07-03T08:52:12Z	Panasonic DMC-FX100	82269329	018S Yeni Camii	7921048564	[u'bazar', u'istanbul', u'moschea', u'turchia', u'turkey']
Istanbul	[22724017, 2344116, 29390475, 2347289, 23424969, 28350899]	http://www.flickr.com/photos/22828985@N08/7921057326/			False	http://farm9.staticflickr.com/8300/7921057326_98824a2b86.jpg	8	e8266c378b865ab2b28a13ab8fcdd05b	jpg	Sergio & Gabriella	Turkey	2012-09-03T12:44:51Z	Attribution-NonCommercial-NoDerivs License	2012-07-03T08:52:52Z	Panasonic DMC-FX100	60633029	020S Yeni Camii	7921057326	[u'bazar', u'istanbul', u'moschea', u'turchia', u'turkey']
Istanbul	[22724017, 2344116, 29390475, 2347289, 23424969, 28350899]	http://www.flickr.com/photos/22828985@N08/7921154930/			False	http://farm9.staticflickr.com/8173/7921154930_69ed125d57.jpg	8	4ccf134266b0d42c148401f516374	jpg	Sergio & Gabriella	Turkey	2012-09-03T13:04:04Z	Attribution-NonCommercial-NoDerivs License	2012-07-03T08:52:58Z	Panasonic DMC-FX100	64364712	021S Yeni Camii	7921154930	[u'bazar', u'istanbul', u'moschea', u'turchia', u'turkey']
Istanbul	[22450344, 22724021, 2344116, 29390475, 2347289, 29391294, 23424969, 28350899]	http://www.flickr.com/photos/22828985@N08/7921504622/			False	http://farm9.staticflickr.com/8295/7921504622_71cdd69525.jpg	8	f0d2aa624644302f697f4562f673e352	jpg	Sergio & Gabriella	Turkey	2012-09-03T14:04:31Z	Attribution-NonCommercial-NoDerivs License	2012-07-03T08:56:22Z	Canon DIGITAL IXUS 80 IS	61522105	037G Moschea Blu	7921504622	[u'istanbul', u'turchia', u'turkey']
Istanbul	[22450344, 22724021, 2344116, 29390475, 2347289, 29391294, 23424969, 28350899]	http://www.flickr.com/photos/22828985@N08/7921510000/			False	http://farm9.staticflickr.com/8439/7921510000_4af4fc454d.jpg	8	97ea9a933019a2ff632e294293770de	jpg	Sergio & Gabriella	Turkey	2012-09-03T14:05:22Z	Attribution-NonCommercial-NoDerivs License	2012-07-03T08:58:07Z	Canon DIGITAL IXUS 80 IS	74119717	039G Moschea blu	7921510000	[u'istanbul', u'turchia', u'turkey']
Istanbul	[22724017, 2344116, 29390475, 2347289, 23424969, 28350899]	http://www.flickr.com/photos/22828985@N08/7921067270/			False	http://farm9.staticflickr.com/8308/7921067270_f7ce464a4d.jpg	8	42183960de5dc210565522ad4a2ccae6	jpg	Sergio & Gabriella	Turkey	2012-09-03T12:46:58Z	Attribution-NonCommercial-NoDerivs License	2012-07-03T08:58:21Z	Panasonic DMC-FX100	83375005	023S Yeni Camii	7921067270	[u'bazar', u'istanbul', u'moschea', u'turchia', u'turkey']
Istanbul	[22724017, 2344116, 29390475, 2347289, 23424969, 28350899]	http://www.flickr.com/photos/22828985@N08/7921126960/			False	http://farm9.staticflickr.com/8029/7921126960_acc2ebb1e6.jpg	9	6840b4e1ec5a93408ab81ab9bee56c2	jpg	Sergio & Gabriella	Turkey	2012-09-03T12:58:54Z	Attribution-NonCommercial-NoDerivs License	2012-07-03T09:01:36Z	Panasonic DMC-FX100	93991251	024S Bazaar delle spezie	7921126960	[u'bazar', u'istanbul', u'moschea', u'turchia', u'turkey']
Istanbul	[22724017, 2344116, 29390475, 2347289, 23424969, 28350899]	http://www.flickr.com/photos/22828985@N08/7921116564/			False	http://farm9.staticflickr.com/8301/7921116564_505fc28963.jpg	9	f60e669df9a8125d8ac2a90205464	jpg	Sergio & Gabriella	Turkey	2012-09-03T12:56:57Z	Attribution-NonCommercial-NoDerivs License	2012-07-03T09:02:37Z	Panasonic DMC-FX100	46530182	025S Bazaar delle spezie	7921116564	[u'bazar', u'istanbul', u'moschea', u'turchia', u'turkey']
Istanbul	[22724017, 2344116, 29390475, 2347289, 23424969, 28350899]	http://www.flickr.com/photos/22828985@N08/7921106830/			False	http://farm9.staticflickr.com/8175/7921106830_8ce212ccb0.jpg	9	8ca0c4809b6cb15265afc82b3589f824	jpg	Sergio & Gabriella	Turkey	2012-09-03T12:55:00Z	Attribution-NonCommercial-NoDerivs License	2012-07-03T09:03:50Z	Panasonic DMC-FX100	13164557	026S Bazaar delle spezie	7921106830	[u'bazar', u'istanbul', u'moschea', u'turchia', u'turkey']
Istanbul	[22724017, 2344116, 29390475, 2347289, 23424969, 28350899]	http://www.flickr.com/photos/22828985@N08/7921097154/			False	http://farm9.staticflickr.com/8312/7921097154_721261b52a.jpg	9	1a5d4b9e5a2244b63875f2c1886baacc	jpg	Sergio & Gabriella	Turkey	2012-09-03T12:52:59Z	Attribution-NonCommercial-NoDerivs License	2012-07-03T09:07:10Z	Panasonic DMC-FX100	96077752	028S Bazaar delle spezie	7921097154	[u'bazar', u'istanbul', u'moschea', u'turchia', u'turkey']
Istanbul	[22724017, 2344116, 29390475, 2347289, 23424969, 28350899]	http://www.flickr.com/photos/22828985@N08/7921471372/			False	http://farm9.staticflickr.com/8440/7921471372_be836215bd.jpg	9	806379ffd1315b7e1920bc5a19ab9e2e	jpg	Sergio & Gabriella	Turkey	2012-09-03T13:59:04Z	Attribution-NonCommercial-NoDerivs License	2012-07-03T09:09:26Z	Panasonic DMC-FX100	58030717	029S Bazaar delle spezie	7921471372	[u'istanbul', u'turchia', u'turkey']
Istanbul	[22724017, 2344116, 29390475, 2347289, 23424969, 28350899]	http://www.flickr.com/photos/22828985@N08/7921339224/			False	http://farm9.staticflickr.com/8449/7921339224_6fd7cc4120.jpg	9	d0fa18c33b2556d3f53cf67759f68a2	jpg	Sergio & Gabriella	Turkey	2012-09-03T13:36:45Z	Attribution-NonCommercial-NoDerivs License	2012-07-03T09:10:27Z	Panasonic DMC-FX100	81984848	030S Bazaar delle spezie	7921339224	[u'istanbul', u'turchia', u'turkey']
Istanbul	[22450344, 22724021, 2344116, 29390475, 2347289, 29391294, 23424969, 28350899]	http://www.flickr.com/photos/22828985@N08/7921557070/			False	http://farm9.staticflickr.com/8319/7921557070_37f356876f.jpg	9	75b62797894861b8be91696c581edce	jpg	Sergio & Gabriella	Turkey	2012-09-03T14:12:33Z	Attribution-NonCommercial-NoDerivs License	2012-07-03T09:14:00Z	Canon DIGITAL IXUS 80 IS	16466084	040G Moschea blu	7921557070	[u'istanbul', u'turchia', u'turkey']
Istanbul	[22724017, 2344116, 29390475, 2347289, 23424969, 28350899]	http://www.flickr.com/photos/22828985@N08/7921351176/			False	http://farm9.staticflickr.com/8174/7921351176_a19bf80eb8.jpg	9	f597981c85da12c17f4452b8c741b	jpg	Sergio & Gabriella	Turkey	2012-09-03T13:38:43Z	Attribution-NonCommercial-NoDerivs License	2012-07-03T09:18:08Z	Panasonic DMC-FX100	87095622	032S Bazaar delle spezie	7921351176	[u'istanbul', u'turchia', u'turkey']
Istanbul	[22724017, 2344116, 29390475, 2347289, 23424969, 28350899]	http://www.flickr.com/photos/22828985@N08/7921389552/			False	http://farm9.staticflickr.com/8308/7921389552_47418d6916.jpg	9	b373164e326c51646d8de52c612b0de	jpg	Sergio & Gabriella	Turkey	2012-09-03T13:44:59Z	Attribution-NonCommercial-NoDerivs License	2012-07-03T09:20:04Z	Panasonic DMC-FX100	95263375	033S Yeni Camii	7921389552	[u'istanbul', u'turchia', u'turkey', u'yeni camii']
Istanbul	[22724017, 2344116, 29390475, 2347289, 23424969, 28350899]	http://www.flickr.com/photos/22828985@N08/7921377778/			False	http://farm9.staticflickr.com/8300/7921377778_848cf517ce.jpg	9	c6204c8455ff90bbeb755bede8e64d	jpg	Sergio & Gabriella	Turkey	2012-09-03T13:43:03Z	Attribution-NonCommercial-NoDerivs License	2012-07-03T09:21:13Z	Panasonic DMC-FX100	99602512	034S Yeni Camii	7921377778	[u'istanbul', u'turchia', u'turkey', u'yeni camii']
Istanbul	[22450344, 22724021, 2344116, 29390475, 2347289, 29391294, 23424969, 28350899]	http://www.flickr.com/photos/22828985@N08/7921544856/			False	http://farm9.staticflickr.com/8459/7921544856_8a4046c8bc.jpg	9	e1b76278ccc45ab660ba78c02a239a62	jpg	Sergio & Gabriella	Turkey	2012-09-03T14:10:42Z	Attribution-NonCommercial-NoDerivs License	2012-07-03T09:24:28Z	Canon DIGITAL IXUS 80 IS	98176130	048G Moschea blu	7921544856	[u'istanbul', u'turchia', u'turkey']
Istanbul	[22450344, 22724021, 2344116, 29390475, 2347289, 29391294, 23424969, 28350899]	http://www.flickr.com/photos/22828985@N08/7921619794/			False	http://farm9.staticflickr.com/8030/7921619794_784cf90afc.jpg	9	4dbd7049e20d46597aa0cf1a6887	jpg	Sergio & Gabriella	Turkey	2012-09-03T14:22:25Z	Attribution-NonCommercial-NoDerivs License	2012-07-03T09:47:14Z	Panasonic DMC-FX100	61374275	037S Moschea blu	7921619794	[u'istanbul', u'turchia', u'turkey']
Istanbul	[22450344, 22724021, 2344116, 29390475, 2347289, 29391294, 23424969, 28350899]	http://www.flickr.com/photos/22828985@N08/7921605550/			False	http://farm9.staticflickr.com/8320/7921605550_9e2c0ec5e9.jpg	9	e7379bb1fd2738645dddef3aee1711e	jpg	Sergio & Gabriella	Turkey	2012-09-03T14:20:10Z	Attribution-NonCommercial-NoDerivs License	2012-07-03T09:47:27Z	Panasonic DMC-FX100	89639364	038S Moschea blu	7921605550	[u'istanbul', u'turchia', u'turkey']
Istanbul	[22450344, 22724021, 2344116, 29390475, 2347289, 29391294, 23424969, 28350899]	http://www.flickr.com/photos/22828985@N08/7921582852/			False	http://farm9.staticflickr.com/8314/7921582852_be99a13bb2.jpg	9	4fcb016ddce8fbdedf671879dda8d69	jpg	Sergio & Gabriella	Turkey	2012-09-03T14:16:36Z	Attribution-NonCommercial-NoDerivs License	2012-07-03T09:51:32Z	Panasonic DMC-FX100	90678786	041S Moscha blu	7921582852	[u'istanbul', u'turchia', u'turkey']
Istanbul	[22450344, 22724021, 2344116, 29390475, 2347289, 29391294, 23424969, 28350899]	http://www.flickr.com/photos/22828985@N08/7921568296/			False	http://farm9.staticflickr.com/8445/7921568296_841966690c.jpg	9	d06a96acd7cd47c15f8d0449b10aaeb	jpg	Sergio & Gabriella	Turkey	2012-09-03T14:14:23Z	Attribution-NonCommercial-NoDerivs License	2012-07-03T09:53:08Z	Panasonic DMC-FX100	87638193	042S Moschea blu	7921568296	[u'istanbul', u'moschea blu', u'turchia', u'turkey']
Istanbul	[22724020, 2344116, 29390475, 2347289, 23424969, 28350899]	http://www.flickr.com/photos/22828985@N08/7921836584/			False	http://farm9.staticflickr.com/8437/7921836584_82b6000304.jpg	9	fd15f722d04210da156be8702c2b2057	jpg	Sergio & Gabriella	Turkey	2012-09-03T14:54:49Z	Attribution-NonCommercial-NoDerivs License	2012-07-03T09:58:39Z	Canon DIGITAL IXUS 80 IS	85500136	059G Basilica cisterna	7921836584	[u'istanbul', u'turchia', u'turkey']
Istanbul	[22450344, 22724021, 2344116, 29390475, 2347289, 29391294, 23424969, 28350899]	http://www.flickr.com/photos/22828985@N08/7921533720/			False	http://farm9.staticflickr.com/8029/7921533720_9febb9e7db.jpg	10	165c4b38d5f3761fe83f9613b6f13f2d	jpg	Sergio & Gabriella	Turkey	2012-09-03T14:09:06Z	Attribution-NonCommercial-NoDerivs License	2012-07-03T10:09:59Z	Panasonic DMC-FX100	81637962	043S Moschea blu	7921533720	[u'istanbul', u'turchia', u'turkey']
Istanbul	[22450344, 22724021, 2344116, 29390475, 2347289, 29391294, 23424969, 28350899]	http://www.flickr.com/photos/22828985@N08/7921521278/			False	http://farm9.staticflickr.com/8442/7921521278_7d65530d4e.jpg	10	89268f566e1cf6c8739cba4fa7dedb5	jpg	Sergio & Gabriella	Turkey	2012-09-03T14:07:10Z	Attribution-NonCommercial-NoDerivs License	2012-07-03T10:18:25Z	Panasonic DMC-FX100	71487498	045S Moschea blu	7921521278	[u'istanbul', u'turchia', u'turkey']
Istanbul	[56556908, 22724022, 2344116, 29390475, 2347289, 29391294, 23424969, 28350899]	http://www.flickr.com/photos/22828985@N08/7930689582/			False	http://farm9.staticflickr.com/8322/7930689582_e91411a47f.jpg	10	fb653f1d4cfc8df5c28559a424e042	jpg	Sergio & Gabriella	Turkey	2012-09-04T16:21:37Z	Attribution-NonCommercial-NoDerivs License	2012-07-03T10:25:19Z	Canon DIGITAL IXUS 80 IS	35541484	063G S. Sofia	7930689582	[u'hagia sofia', u'istanbul', u's. sofia', u'turchia', u'turkey']
Istanbul	[22450344, 22724021, 2344116, 29390475, 2347289, 29391294, 23424969, 28350899]	http://www.flickr.com/photos/22828985@N08/7921864040/			False	http://farm9.staticflickr.com/8170/7921864040_196df167e4.jpg	10	1082ab86e9c1d61e48390b84ca9ff5e	jpg	Sergio & Gabriella	Turkey	2012-09-03T14:58:58Z	Attribution-NonCommercial-NoDerivs License	2012-07-03T10:26:02Z	Panasonic DMC-FX100	90877965	047S Moschea blu	7921864040	[u'istanbul', u'moschea blu', u'turchia', u'turkey']
Istanbul	[22724032, 2344116, 29390475, 2347289, 23424969, 28350899]	http://www.flickr.com/photos/22828985@N08/7921850266/			False	http://farm9.staticflickr.com/8459/7921850266_7469c00583.jpg	10	bf22421db4db4be7f526c8c91b84533a	jpg	Sergio & Gabriella	Turkey	2012-09-03T14:56:53Z	Attribution-NonCommercial-NoDerivs License	2012-07-03T10:30:22Z	Panasonic DMC-FX100	16344983	048S Istanbul	7921850266	[u'istanbul', u'turchia', u'turkey']
Istanbul	[22724020, 2344116, 29390475, 2347289, 23424969, 28350899]	http://www.flickr.com/photos/22828985@N08/7921675824/			False	http://farm9.staticflickr.com/8032/7921675824_de5488c510.jpg	10	aa5746f3c3d418e35062e398b82d504c	jpg	Sergio & Gabriella	Turkey	2012-09-03T14:30:49Z	Attribution-NonCommercial-NoDerivs License	2012-07-03T10:42:02Z	Panasonic DMC-FX100	67146374	049S Basilica cisterna	7921675824	[u'istanbul', u'turchia', u'turkey']
Istanbul	[56556908, 22724022, 2344116, 29390475, 2347289, 29391294, 23424969, 28350899]	http://www.flickr.com/photos/22828985@N08/7930681038/			False	http://farm9.staticflickr.com/8036/7930681038_a654cbec15.jpg	10	ffab34eadf4f9e2613466cbd24e8e4b6	jpg	Sergio & Gabriella	Turkey	2012-09-04T16:20:12Z	Attribution-NonCommercial-NoDerivs License	2012-07-03T10:43:19Z	Canon DIGITAL IXUS 80 IS	87853564	069G S. Sofia	7930681038	[u'hagia sofia', u'istanbul', u's. sofia', u'turchia', u'turkey']
Istanbul	[56556908, 22724022, 2344116, 29390475, 2347289, 29391294, 23424969, 28350899]	http://www.flickr.com/photos/22828985@N08/7930601916/			False	http://farm9.staticflickr.com/8439/7930601916_d34d62f4bb.jpg	10	c2f93fcbba3dd4020fffa3da0c644f3	jpg	Sergio & Gabriella	Turkey	2012-09-04T16:07:19Z	Attribution-NonCommercial-NoDerivs License	2012-07-03T10:48:28Z	Canon DIGITAL IXUS 80 IS	53286791	072G S. Sofia	7930601916	[u'hagia sofia', u'istanbul', u's. sofia', u'turchia', u'turkey']
Istanbul	[56556908, 22724022, 2344116, 29390475, 2347289, 29391294, 23424969, 28350899]	http://www.flickr.com/photos/22828985@N08/7930648694/			False	http://farm9.staticflickr.com/8035/7930648694_f82ba25652.jpg	10	185144369a298f7a5fa5ec6c88e858	jpg	Sergio & Gabriella	Turkey	2012-09-04T16:14:35Z	Attribution-NonCommercial-NoDerivs License	2012-07-03T10:49:45Z	Canon DIGITAL IXUS 80 IS	4519121	074G S. Sofia	7930648694	[u'hagia sofia', u'istanbul', u's. sofia', u'turchia', u'turkey']
Istanbul	[22724020, 2344116, 29390475, 2347289, 23424969, 28350899]	http://www.flickr.com/photos/22828985@N08/7921713906/			False	http://farm9.staticflickr.com/8303/7921713906_c755cce885.jpg	10	d5a873c4993d449b3d7ebe4930f0f115	jpg	Sergio & Gabriella	Turkey	2012-09-03T14:36:36Z	Attribution-NonCommercial-NoDerivs License	2012-07-03T10:49:47Z	Panasonic DMC-FX100	45829849	054S Basilica cisterna	7921713906	[u'istanbul', u'turchia', u'turkey']
Istanbul	[22724020, 2344116, 29390475, 2347289, 23424969, 28350899]	http://www.flickr.com/photos/22828985@N08/7921699238/			False	http://farm9.staticflickr.com/8170/7921699238_e054589f74.jpg	10	b2af511f66c3e45a80d295d2fe10d668	jpg	Sergio & Gabriella	Turkey	2012-09-03T14:34:22Z	Attribution-NonCommercial-NoDerivs License	2012-07-03T10:50:30Z	Panasonic DMC-FX100	81164581	055S Basilica cisterna	7921699238	[u'istanbul', u'turchia', u'turkey']
Istanbul	[22724020, 2344116, 29390475, 2347289, 23424969, 28350899]	http://www.flickr.com/photos/22828985@N08/7921687464/			False	http://farm9.staticflickr.com/8451/7921687464_92bbb38979.jpg	10	e503befd49b3b77e653df104b193	jpg	Sergio & Gabriella	Turkey	2012-09-03T14:32:34Z	Attribution-NonCommercial-NoDerivs License	2012-07-03T10:54:16Z	Panasonic DMC-FX100	88224943	056S Basilica cisterna	7921687464	[u'istanbul', u'turchia', u'turkey']
Istanbul	[56556908, 22724022, 2344116, 29390475, 2347289, 29391294, 23424969, 28350899]	http://www.flickr.com/photos/22828985@N08/7930784060/			False	http://farm9.staticflickr.com/8031/7930784060_c865514789.jpg	11	63bbc6271a482f13fb5ca6d827cfa451	jpg	Sergio & Gabriella	Turkey	2012-09-04T16:37:05Z	Attribution-NonCommercial-NoDerivs License	2012-07-03T11:12:39Z	Canon DIGITAL IXUS 80 IS	81285691	085G S. Sofia	7930784060	[u'hagia sophia', u'istanbul', u's. sofia', u'turchia', u'turkey']
Istanbul	[56556908, 22724022, 2344116, 29390475, 2347289, 29391294, 23424969, 28350899]	http://www.flickr.com/photos/22828985@N08/7921824072/			False	http://farm9.staticflickr.com/8301/7921824072_50b0fe64df.jpg	11	f354fcf448ce042504d58dffda28cca	jpg	Sergio & Gabriella	Turkey	2012-09-03T14:52:55Z	Attribution-NonCommercial-NoDerivs License	2012-07-03T11:19:19Z	Panasonic DMC-FX100	62431651	062S S. Sofia	7921824072	[u'hagia sophia', u'istanbul', u's. sofia', u'turchia', u'turkey']
Istanbul	[56556908, 22724022, 2344116, 29390475, 2347289, 29391294, 23424969, 28350899]	http://www.flickr.com/photos/22828985@N08/7921810132/			False	http://farm9.staticflickr.com/8449/7921810132_df0d36ccc7.jpg	11	8d68cb061638dfe71ed068d6aaf19d	jpg	Sergio & Gabriella	Turkey	2012-09-03T14:50:46Z	Attribution-NonCommercial-NoDerivs License	2012-07-03T11:19:30Z	Panasonic DMC-FX100	63108893	063S S. Sofia	7921810132	[u'hagia sophia', u'istanbul', u's. sofia', u'turchia', u'turkey']
Istanbul	[56556908, 22724022, 2344116, 29390475, 2347289, 29391294, 23424969, 28350899]	http://www.flickr.com/photos/22828985@N08/7921795576/			False	http://farm9.staticflickr.com/8169/7921795576_3335401cb5.jpg	11	bde9e617341721c51d43ba9a52bbd22	jpg	Sergio & Gabriella	Turkey	2012-09-03T14:48:39Z	Attribution-NonCommercial-NoDerivs License	2012-07-03T11:19:41Z	Panasonic DMC-FX100	78893794	064S S. Sofia	7921795576	[u'hagia sophia', u'istanbul', u's. sofia', u'turchia', u'turkey']
Istanbul	[56556908, 22724022, 2344116, 29390475, 2347289, 29391294, 23424969, 28350899]	http://www.flickr.com/photos/22828985@N08/7921780336/			False	http://farm9.staticflickr.com/8305/7921780336_d560527e5f.jpg	11	953d534c3b1a0668d81d04a34eac21	jpg	Sergio & Gabriella	Turkey	2012-09-03T14:46:28Z	Attribution-NonCommercial-NoDerivs License	2012-07-03T11:25:41Z	Panasonic DMC-FX100	87630656	065S S. Sofia	7921780336	[u'hagia sophia', u'istanbul', u's. sofia', u'turchia', u'turkey']
Istanbul	[56556908, 22724022, 2344116, 29390475, 2347289, 29391294, 23424969, 28350899]	http://www.flickr.com/photos/22828985@N08/7921768064/			False	http://farm9.staticflickr.com/8314/7921768064_60a583f586.jpg	11	107c1dac169a7ee8f8d68ed47d3b82ed	jpg	Sergio & Gabriella	Turkey	2012-09-03T14:44:39Z	Attribution-NonCommercial-NoDerivs License	2012-07-03T11:26:56Z	Panasonic DMC-FX100	65234864	066S S. Sofia	7921768064	[u'hagia sophia', u'istanbul', u's. sofia', u'turchia', u'turkey']
Istanbul	[56556908, 22724022, 2344116, 29390475, 2347289, 29391294, 23424969, 28350899]	http://www.flickr.com/photos/22828985@N08/7921754220/			False	http://farm9.staticflickr.com/8311/7921754220_43c75097dd.jpg	11	17065cbc55acb7fe73a09988cfab5	jpg	Sergio & Gabriella	Turkey	2012-09-03T14:42:35Z	Attribution-NonCommercial-NoDerivs License	2012-07-03T11:31:57Z	Panasonic DMC-FX100	95192251	067S S. Sofia	7921754220	[u'hagia sophia', u'istanbul', u's. sofia', u'turchia', u'turkey']
Istanbul	[56556908, 22724022, 2344116, 29390475, 2347289, 29391294, 23424969, 28350899]	http://www.flickr.com/photos/22828985@N08/7921741772/			False	http://farm9.staticflickr.com/8435/7921741772_681660c176.jpg	11	2a1ad0bbb7a2d686b966716f62ad6a6a	jpg	Sergio & Gabriella	Turkey	2012-09-03T14:40:45Z	Attribution-NonCommercial-NoDerivs License	2012-07-03T11:32:07Z	Panasonic DMC-FX100	6452027	068S S. Sofia	7921741772	[u'hagia sophia', u'istanbul', u's. sofia', u'turchia', u'turkey']
Istanbul	[56556908, 22724022, 2344116, 29390475, 2347289, 29391294, 23424969, 28350899]	http://www.flickr.com/photos/22828985@N08/7921727092/			False	http://farm9.staticflickr.com/8179/7921727092_623c8f69ec.jpg	11	2ede82e25f3fcfb1cfbf6ced3af8f974	jpg	Sergio & Gabriella	Turkey	2012-09-03T14:38:35Z	Attribution-NonCommercial-NoDerivs License	2012-07-03T11:37:08Z	Panasonic DMC-FX100	74551447	069S S. Sofia	7921727092	[u'hagia sophia', u'istanbul', u's. sofia', u'turchia', u'turkey']
Istanbul	[56556908, 22724022, 2344116, 29390475, 2347289, 29391294, 23424969, 28350899]	http://www.flickr.com/photos/22828985@N08/7930714934/			False	http://farm9.staticflickr.com/8034/7930714934_7d897d6c9d.jpg	11	97ba36b2a64c30462f8028e1bb9ac4ae	jpg	Sergio & Gabriella	Turkey	2012-09-04T16:25:51Z	Attribution-NonCommercial-NoDerivs License	2012-07-03T11:39:04Z	Panasonic DMC-FX100	89846625	072S S. Sofia	7930714934	[u'hagia sofia', u'istanbul', u's. sofia', u'turchia', u'turkey']
Istanbul	[56556908, 22724022, 2344116, 29390475, 2347289, 29391294, 23424969, 28350899]	http://www.flickr.com/photos/22828985@N08/7930702478/			False	http://farm9.staticflickr.com/8438/7930702478_bb2fdc54e6.jpg	11	3168dce558f88fd812f77b022b8480	jpg	Sergio & Gabriella	Turkey	2012-09-04T16:23:45Z	Attribution-NonCommercial-NoDerivs License	2012-07-03T11:39:45Z	Panasonic DMC-FX100	67176831	073S S. Sofia	7930702478	[u'hagia sofia', u'istanbul', u's. sofia', u'turchia', u'turkey']
Istanbul	[56556908, 22724022, 2344116, 29390475, 2347289, 29391294, 23424969, 28350899]	http://www.flickr.com/photos/22828985@N08/7930592982/			False	http://farm9.staticflickr.com/8317/7930592982_a862b787fd.jpg	11	e8d45ecab8e3c5777339b1f2e8d247	jpg	Sergio & Gabriella	Turkey	2012-09-04T16:05:56Z	Attribution-NonCommercial-NoDerivs License	2012-07-03T11:40:46Z	Panasonic DMC-FX100	29632192	074S S. Sofia	7930592982	[u'hagia sofia', u'istanbul', u's. sofia', u'turchia', u'turkey']
Istanbul	[56556908, 22724022, 2344116, 29390475, 2347289, 29391294, 23424969, 28350899]	http://www.flickr.com/photos/22828985@N08/7930672492/			False	http://farm9.staticflickr.com/8440/7930672492_0aff4c142d.jpg	11	7fc6ee65b8696bf6ad6c977559b4f1a5	jpg	Sergio & Gabriella	Turkey	2012-09-04T16:18:40Z	Attribution-NonCommercial-NoDerivs License	2012-07-03T11:44:25Z	Panasonic DMC-FX100	35390661	075S S. Sofia	7930672492	[u'hagia sofia', u'istanbul', u's. sofia', u'turchia', u'turkey']
Istanbul	[56556908, 22724022, 2344116, 29390475, 2347289, 29391294, 23424969, 28350899]	http://www.flickr.com/photos/22828985@N08/7930660226/			False	http://farm9.staticflickr.com/8314/7930660226_66a9ffd662.jpg	11	5b1af1f93970acd29ad5205e963b860	jpg	Sergio & Gabriella	Turkey	2012-09-04T16:16:30Z	Attribution-NonCommercial-NoDerivs License	2012-07-03T11:44:53Z	Panasonic DMC-FX100	84723068	076S S. Sofia	7930660226	[u'hagia sofia', u'istanbul', u's. sofia', u'turchia', u'turkey']
Istanbul	[56556908, 22724022, 2344116, 29390475, 2347289, 29391294, 23424969, 28350899]	http://www.flickr.com/photos/22828985@N08/7930614148/			False	http://farm9.staticflickr.com/8317/7930614148_74c444dc42.jpg	11	d8577c973afc85a843bec5ba9c3f7144	jpg	Sergio & Gabriella	Turkey	2012-09-04T16:09:12Z	Attribution-NonCommercial-NoDerivs License	2012-07-03T11:45:53Z	Panasonic DMC-FX100	77684711	078S S. Sofia	7930614148	[u'hagia sofia', u'istanbul', u's. sofia', u'turchia', u'turkey']
Istanbul	[56556908, 22724022, 2344116, 29390475, 2347289, 29391294, 23424969, 28350899]	http://www.flickr.com/photos/22828985@N08/7930638550/			False	http://farm9.staticflickr.com/8309/7930638550_f6be722dbd.jpg	11	6f86edeff4845cdf25dc6c591b539363	jpg	Sergio & Gabriella	Turkey	2012-09-04T16:13:01Z	Attribution-NonCommercial-NoDerivs License	2012-07-03T11:46:55Z	Panasonic DMC-FX100	98421853	080S S. Sofia	7930638550	[u'hagia sofia', u'istanbul', u's. sofia', u'turchia', u'turkey']
Istanbul	[56556908, 22724022, 2344116, 29390475, 2347289, 29391294, 23424969, 28350899]	http://www.flickr.com/photos/22828985@N08/7930627740/			False	http://farm9.staticflickr.com/8443/7930627740_f0bec84fdb.jpg	11	e9c65c7df5982de6eff8d2cd81b9b8fa	jpg	Sergio & Gabriella	Turkey	2012-09-04T16:11:18Z	Attribution-NonCommercial-NoDerivs License	2012-07-03T11:52:38Z	Panasonic DMC-FX100	5371814	085S S. Sofia	7930627740	[u'hagia sofia', u'istanbul', u's. sofia', u'turchia', u'turkey']
Istanbul	[56556908, 22724022, 2344116, 29390475, 2347289, 29391294, 23424969, 28350899]	http://www.flickr.com/photos/22828985@N08/7930776218/			False	http://farm9.staticflickr.com/8445/7930776218_088411a678.jpg	11	a54b143d87213595ebc91916f2f2e8a4	jpg	Sergio & Gabriella	Turkey	2012-09-04T16:35:54Z	Attribution-NonCommercial-NoDerivs License	2012-07-03T11:52:54Z	Panasonic DMC-FX100	98026340	086S S. Sofia	7930776218	[u'hagia sophia', u'istanbul', u's. sofia', u'turchia', u'turkey']
Istanbul	[22724041, 2344116, 29390475, 2347289, 23424969, 28350899]	http://www.flickr.com/photos/22828985@N08/7930858000/			False	http://farm9.staticflickr.com/8034/7930858000_5bd6dae018.jpg	13	788ec2af532872e310611e5ac7d88372	jpg	Sergio & Gabriella	Turkey	2012-09-04T16:48:31Z	Attribution-NonCommercial-NoDerivs License	2012-07-03T13:34:44Z	Canon DIGITAL IXUS 80 IS	72788032	092G Bosforo	7930858000	[u'bosforo', u'istanbul', u'turchia', u'turkey']
Istanbul	[22724041, 2344116, 29390475, 2347289, 23424969, 28350899]	http://www.flickr.com/photos/22828985@N08/7930791158/			False	http://farm9.staticflickr.com/8315/7930791158_4ff43844fe.jpg	13	7f2c44b772bbd43954ccc1bcdf851ce4	jpg	Sergio & Gabriella	Turkey	2012-09-04T16:38:11Z	Attribution-NonCommercial-NoDerivs License	2012-07-03T13:39:58Z	Canon DIGITAL IXUS 80 IS	93589157	093G Bosforo	7930791158	[u'bosforo', u'istanbul', u'turchia', u'turkey']
Istanbul	[22724041, 2344116, 29390475, 2347289, 23424969, 28350899]	http://www.flickr.com/photos/22828985@N08/7930845138/			False	http://farm9.staticflickr.com/8170/7930845138_8723408a89.jpg	13	d5c16ee2c82ce338f0a8e8631ae9fc5	jpg	Sergio & Gabriella	Turkey	2012-09-04T16:46:24Z	Attribution-NonCommercial-NoDerivs License	2012-07-03T13:40:23Z	Canon DIGITAL IXUS 80 IS	75057085	094G Bosforo	7930845138	[u'bosforo', u'istanbul', u'turchia', u'turkey']
Istanbul	[22724041, 2344116, 29390475, 2347289, 23424969, 28350899]	http://www.flickr.com/photos/22828985@N08/7930835120/			False	http://farm9.staticflickr.com/8311/7930835120_bd3d6b2d11.jpg	13	f59f32b13e7aeedb2c535bfdb2672c5	jpg	Sergio & Gabriella	Turkey	2012-09-04T16:44:49Z	Attribution-NonCommercial-NoDerivs License	2012-07-03T13:41:46Z	Canon DIGITAL IXUS 80 IS	68418153	095G Bosforo	7930835120	[u'bosforo', u'istanbul', u'turchia', u'turkey']
Istanbul	[22724041, 2344116, 29390475, 2347289, 23424969, 28350899]	http://www.flickr.com/photos/22828985@N08/7930826396/			False	http://farm9.staticflickr.com/8444/7930826396_847c029367.jpg	13	4c12fe11ff5fe94b10c8a1996de4bcfc	jpg	Sergio & Gabriella	Turkey	2012-09-04T16:43:30Z	Attribution-NonCommercial-NoDerivs License	2012-07-03T13:44:23Z	Canon DIGITAL IXUS 80 IS	43098418	097G Bosforo	7930826396	[u'bosforo', u'istanbul', u'turchia', u'turkey']
Istanbul	[22724041, 2344116, 29390475, 2347289, 23424969, 28350899]	http://www.flickr.com/photos/22828985@N08/7930817678/			False	http://farm9.staticflickr.com/8299/7930817678_f8c525eb61.jpg	13	b72b637c8cf506d17d35ffaa496df73	jpg	Sergio & Gabriella	Turkey	2012-09-04T16:42:11Z	Attribution-NonCommercial-NoDerivs License	2012-07-03T13:49:00Z	Canon DIGITAL IXUS 80 IS	72736229	099G Bosforo	7930817678	[u'bosforo', u'istanbul', u'turchia', u'turkey']
Istanbul	[22724041, 2344116, 29390475, 2347289, 23424969, 28350899]	http://www.flickr.com/photos/22828985@N08/7930808654/			False	http://farm9.staticflickr.com/8300/7930808654_58b69e1ee2.jpg	13	69e5df4324014c6215418b2b7c3985d	jpg	Sergio & Gabriella	Turkey	2012-09-04T16:40:50Z	Attribution-NonCommercial-NoDerivs License	2012-07-03T13:50:49Z	Canon DIGITAL IXUS 80 IS	63193768	101G Bosforo	7930808654	[u'bosforo', u'istanbul', u'turchia', u'turkey']
Istanbul	[22724041, 2344116, 29390475, 2347289, 23424969, 28350899]	http://www.flickr.com/photos/22828985@N08/7930799618/			False	http://farm9.staticflickr.com/8034/7930799618_e277148fce.jpg	13	e55ff921e671ebb2bb282582b69c1ab	jpg	Sergio & Gabriella	Turkey	2012-09-04T16:39:28Z	Attribution-NonCommercial-NoDerivs License	2012-07-03T13:54:46Z	Canon DIGITAL IXUS 80 IS	96726622	103G Bosforo	7930799618	[u'bosforo', u'istanbul', u'turchia', u'turkey']
Istanbul	[22724041, 2344116, 29390475, 2347289, 23424969, 28350899]	http://www.flickr.com/photos/22828985@N08/7937156468/			False	http://farm9.staticflickr.com/8462/7937156468_d193933ac8.jpg	13	e3155b9369b399454e58cfafbe608187	jpg	Sergio & Gabriella	Turkey	2012-09-05T14:34:24Z	Attribution-NonCommercial-NoDerivs License	2012-07-03T13:56:01Z	Canon DIGITAL IXUS 80 IS	61060294	104G Bosforo	7937156468	[u'bosforo', u'istanbul', u'turchia', u'turkey']
Istanbul	[22724041, 2344116, 29390475, 2347289, 23424969, 28350899]	http://www.flickr.com/photos/22828985@N08/7937148992/			False	http://farm9.staticflickr.com/8436/7937148992_9e72e27ba6.jpg	14	34cc919ecb1bab653bead22146b91d1	jpg	Sergio & Gabriella	Turkey	2012-09-05T14:33:06Z	Attribution-NonCommercial-NoDerivs License	2012-07-03T14:03:16Z	Canon DIGITAL IXUS 80 IS	63659033	106G Bosforo	7937148992	[u'bosforo', u'istanbul', u'turchia', u'turkey']
Istanbul	[22724041, 2344116, 29390475, 2347289, 23424969, 28350899]	http://www.flickr.com/photos/22828985@N08/7937140346/			False	http://farm9.staticflickr.com/8453/7937140346_3df1383b24.jpg	14	ee4f7a869f39fc54f9aaf848555444d5	jpg	Sergio & Gabriella	Turkey	2012-09-05T14:31:32Z	Attribution-NonCommercial-NoDerivs License	2012-07-03T14:04:10Z	Canon DIGITAL IXUS 80 IS	97405751	107G Bosforo	7937140346	[u'bosforo', u'istanbul', u'turchia', u'turkey']
Istanbul	[22724041, 2344116, 29390475, 2347289, 23424969, 28350899]	http://www.flickr.com/photos/22828985@N08/7930894410/			False	http://farm9.staticflickr.com/8311/7930894410_1d3bc7f5c4.jpg	14	a64cc5f8e2b1449b10c256c579f7cb2a	jpg	Sergio & Gabriella	Turkey	2012-09-04T16:54:17Z	Attribution-NonCommercial-NoDerivs License	2012-07-03T14:09:22Z	Panasonic DMC-FX100	95418197	089S Bosforo	7930894410	[u'bosforo', u'istanbul', u'turchia', u'turkey']
Istanbul	[22724041, 2344116, 29390475, 2347289, 23424969, 28350899]	http://www.flickr.com/photos/22828985@N08/7937132438/			False	http://farm9.staticflickr.com/8455/7937132438_320d174496.jpg	14	fd73f23ac4dd1f54e1b16916f3751f	jpg	Sergio & Gabriella	Turkey	2012-09-05T14:30:06Z	Attribution-NonCommercial-NoDerivs License	2012-07-03T14:11:14Z	Canon DIGITAL IXUS 80 IS	27852956	108G Bosforo	7937132438	[u'bosforo', u'istanbul', u'turchia', u'turkey']
Istanbul	[22724041, 2344116, 29390475, 2347289, 23424969, 28350899]	http://www.flickr.com/photos/22828985@N08/7937064680/			False	http://farm9.staticflickr.com/8453/7937064680_ec3a00fb81.jpg	14	3b356e4d981d6f969ecd9bc37951b8b6	jpg	Sergio & Gabriella	Turkey	2012-09-05T14:17:34Z	Attribution-NonCommercial-NoDerivs License	2012-07-03T14:18:10Z	Canon DIGITAL IXUS 80 IS	70454293	109G Bosforo	7937064680	[u'bosforo', u'istanbul', u'turchia', u'turkey']
Istanbul	[22724041, 2344116, 29390475, 2347289, 23424969, 28350899]	http://www.flickr.com/photos/22828985@N08/7937057456/			False	http://farm9.staticflickr.com/8441/7937057456_082d58c6c5.jpg	14	bfd14f3cf3ae54bba25e60dc389f2ade	jpg	Sergio & Gabriella	Turkey	2012-09-05T14:16:13Z	Attribution-NonCommercial-NoDerivs License	2012-07-03T14:25:17Z	Canon DIGITAL IXUS 80 IS	95799447	112G Bosforo	7937057456	[u'bosforo', u'istanbul', u'turchia', u'turkey']
Istanbul	[22724041, 2344116, 29390475, 2347289, 23424969, 28350899]	http://www.flickr.com/photos/22828985@N08/7930882072/			False	http://farm9.staticflickr.com/8029/7930882072_9b7efd5a80.jpg	14	3e8b7c61f3172938fe6e824fb12db018	jpg	Sergio & Gabriella	Turkey	2012-09-04T16:52:18Z	Attribution-NonCommercial-NoDerivs License	2012-07-03T14:35:39Z	Panasonic DMC-FX100	46829988	091S Bosforo	7930882072	[u'bosforo', u'istanbul', u'turchia', u'turkey']
Istanbul	[22724041, 2344116, 29390475, 2347289, 23424969, 28350899]	http://www.flickr.com/photos/22828985@N08/7930870278/			False	http://farm9.staticflickr.com/8314/7930870278_981de96bf3.jpg	14	f4f711e4e855aa4a37d746d8cea52c6f	jpg	Sergio & Gabriella	Turkey	2012-09-04T16:50:26Z	Attribution-NonCommercial-NoDerivs License	2012-07-03T14:36:34Z	Panasonic DMC-FX100	87313547	092S Bosforo	7930870278	[u'bosforo', u'istanbul', u'turchia', u'turkey']
Istanbul	[22724041, 2344116, 29390475, 2347289, 23424969, 28350899]	http://www.flickr.com/photos/22828985@N08/7937102298/			False	http://farm9.staticflickr.com/8460/7937102298_32c6a01462.jpg	14	3d2d7db5a2cae1df47da430b581990	jpg	Sergio & Gabriella	Turkey	2012-09-05T14:24:32Z	Attribution-NonCommercial-NoDerivs License	2012-07-03T14:40:13Z	Canon DIGITAL IXUS 80 IS	91353460	119G Bosforo	7937102298	[u'bosforo', u'istanbul', u'turchia', u'turkey']
Istanbul	[22724041, 2344116, 29390475, 2347289, 23424969, 28350899]	http://www.flickr.com/photos/22828985@N08/7937095666/			False	http://farm9.staticflickr.com/8455/7937095666_b2ca6c0cff.jpg	14	ad768aa9c997d355c851be342414d	jpg	Sergio & Gabriella	Turkey	2012-09-05T14:23:14Z	Attribution-NonCommercial-NoDerivs License	2012-07-03T14:47:57Z	Panasonic DMC-FX100	28049494	094S Bosforo	7937095666	[u'bosforo', u'istanbul', u'turchia', u'turkey']
Istanbul	[22724041, 2344116, 29390475, 2347289, 23424969, 28350899]	http://www.flickr.com/photos/22828985@N08/7937085182/			False	http://farm9.staticflickr.com/8299/7937085182_8b14ae4012.jpg	14	8dc51ece1814f64c61ba593dd1eae188	jpg	Sergio & Gabriella	Turkey	2012-09-05T14:21:20Z	Attribution-NonCommercial-NoDerivs License	2012-07-03T14:50:50Z	Panasonic DMC-FX100	63955527	096S Bosforo	7937085182	[u'bosforo', u'istanbul', u'turchia', u'turkey']
Istanbul	[2343552, 2344116, 29390475, 2347289, 23424969, 28350899]	http://www.flickr.com/photos/22828985@N08/7937186822/			False	http://farm9.staticflickr.com/8182/7937186822_905f2a8bec.jpg	15	94874646a747c39f10dca0a813e64b0	jpg	Sergio & Gabriella	Turkey	2012-09-05T14:40:00Z	Attribution-NonCommercial-NoDerivs License	2012-07-03T15:18:41Z	Canon DIGITAL IXUS 80 IS	74555975	120G Istanbul	7937186822	[u'istanbul', u'turchia', u'turkey']
Istanbul	[22724041, 2344116, 29390475, 2347289, 23424969, 28350899]	http://www.flickr.com/photos/22828985@N08/7937124836/			False	http://farm9.staticflickr.com/8455/7937124836_f7775fce3d.jpg	15	1d6f223927b4a6b2b0bf02dc393be	jpg	Sergio & Gabriella	Turkey	2012-09-05T14:28:43Z	Attribution-NonCommercial-NoDerivs License	2012-07-03T15:19:13Z	Panasonic DMC-FX100	96902419	097S Bosforo	7937124836	[u'bosforo', u'istanbul', u'turchia', u'turkey']
Istanbul	[22724041, 2344116, 29390475, 2347289, 23424969, 28350899]	http://www.flickr.com/photos/22828985@N08/7937075422/			False	http://farm9.staticflickr.com/8450/7937075422_d590d48f2c.jpg	15	eb865a7f654110fae83eef18a046d8e	jpg	Sergio & Gabriella	Turkey	2012-09-05T14:19:32Z	Attribution-NonCommercial-NoDerivs License	2012-07-03T15:33:02Z	Panasonic DMC-FX100	77244255	099S Bosforo	7937075422	[u'bosforo', u'istanbul', u'turchia', u'turkey']
Istanbul	[22724041, 2344116, 29390475, 2347289, 23424969, 28350899]	http://www.flickr.com/photos/22828985@N08/7937113204/			False	http://farm9.staticflickr.com/8300/7937113204_e1710774c0.jpg	15	c87b556f585e14dafb267efad2fd5a84	jpg	Sergio & Gabriella	Turkey	2012-09-05T14:26:33Z	Attribution-NonCommercial-NoDerivs License	2012-07-03T15:34:12Z	Panasonic DMC-FX100	93429084	101S Bosforo	7937113204	[u'bosforo', u'istanbul', u'turchia', u'turkey']
Istanbul	[22450396, 2343552, 2344116, 29390475, 2347289, 29391294, 23424969, 28350899]	http://www.flickr.com/photos/22828985@N08/7937266274/			False	http://farm9.staticflickr.com/8170/7937266274_31ee36f4ab.jpg	15	afaa404d9288d2fbe14eb47ebe576aec	jpg	Sergio & Gabriella	Turkey	2012-09-05T14:54:38Z	Attribution-NonCommercial-NoDerivs License	2012-07-03T15:34:26Z	Canon DIGITAL IXUS 80 IS	85351540	121G Gran Bazaar	7937266274	[u'gran bazaar', u'istanbul', u'turchia', u'turkey']
Istanbul	[22450396, 2343552, 2344116, 29390475, 2347289, 29391294, 23424969, 28350899]	http://www.flickr.com/photos/22828985@N08/7937194598/			False	http://farm9.staticflickr.com/8037/7937194598_0bf9870b3b.jpg	15	3cf8567d9b53b463b06fb253f389b0bc	jpg	Sergio & Gabriella	Turkey	2012-09-05T14:41:27Z	Attribution-NonCommercial-NoDerivs License	2012-07-03T15:46:48Z	Canon DIGITAL IXUS 80 IS	79061690	124G Gran Bazaar	7937194598	[u'gran bazaar', u'istanbul', u'turchia', u'turkey']
Istanbul	[22450396, 2343552, 2344116, 29390475, 2347289, 29391294, 23424969, 28350899]	http://www.flickr.com/photos/22828985@N08/7937202054/			False	http://farm9.staticflickr.com/8170/7937202054_7beb371364.jpg	15	955854ef6b6b6d198972358ae7cb83d	jpg	Sergio & Gabriella	Turkey	2012-09-05T14:42:48Z	Attribution-NonCommercial-NoDerivs License	2012-07-03T15:48:14Z	Canon DIGITAL IXUS 80 IS	69764318	126G Gran Bazaar	7937202054	[u'gran bazaar', u'istanbul', u'turchia', u'turkey']
Istanbul	[22450396, 2343552, 2344116, 29390475, 2347289, 29391294, 23424969, 28350899]	http://www.flickr.com/photos/22828985@N08/7937236246/			False	http://farm9.staticflickr.com/8450/7937236246_2f50d520ac.jpg	15	7c7cfd6bb6f44de2d3a192f5341a3	jpg	Sergio & Gabriella	Turkey	2012-09-05T14:49:08Z	Attribution-NonCommercial-NoDerivs License	2012-07-03T15:51:05Z	Canon DIGITAL IXUS 80 IS	53702827	127G Gran Bazaar	7937236246	[u'gran bazaar', u'istanbul', u'turchia', u'turkey']
Istanbul	[22450396, 2343552, 2344116, 29390475, 2347289, 29391294, 23424969, 28350899]	http://www.flickr.com/photos/22828985@N08/7937228328/			False	http://farm9.staticflickr.com/8042/7937228328_c48e280ed7.jpg	15	ed2eede8dded8491ca817c93a188b440	jpg	Sergio & Gabriella	Turkey	2012-09-05T14:47:43Z	Attribution-NonCommercial-NoDerivs License	2012-07-03T15:54:20Z	Canon DIGITAL IXUS 80 IS	91049917	128G Gran Bazaar	7937228328	[u'gran bazaar', u'istanbul', u'turchia', u'turkey']
Istanbul	[22450396, 2343552, 2344116, 29390475, 2347289, 29391294, 23424969, 28350899]	http://www.flickr.com/photos/22828985@N08/7937219476/			False	http://farm9.staticflickr.com/8169/7937219476_5b43f7fea6.jpg	15	15eaf436ecac3cccc2c2d53d4512c39	jpg	Sergio & Gabriella	Turkey	2012-09-05T14:46:01Z	Attribution-NonCommercial-NoDerivs License	2012-07-03T15:58:36Z	Canon DIGITAL IXUS 80 IS	66287819	129G Gran Bazaar	7937219476	[u'gran bazaar', u'istanbul', u'turchia', u'turkey']
Istanbul	[22450396, 2343552, 2344116, 29390475, 2347289, 29391294, 23424969, 28350899]	http://www.flickr.com/photos/22828985@N08/7937209808/			False	http://farm9.staticflickr.com/8461/7937209808_82a0f747a7.jpg	16	38b54fc611656239fdea247bb8e15b	jpg	Sergio & Gabriella	Turkey	2012-09-05T14:44:14Z	Attribution-NonCommercial-NoDerivs License	2012-07-03T16:00:20Z	Canon DIGITAL IXUS 80 IS	79077612	130G Gran Bazaar	7937209808	[u'gran bazaar', u'istanbul', u'turchia', u'turkey']
Istanbul	[22450396, 2343552, 2344116, 29390475, 2347289, 29391294, 23424969, 28350899]	http://www.flickr.com/photos/22828985@N08/7937426846/			False	http://farm9.staticflickr.com/8175/7937426846_90e6b354d2.jpg	16	1b3ee76b8aa6419b4b99a61328fa71a	jpg	Sergio & Gabriella	Turkey	2012-09-05T15:23:09Z	Attribution-NonCommercial-NoDerivs License	2012-07-03T16:04:51Z	Canon DIGITAL IXUS 80 IS	93825289	133G Gran Bazaar	7937426846	[u'gran bazaar', u'istanbul', u'turchia', u'turkey']
Istanbul	[22450396, 2343552, 2344116, 29390475, 2347289, 29391294, 23424969, 28350899]	http://www.flickr.com/photos/22828985@N08/7937417892/			False	http://farm9.staticflickr.com/8297/7937417892_d38aa0ca6e.jpg	16	7e832eb4a76f8176e7d33666bacc4	jpg	Sergio & Gabriella	Turkey	2012-09-05T15:21:37Z	Attribution-NonCommercial-NoDerivs License	2012-07-03T16:05:52Z	Canon DIGITAL IXUS 80 IS	79600686	134G Gran Bazaar	7937417892	[u'gran bazaar', u'istanbul', u'turchia', u'turkey']
Istanbul	[22450396, 2343552, 2344116, 29390475, 2347289, 29391294, 23424969, 28350899]	http://www.flickr.com/photos/22828985@N08/7937408866/			False	http://farm9.staticflickr.com/8171/7937408866_2501a574d4.jpg	16	816e335fab311771125d9d5cc9f3b94	jpg	Sergio & Gabriella	Turkey	2012-09-05T15:20:02Z	Attribution-NonCommercial-NoDerivs License	2012-07-03T16:09:28Z	Canon DIGITAL IXUS 80 IS	86821082	135G Gran Bazaar	7937408866	[u'gran bazaar', u'istanbul', u'turchia', u'turkey']
Istanbul	[22450396, 2343552, 2344116, 29390475, 2347289, 29391294, 23424969, 28350899]	http://www.flickr.com/photos/22828985@N08/7937400232/			False	http://farm9.staticflickr.com/8441/7937400232_88962242be.jpg	16	f0f65361babebc038935cbc3dd78ef	jpg	Sergio & Gabriella	Turkey	2012-09-05T15:18:28Z	Attribution-NonCommercial-NoDerivs License	2012-07-03T16:11:05Z	Canon DIGITAL IXUS 80 IS	74834815	136G Gran Bazaar	7937400232	[u'gran bazaar', u'istanbul', u'turchia', u'turkey']
Istanbul	[22450396, 2343552, 2344116, 29390475, 2347289, 29391294, 23424969, 28350899]	http://www.flickr.com/photos/22828985@N08/7937319260/			False	http://farm9.staticflickr.com/8319/7937319260_47d34b3cd4.jpg	16	c7b729fbbb4cb0cd8163f75cb0a0214b	jpg	Sergio & Gabriella	Turkey	2012-09-05T15:04:33Z	Attribution-NonCommercial-NoDerivs License	2012-07-03T16:20:17Z	Canon DIGITAL IXUS 80 IS	70432972	138G Gran Bazaar	7937319260	[u'gran bazaar', u'istanbul', u'turchia', u'turkey']
Istanbul	[22450396, 2343552, 2344116, 29390475, 2347289, 29391294, 23424969, 28350899]	http://www.flickr.com/photos/22828985@N08/7937276248/			False	http://farm9.staticflickr.com/8296/7937276248_fc8aa6f631.jpg	16	6df69faf891f95cdc78dec57a852e0e7	jpg	Sergio & Gabriella	Turkey	2012-09-05T14:56:35Z	Attribution-NonCommercial-NoDerivs License	2012-07-03T16:30:04Z	Panasonic DMC-FX100	91346404	104S Gran Bazaar	7937276248	[u'gran bazaar', u'istanbul', u'turchia', u'turkey']
Istanbul	[22450396, 2343552, 2344116, 29390475, 2347289, 29391294, 23424969, 28350899]	http://www.flickr.com/photos/22828985@N08/7937515924/			False	http://farm9.staticflickr.com/8316/7937515924_8795d88a55.jpg	16	45bc2d9e5c68a76f3765bb64752b7551	jpg	Sergio & Gabriella	Turkey	2012-09-05T15:38:11Z	Attribution-NonCommercial-NoDerivs License	2012-07-03T16:31:25Z	Canon DIGITAL IXUS 80 IS	18911039	140G Gran Bazaar	7937515924	[u'gran bazaar', u'istanbul', u'turchia', u'turkey']
Istanbul	[22450396, 2343552, 2344116, 29390475, 2347289, 29391294, 23424969, 28350899]	http://www.flickr.com/photos/22828985@N08/7937258754/			False	http://farm9.staticflickr.com/8170/7937258754_968d6b269c.jpg	16	1eb9ec6b26a66f45de4be989dc65276	jpg	Sergio & Gabriella	Turkey	2012-09-05T14:53:12Z	Attribution-NonCommercial-NoDerivs License	2012-07-03T16:31:36Z	Panasonic DMC-FX100	98803542	105S Gran Bazaar	7937258754	[u'gran bazaar', u'istanbul', u'turchia', u'turkey']
Istanbul	[22450396, 2343552, 2344116, 29390475, 2347289, 29391294, 23424969, 28350899]	http://www.flickr.com/photos/22828985@N08/7937506868/			False	http://farm9.staticflickr.com/8036/7937506868_b2495b1572.jpg	16	a9603bdedd6da2858e7a6855551d7c4	jpg	Sergio & Gabriella	Turkey	2012-09-05T15:36:34Z	Attribution-NonCommercial-NoDerivs License	2012-07-03T16:32:06Z	Canon DIGITAL IXUS 80 IS	89000104	141G Gran Bazaar	7937506868	[u'gran bazaar', u'istanbul', u'turchia', u'turkey']
Istanbul	[22450396, 2343552, 2344116, 29390475, 2347289, 29391294, 23424969, 28350899]	http://www.flickr.com/photos/22828985@N08/7937462862/			False	http://farm9.staticflickr.com/8312/7937462862_87dfaaafcb.jpg	16	91c53542f9c642b289c065128d563ddc	jpg	Sergio & Gabriella	Turkey	2012-09-05T15:29:09Z	Attribution-NonCommercial-NoDerivs License	2012-07-03T16:40:50Z	Canon DIGITAL IXUS 80 IS	91546396	142G Istanbul	7937462862	[u'istanbul', u'turchia', u'turkey']
Istanbul	[22450396, 2343552, 2344116, 29390475, 2347289, 29391294, 23424969, 28350899]	http://www.flickr.com/photos/22828985@N08/7937248070/			False	http://farm9.staticflickr.com/8322/7937248070_c75a800428.jpg	16	d4a0d8fc4a65d71ba2ce98d8c8d844	jpg	Sergio & Gabriella	Turkey	2012-09-05T14:51:15Z	Attribution-NonCommercial-NoDerivs License	2012-07-03T16:44:46Z	Panasonic DMC-FX100	3737427	107S Gran Bazaar	7937248070	[u'gran bazaar', u'istanbul', u'turchia', u'turkey']
Istanbul	[22450396, 2343552, 2344116, 29390475, 2347289, 29391294, 23424969, 28350899]	http://www.flickr.com/photos/22828985@N08/7937390592/			False	http://farm9.staticflickr.com/8300/7937390592_cd9dd2d393.jpg	16	aecd3874fd1fbe782c2b586feb644fea	jpg	Sergio & Gabriella	Turkey	2012-09-05T15:16:48Z	Attribution-NonCommercial-NoDerivs License	2012-07-03T16:47:06Z	Panasonic DMC-FX100	99475409	108S Gran Bazaar	7937390592	[u'gran bazaar', u'istanbul', u'turchia', u'turkey']
Istanbul	[22450396, 2343552, 2344116, 29390475, 2347289, 29391294, 23424969, 28350899]	http://www.flickr.com/photos/22828985@N08/7937378338/			False	http://farm9.staticflickr.com/8305/7937378338_327be32d49.jpg	17	32b05294bdb9c06f712d3bdc5bc5d2b3	jpg	Sergio & Gabriella	Turkey	2012-09-05T15:14:45Z	Attribution-NonCommercial-NoDerivs License	2012-07-03T17:00:37Z	Panasonic DMC-FX100	84112352	113S Gran Bazaar	7937378338	[u'gran bazaar', u'istanbul', u'turchia', u'turkey']
Istanbul	[22450396, 2343552, 2344116, 29390475, 2347289, 29391294, 23424969, 28350899]	http://www.flickr.com/photos/22828985@N08/7937366704/			False	http://farm9.staticflickr.com/8313/7937366704_09bc6b7a21.jpg	17	4cb95636fadeb672f5d567fe7c7b	jpg	Sergio & Gabriella	Turkey	2012-09-05T15:12:46Z	Attribution-NonCommercial-NoDerivs License	2012-07-03T17:08:13Z	Panasonic DMC-FX100	98860861	115S Gran Bazaar	7937366704	[u'gran bazaar', u'istanbul', u'turchia', u'turkey']
Istanbul	[22450396, 2343552, 2344116, 29390475, 2347289, 29391294, 23424969, 28350899]	http://www.flickr.com/photos/22828985@N08/7937354902/			False	http://farm9.staticflickr.com/8441/7937354902_21ebc33efb.jpg	17	89a3eac9d0d27e99c129dde7391e0a8	jpg	Sergio & Gabriella	Turkey	2012-09-05T15:10:46Z	Attribution-NonCommercial-NoDerivs License	2012-07-03T17:12:56Z	Panasonic DMC-FX100	61313461	116S Gran Bazaar	7937354902	[u'gran bazaar', u'istanbul', u'turchia', u'turkey']
Istanbul	[22450396, 2343552, 2344116, 29390475, 2347289, 29391294, 23424969, 28350899]	http://www.flickr.com/photos/22828985@N08/7937330034/			False	http://farm9.staticflickr.com/8302/7937330034_8184ef5eb0.jpg	17	4c431a1c577cc5b7195cf728fe26a4	jpg	Sergio & Gabriella	Turkey	2012-09-05T15:06:29Z	Attribution-NonCommercial-NoDerivs License	2012-07-03T17:13:41Z	Panasonic DMC-FX100	10725355	117S Gran Bazaar	7937330034	[u'gran bazaar', u'istanbul', u'turchia', u'turkey']
Istanbul	[22450396, 2343552, 2344116, 29390475, 2347289, 29391294, 23424969, 28350899]	http://www.flickr.com/photos/22828985@N08/7937341848/			False	http://farm9.staticflickr.com/8181/7937341848_eea8682df6.jpg	17	fc841acae94af5bd1ef06bc3b677bc	jpg	Sergio & Gabriella	Turkey	2012-09-05T15:08:32Z	Attribution-NonCommercial-NoDerivs License	2012-07-03T17:25:00Z	Panasonic DMC-FX100	68615452	119S Gran Bazaar	7937341848	[u'gran bazaar', u'istanbul', u'turchia', u'turkey']
Istanbul	[22450396, 2343552, 2344116, 29390475, 2347289, 29391294, 23424969, 28350899]	http://www.flickr.com/photos/22828985@N08/7937498016/			False	http://farm9.staticflickr.com/8460/7937498016_c01081ca94.jpg	17	5fa7bfe6d868db9af084ff46cf596f	jpg	Sergio & Gabriella	Turkey	2012-09-05T15:35:03Z	Attribution-NonCommercial-NoDerivs License	2012-07-03T17:38:18Z	Panasonic DMC-FX100	95452267	123S Gran Bazaar	7937498016	[u'gran bazaar', u'istanbul', u'turchia', u'turkey']
Istanbul	[22450396, 2343552, 2344116, 29390475, 2347289, 29391294, 23424969, 28350899]	http://www.flickr.com/photos/22828985@N08/7937486180/			False	http://farm9.staticflickr.com/8033/7937486180_370a149da8.jpg	17	3066d7a4536585c3cebd993ea6681d8	jpg	Sergio & Gabriella	Turkey	2012-09-05T15:33:05Z	Attribution-NonCommercial-NoDerivs License	2012-07-03T17:38:47Z	Panasonic DMC-FX100	90634831	124S Gran Bazaar	7937486180	[u'istanbul', u'turchia', u'turkey']
Istanbul	[22450396, 2343552, 2344116, 29390475, 2347289, 29391294, 23424969, 28350899]	http://www.flickr.com/photos/22828985@N08/7937474238/			False	http://farm9.staticflickr.com/8035/7937474238_4a44788b54.jpg	17	ed6714ddb3e4234a66f979a24d5e546d	jpg	Sergio & Gabriella	Turkey	2012-09-05T15:31:03Z	Attribution-NonCommercial-NoDerivs License	2012-07-03T17:49:02Z	Panasonic DMC-FX100	74881452	125S Istanbul	7937474238	[u'istanbul', u'turchia', u'turkey']
