town_s	woe_is	urlpage_s	machine_ss	desc_ws	video_b	url_s	hour_i	hash_s	ext_s	user_s	country_s	upload_dt	license_s	taken_dt	device_s	line_i	title_s	id	tag_ss
Istanbul	[2343666, 2344116, 29390475, 2347289, 23424969, 28350899]	http://www.flickr.com/photos/36298222@N00/4183966321/			False	http://farm3.staticflickr.com/2792/4183966321_c35fdb5b82.jpg	10	58b8c8ad8135153bfcc7d7ad487d0fa	jpg	Chiva Congelado	Turkey	2009-12-14T11:59:34Z	Attribution-NonCommercial-ShareAlike License	2009-12-14T10:14:59Z	Nokia N86 8MP	81441285	Sun over the Bosphorus	4183966321	[u'istanbul', u'turkey']
Istanbul	[2343666, 2344116, 29390475, 2347289, 23424969, 28350899]	http://www.flickr.com/photos/36298222@N00/4184727616/			False	http://farm5.staticflickr.com/4038/4184727616_94b8b2f463.jpg	10	a39cf6eefecf8835fcbf1bff37f4f0	jpg	Chiva Congelado	Turkey	2009-12-14T12:00:04Z	Attribution-NonCommercial-ShareAlike License	2009-12-14T10:15:09Z	Nokia N86 8MP	76165212	Arch at Ciragan Palace	4184727616	[u'istanbul', u'turkey']
Istanbul	[2343666, 2344116, 29390475, 2347289, 23424969, 28350899]	http://www.flickr.com/photos/36298222@N00/4184730360/			False	http://farm3.staticflickr.com/2552/4184730360_3ee069ecef.jpg	10	37e8c12ed72f2b1fabac9803b44bd4e	jpg	Chiva Congelado	Turkey	2009-12-14T12:01:47Z	Attribution-NonCommercial-ShareAlike License	2009-12-14T10:19:47Z	Nokia N86 8MP	67881489	Pool, Sun and Bosphorus straits	4184730360	[u'istanbul', u'turkey']
Istanbul	[22724032, 2344116, 29390475, 2347289, 23424969, 28350899]	http://www.flickr.com/photos/36298222@N00/4183970357/			False	http://farm3.staticflickr.com/2533/4183970357_79ac3e6ab5.jpg	10	4aa111caa8a9b869a84652e38e19674	jpg	Chiva Congelado	Turkey	2009-12-14T12:02:12Z	Attribution-NonCommercial-ShareAlike License	2009-12-14T10:44:43Z	Nokia N86 8MP	75469775	Blue Mosque	4183970357	[u'istanbul', u'turkey']
Istanbul	[22450344, 22724021, 2344116, 29390475, 2347289, 29391294, 23424969, 28350899]	http://www.flickr.com/photos/36298222@N00/4184732138/			False	http://farm3.staticflickr.com/2782/4184732138_8cdafdb2f1.jpg	10	b72811b9821adda0f13a5697934972	jpg	Chiva Congelado	Turkey	2009-12-14T12:02:50Z	Attribution-NonCommercial-ShareAlike License	2009-12-14T10:46:22Z	Nokia N86 8MP	97691450	Blue Mosque	4184732138	[u'istanbul', u'turkey']
Istanbul	[22450344, 22724021, 2344116, 29390475, 2347289, 29391294, 23424969, 28350899]	http://www.flickr.com/photos/36298222@N00/4184732380/			False	http://farm3.staticflickr.com/2686/4184732380_ee45a966bc.jpg	10	cfb319aef42525d3258864a22ccc8db8	jpg	Chiva Congelado	Turkey	2009-12-14T12:02:59Z	Attribution-NonCommercial-ShareAlike License	2009-12-14T10:47:14Z	Nokia N86 8MP	83478466	Entering the courtyard	4184732380	[u'istanbul', u'turkey']
Istanbul	[22450344, 22724021, 2344116, 29390475, 2347289, 29391294, 23424969, 28350899]	http://www.flickr.com/photos/36298222@N00/4184732702/			False	http://farm3.staticflickr.com/2597/4184732702_7e6b6fb02e.jpg	10	c79290c2a2b3f34f2fbf2d4b0d2cd6a	jpg	Chiva Congelado	Turkey	2009-12-14T12:03:12Z	Attribution-NonCommercial-ShareAlike License	2009-12-14T10:47:25Z	Nokia N86 8MP	94744364	Minaret	4184732702	[u'istanbul', u'turkey']
Istanbul	[22724032, 2344116, 29390475, 2347289, 23424969, 28350899]	http://www.flickr.com/photos/36298222@N00/4184732892/			False	http://farm5.staticflickr.com/4010/4184732892_064522b5e3.jpg	10	c611af7029563a95ddde554b68a6b7	jpg	Chiva Congelado	Turkey	2009-12-14T12:03:21Z	Attribution-NonCommercial-ShareAlike License	2009-12-14T10:48:27Z	Nokia N86 8MP	89385793	Minaret in the courtyard	4184732892	[u'istanbul', u'turkey']
Istanbul	[22724032, 2344116, 29390475, 2347289, 23424969, 28350899]	http://www.flickr.com/photos/36298222@N00/4184733088/			False	http://farm5.staticflickr.com/4011/4184733088_a098a99703.jpg	10	c219226afc05c39314bd38d54da83fe	jpg	Chiva Congelado	Turkey	2009-12-14T12:03:29Z	Attribution-NonCommercial-ShareAlike License	2009-12-14T10:48:39Z	Nokia N86 8MP	41595671	Minaret in the courtyard	4184733088	[u'istanbul', u'turkey']
Istanbul	[22450426, 22724021, 2344116, 29390475, 2347289, 29391294, 23424969, 28350899]	http://www.flickr.com/photos/36298222@N00/4184733638/			False	http://farm3.staticflickr.com/2491/4184733638_9638649408.jpg	10	454f4ed2f4765ce124f5ecfd59d5f9d	jpg	Chiva Congelado	Turkey	2009-12-14T12:03:51Z	Attribution-NonCommercial-ShareAlike License	2009-12-14T10:52:23Z	Nokia N86 8MP	74435656	Inside the Blue Mosque	4184733638	[u'istanbul', u'turkey']
Istanbul	[22450426, 22724021, 2344116, 29390475, 2347289, 29391294, 23424969, 28350899]	http://www.flickr.com/photos/36298222@N00/4183973431/			False	http://farm5.staticflickr.com/4009/4183973431_7fffdcfeff.jpg	10	eb6c6a5ac2b9a432980ece2c76c3792	jpg	Chiva Congelado	Turkey	2009-12-14T12:04:08Z	Attribution-NonCommercial-ShareAlike License	2009-12-14T10:53:01Z	Nokia N86 8MP	21254007	Inside the Blue Mosque	4183973431	[u'istanbul', u'turkey']
Istanbul	[22450426, 22724021, 2344116, 29390475, 2347289, 29391294, 23424969, 28350899]	http://www.flickr.com/photos/36298222@N00/4184734350/			False	http://farm5.staticflickr.com/4001/4184734350_734b32fa5c.jpg	10	34ac8cf8be65cd965655b701e2bc6d8	jpg	Chiva Congelado	Turkey	2009-12-14T12:04:18Z	Attribution-NonCommercial-ShareAlike License	2009-12-14T10:53:18Z	Nokia N86 8MP	81207958	Inside the Blue Mosque	4184734350	[u'istanbul', u'turkey']
Istanbul	[22450426, 22724021, 2344116, 29390475, 2347289, 29391294, 23424969, 28350899]	http://www.flickr.com/photos/36298222@N00/4184734720/			False	http://farm5.staticflickr.com/4046/4184734720_0a2d8bc82a.jpg	10	bb22be10396fe3a76ce73643c38a2e4	jpg	Chiva Congelado	Turkey	2009-12-14T12:04:32Z	Attribution-NonCommercial-ShareAlike License	2009-12-14T10:53:45Z	Nokia N86 8MP	72642193	Inside the Blue Mosque	4184734720	[u'istanbul', u'turkey']
Istanbul	[22450426, 22724021, 2344116, 29390475, 2347289, 29391294, 23424969, 28350899]	http://www.flickr.com/photos/36298222@N00/4184734972/			False	http://farm3.staticflickr.com/2654/4184734972_80525d420a.jpg	10	af76a327cc32aee38dcfb6e302d8780	jpg	Chiva Congelado	Turkey	2009-12-14T12:04:42Z	Attribution-NonCommercial-ShareAlike License	2009-12-14T10:54:20Z	Nokia N86 8MP	79516883	Inside the Blue Mosque	4184734972	[u'istanbul', u'turkey']
Istanbul	[22450426, 22724021, 2344116, 29390475, 2347289, 29391294, 23424969, 28350899]	http://www.flickr.com/photos/36298222@N00/4183974599/			False	http://farm3.staticflickr.com/2593/4183974599_c6c987d381.jpg	10	122746d3ff9a1ba3a6b14d9ebdf43bf	jpg	Chiva Congelado	Turkey	2009-12-14T12:04:49Z	Attribution-NonCommercial-ShareAlike License	2009-12-14T10:54:31Z	Nokia N86 8MP	72859393	Inside the Blue Mosque	4183974599	[u'istanbul', u'turkey']
Istanbul	[22450426, 22724021, 2344116, 29390475, 2347289, 29391294, 23424969, 28350899]	http://www.flickr.com/photos/36298222@N00/4183974889/			False	http://farm3.staticflickr.com/2781/4183974889_c135a995e7.jpg	10	f6133598919f5c9336ce328847c325c	jpg	Chiva Congelado	Turkey	2009-12-14T12:05:01Z	Attribution-NonCommercial-ShareAlike License	2009-12-14T10:54:47Z	Nokia N86 8MP	63995281	Inside the Blue Mosque	4183974889	[u'istanbul', u'turkey']
Istanbul	[22450426, 22724021, 2344116, 29390475, 2347289, 29391294, 23424969, 28350899]	http://www.flickr.com/photos/36298222@N00/4183975107/			False	http://farm3.staticflickr.com/2584/4183975107_138045e881.jpg	10	b6c61719f544b5deae1d82f48d455	jpg	Chiva Congelado	Turkey	2009-12-14T12:05:09Z	Attribution-NonCommercial-ShareAlike License	2009-12-14T10:55:02Z	Nokia N86 8MP	85931706	Inside the Blue Mosque	4183975107	[u'istanbul', u'turkey']
Istanbul	[22450426, 22724021, 2344116, 29390475, 2347289, 29391294, 23424969, 28350899]	http://www.flickr.com/photos/36298222@N00/4184735936/			False	http://farm3.staticflickr.com/2642/4184735936_87698e2e88.jpg	10	44ce65b8ec4156bbc2d4fc847f7f4184	jpg	Chiva Congelado	Turkey	2009-12-14T12:05:18Z	Attribution-NonCommercial-ShareAlike License	2009-12-14T10:55:46Z	Nokia N86 8MP	17260305	Inside the Blue Mosque	4184735936	[u'istanbul', u'turkey']
Istanbul	[22450426, 22724021, 2344116, 29390475, 2347289, 29391294, 23424969, 28350899]	http://www.flickr.com/photos/36298222@N00/4184736356/			False	http://farm5.staticflickr.com/4042/4184736356_03592ab6bb.jpg	10	f1eb79c22aa93172d75c36447a1bab13	jpg	Chiva Congelado	Turkey	2009-12-14T12:05:33Z	Attribution-NonCommercial-ShareAlike License	2009-12-14T10:56:10Z	Nokia N86 8MP	85258326	Inside the Blue Mosque	4184736356	[u'istanbul', u'turkey']
Istanbul	[22450426, 22724021, 2344116, 29390475, 2347289, 29391294, 23424969, 28350899]	http://www.flickr.com/photos/36298222@N00/4184736646/			False	http://farm5.staticflickr.com/4012/4184736646_3dfe057170.jpg	10	4672559ed4a9dade98981187dd6cdd8	jpg	Chiva Congelado	Turkey	2009-12-14T12:05:42Z	Attribution-NonCommercial-ShareAlike License	2009-12-14T10:56:20Z	Nokia N86 8MP	71952116	Inside the Blue Mosque	4184736646	[u'istanbul', u'turkey']
Istanbul	[22450344, 22724021, 2344116, 29390475, 2347289, 29391294, 23424969, 28350899]	http://www.flickr.com/photos/36298222@N00/4184737044/			False	http://farm3.staticflickr.com/2550/4184737044_b521b5471d.jpg	10	90142865cc3ac87e989d4b2f7ab43c92	jpg	Chiva Congelado	Turkey	2009-12-14T12:05:56Z	Attribution-NonCommercial-ShareAlike License	2009-12-14T10:57:35Z	Nokia N86 8MP	78112239	Blue Mosque exit	4184737044	[u'istanbul', u'turkey']
Istanbul	[22450344, 22724021, 2344116, 29390475, 2347289, 29391294, 23424969, 28350899]	http://www.flickr.com/photos/36298222@N00/4183976753/			False	http://farm3.staticflickr.com/2721/4183976753_614f17558c.jpg	10	5c5dc2db7b29cf75dbfbd29e9cf7644	jpg	Chiva Congelado	Turkey	2009-12-14T12:06:05Z	Attribution-NonCommercial-ShareAlike License	2009-12-14T10:58:11Z	Nokia N86 8MP	84023225	Blue Mosque courtyard	4183976753	[u'istanbul', u'turkey']
Istanbul	[22724032, 2344116, 29390475, 2347289, 23424969, 28350899]	http://www.flickr.com/photos/36298222@N00/4184737744/			False	http://farm5.staticflickr.com/4048/4184737744_4c3f49b9ff.jpg	11	12667049b4acaaf657131e603f69a7f3	jpg	Chiva Congelado	Turkey	2009-12-14T12:06:18Z	Attribution-NonCommercial-ShareAlike License	2009-12-14T11:02:44Z	Nokia N86 8MP	99983657	Fountain and Aya Sofia	4184737744	[u'istanbul', u'turkey']
Istanbul	[22724032, 2344116, 29390475, 2347289, 23424969, 28350899]	http://www.flickr.com/photos/36298222@N00/4183977457/			False	http://farm5.staticflickr.com/4039/4183977457_51ab0e96aa.jpg	11	35ce6a21cfb4c1674d38cc8ae072f5e1	jpg	Chiva Congelado	Turkey	2009-12-14T12:06:31Z	Attribution-NonCommercial-ShareAlike License	2009-12-14T11:02:56Z	Nokia N86 8MP	26185573	Blue Mosque	4183977457	[u'istanbul', u'turkey']
Istanbul	[22724022, 2344116, 29390475, 2347289, 23424969, 28350899]	http://www.flickr.com/photos/36298222@N00/4183977993/			False	http://farm3.staticflickr.com/2539/4183977993_3b30d8991e.jpg	11	e222d58583d58f5713228963eaa8113	jpg	Chiva Congelado	Turkey	2009-12-14T12:06:50Z	Attribution-NonCommercial-ShareAlike License	2009-12-14T11:05:11Z	Nokia N86 8MP	80049441	Aya Sofia	4183977993	[u'istanbul', u'turkey']
Istanbul	[22450161, 22724022, 2344116, 29390475, 2347289, 29391294, 23424969, 28350899]	http://www.flickr.com/photos/36298222@N00/4183978365/			False	http://farm3.staticflickr.com/2562/4183978365_fbcc06e8f2.jpg	11	a2347bb21c2c8c83af118b240fd98d4	jpg	Chiva Congelado	Turkey	2009-12-14T12:07:02Z	Attribution-NonCommercial-ShareAlike License	2009-12-14T11:06:09Z	Nokia N86 8MP	86962108	Aya Sofia	4183978365	[u'istanbul', u'turkey']
Istanbul	[22450127, 22724022, 2344116, 29390475, 2347289, 29391294, 23424969, 28350899]	http://www.flickr.com/photos/36298222@N00/4183978681/			False	http://farm5.staticflickr.com/4012/4183978681_5547302ab7.jpg	11	2df55dd21fcee51d48e950bb54ecd	jpg	Chiva Congelado	Turkey	2009-12-14T12:07:13Z	Attribution-NonCommercial-ShareAlike License	2009-12-14T11:10:20Z	Nokia N86 8MP	72934478	Walking around Sultanahmet	4183978681	[u'istanbul', u'turkey']
Istanbul	[22450127, 22724022, 2344116, 29390475, 2347289, 29391294, 23424969, 28350899]	http://www.flickr.com/photos/36298222@N00/4183979215/			False	http://farm5.staticflickr.com/4043/4183979215_e0f13b77c6.jpg	11	c4d4d0c869583916b798f54903ceef5	jpg	Chiva Congelado	Turkey	2009-12-14T12:07:29Z	Attribution-NonCommercial-ShareAlike License	2009-12-14T11:10:45Z	Nokia N86 8MP	68884675	Walking around Sultanahmet	4183979215	[u'istanbul', u'turkey']
Istanbul	[22450127, 22724022, 2344116, 29390475, 2347289, 29391294, 23424969, 28350899]	http://www.flickr.com/photos/36298222@N00/4184739974/			False	http://farm3.staticflickr.com/2510/4184739974_a72a008cd8.jpg	11	c2ec8568d1dca318a8d4c3dedc4f437d	jpg	Chiva Congelado	Turkey	2009-12-14T12:07:42Z	Attribution-NonCommercial-ShareAlike License	2009-12-14T11:11:05Z	Nokia N86 8MP	89802096	Entrance to Topkapi Palace	4184739974	[u'istanbul', u'turkey']
Istanbul	[22724022, 2344116, 29390475, 2347289, 23424969, 28350899]	http://www.flickr.com/photos/36298222@N00/4184740544/			False	http://farm3.staticflickr.com/2696/4184740544_c7071255c6.jpg	11	749c2753751a3e4baf2ae73e48bbb	jpg	Chiva Congelado	Turkey	2009-12-14T12:08:03Z	Attribution-NonCommercial-ShareAlike License	2009-12-14T11:14:49Z	Nokia N86 8MP	92303292	Aya Sofia inscriptions	4184740544	[u'istanbul', u'turkey']
Istanbul	[22724032, 2344116, 29390475, 2347289, 23424969, 28350899]	http://www.flickr.com/photos/36298222@N00/4184740878/			False	http://farm3.staticflickr.com/2792/4184740878_5671b3360b.jpg	11	b6ae7365e0aa3e15e7269e99602c38b4	jpg	Chiva Congelado	Turkey	2009-12-14T12:08:13Z	Attribution-NonCommercial-ShareAlike License	2009-12-14T11:21:02Z	Nokia N86 8MP	70695728	Sultan tomb	4184740878	[u'istanbul', u'turkey']
Istanbul	[22450135, 22724032, 2344116, 29390475, 2347289, 29391294, 23424969, 28350899]	http://www.flickr.com/photos/36298222@N00/4184741374/			False	http://farm3.staticflickr.com/2746/4184741374_08ea9e7434.jpg	11	b84f8f87446788267f76c766a40e7d6	jpg	Chiva Congelado	Turkey	2009-12-14T12:08:30Z	Attribution-NonCommercial-ShareAlike License	2009-12-14T11:23:03Z	Nokia N86 8MP	66594816	Constantinople Hippodrome	4184741374	[u'istanbul', u'turkey']
Istanbul	[22450135, 22724032, 2344116, 29390475, 2347289, 29391294, 23424969, 28350899]	http://www.flickr.com/photos/36298222@N00/4183981331/			False	http://farm3.staticflickr.com/2774/4183981331_03f7b16756.jpg	11	e68ae2997c10e0efea19a6fe469ad46	jpg	Chiva Congelado	Turkey	2009-12-14T12:08:40Z	Attribution-NonCommercial-ShareAlike License	2009-12-14T11:23:16Z	Nokia N86 8MP	76257113	Gold	4183981331	[u'istanbul', u'turkey']
Istanbul	[22450135, 22724032, 2344116, 29390475, 2347289, 29391294, 23424969, 28350899]	http://www.flickr.com/photos/36298222@N00/4184741910/			False	http://farm3.staticflickr.com/2780/4184741910_e10fa7bbb8.jpg	11	a77b51c289d41d1c7aa6f84b5922a3a	jpg	Chiva Congelado	Turkey	2009-12-14T12:08:47Z	Attribution-NonCommercial-ShareAlike License	2009-12-14T11:23:39Z	Nokia N86 8MP	27798324	Hippodrome	4184741910	[u'istanbul', u'turkey']
Istanbul	[22450135, 22724032, 2344116, 29390475, 2347289, 29391294, 23424969, 28350899]	http://www.flickr.com/photos/36298222@N00/4184742300/			False	http://farm3.staticflickr.com/2663/4184742300_04de6e1714.jpg	11	ee533dd379f83b5435fd46376e8171ec	jpg	Chiva Congelado	Turkey	2009-12-14T12:09:01Z	Attribution-NonCommercial-ShareAlike License	2009-12-14T11:24:22Z	Nokia N86 8MP	74375275	Shops in the hippodrome.	4184742300	[u'istanbul', u'turkey']
Istanbul	[22450272, 22724032, 2344116, 29390475, 2347289, 29391294, 23424969, 28350899]	http://www.flickr.com/photos/36298222@N00/4183982529/			False	http://farm3.staticflickr.com/2693/4183982529_1958dd1719.jpg	11	83e4cd8321ac7278a623c11b97af26a	jpg	Chiva Congelado	Turkey	2009-12-14T12:09:23Z	Attribution-NonCommercial-ShareAlike License	2009-12-14T11:25:46Z	Nokia N86 8MP	77742876	Nice house, Registro Cadastral	4183982529	[u'istanbul', u'turkey']
Istanbul	[22450272, 22724032, 2344116, 29390475, 2347289, 29391294, 23424969, 28350899]	http://www.flickr.com/photos/36298222@N00/4184743046/			False	http://farm3.staticflickr.com/2491/4184743046_84058d5616.jpg	11	9ad26a5db39ae33c10d1b58d3a4023e6	jpg	Chiva Congelado	Turkey	2009-12-14T12:09:30Z	Attribution-NonCommercial-ShareAlike License	2009-12-14T11:26:17Z	Nokia N86 8MP	78518540	Obelisk in the Hippodrome	4184743046	[u'istanbul', u'turkey']
Istanbul	[22450272, 22724032, 2344116, 29390475, 2347289, 29391294, 23424969, 28350899]	http://www.flickr.com/photos/36298222@N00/4184743456/			False	http://farm5.staticflickr.com/4007/4184743456_f0458dafcb.jpg	11	40df2d7509e3c3f7b6c1779640ba58	jpg	Chiva Congelado	Turkey	2009-12-14T12:09:46Z	Attribution-NonCommercial-ShareAlike License	2009-12-14T11:26:47Z	Nokia N86 8MP	81328111	Obelisk in the Hippodrome	4184743456	[u'istanbul', u'turkey']
Istanbul	[22450272, 22724032, 2344116, 29390475, 2347289, 29391294, 23424969, 28350899]	http://www.flickr.com/photos/36298222@N00/4183983383/			False	http://farm3.staticflickr.com/2659/4183983383_d2ecd74455.jpg	11	6925b1c6ded26cab97bb0c745c0760	jpg	Chiva Congelado	Turkey	2009-12-14T12:09:55Z	Attribution-NonCommercial-ShareAlike License	2009-12-14T11:27:09Z	Nokia N86 8MP	73667362	Base of the obelisk	4183983383	[u'istanbul', u'turkey']
Istanbul	[22724032, 2344116, 29390475, 2347289, 23424969, 28350899]	http://www.flickr.com/photos/36298222@N00/4183983853/			False	http://farm3.staticflickr.com/2775/4183983853_8f959c5fea.jpg	11	983634c8ba5198c381271559b4a9a63	jpg	Chiva Congelado	Turkey	2009-12-14T12:10:12Z	Attribution-NonCommercial-ShareAlike License	2009-12-14T11:32:11Z	Nokia N86 8MP	8550931	Dilapidated	4183983853	[u'istanbul', u'turkey']
Istanbul	[22724032, 2344116, 29390475, 2347289, 23424969, 28350899]	http://www.flickr.com/photos/36298222@N00/4183984115/			False	http://farm5.staticflickr.com/4003/4183984115_37b38a41f4.jpg	11	b6a6ac281c1c260e1fa2e2a418eb83a	jpg	Chiva Congelado	Turkey	2009-12-14T12:10:21Z	Attribution-NonCommercial-ShareAlike License	2009-12-14T11:32:30Z	Nokia N86 8MP	96927713	Sultanahmet	4183984115	[u'istanbul', u'turkey']
Istanbul	[2343552, 2344116, 29390475, 2347289, 23424969, 28350899]	http://www.flickr.com/photos/36298222@N00/4183984383/			False	http://farm3.staticflickr.com/2597/4183984383_b6bfde197a.jpg	11	5a9e52f8c834f6b839092a97406cd4	jpg	Chiva Congelado	Turkey	2009-12-14T12:10:30Z	Attribution-NonCommercial-ShareAlike License	2009-12-14T11:41:33Z	Nokia N86 8MP	74490655	Entrance to the Grand Bazaar	4183984383	[u'istanbul', u'turkey']
Istanbul	[2343552, 2344116, 29390475, 2347289, 23424969, 28350899]	http://www.flickr.com/photos/36298222@N00/4183984635/			False	http://farm3.staticflickr.com/2503/4183984635_26cdcdecfe.jpg	11	2f159a17e9cdd53eab9988323b441868	jpg	Chiva Congelado	Turkey	2009-12-14T12:10:39Z	Attribution-NonCommercial-ShareAlike License	2009-12-14T11:41:46Z	Nokia N86 8MP	90604744	Grand Bazaar	4183984635	[u'istanbul', u'turkey']
Istanbul	[22724015, 2344116, 29390475, 2347289, 23424969, 28350899]	http://www.flickr.com/photos/36298222@N00/4183986447/			False	http://farm3.staticflickr.com/2538/4183986447_aedf0b2d19.jpg	12	f778d8560a43b17cedb7119c76861eb	jpg	Chiva Congelado	Turkey	2009-12-14T12:11:41Z	Attribution-NonCommercial-ShareAlike License	2009-12-14T12:12:41Z	Nokia N86 8MP	71556284	��Chiles!	4183986447	[u'istanbul', u'turkey']
Istanbul	[22724017, 2344116, 29390475, 2347289, 23424969, 28350899]	http://www.flickr.com/photos/36298222@N00/4184747138/			False	http://farm3.staticflickr.com/2540/4184747138_d204317248.jpg	12	8b772c463d33652c8c33d2a5b757310	jpg	Chiva Congelado	Turkey	2009-12-14T12:11:53Z	Attribution-NonCommercial-ShareAlike License	2009-12-14T12:16:02Z	Nokia N86 8MP	72637298	Yeni Cami	4184747138	[u'istanbul', u'turkey']
Istanbul	[22724017, 2344116, 29390475, 2347289, 23424969, 28350899]	http://www.flickr.com/photos/36298222@N00/4183987415/			False	http://farm3.staticflickr.com/2712/4183987415_51f75c8b13.jpg	12	5d4631a012be6fbd9ddb05a8c5dd791	jpg	Chiva Congelado	Turkey	2009-12-14T12:12:14Z	Attribution-NonCommercial-ShareAlike License	2009-12-14T12:18:49Z	Nokia N86 8MP	97029297	Galata bridge	4183987415	[u'istanbul', u'turkey']
Istanbul	[22724017, 2344116, 29390475, 2347289, 23424969, 28350899]	http://www.flickr.com/photos/36298222@N00/4183987999/			False	http://farm3.staticflickr.com/2687/4183987999_cc835b2801.jpg	12	fa67d7786ff2c8bcd8261147e567cc95	jpg	Chiva Congelado	Turkey	2009-12-14T12:12:35Z	Attribution-NonCommercial-ShareAlike License	2009-12-14T12:20:50Z	Nokia N86 8MP	94017158	Golden Horn	4183987999	[u'istanbul', u'turkey']
Istanbul	[23686007, 22724095, 2344116, 29390475, 2347289, 29391210, 23424969, 28350899]	http://www.flickr.com/photos/36298222@N00/4187640779/			False	http://farm3.staticflickr.com/2685/4187640779_c723e8da53.jpg	22	58a66f5d329d48e42d749524a6b958f	jpg	Chiva Congelado	Turkey	2009-12-15T18:52:07Z	Attribution-NonCommercial-ShareAlike License	2009-12-14T22:23:17Z	Nokia N86 8MP	66760019	Dessert	4187640779	[u'istanbul', u'turkey']
