town_s	woe_is	urlpage_s	machine_ss	desc_ws	video_b	url_s	hour_i	hash_s	ext_s	user_s	country_s	upload_dt	license_s	taken_dt	device_s	line_i	title_s	id	tag_ss
Istanbul	[22724084, 2344116, 29390475, 2347289, 23424969, 28350899]	http://www.flickr.com/photos/68192311@N00/5414870899/			False	http://farm6.staticflickr.com/5213/5414870899_8f17e90a22.jpg	16	27889e4f72f5bfe864d99e896079e136	jpg	PnP!	Turkey	2011-02-04T07:54:03Z	Attribution-NonCommercial-NoDerivs License	2010-08-28T16:04:12Z	Canon EOS DIGITAL REBEL XSi	89104679	Caro's Cat!	5414870899	[u'bed', u'blue', u'cat', u'istambul', u'turkey']
Istanbul	[22724080, 2344116, 29390475, 2347289, 23424969, 28350899]	http://www.flickr.com/photos/68192311@N00/5424028939/		Around Caro's house in Beyoglu	False	http://farm6.staticflickr.com/5013/5424028939_d6670e412b.jpg	17	f4273a74fdef3395e2d49aeab6610a9	jpg	PnP!	Turkey	2011-02-07T08:59:44Z	Attribution-NonCommercial-NoDerivs License	2010-08-28T17:13:02Z	Canon EOS DIGITAL REBEL XSi	79905333	Beyoglu	5424028939	[u'beyoglu', u'girl', u'istambul', u'kid', u'pink', u'street', u'turkey']
Istanbul	[22724085, 2344116, 29390475, 2347289, 23424969, 28350899]	http://www.flickr.com/photos/68192311@N00/5424632544/			False	http://farm6.staticflickr.com/5176/5424632544_2b51010c46.jpg	17	d7ae916bad9522eee525fabdcb6732a	jpg	PnP!	Turkey	2011-02-07T09:01:21Z	Attribution-NonCommercial-NoDerivs License	2010-08-28T17:14:45Z	Canon EOS DIGITAL REBEL XSi	68026311	Around Beyoglu	5424632544	[u'beyoglu', u'istambul', u'street', u'turkey', u'turquia']
Istanbul	[22724080, 2344116, 29390475, 2347289, 23424969, 28350899]	http://www.flickr.com/photos/68192311@N00/5424034005/			False	http://farm6.staticflickr.com/5252/5424034005_7cefa2794b.jpg	17	068436ec0ae9321c6eaf7f7c6cdf8f2	jpg	PnP!	Turkey	2011-02-07T09:02:56Z	Attribution-NonCommercial-NoDerivs License	2010-08-28T17:15:44Z	Canon EOS DIGITAL REBEL XSi	79325735	Beyoglu, Istambul, Turkey	5424034005	[u'beyoglu', u'clothes', u'istambul', u'old', u'turkey', u'turquia']
Istanbul	[22724080, 2344116, 29390475, 2347289, 23424969, 28350899]	http://www.flickr.com/photos/68192311@N00/5424041721/			False	http://farm6.staticflickr.com/5132/5424041721_f899598e20.jpg	17	59155372aa6105e4d712a61d89616c0	jpg	PnP!	Turkey	2011-02-07T09:07:47Z	Attribution-NonCommercial-NoDerivs License	2010-08-28T17:20:15Z	Canon EOS DIGITAL REBEL XSi	87371030	Beyoglu, Istambul, Turkey	5424041721	[u'beyoglu', u'istambul', u'turkey', u'turquia', u'view']
Istanbul	[22724080, 2344116, 29390475, 2347289, 23424969, 28350899]	http://www.flickr.com/photos/68192311@N00/5424645414/			False	http://farm6.staticflickr.com/5212/5424645414_c769dd2850.jpg	17	261e4aeaba73d5dd4faf15a8eaca2	jpg	PnP!	Turkey	2011-02-07T09:09:28Z	Attribution-NonCommercial-NoDerivs License	2010-08-28T17:20:55Z	Canon EOS DIGITAL REBEL XSi	95298840	Beyoglu, Istambul, Turkey	5424645414	[u'beyoglu', u'istambul', u'turkey', u'turquia', u'view']
Istanbul	[22724080, 2344116, 29390475, 2347289, 23424969, 28350899]	http://www.flickr.com/photos/68192311@N00/5424048495/			False	http://farm6.staticflickr.com/5254/5424048495_166768e133.jpg	17	b065e1213d1f52d1f5ab4efefe9d7b6	jpg	PnP!	Turkey	2011-02-07T09:11:59Z	Attribution-NonCommercial-NoDerivs License	2010-08-28T17:21:09Z	Canon EOS DIGITAL REBEL XSi	61557912	Beyoglu, Istambul, Turkey	5424048495	[u'beyoglu', u'istambul', u'turkey', u'turquia', u'view']
Istanbul	[22724085, 2344116, 29390475, 2347289, 23424969, 28350899]	http://www.flickr.com/photos/68192311@N00/5424050801/			False	http://farm6.staticflickr.com/5260/5424050801_8058cc734b.jpg	17	a9933672f02ba8917ddd3d1859d5c7d1	jpg	PnP!	Turkey	2011-02-07T09:13:42Z	Attribution-NonCommercial-NoDerivs License	2010-08-28T17:25:22Z	Canon EOS DIGITAL REBEL XSi	95221758	Beyoglu, Istambul, Turkey	5424050801	[u'beyoglu', u'istambul', u'street', u'turkey', u'turquia']
Istanbul	[22724084, 2344116, 29390475, 2347289, 23424969, 28350899]	http://www.flickr.com/photos/68192311@N00/5424654050/			False	http://farm6.staticflickr.com/5092/5424654050_edb0d1ecfd.jpg	17	c0badc6a8085626419b818fcbc03e54	jpg	PnP!	Turkey	2011-02-07T09:15:15Z	Attribution-NonCommercial-NoDerivs License	2010-08-28T17:28:01Z	Canon EOS DIGITAL REBEL XSi	68102636	Beyoglu, Istambul, Turkey	5424654050	[u'beyoglu', u'istambul', u'kuafor', u'turkey', u'turquia']
Istanbul	[22724082, 2344116, 29390475, 2347289, 23424969, 28350899]	http://www.flickr.com/photos/68192311@N00/5424055177/			False	http://farm6.staticflickr.com/5138/5424055177_31f26c4335.jpg	17	6179b8c16bb9f09b68da984ac84bdb52	jpg	PnP!	Turkey	2011-02-07T09:16:37Z	Attribution-NonCommercial-NoDerivs License	2010-08-28T17:28:53Z	Canon EOS DIGITAL REBEL XSi	9581283	20100828172853-Istambul	5424055177	[u'beyoglu', u'fruits', u'istambul', u'store', u'street', u'turkey', u'turquia']
Istanbul	[22724101, 2344116, 29390475, 2347289, 23424969, 28350899]	http://www.flickr.com/photos/68192311@N00/5424659078/			False	http://farm6.staticflickr.com/5097/5424659078_c39bd4d692.jpg	17	cdf49d90e6f99b42463ac8685ea3	jpg	PnP!	Turkey	2011-02-07T09:18:28Z	Attribution-NonCommercial-NoDerivs License	2010-08-28T17:29:35Z	Canon EOS DIGITAL REBEL XSi	68457902	Beyoglu	5424659078	[u'bar', u'beyoglu', u'istambul', u'restaurant', u'street', u'turkey', u'turquia']
Istanbul	[22724101, 2344116, 29390475, 2347289, 23424969, 28350899]	http://www.flickr.com/photos/68192311@N00/5424661686/			False	http://farm6.staticflickr.com/5216/5424661686_610e7d8f87.jpg	17	c4efd5c9f6c972e83aa9f3b156d9c8d	jpg	PnP!	Turkey	2011-02-07T09:20:03Z	Attribution-NonCommercial-NoDerivs License	2010-08-28T17:30:11Z	Canon EOS DIGITAL REBEL XSi	68502858	Beyoglu	5424661686	[u'beyoglu', u'fish', u'istambul', u'market', u'sleeping', u'turkey', u'turquia']
Istanbul	[22724101, 2344116, 29390475, 2347289, 23424969, 28350899]	http://www.flickr.com/photos/68192311@N00/5424665078/			False	http://farm6.staticflickr.com/5219/5424665078_04c77f44e4.jpg	17	cda1541b892ca8d4de7d7e6c0f297d5	jpg	PnP!	Turkey	2011-02-07T09:22:19Z	Attribution-NonCommercial-NoDerivs License	2010-08-28T17:31:49Z	Canon EOS DIGITAL REBEL XSi	97990408	Beyoglu	5424665078	[u'beyoglu', u'house', u'istambul', u'orange', u'turkey', u'turquia']
Istanbul	[22724077, 2344116, 29390475, 2347289, 23424969, 28350899]	http://www.flickr.com/photos/68192311@N00/5424066529/			False	http://farm6.staticflickr.com/5094/5424066529_3ddc595c31.jpg	17	573a851f4bfbc27f42d1dad2ed992f58	jpg	PnP!	Turkey	2011-02-07T09:24:14Z	Attribution-NonCommercial-NoDerivs License	2010-08-28T17:32:32Z	Canon EOS DIGITAL REBEL XSi	94950828	Beyoglu	5424066529	[u'beyoglu', u'buildings', u'colors', u'istambul', u'turkey', u'turquia']
Istanbul	[22724111, 2344116, 29390475, 2347289, 23424969, 28350899]	http://www.flickr.com/photos/68192311@N00/5424068751/			False	http://farm6.staticflickr.com/5293/5424068751_5c30f5d71e.jpg	17	8969a2d1813d28a716b756f529734	jpg	PnP!	Turkey	2011-02-07T09:25:45Z	Attribution-NonCommercial-NoDerivs License	2010-08-28T17:34:12Z	Canon EOS DIGITAL REBEL XSi	84450588	Beyoglu	5424068751	[u'istambul', u'taksim', u'tram', u'tunnel', u'turkey', u'turquia']
Istanbul	[22724101, 2344116, 29390475, 2347289, 23424969, 28350899]	http://www.flickr.com/photos/68192311@N00/5424071251/			False	http://farm6.staticflickr.com/5052/5424071251_b84f363433.jpg	17	f653e7dc344e940dcfc7f26a9b06321	jpg	PnP!	Turkey	2011-02-07T09:27:22Z	Attribution-NonCommercial-NoDerivs License	2010-08-28T17:47:19Z	Canon EOS DIGITAL REBEL XSi	90976123	Taksim	5424071251	[u'door', u'green', u'istambul', u'taksim', u'turkey', u'turquia']
Istanbul	[22724112, 2344116, 29390475, 2347289, 23424969, 28350899]	http://www.flickr.com/photos/68192311@N00/5424675230/			False	http://farm6.staticflickr.com/5051/5424675230_04443c6d4a.jpg	19	e9b847b74ec16cc1df5bf67be2f7d9	jpg	PnP!	Turkey	2011-02-07T09:28:55Z	Attribution-NonCommercial-NoDerivs License	2010-08-28T19:00:57Z	Canon EOS DIGITAL REBEL XSi	86686967	Galata Tower	5424675230	[u'galata', u'istambul', u'street', u'tower', u'turkey', u'turquia']
Istanbul	[22724112, 2344116, 29390475, 2347289, 23424969, 28350899]	http://www.flickr.com/photos/68192311@N00/5424677170/			False	http://farm6.staticflickr.com/5294/5424677170_ce1721821e.jpg	19	a723e2e711a31f9f5dc5bfab1c145381	jpg	PnP!	Turkey	2011-02-07T09:30:08Z	Attribution-NonCommercial-NoDerivs License	2010-08-28T19:05:25Z	Canon EOS DIGITAL REBEL XSi	91821660	Galata	5424677170	[u'galata', u'istambul', u'turkey', u'turquia']
Istanbul	[22724112, 2344116, 29390475, 2347289, 23424969, 28350899]	http://www.flickr.com/photos/68192311@N00/5424679738/			False	http://farm6.staticflickr.com/5018/5424679738_5e94ed48ea.jpg	19	675f95b8d94689702ac39c1433998	jpg	PnP!	Turkey	2011-02-07T09:31:45Z	Attribution-NonCommercial-NoDerivs License	2010-08-28T19:05:45Z	Canon EOS DIGITAL REBEL XSi	84745137	Galata Tower	5424679738	[u'galata', u'istambul', u'tower', u'turkey', u'turquia']
Istanbul	[22724112, 2344116, 29390475, 2347289, 23424969, 28350899]	http://www.flickr.com/photos/68192311@N00/5424682272/			False	http://farm6.staticflickr.com/5091/5424682272_fbd5c6ea26.jpg	19	21de600e1a79afb9a7bebcb91f9681e	jpg	PnP!	Turkey	2011-02-07T09:33:25Z	Attribution-NonCommercial-NoDerivs License	2010-08-28T19:06:36Z	Canon EOS DIGITAL REBEL XSi	61781407	Galata	5424682272	[u'galata', u'istambul', u'turkey', u'turquia']
Istanbul	[22724112, 2344116, 29390475, 2347289, 23424969, 28350899]	http://www.flickr.com/photos/68192311@N00/5424684320/			False	http://farm6.staticflickr.com/5051/5424684320_4b66416269.jpg	19	d3baccc2e1e4fb983e64fc1196b55fe6	jpg	PnP!	Turkey	2011-02-07T09:34:53Z	Attribution-NonCommercial-NoDerivs License	2010-08-28T19:07:09Z	Canon EOS DIGITAL REBEL XSi	78702740	Galata	5424684320	[u'galata', u'green', u'istambul', u'turkey', u'turquia', u'window']
Istanbul	[22724112, 2344116, 29390475, 2347289, 23424969, 28350899]	http://www.flickr.com/photos/68192311@N00/5424085237/			False	http://farm6.staticflickr.com/5259/5424085237_7a45e060c3.jpg	19	fdc35c8ad6487e78d73048d06022542	jpg	PnP!	Turkey	2011-02-07T09:36:37Z	Attribution-NonCommercial-NoDerivs License	2010-08-28T19:07:31Z	Canon EOS DIGITAL REBEL XSi	96886749	Galata	5424085237	[u'galata', u'istambul', u'javi', u'kna', u'nadia', u'turkey', u'turquia']
Istanbul	[22724112, 2344116, 29390475, 2347289, 23424969, 28350899]	http://www.flickr.com/photos/68192311@N00/5424689544/			False	http://farm6.staticflickr.com/5292/5424689544_604619a155.jpg	19	f45a6e5b3979c844570fd525a8db8ee	jpg	PnP!	Turkey	2011-02-07T09:38:26Z	Attribution-NonCommercial-NoDerivs License	2010-08-28T19:17:41Z	Canon EOS DIGITAL REBEL XSi	86607550	Galata	5424689544	[u'galata', u'istambul', u'stairs', u'turkey', u'turquia']
Istanbul	[22724106, 2344116, 29390475, 2347289, 23424969, 28350899]	http://www.flickr.com/photos/68192311@N00/5414822633/			False	http://farm6.staticflickr.com/5220/5414822633_83d5272d63.jpg	19	122727ef938022e55285ffde356bfd0	jpg	PnP!	Turkey	2011-02-04T07:13:29Z	Attribution-NonCommercial-NoDerivs License	2010-08-28T19:30:48Z	Canon EOS DIGITAL REBEL XSi	61290608	Eminonu view from Galata Bridge	5414822633	[u'bosphorus', u'eminonu', u'istambul', u'turkey']
Istanbul	[22724017, 2344116, 29390475, 2347289, 23424969, 28350899]	http://www.flickr.com/photos/68192311@N00/5424091613/			False	http://farm6.staticflickr.com/5095/5424091613_095b5345cf.jpg	19	bc402dd1fe90866da934ca20567bee92	jpg	PnP!	Turkey	2011-02-07T09:40:51Z	Attribution-NonCommercial-NoDerivs License	2010-08-28T19:30:48Z	Canon EOS DIGITAL REBEL XSi	86470925	Sultanahmet view	5424091613	[u'bosphorus', u'eminonu', u'istambul', u'sultahnamet', u'turkey', u'turquia']
Istanbul	[22724106, 2344116, 29390475, 2347289, 23424969, 28350899]	http://www.flickr.com/photos/68192311@N00/5424695380/			False	http://farm6.staticflickr.com/5180/5424695380_d28a5e46a8.jpg	19	74999f17592ae1909834eadbcfdb7863	jpg	PnP!	Turkey	2011-02-07T09:42:14Z	Attribution-NonCommercial-NoDerivs License	2010-08-28T19:33:30Z	Canon EOS DIGITAL REBEL XSi	92743918	Galata Bridge	5424695380	[u'bridge', u'galata', u'istambul', u'turkey', u'turquia']
Istanbul	[22724017, 2344116, 29390475, 2347289, 23424969, 28350899]	http://www.flickr.com/photos/68192311@N00/5424104569/			False	http://farm6.staticflickr.com/5291/5424104569_d19fffdaab.jpg	19	9fc645d3bf9c46aedc66116606ce873	jpg	PnP!	Turkey	2011-02-07T09:48:44Z	Attribution-NonCommercial-NoDerivs License	2010-08-28T19:43:23Z	Canon EOS DIGITAL REBEL XSi	75144681	Sultanahmet fish sandwich boat	5424104569	[u'boat', u'bosphorus', u'eminonu', u'fish', u'istambul', u'restaurant', u'turkey', u'turquia']
Istanbul	[22724017, 2344116, 29390475, 2347289, 23424969, 28350899]	http://www.flickr.com/photos/68192311@N00/5424108727/			False	http://farm6.staticflickr.com/5135/5424108727_67411431ae.jpg	19	792ba8ae14256481ae8ff4958d6dfb	jpg	PnP!	Turkey	2011-02-07T09:51:24Z	Attribution-NonCommercial-NoDerivs License	2010-08-28T19:43:37Z	Canon EOS DIGITAL REBEL XSi	72048138	Sultanahmet fish sandwich boat	5424108727	[u'boat', u'bosphorus', u'eminonu', u'fish', u'istambul', u'turkey', u'turquia']
Istanbul	[22724017, 2344116, 29390475, 2347289, 23424969, 28350899]	http://www.flickr.com/photos/68192311@N00/5424712928/			False	http://farm6.staticflickr.com/5096/5424712928_fbeefe1015.jpg	19	d0de2fafc599aa52d4ea7d33a69fbe2c	jpg	PnP!	Turkey	2011-02-07T09:53:02Z	Attribution-NonCommercial-NoDerivs License	2010-08-28T19:48:35Z	Canon EOS DIGITAL REBEL XSi	74890929	Eminonu Yeni Camii (new mosque)	5424712928	[u'camii', u'door', u'eminonu', u'entrance', u'istambul', u'mosque', u'new mosque', u'turkey', u'turquia', u'yeni']
Istanbul	[22724017, 2344116, 29390475, 2347289, 23424969, 28350899]	http://www.flickr.com/photos/68192311@N00/5424114251/			False	http://farm6.staticflickr.com/5091/5424114251_cd271762ce.jpg	19	7949c57d99bc75c72d044447628d8a2	jpg	PnP!	Turkey	2011-02-07T09:54:42Z	Attribution-NonCommercial-NoDerivs License	2010-08-28T19:50:51Z	Canon EOS DIGITAL REBEL XSi	66673067	eminonu Yeni Camii (new mosque)	5424114251	[u'camii', u'eminonu', u'istambul', u'new mosque', u'turkey', u'turquia', u'yeni', u'yenicamii']
Istanbul	[22724017, 2344116, 29390475, 2347289, 23424969, 28350899]	http://www.flickr.com/photos/68192311@N00/5424116513/			False	http://farm6.staticflickr.com/5095/5424116513_e36b917d78.jpg	19	e6a65f5779869648f66b35a895fc674f	jpg	PnP!	Turkey	2011-02-07T09:56:01Z	Attribution-NonCommercial-NoDerivs License	2010-08-28T19:52:41Z	Canon EOS DIGITAL REBEL XSi	97980718	around Eminonu	5424116513	[u'eminonu', u'flag', u'istambul', u'square', u'turkey', u'turquia']
Istanbul	[22724017, 2344116, 29390475, 2347289, 23424969, 28350899]	http://www.flickr.com/photos/68192311@N00/5424720050/			False	http://farm6.staticflickr.com/5293/5424720050_33f2a5a42e.jpg	19	e8b4bc468525693d31c97beb7151546f	jpg	PnP!	Turkey	2011-02-07T09:57:27Z	Attribution-NonCommercial-NoDerivs License	2010-08-28T19:58:48Z	Canon EOS DIGITAL REBEL XSi	16949078	Eminonu Yeni Camii (new mosque)	5424720050	[u'eminonu yeni camii', u'istambul', u'new mosque', u'turkey', u'turquia']
Istanbul	[22724017, 2344116, 29390475, 2347289, 23424969, 28350899]	http://www.flickr.com/photos/68192311@N00/5424121485/			False	http://farm6.staticflickr.com/5091/5424121485_6a2e19a055.jpg	20	ff958ef729aa31d45dbe1072beddd3df	jpg	PnP!	Turkey	2011-02-07T09:58:58Z	Attribution-NonCommercial-NoDerivs License	2010-08-28T20:02:57Z	Canon EOS DIGITAL REBEL XSi	17130774	Eminonu Yeni Camii (new mosque)	5424121485	[u'eminonu yeni camii', u'istambul', u'new mosque', u'turkey', u'turquia']
Istanbul	[22724017, 2344116, 29390475, 2347289, 23424969, 28350899]	http://www.flickr.com/photos/68192311@N00/5424725456/			False	http://farm6.staticflickr.com/5014/5424725456_2f73c81810.jpg	20	d2801976c6287f5910c3d843c555b0	jpg	PnP!	Turkey	2011-02-07T10:00:47Z	Attribution-NonCommercial-NoDerivs License	2010-08-28T20:03:48Z	Canon EOS DIGITAL REBEL XSi	61510440	Eminonu Yeni Camii (new mosque)	5424725456	[u'eminonu yeni camii', u'istambul', u'new mosque', u'turkey', u'turquia']
Istanbul	[22724032, 2344116, 29390475, 2347289, 23424969, 28350899]	http://www.flickr.com/photos/68192311@N00/5430542054/			False	http://farm6.staticflickr.com/5017/5430542054_7c6b552501.jpg	20	bc11a5adb277c65edb128cfc9c1f8465	jpg	PnP!	Turkey	2011-02-09T08:16:27Z	Attribution-NonCommercial-NoDerivs License	2010-08-28T20:05:35Z	Canon EOS DIGITAL REBEL XSi	69992192	Blue Mosque	5430542054	[u'blue', u'istambul', u'mosque', u'turkey', u'turquia']
Istanbul	[22724012, 2344116, 29390475, 2347289, 23424969, 28350899]	http://www.flickr.com/photos/68192311@N00/5414872755/			False	http://farm5.staticflickr.com/4076/5414872755_f35d2e0bf2.jpg	20	bac166b4dc7981413ec6dcf4d50b34e	jpg	PnP!	Turkey	2011-02-04T07:55:43Z	Attribution-NonCommercial-NoDerivs License	2010-08-28T20:22:54Z	Canon EOS DIGITAL REBEL XSi	74918499	Somewhere in Sultanhamet	5414872755	[u'building', u'eminonu', u'istambul', u'sultanhamet', u'turkey', u'window']
Istanbul	[22724013, 2344116, 29390475, 2347289, 23424969, 28350899]	http://www.flickr.com/photos/68192311@N00/5424125911/			False	http://farm6.staticflickr.com/5298/5424125911_ff86b48055.jpg	20	831f7be156fd8ebe355d5058fd85dc2	jpg	PnP!	Turkey	2011-02-07T10:01:57Z	Attribution-NonCommercial-NoDerivs License	2010-08-28T20:31:23Z	Canon EOS DIGITAL REBEL XSi	65482834	Around Eminonu	5424125911	[u'building', u'istambul', u'sultahnamet', u'turkey', u'turquia']
Istanbul	[22724013, 2344116, 29390475, 2347289, 23424969, 28350899]	http://www.flickr.com/photos/68192311@N00/5424729978/			False	http://farm6.staticflickr.com/5215/5424729978_0a2e55eea2.jpg	20	20e330698164ad61529ed0bc85e9af2	jpg	PnP!	Turkey	2011-02-07T10:03:28Z	Attribution-NonCommercial-NoDerivs License	2010-08-28T20:31:36Z	Canon EOS DIGITAL REBEL XSi	79064192	Around Eminonu	5424729978	[u'building', u'istambul', u'sultahnamet', u'turkey', u'turquia']
Istanbul	[22450133, 22724022, 2344116, 29390475, 2347289, 29391294, 23424969, 28350899]	http://www.flickr.com/photos/68192311@N00/5424732194/			False	http://farm6.staticflickr.com/5173/5424732194_428f3a53a2.jpg	20	62e3de668889acdc7738332d1db66	jpg	PnP!	Turkey	2011-02-07T10:04:49Z	Attribution-NonCommercial-NoDerivs License	2010-08-28T20:35:24Z	Canon EOS DIGITAL REBEL XSi	94860847	Sultanahmet	5424732194	[u'istambul', u'metro', u'sultahnamet', u'turkey', u'turquia']
Istanbul	[22724022, 2344116, 29390475, 2347289, 23424969, 28350899]	http://www.flickr.com/photos/68192311@N00/5424735146/			False	http://farm6.staticflickr.com/5255/5424735146_71e76ac403.jpg	20	68fef11d98a5369cbd7ec7062883650	jpg	PnP!	Turkey	2011-02-07T10:06:39Z	Attribution-NonCommercial-NoDerivs License	2010-08-28T20:40:24Z	Canon EOS DIGITAL REBEL XSi	12512118	Sultanahmet	5424735146	[u'flag', u'istambul', u'store', u'sultahnamet', u'turkey', u'turquia']
Istanbul	[22450157, 22724022, 2344116, 29390475, 2347289, 29391294, 23424969, 28350899]	http://www.flickr.com/photos/68192311@N00/5424738390/			False	http://farm6.staticflickr.com/5260/5424738390_ae283bf02d.jpg	20	9d5bfd551167878a592f8f1c30a439c0	jpg	PnP!	Turkey	2011-02-07T10:08:44Z	Attribution-NonCommercial-NoDerivs License	2010-08-28T20:48:44Z	Canon EOS DIGITAL REBEL XSi	95425379	Aya Sofia	5424738390	[u'aya sofia', u'church', u'istambul', u'mosque', u'museum', u'turkey', u'turquia']
Istanbul	[22450157, 22724022, 2344116, 29390475, 2347289, 29391294, 23424969, 28350899]	http://www.flickr.com/photos/68192311@N00/5424142717/			False	http://farm6.staticflickr.com/5051/5424142717_7539f0e2b1.jpg	20	c1513c53d7bd7e62c984c3a15ccd28	jpg	PnP!	Turkey	2011-02-07T10:12:43Z	Attribution-NonCommercial-NoDerivs License	2010-08-28T20:48:57Z	Canon EOS DIGITAL REBEL XSi	95939046	Aya Sofia	5424142717	[u'aya sofia', u'church', u'istambul', u'mosque', u'museum', u'turkey', u'turquia']
Istanbul	[22450157, 22724022, 2344116, 29390475, 2347289, 29391294, 23424969, 28350899]	http://www.flickr.com/photos/68192311@N00/5424148381/			False	http://farm6.staticflickr.com/5252/5424148381_f5a54c1606.jpg	20	98bc3751557a32248eaa15223414bc	jpg	PnP!	Turkey	2011-02-07T10:16:01Z	Attribution-NonCommercial-NoDerivs License	2010-08-28T20:49:27Z	Canon EOS DIGITAL REBEL XSi	28789086	Aya Sofia	5424148381	[u'aya sofia', u'church', u'istambul', u'mosque', u'museum', u'turkey', u'turquia']
Istanbul	[22450157, 22724022, 2344116, 29390475, 2347289, 29391294, 23424969, 28350899]	http://www.flickr.com/photos/68192311@N00/5424752122/			False	http://farm6.staticflickr.com/5099/5424752122_0e23a1af3f.jpg	20	e8c16da65086e18bb0648f2f96646aab	jpg	PnP!	Turkey	2011-02-07T10:17:23Z	Attribution-NonCommercial-NoDerivs License	2010-08-28T20:51:41Z	Canon EOS DIGITAL REBEL XSi	8404823	Aya Sofia	5424752122	[u'aya sofia', u'church', u'istambul', u'mosque', u'museum', u'turkey', u'turquia']
Istanbul	[22450157, 22724022, 2344116, 29390475, 2347289, 29391294, 23424969, 28350899]	http://www.flickr.com/photos/68192311@N00/5424153639/			False	http://farm6.staticflickr.com/5212/5424153639_4a965b5ca1.jpg	20	e4f69d876e49e3eb28126b51e1a01bfc	jpg	PnP!	Turkey	2011-02-07T10:19:11Z	Attribution-NonCommercial-NoDerivs License	2010-08-28T20:51:53Z	Canon EOS DIGITAL REBEL XSi	71733376	Aya Sofia	5424153639	[u'aya sofia', u'church', u'istambul', u'mosque', u'museum', u'turkey', u'turquia']
Istanbul	[22450157, 22724022, 2344116, 29390475, 2347289, 29391294, 23424969, 28350899]	http://www.flickr.com/photos/68192311@N00/5424757868/			False	http://farm6.staticflickr.com/5294/5424757868_5f4e829754.jpg	20	bb5dbaa839bed1eaed7fa5228ff6f9cb	jpg	PnP!	Turkey	2011-02-07T10:20:56Z	Attribution-NonCommercial-NoDerivs License	2010-08-28T20:53:34Z	Canon EOS DIGITAL REBEL XSi	18098720	Aya Sofia	5424757868	[u'aya sofia', u'church', u'istambul', u'mosque', u'museum', u'turkey', u'turquia']
Istanbul	[22450157, 22724022, 2344116, 29390475, 2347289, 29391294, 23424969, 28350899]	http://www.flickr.com/photos/68192311@N00/5424160531/			False	http://farm6.staticflickr.com/5059/5424160531_475d75b244.jpg	20	ca8a73735766a8a8d66beda1e02821a	jpg	PnP!	Turkey	2011-02-07T10:23:20Z	Attribution-NonCommercial-NoDerivs License	2010-08-28T20:55:12Z	Canon EOS DIGITAL REBEL XSi	96104629	Aya Sofia	5424160531	[u'aya sofia', u'church', u'istambul', u'mosque', u'museum', u'turkey', u'turquia']
Istanbul	[22450157, 22724022, 2344116, 29390475, 2347289, 29391294, 23424969, 28350899]	http://www.flickr.com/photos/68192311@N00/5424764698/			False	http://farm6.staticflickr.com/5135/5424764698_1a05ebe9e8.jpg	20	da60e3e8a57f4b1b8c5897f9f6faf7	jpg	PnP!	Turkey	2011-02-07T10:25:05Z	Attribution-NonCommercial-NoDerivs License	2010-08-28T20:55:31Z	Canon EOS DIGITAL REBEL XSi	65743427	Aya Sofia	5424764698	[u'aya sofia', u'church', u'istambul', u'mosque', u'museum', u'turkey', u'turquia']
Istanbul	[22450157, 22724022, 2344116, 29390475, 2347289, 29391294, 23424969, 28350899]	http://www.flickr.com/photos/68192311@N00/5424166227/			False	http://farm6.staticflickr.com/5215/5424166227_21b1f14cf0.jpg	20	5f1f81e71ea73a855eefef9b2ca0f46e	jpg	PnP!	Turkey	2011-02-07T10:26:40Z	Attribution-NonCommercial-NoDerivs License	2010-08-28T20:56:01Z	Canon EOS DIGITAL REBEL XSi	68384904	Aya Sofia	5424166227	[u'aya sofia', u'church', u'istambul', u'mosque', u'museum', u'turkey', u'turquia']
Istanbul	[22450157, 22724022, 2344116, 29390475, 2347289, 29391294, 23424969, 28350899]	http://www.flickr.com/photos/68192311@N00/5424170287/			False	http://farm6.staticflickr.com/5171/5424170287_e830f32921.jpg	20	89f44f837d8b53eae2a134abbfb8fa66	jpg	PnP!	Turkey	2011-02-07T10:29:01Z	Attribution-NonCommercial-NoDerivs License	2010-08-28T20:56:40Z	Canon EOS DIGITAL REBEL XSi	86740587	Aya Sofia	5424170287	[u'aya sofia', u'church', u'istambul', u'mosque', u'museum', u'turkey', u'turquia']
Istanbul	[22450157, 22724022, 2344116, 29390475, 2347289, 29391294, 23424969, 28350899]	http://www.flickr.com/photos/68192311@N00/5424177083/			False	http://farm6.staticflickr.com/5298/5424177083_ebc379d498.jpg	20	3f369854f0c2c2c48766d74e70e22bb5	jpg	PnP!	Turkey	2011-02-07T10:33:48Z	Attribution-NonCommercial-NoDerivs License	2010-08-28T20:57:49Z	Canon EOS DIGITAL REBEL XSi	69217204	Aya Sofia	5424177083	[u'aya sofia', u'church', u'istambul', u'mosque', u'museum', u'turkey', u'turquia']
Istanbul	[22450157, 22724022, 2344116, 29390475, 2347289, 29391294, 23424969, 28350899]	http://www.flickr.com/photos/68192311@N00/5424774236/			False	http://farm6.staticflickr.com/5137/5424774236_f9f9079cd9.jpg	20	c6a6c72829318f13e2a25ecceb162664	jpg	PnP!	Turkey	2011-02-07T10:31:07Z	Attribution-NonCommercial-NoDerivs License	2010-08-28T20:57:49Z	Canon EOS DIGITAL REBEL XSi	96513117	Aya Sofia	5424774236	[u'aya sofia', u'church', u'istambul', u'mosque', u'museum', u'turkey', u'turquia']
Istanbul	[22450157, 22724022, 2344116, 29390475, 2347289, 29391294, 23424969, 28350899]	http://www.flickr.com/photos/68192311@N00/5424180453/			False	http://farm6.staticflickr.com/5092/5424180453_38948498df.jpg	20	349696715c1fb065a976fcc2c25f31a	jpg	PnP!	Turkey	2011-02-07T10:35:58Z	Attribution-NonCommercial-NoDerivs License	2010-08-28T20:57:57Z	Canon EOS DIGITAL REBEL XSi	23555150	Aya Sofia	5424180453	[u'aya sofia', u'church', u'istambul', u'mosque', u'museum', u'turkey', u'turquia']
Istanbul	[22450157, 22724022, 2344116, 29390475, 2347289, 29391294, 23424969, 28350899]	http://www.flickr.com/photos/68192311@N00/5424183499/			False	http://farm6.staticflickr.com/5136/5424183499_3875f343b7.jpg	21	11dfeca51407076c07fe1a83090721f	jpg	PnP!	Turkey	2011-02-07T10:38:03Z	Attribution-NonCommercial-NoDerivs License	2010-08-28T21:08:18Z	Canon EOS DIGITAL REBEL XSi	71137375	Aya Sofia	5424183499	[u'aya sofia', u'church', u'istambul', u'mosque', u'museum', u'turkey', u'turquia']
Istanbul	[22450157, 22724022, 2344116, 29390475, 2347289, 29391294, 23424969, 28350899]	http://www.flickr.com/photos/68192311@N00/5424186677/			False	http://farm6.staticflickr.com/5140/5424186677_6e3ecdae14.jpg	21	cd10ab612463bf4121932836d2e1d7ff	jpg	PnP!	Turkey	2011-02-07T10:40:20Z	Attribution-NonCommercial-NoDerivs License	2010-08-28T21:09:38Z	Canon EOS DIGITAL REBEL XSi	61668970	Aya Sofia	5424186677	[u'aya sofia', u'church', u'istambul', u'mosque', u'museum', u'turkey', u'turquia']
Istanbul	[22450157, 22724022, 2344116, 29390475, 2347289, 29391294, 23424969, 28350899]	http://www.flickr.com/photos/68192311@N00/5424791424/			False	http://farm6.staticflickr.com/5091/5424791424_2db37bc857.jpg	21	19ff77917ed40fac3c258bb683cfaf6	jpg	PnP!	Turkey	2011-02-07T10:42:44Z	Attribution-NonCommercial-NoDerivs License	2010-08-28T21:10:29Z	Canon EOS DIGITAL REBEL XSi	95083447	Aya Sofia	5424791424	[u'aya sofia', u'church', u'istambul', u'mosque', u'museum', u'turkey', u'turquia']
Istanbul	[22450157, 22724022, 2344116, 29390475, 2347289, 29391294, 23424969, 28350899]	http://www.flickr.com/photos/68192311@N00/5424795574/			False	http://farm6.staticflickr.com/5179/5424795574_98ef4184d1.jpg	21	cf64bf912d21cfceb6bf9e32e5706e	jpg	PnP!	Turkey	2011-02-07T10:45:13Z	Attribution-NonCommercial-NoDerivs License	2010-08-28T21:12:53Z	Canon EOS DIGITAL REBEL XSi	98842211	Aya Sofia	5424795574	[u'aya sofia', u'church', u'istambul', u'mosque', u'museum', u'turkey', u'turquia']
Istanbul	[22450157, 22724022, 2344116, 29390475, 2347289, 29391294, 23424969, 28350899]	http://www.flickr.com/photos/68192311@N00/5424799386/			False	http://farm6.staticflickr.com/5100/5424799386_2188edd74a.jpg	21	8e3071fc8f247ea3a7ff3ca6e344b0a6	jpg	PnP!	Turkey	2011-02-07T10:47:36Z	Attribution-NonCommercial-NoDerivs License	2010-08-28T21:13:02Z	Canon EOS DIGITAL REBEL XSi	96389096	Aya Sofia	5424799386	[u'aya sofia', u'church', u'istambul', u'mosque', u'museum', u'turkey', u'turquia']
Istanbul	[22450157, 22724022, 2344116, 29390475, 2347289, 29391294, 23424969, 28350899]	http://www.flickr.com/photos/68192311@N00/5424802830/			False	http://farm6.staticflickr.com/5253/5424802830_5faac49e2c.jpg	21	188e9a6273a8ec6dcfab33779c88391	jpg	PnP!	Turkey	2011-02-07T10:49:44Z	Attribution-NonCommercial-NoDerivs License	2010-08-28T21:14:15Z	Canon EOS DIGITAL REBEL XSi	58637076	Aya Sofia	5424802830	[u'aya sofia', u'church', u'istambul', u'mosque', u'museum', u'turkey', u'turquia']
Istanbul	[22450157, 22724022, 2344116, 29390475, 2347289, 29391294, 23424969, 28350899]	http://www.flickr.com/photos/68192311@N00/5414874851/			False	http://farm5.staticflickr.com/4100/5414874851_99939fa933.jpg	21	8d2da7e7c3c1da39b6215c0aa749d28	jpg	PnP!	Turkey	2011-02-04T07:57:32Z	Attribution-NonCommercial-NoDerivs License	2010-08-28T21:16:50Z	Canon EOS DIGITAL REBEL XSi	84102647	The dark alley	5414874851	[u'aya', u'church', u'istambul', u'mosque', u'sofia', u'turkey']
Istanbul	[22450157, 22724022, 2344116, 29390475, 2347289, 29391294, 23424969, 28350899]	http://www.flickr.com/photos/68192311@N00/5424807250/			False	http://farm6.staticflickr.com/5180/5424807250_d2ebcf401e.jpg	21	a619ff1a1ed1e2156836783a83451cc	jpg	PnP!	Turkey	2011-02-07T10:52:24Z	Attribution-NonCommercial-NoDerivs License	2010-08-28T21:20:49Z	Canon EOS DIGITAL REBEL XSi	90143728	Aya Sofia	5424807250	[u'aya sofia', u'church', u'istambul', u'mosque', u'museum', u'turkey', u'turquia']
Istanbul	[22450157, 22724022, 2344116, 29390475, 2347289, 29391294, 23424969, 28350899]	http://www.flickr.com/photos/68192311@N00/5424210205/			False	http://farm6.staticflickr.com/5293/5424210205_0c9c9ab0b9.jpg	21	c6072de50b759760c36a7ec8bfbd4	jpg	PnP!	Turkey	2011-02-07T10:54:31Z	Attribution-NonCommercial-NoDerivs License	2010-08-28T21:23:31Z	Canon EOS DIGITAL REBEL XSi	97891231	Aya Sofia	5424210205	[u'aya sofia', u'church', u'istambul', u'mosque', u'museum', u'turkey', u'turquia']
Istanbul	[22450157, 22724022, 2344116, 29390475, 2347289, 29391294, 23424969, 28350899]	http://www.flickr.com/photos/68192311@N00/5424213315/			False	http://farm6.staticflickr.com/5097/5424213315_d0f2ccbf01.jpg	21	765b0d5ff1bbbfb370955b75bb8c8	jpg	PnP!	Turkey	2011-02-07T10:56:27Z	Attribution-NonCommercial-NoDerivs License	2010-08-28T21:29:58Z	Canon EOS DIGITAL REBEL XSi	13470517	Aya Sofia	5424213315	[u'aya sofia', u'church', u'istambul', u'mosque', u'museum', u'turkey', u'turquia']
Istanbul	[22450157, 22724022, 2344116, 29390475, 2347289, 29391294, 23424969, 28350899]	http://www.flickr.com/photos/68192311@N00/5424819444/			False	http://farm6.staticflickr.com/5173/5424819444_0410611dcc.jpg	21	454e34c314d3a857aa27dbab570a62	jpg	PnP!	Turkey	2011-02-07T10:59:36Z	Attribution-NonCommercial-NoDerivs License	2010-08-28T21:37:15Z	Canon EOS DIGITAL REBEL XSi	64457558	Aya Sofia	5424819444	[u'aya sofia', u'church', u'istambul', u'jesus', u'mosque', u'museum', u'painting', u'turkey', u'turquia', u'wall']
Istanbul	[22450157, 22724022, 2344116, 29390475, 2347289, 29391294, 23424969, 28350899]	http://www.flickr.com/photos/68192311@N00/5424824130/			False	http://farm6.staticflickr.com/5015/5424824130_d308563d6a.jpg	21	d5ba945ccadef450f2ab398f9d6dc267	jpg	PnP!	Turkey	2011-02-07T11:02:18Z	Attribution-NonCommercial-NoDerivs License	2010-08-28T21:39:35Z	Canon EOS DIGITAL REBEL XSi	60964837	Aya Sofia	5424824130	[u'aya sofia', u'church', u'istambul', u'maria', u'mosque', u'museum', u'painting', u'turkey', u'turquia', u'wall']
Istanbul	[22450157, 22724022, 2344116, 29390475, 2347289, 29391294, 23424969, 28350899]	http://www.flickr.com/photos/68192311@N00/5424827732/			False	http://farm6.staticflickr.com/5218/5424827732_5153d04c45.jpg	21	3e285b16d369f649486a1742c4980b0	jpg	PnP!	Turkey	2011-02-07T11:04:26Z	Attribution-NonCommercial-NoDerivs License	2010-08-28T21:45:04Z	Canon EOS DIGITAL REBEL XSi	26974455	Aya Sofia	5424827732	[u'aya sofia', u'church', u'istambul', u'mosque', u'museum', u'turkey', u'turquia']
Istanbul	[22450157, 22724022, 2344116, 29390475, 2347289, 29391294, 23424969, 28350899]	http://www.flickr.com/photos/68192311@N00/5424229983/			False	http://farm6.staticflickr.com/5258/5424229983_a18d4eb720.jpg	21	868bfab1ec5391e711dc8a34ccfab52	jpg	PnP!	Turkey	2011-02-07T11:05:58Z	Attribution-NonCommercial-NoDerivs License	2010-08-28T21:45:15Z	Canon EOS DIGITAL REBEL XSi	4494982	Aya Sofia	5424229983	[u'aya sofia', u'church', u'istambul', u'mosque', u'museum', u'turkey', u'turquia']
Istanbul	[22450157, 22724022, 2344116, 29390475, 2347289, 29391294, 23424969, 28350899]	http://www.flickr.com/photos/68192311@N00/5424832948/			False	http://farm6.staticflickr.com/5011/5424832948_a452f1e4cb.jpg	21	f9e82f383130bd3e3c13cdd95ceb6dfd	jpg	PnP!	Turkey	2011-02-07T11:07:33Z	Attribution-NonCommercial-NoDerivs License	2010-08-28T21:54:54Z	Canon EOS DIGITAL REBEL XSi	18289711	Aya Sofia	5424832948	[u'aya sofia', u'church', u'istambul', u'mosque', u'museum', u'turkey', u'turquia']
Istanbul	[22450702, 22724020, 2344116, 29390475, 2347289, 29391294, 23424969, 28350899]	http://www.flickr.com/photos/68192311@N00/5414877253/			False	http://farm6.staticflickr.com/5093/5414877253_c94eec1174.jpg	22	bda83573c29cd0632ab87bbb2ea62a0	jpg	PnP!	Turkey	2011-02-04T07:59:35Z	Attribution-NonCommercial-NoDerivs License	2010-08-28T22:15:07Z	Canon EOS DIGITAL REBEL XSi	66706975	Basilica Cistern	5414877253	[u'basilica', u'cistern', u'column', u'istambul', u'red', u'turkey', u'turquia', u'water']
Istanbul	[22450702, 22724020, 2344116, 29390475, 2347289, 29391294, 23424969, 28350899]	http://www.flickr.com/photos/68192311@N00/5424235999/			False	http://farm6.staticflickr.com/5132/5424235999_c3266a3d50.jpg	22	c67ccb273fd9ee3814e91f77825017	jpg	PnP!	Turkey	2011-02-07T11:09:27Z	Attribution-NonCommercial-NoDerivs License	2010-08-28T22:28:04Z	Canon EOS DIGITAL REBEL XSi	96205392	Basilica Cistern	5424235999	[u'basilica', u'cistern', u'columns', u'istambul', u'red', u'turkey', u'turquia', u'water']
Istanbul	[22450702, 22724020, 2344116, 29390475, 2347289, 29391294, 23424969, 28350899]	http://www.flickr.com/photos/68192311@N00/5424840268/			False	http://farm6.staticflickr.com/5295/5424840268_ccfdae5f59.jpg	22	3ef545e639c4b12c269f81f62f292275	jpg	PnP!	Turkey	2011-02-07T11:11:50Z	Attribution-NonCommercial-NoDerivs License	2010-08-28T22:30:00Z	Canon EOS DIGITAL REBEL XSi	86502944	Basilica Cistern	5424840268	[u'basilica', u'cistern', u'columns', u'istambul', u'red', u'turkey', u'turquia', u'water']
Istanbul	[22450702, 22724020, 2344116, 29390475, 2347289, 29391294, 23424969, 28350899]	http://www.flickr.com/photos/68192311@N00/5424843208/			False	http://farm6.staticflickr.com/5291/5424843208_bef9cc35e8.jpg	22	b0e1c6ce15145155ea31b2b122f91475	jpg	PnP!	Turkey	2011-02-07T11:13:21Z	Attribution-NonCommercial-NoDerivs License	2010-08-28T22:32:08Z	Canon EOS DIGITAL REBEL XSi	84049358	Basilica Cistern	5424843208	[u'basilica', u'cistern', u'columns', u'istambul', u'red', u'turkey', u'turquia', u'water']
Istanbul	[22450702, 22724020, 2344116, 29390475, 2347289, 29391294, 23424969, 28350899]	http://www.flickr.com/photos/68192311@N00/5424845722/			False	http://farm6.staticflickr.com/5213/5424845722_0ee0c2dee6.jpg	22	754ed97321d67a63b779af5cd1b04ee3	jpg	PnP!	Turkey	2011-02-07T11:14:48Z	Attribution-NonCommercial-NoDerivs License	2010-08-28T22:34:11Z	Canon EOS DIGITAL REBEL XSi	97177525	Basilica Cistern	5424845722	[u'basilica', u'cistern', u'columns', u'istambul', u'red', u'turkey', u'turquia', u'water']
Istanbul	[22724032, 2344116, 29390475, 2347289, 23424969, 28350899]	http://www.flickr.com/photos/68192311@N00/5430544776/			False	http://farm6.staticflickr.com/5051/5430544776_8b735f201c.jpg	22	159651f2be58884fdbbcc77219159b93	jpg	PnP!	Turkey	2011-02-09T08:18:24Z	Attribution-NonCommercial-NoDerivs License	2010-08-28T22:41:19Z	Canon EOS DIGITAL REBEL XSi	95358973	Blue Mosque	5430544776	[u'blue', u'istambul', u'mosque', u'turkey', u'turquia']
Istanbul	[22450344, 22724021, 2344116, 29390475, 2347289, 29391294, 23424969, 28350899]	http://www.flickr.com/photos/68192311@N00/5424248857/			False	http://farm6.staticflickr.com/5171/5424248857_f503d77a8a.jpg	22	bc665c6ec40e1b7d5f7a5a25950a31e	jpg	PnP!	Turkey	2011-02-07T11:16:51Z	Attribution-NonCommercial-NoDerivs License	2010-08-28T22:53:22Z	Canon EOS DIGITAL REBEL XSi	45892915	Blue Mosque	5424248857	[u'blue', u'blue mosque', u'istambul', u'mosque', u'turkey', u'turquia']
Istanbul	[22450344, 22724021, 2344116, 29390475, 2347289, 29391294, 23424969, 28350899]	http://www.flickr.com/photos/68192311@N00/5424852494/			False	http://farm6.staticflickr.com/5094/5424852494_db7c319f1a.jpg	22	5ac1dc3bf8ff722d2b68d56726d69723	jpg	PnP!	Turkey	2011-02-07T11:18:45Z	Attribution-NonCommercial-NoDerivs License	2010-08-28T22:56:46Z	Canon EOS DIGITAL REBEL XSi	80718782	Blue Mosque	5424852494	[u'blue', u'blue mosque', u'istambul', u'mosque', u'turkey', u'turquia']
Istanbul	[22724032, 2344116, 29390475, 2347289, 23424969, 28350899]	http://www.flickr.com/photos/68192311@N00/5430548268/			False	http://farm6.staticflickr.com/5096/5430548268_b672b9d3cd.jpg	23	21c22aa7be12ffc1c386b8d222673c3a	jpg	PnP!	Turkey	2011-02-09T08:20:55Z	Attribution-NonCommercial-NoDerivs License	2010-08-28T23:06:16Z	Canon EOS DIGITAL REBEL XSi	82749040	Blue Mosque	5430548268	[u'blue', u'istambul', u'mosque', u'turkey', u'turquia']
Istanbul	[22724032, 2344116, 29390475, 2347289, 23424969, 28350899]	http://www.flickr.com/photos/68192311@N00/5430551182/			False	http://farm6.staticflickr.com/5215/5430551182_43a84f670a.jpg	23	9655aa6136ce29dd1de0eac4c27396	jpg	PnP!	Turkey	2011-02-09T08:23:08Z	Attribution-NonCommercial-NoDerivs License	2010-08-28T23:07:02Z	Canon EOS DIGITAL REBEL XSi	91176177	Blue Mosque	5430551182	[u'blue', u'istambul', u'mosque', u'turkey', u'turquia']
Istanbul	[22724032, 2344116, 29390475, 2347289, 23424969, 28350899]	http://www.flickr.com/photos/68192311@N00/5429946389/			False	http://farm6.staticflickr.com/5135/5429946389_af76a781f4.jpg	23	a4fbdaddfba2375e2337203423ae916b	jpg	PnP!	Turkey	2011-02-09T08:24:29Z	Attribution-NonCommercial-NoDerivs License	2010-08-28T23:08:46Z	Canon EOS DIGITAL REBEL XSi	96920731	Blue Mosque	5429946389	[u'blue', u'door', u'istambul', u'mosque', u'turkey', u'turquia']
Istanbul	[22724032, 2344116, 29390475, 2347289, 23424969, 28350899]	http://www.flickr.com/photos/68192311@N00/5429949139/			False	http://farm6.staticflickr.com/5135/5429949139_cbbb8a88ba.jpg	23	8041af8bdfc5789d49e64d64921f4cf9	jpg	PnP!	Turkey	2011-02-09T08:26:20Z	Attribution-NonCommercial-NoDerivs License	2010-08-28T23:39:44Z	Canon EOS DIGITAL REBEL XSi	97212997	Blue Mosque	5429949139	[u'blue', u'istambul', u'mosque', u'turkey', u'turquia']
Istanbul	[22724032, 2344116, 29390475, 2347289, 23424969, 28350899]	http://www.flickr.com/photos/68192311@N00/5430558344/			False	http://farm6.staticflickr.com/5259/5430558344_beb4e57c96.jpg	23	0f3f4f56b2fb3ecf2d1f0274a596c7f	jpg	PnP!	Turkey	2011-02-09T08:28:26Z	Attribution-NonCommercial-NoDerivs License	2010-08-28T23:39:54Z	Canon EOS DIGITAL REBEL XSi	76200921	Blue Mosque	5430558344	[u'blue', u'istambul', u'mosque', u'turkey', u'turquia']
Istanbul	[22450344, 22724021, 2344116, 29390475, 2347289, 29391294, 23424969, 28350899]	http://www.flickr.com/photos/68192311@N00/5424255345/			False	http://farm6.staticflickr.com/5014/5424255345_7a2701a9e9.jpg	23	734b25679e434bfa2282695113be4db	jpg	PnP!	Turkey	2011-02-07T11:20:44Z	Attribution-NonCommercial-NoDerivs License	2010-08-28T23:47:14Z	Canon EOS DIGITAL REBEL XSi	83582045	Blue Mosque	5424255345	[u'blue', u'blue mosque', u'istambul', u'mosque', u'turkey', u'turquia']
Istanbul	[56556908, 22724022, 2344116, 29390475, 2347289, 29391294, 23424969, 28350899]	http://www.flickr.com/photos/68192311@N00/5424259257/			False	http://farm6.staticflickr.com/5258/5424259257_e5758dae2e.jpg	23	b9805ee2535cf18c3f692dd189558bb	jpg	PnP!	Turkey	2011-02-07T11:22:59Z	Attribution-NonCommercial-NoDerivs License	2010-08-28T23:48:03Z	Canon EOS DIGITAL REBEL XSi	90940948	Blue Mosque	5424259257	[u'blue', u'blue mosque', u'istambul', u'mosque', u'turkey', u'turquia']
Istanbul	[22450344, 22724021, 2344116, 29390475, 2347289, 29391294, 23424969, 28350899]	http://www.flickr.com/photos/68192311@N00/5424863394/			False	http://farm6.staticflickr.com/5259/5424863394_7bd5da7a1b.jpg	23	b2ca8c76f28cc269e99b979d9ac0de1f	jpg	PnP!	Turkey	2011-02-07T11:25:29Z	Attribution-NonCommercial-NoDerivs License	2010-08-28T23:48:49Z	Canon EOS DIGITAL REBEL XSi	94461328	Blue Mosque	5424863394	[u'blue', u'blue mosque', u'istambul', u'mosque', u'praying', u'turkey', u'turquia']
Istanbul	[56556908, 22724022, 2344116, 29390475, 2347289, 29391294, 23424969, 28350899]	http://www.flickr.com/photos/68192311@N00/5415490194/			False	http://farm6.staticflickr.com/5216/5415490194_7b3f3c9768.jpg	23	9c7c8f3ffb346bc77a377190ae2eccfa	jpg	PnP!	Turkey	2011-02-04T08:01:49Z	Attribution-NonCommercial-NoDerivs License	2010-08-28T23:49:14Z	Canon EOS DIGITAL REBEL XSi	71960262	Blue Mosque	5415490194	[u'blue', u'istambul', u'mosque', u'muslim', u'praying', u'turkey', u'turquia']
Istanbul	[22450344, 22724021, 2344116, 29390475, 2347289, 29391294, 23424969, 28350899]	http://www.flickr.com/photos/68192311@N00/5424866952/			False	http://farm6.staticflickr.com/5060/5424866952_2da4a864bd.jpg	23	3d7cac2e1f71a1228725659c894b164	jpg	PnP!	Turkey	2011-02-07T11:27:26Z	Attribution-NonCommercial-NoDerivs License	2010-08-28T23:49:30Z	Canon EOS DIGITAL REBEL XSi	45038700	Blue Mosque	5424866952	[u'blue', u'blue mosque', u'istambul', u'mosque', u'muslim', u'praying', u'turkey', u'turquia']
Istanbul	[22450344, 22724021, 2344116, 29390475, 2347289, 29391294, 23424969, 28350899]	http://www.flickr.com/photos/68192311@N00/5424270253/			False	http://farm6.staticflickr.com/5257/5424270253_0f52c1e5f9.jpg	23	2310d2ac4cc6897b96a2a837a2adbdb2	jpg	PnP!	Turkey	2011-02-07T11:29:23Z	Attribution-NonCommercial-NoDerivs License	2010-08-28T23:52:57Z	Canon EOS DIGITAL REBEL XSi	89830975	Blue Mosque	5424270253	[u'blue', u'blue mosque', u'istambul', u'mosque', u'turkey', u'turquia']
Istanbul	[56556908, 22724022, 2344116, 29390475, 2347289, 29391294, 23424969, 28350899]	http://www.flickr.com/photos/68192311@N00/5424274061/			False	http://farm6.staticflickr.com/5258/5424274061_3cabb80b49.jpg	23	abf7c629fddb978989f2a1670cb282a	jpg	PnP!	Turkey	2011-02-07T11:31:33Z	Attribution-NonCommercial-NoDerivs License	2010-08-28T23:57:07Z	Canon EOS DIGITAL REBEL XSi	70760923	Blue Mosque	5424274061	[u'blue', u'blue mosque', u'istambul', u'mosque', u'turkey', u'turquia']
Istanbul	[56556908, 22724022, 2344116, 29390475, 2347289, 29391294, 23424969, 28350899]	http://www.flickr.com/photos/68192311@N00/5424878300/			False	http://farm6.staticflickr.com/5019/5424878300_eed5a9e344.jpg	23	608c17639313ac54e3b79a9d58a2f44	jpg	PnP!	Turkey	2011-02-07T11:33:50Z	Attribution-NonCommercial-NoDerivs License	2010-08-28T23:59:52Z	Canon EOS DIGITAL REBEL XSi	67323514	Blue Mosque	5424878300	[u'blue', u'blue mosque', u'istambul', u'mosque', u'turkey', u'turquia']
