town_s	woe_is	urlpage_s	machine_ss	desc_ws	video_b	url_s	hour_i	hash_s	ext_s	user_s	country_s	upload_dt	license_s	taken_dt	device_s	line_i	title_s	id	tag_ss
Istanbul	[22724017, 2344116, 29390475, 2347289, 23424969, 28350899]	http://www.flickr.com/photos/16327370@N00/4337775528/		spices, herbs, teas	False	http://farm5.staticflickr.com/4019/4337775528_c99b988b22.jpg	13	c21c166a71f7cdfc908a25b4848b56f2	jpg	tamra hays	Turkey	2010-02-07T14:57:41Z	Attribution-NonCommercial-ShareAlike License	2010-02-06T13:18:35Z	NIKON CORPORATION NIKON D60	99151121	Spice Market	4337775528	[u'istanbul', u'spice market', u'turkey']
Istanbul	[22724017, 2344116, 29390475, 2347289, 23424969, 28350899]	http://www.flickr.com/photos/16327370@N00/4337034275/		spices and teas	False	http://farm3.staticflickr.com/2717/4337034275_4054dbf4ab.jpg	13	347e1a04b75327613e3394551df8f2e	jpg	tamra hays	Turkey	2010-02-07T14:58:56Z	Attribution-NonCommercial-ShareAlike License	2010-02-06T13:19:03Z	NIKON CORPORATION NIKON D60	57528696	Spice Market	4337034275	[u'istanbul', u'spice market', u'turkey']
Istanbul	[22724017, 2344116, 29390475, 2347289, 23424969, 28350899]	http://www.flickr.com/photos/16327370@N00/4337037211/		sponges	False	http://farm5.staticflickr.com/4072/4337037211_144be39aaf.jpg	13	5b6364e112766a989d8152b09ac77f93	jpg	tamra hays	Turkey	2010-02-07T15:00:07Z	Attribution-NonCommercial-ShareAlike License	2010-02-06T13:19:17Z	NIKON CORPORATION NIKON D60	86528831	Spice Market	4337037211	[u'istanbul', u'spice market', u'turkey']
Istanbul	[22724017, 2344116, 29390475, 2347289, 23424969, 28350899]	http://www.flickr.com/photos/16327370@N00/4337786236/		spices	False	http://farm5.staticflickr.com/4040/4337786236_ea1e73ece2.jpg	13	7417aee26c298e632d94b99a9ecf1fd2	jpg	tamra hays	Turkey	2010-02-07T15:01:54Z	Attribution-NonCommercial-ShareAlike License	2010-02-06T13:22:58Z	NIKON CORPORATION NIKON D60	65591414	Spice Market	4337786236	[u'istanbul', u'spice market', u'turkey']
Istanbul	[22724017, 2344116, 29390475, 2347289, 23424969, 28350899]	http://www.flickr.com/photos/16327370@N00/4337788848/		spices	False	http://farm5.staticflickr.com/4007/4337788848_8d85482a4a.jpg	13	8a66b482b4b6a9a1dfb118f8e925a38	jpg	tamra hays	Turkey	2010-02-07T15:02:55Z	Attribution-NonCommercial-ShareAlike License	2010-02-06T13:27:17Z	NIKON CORPORATION NIKON D60	95811910	Spice Market	4337788848	[u'istanbul', u'spice market', u'turkey']
Istanbul	[22724017, 2344116, 29390475, 2347289, 23424969, 28350899]	http://www.flickr.com/photos/16327370@N00/4337064105/			False	http://farm5.staticflickr.com/4008/4337064105_41882ce4c3.jpg	13	b2296634f978434be33a1d81483516ee	jpg	tamra hays	Turkey	2010-02-07T15:11:08Z	Attribution-NonCommercial-ShareAlike License	2010-02-06T13:29:22Z	NIKON CORPORATION NIKON D60	71924506	Yeni Cami	4337064105	[u'istanbul', u'turkey', u'yeni cami']
Istanbul	[22724017, 2344116, 29390475, 2347289, 23424969, 28350899]	http://www.flickr.com/photos/16327370@N00/4337811410/			False	http://farm5.staticflickr.com/4009/4337811410_13890514d1.jpg	13	53e1c97694d3969f57f2f6d3a5284cc8	jpg	tamra hays	Turkey	2010-02-07T15:12:22Z	Attribution-NonCommercial-ShareAlike License	2010-02-06T13:29:27Z	NIKON CORPORATION NIKON D60	14972594	Yeni Cami	4337811410	[u'istanbul', u'turkey', u'yeni cami']
Istanbul	[22724017, 2344116, 29390475, 2347289, 23424969, 28350899]	http://www.flickr.com/photos/16327370@N00/4337047191/		side door of Spice Market	False	http://farm5.staticflickr.com/4002/4337047191_faa3d4ae70.jpg	13	8a23bb67fbabeb95df2279ee93cc4386	jpg	tamra hays	Turkey	2010-02-07T15:04:02Z	Attribution-NonCommercial-ShareAlike License	2010-02-06T13:29:57Z	NIKON CORPORATION NIKON D60	84999235	Spice Market	4337047191	[u'istanbul', u'spice market', u'turkey']
Istanbul	[22724017, 2344116, 29390475, 2347289, 23424969, 28350899]	http://www.flickr.com/photos/16327370@N00/4337816832/			False	http://farm5.staticflickr.com/4067/4337816832_a06ee75552.jpg	13	259b1679a8823d447a6fdfe9db5b12a	jpg	tamra hays	Turkey	2010-02-07T15:13:58Z	Attribution-NonCommercial-ShareAlike License	2010-02-06T13:30:49Z	NIKON CORPORATION NIKON D60	61858112	Yeni Cami	4337816832	[u'istanbul', u'turkey', u'yeni cami']
Istanbul	[22724017, 2344116, 29390475, 2347289, 23424969, 28350899]	http://www.flickr.com/photos/16327370@N00/4337840174/			False	http://farm5.staticflickr.com/4008/4337840174_d6bd420b9b.jpg	13	dbd494825197d7f70c3aae5bade8fe7	jpg	tamra hays	Turkey	2010-02-07T15:21:15Z	Attribution-NonCommercial-ShareAlike License	2010-02-06T13:31:21Z	NIKON CORPORATION NIKON D60	68669591	Teleskop	4337840174	[u'istanbul', u'pet market', u'teleskop', u'turkey']
Istanbul	[22724017, 2344116, 29390475, 2347289, 23424969, 28350899]	http://www.flickr.com/photos/16327370@N00/4337872538/			False	http://farm3.staticflickr.com/2732/4337872538_d4feb6e0bd.jpg	13	346cee91dc36bba729838dd4516e32	jpg	tamra hays	Turkey	2010-02-07T15:33:11Z	Attribution-NonCommercial-ShareAlike License	2010-02-06T13:31:56Z	NIKON CORPORATION NIKON D60	74527289	Flower Market	4337872538	[u'flower market', u'istanbul', u'turkey']
Istanbul	[22724017, 2344116, 29390475, 2347289, 23424969, 28350899]	http://www.flickr.com/photos/16327370@N00/4337075117/			False	http://farm5.staticflickr.com/4044/4337075117_ba5cc8f102.jpg	13	3e719e9dd51c9af87dfb04a81273ef	jpg	tamra hays	Turkey	2010-02-07T15:14:49Z	Attribution-NonCommercial-ShareAlike License	2010-02-06T13:32:10Z	NIKON CORPORATION NIKON D60	74310730	Yeni Cami	4337075117	[u'istanbul', u'turkey', u'yeni cami']
Istanbul	[22724017, 2344116, 29390475, 2347289, 23424969, 28350899]	http://www.flickr.com/photos/16327370@N00/4337131807/			False	http://farm5.staticflickr.com/4050/4337131807_39d56e063c.jpg	13	b2d4a8f387a47d7d95e6e18326f373	jpg	tamra hays	Turkey	2010-02-07T15:34:32Z	Attribution-NonCommercial-ShareAlike License	2010-02-06T13:32:48Z	NIKON CORPORATION NIKON D60	81348262	Flower Market	4337131807	[u'flower market', u'istanbul', u'turkey']
Istanbul	[22724017, 2344116, 29390475, 2347289, 23424969, 28350899]	http://www.flickr.com/photos/16327370@N00/4337879394/			False	http://farm3.staticflickr.com/2679/4337879394_82f3150004.jpg	13	64e01c8d12af719bd838299f5624c8d4	jpg	tamra hays	Turkey	2010-02-07T15:35:54Z	Attribution-NonCommercial-ShareAlike License	2010-02-06T13:33:23Z	NIKON CORPORATION NIKON D60	99399023	Flower Market	4337879394	[u'flower market', u'istanbul', u'turkey']
Istanbul	[22724017, 2344116, 29390475, 2347289, 23424969, 28350899]	http://www.flickr.com/photos/16327370@N00/4337882352/			False	http://farm5.staticflickr.com/4037/4337882352_a518d1eb60.jpg	13	ddda79cafe55785dab53dd7deac16c72	jpg	tamra hays	Turkey	2010-02-07T15:36:59Z	Attribution-NonCommercial-ShareAlike License	2010-02-06T13:33:32Z	NIKON CORPORATION NIKON D60	75115804	Flower Market	4337882352	[u'flower market', u'istanbul', u'turkey']
Istanbul	[22724017, 2344116, 29390475, 2347289, 23424969, 28350899]	http://www.flickr.com/photos/16327370@N00/4337885156/			False	http://farm5.staticflickr.com/4022/4337885156_d4deb8671b.jpg	13	93916454c2b7e7b2378d33c04495	jpg	tamra hays	Turkey	2010-02-07T15:38:02Z	Attribution-NonCommercial-ShareAlike License	2010-02-06T13:33:40Z	NIKON CORPORATION NIKON D60	72569601	Flower Market	4337885156	[u'flower market', u'istanbul', u'turkey']
Istanbul	[22724017, 2344116, 29390475, 2347289, 23424969, 28350899]	http://www.flickr.com/photos/16327370@N00/4337889040/			False	http://farm5.staticflickr.com/4067/4337889040_7b81a32e2a.jpg	13	d8f7b1c077ed9c3420ee83a30f096e1	jpg	tamra hays	Turkey	2010-02-07T15:39:35Z	Attribution-NonCommercial-ShareAlike License	2010-02-06T13:34:14Z	NIKON CORPORATION NIKON D60	64381527	Flower Market	4337889040	[u'flower market', u'istanbul', u'turkey']
Istanbul	[22724017, 2344116, 29390475, 2347289, 23424969, 28350899]	http://www.flickr.com/photos/16327370@N00/4337147073/			False	http://farm3.staticflickr.com/2759/4337147073_37ca01e2d4.jpg	13	df4193f61a3031507f16a9c920c6dc9	jpg	tamra hays	Turkey	2010-02-07T15:40:28Z	Attribution-NonCommercial-ShareAlike License	2010-02-06T13:34:54Z	NIKON CORPORATION NIKON D60	85023052	Flower Market	4337147073	[u'flower market', u'istanbul', u'turkey']
Istanbul	[22724017, 2344116, 29390475, 2347289, 23424969, 28350899]	http://www.flickr.com/photos/16327370@N00/4337168745/			False	http://farm5.staticflickr.com/4037/4337168745_b6ba442768.jpg	13	50daba2632bea5742febe9bcf71766	jpg	tamra hays	Turkey	2010-02-07T15:48:25Z	Attribution-NonCommercial-ShareAlike License	2010-02-06T13:37:16Z	NIKON CORPORATION NIKON D60	88230398	Pet Market	4337168745	[u'istanbul', u'pet market', u'turkey']
Istanbul	[22724017, 2344116, 29390475, 2347289, 23424969, 28350899]	http://www.flickr.com/photos/16327370@N00/4337171519/			False	http://farm5.staticflickr.com/4030/4337171519_c1a342c03f.jpg	13	488289d41c213b7805d7c1bc73e848a	jpg	tamra hays	Turkey	2010-02-07T15:49:27Z	Attribution-NonCommercial-ShareAlike License	2010-02-06T13:37:21Z	NIKON CORPORATION NIKON D60	65844488	Pet Market	4337171519	[u'istanbul', u'pet market', u'turkey']
Istanbul	[22724017, 2344116, 29390475, 2347289, 23424969, 28350899]	http://www.flickr.com/photos/16327370@N00/4337845282/			False	http://farm5.staticflickr.com/4013/4337845282_11c9168d8a.jpg	13	f041525432473c4f1f9cc8f43a5aeae	jpg	tamra hays	Turkey	2010-02-07T15:22:53Z	Attribution-NonCommercial-ShareAlike License	2010-02-06T13:40:17Z	NIKON CORPORATION NIKON D60	84269539	Teleskop	4337845282	[u'istanbul', u'pet market', u'teleskop', u'turkey']
Istanbul	[22724017, 2344116, 29390475, 2347289, 23424969, 28350899]	http://www.flickr.com/photos/16327370@N00/4337850566/			False	http://farm5.staticflickr.com/4010/4337850566_f598b80041.jpg	13	30492750bb37faa4bd7ab935661a91f	jpg	tamra hays	Turkey	2010-02-07T15:24:43Z	Attribution-NonCommercial-ShareAlike License	2010-02-06T13:40:22Z	NIKON CORPORATION NIKON D60	69524420	Teleskop	4337850566	[u'istanbul', u'pet market', u'teleskop', u'turkey']
Istanbul	[22724017, 2344116, 29390475, 2347289, 23424969, 28350899]	http://www.flickr.com/photos/16327370@N00/4337110793/			False	http://farm5.staticflickr.com/4008/4337110793_e83a6848b5.jpg	13	60428be32ccbec339316db15ee92f624	jpg	tamra hays	Turkey	2010-02-07T15:26:19Z	Attribution-NonCommercial-ShareAlike License	2010-02-06T13:40:37Z	NIKON CORPORATION NIKON D60	25254434	Teleskop	4337110793	[u'istanbul', u'pet market', u'teleskop', u'turkey']
Istanbul	[22724017, 2344116, 29390475, 2347289, 23424969, 28350899]	http://www.flickr.com/photos/16327370@N00/4337857654/			False	http://farm3.staticflickr.com/2692/4337857654_cd8d34e926.jpg	13	96a99d77fe50658620197998e6050f6	jpg	tamra hays	Turkey	2010-02-07T15:27:28Z	Attribution-NonCommercial-ShareAlike License	2010-02-06T13:40:53Z	NIKON CORPORATION NIKON D60	60201929	Teleskop	4337857654	[u'istanbul', u'pet market', u'teleskop', u'turkey']
Istanbul	[22724017, 2344116, 29390475, 2347289, 23424969, 28350899]	http://www.flickr.com/photos/16327370@N00/4337860798/			False	http://farm3.staticflickr.com/2693/4337860798_e64dbdd361.jpg	13	507beb45529fe975405083fa616483	jpg	tamra hays	Turkey	2010-02-07T15:28:40Z	Attribution-NonCommercial-ShareAlike License	2010-02-06T13:42:05Z	NIKON CORPORATION NIKON D60	84878851	Teleskop	4337860798	[u'istanbul', u'pet market', u'teleskop', u'turkey']
Istanbul	[22724017, 2344116, 29390475, 2347289, 23424969, 28350899]	http://www.flickr.com/photos/16327370@N00/4337175079/			False	http://farm3.staticflickr.com/2784/4337175079_7b4e19b942.jpg	13	5fc2aa145fa8f690b589465dcf9ef2	jpg	tamra hays	Turkey	2010-02-07T15:50:47Z	Attribution-NonCommercial-ShareAlike License	2010-02-06T13:42:47Z	NIKON CORPORATION NIKON D60	66581667	Pet Market	4337175079	[u'istanbul', u'pet market', u'turkey']
Istanbul	[22724017, 2344116, 29390475, 2347289, 23424969, 28350899]	http://www.flickr.com/photos/16327370@N00/4337931314/			False	http://farm3.staticflickr.com/2783/4337931314_54f8538311.jpg	13	c2efc74847c6929ba837a2247c6c5a	jpg	tamra hays	Turkey	2010-02-07T15:55:16Z	Attribution-NonCommercial-ShareAlike License	2010-02-06T13:43:00Z	NIKON CORPORATION NIKON D60	83752208	Bird Market	4337931314	[u'bird market', u'istanbul', u'turkey']
Istanbul	[22724017, 2344116, 29390475, 2347289, 23424969, 28350899]	http://www.flickr.com/photos/16327370@N00/4337923182/			False	http://farm5.staticflickr.com/4031/4337923182_4df2613b00.jpg	13	255437def7adb5177eb6493de2e8f52	jpg	tamra hays	Turkey	2010-02-07T15:52:19Z	Attribution-NonCommercial-ShareAlike License	2010-02-06T13:43:16Z	NIKON CORPORATION NIKON D60	36789865	Pet Market	4337923182	[u'istanbul', u'pet market', u'turkey']
Istanbul	[22724017, 2344116, 29390475, 2347289, 23424969, 28350899]	http://www.flickr.com/photos/16327370@N00/4337934198/			False	http://farm3.staticflickr.com/2691/4337934198_9faee64523.jpg	13	1cd997d0de392f6e5268e17d2ee3ee5	jpg	tamra hays	Turkey	2010-02-07T15:56:20Z	Attribution-NonCommercial-ShareAlike License	2010-02-06T13:45:21Z	NIKON CORPORATION NIKON D60	86445175	Bird Market	4337934198	[u'bird market', u'istanbul', u'turkey']
Istanbul	[22724017, 2344116, 29390475, 2347289, 23424969, 28350899]	http://www.flickr.com/photos/16327370@N00/4337940648/			False	http://farm3.staticflickr.com/2753/4337940648_e8ce35b850.jpg	13	7296bad6ceb22ea2929d26199b41b9a	jpg	tamra hays	Turkey	2010-02-07T15:58:38Z	Attribution-NonCommercial-ShareAlike License	2010-02-06T13:45:32Z	NIKON CORPORATION NIKON D60	59138039	Bird Market	4337940648	[u'bird market', u'istanbul', u'turkey']
Istanbul	[22724017, 2344116, 29390475, 2347289, 23424969, 28350899]	http://www.flickr.com/photos/16327370@N00/4337946784/			False	http://farm5.staticflickr.com/4002/4337946784_f13cbb259b.jpg	13	a45ce9287ff67222af6fa26dafdb9f3	jpg	tamra hays	Turkey	2010-02-07T16:01:41Z	Attribution-NonCommercial-ShareAlike License	2010-02-06T13:45:48Z	NIKON CORPORATION NIKON D60	83616777	Bird Market	4337946784	[u'bird market', u'istanbul', u'turkey']
Istanbul	[22724017, 2344116, 29390475, 2347289, 23424969, 28350899]	http://www.flickr.com/photos/16327370@N00/4337204961/			False	http://farm3.staticflickr.com/2756/4337204961_a767b5d143.jpg	13	9173bb59651e4ef83d3b1e08226b7a7	jpg	tamra hays	Turkey	2010-02-07T16:02:53Z	Attribution-NonCommercial-ShareAlike License	2010-02-06T13:45:56Z	NIKON CORPORATION NIKON D60	72300824	Bird Market	4337204961	[u'bird market', u'istanbul', u'turkey']
Istanbul	[22724017, 2344116, 29390475, 2347289, 23424969, 28350899]	http://www.flickr.com/photos/16327370@N00/4337078317/			False	http://farm5.staticflickr.com/4039/4337078317_b87d876d76.jpg	13	36725a269f47b2695293ecdb4a52f053	jpg	tamra hays	Turkey	2010-02-07T15:15:55Z	Attribution-NonCommercial-ShareAlike License	2010-02-06T13:50:15Z	NIKON CORPORATION NIKON D60	87040221	Yeni Cami	4337078317	[u'istanbul', u'turkey', u'yeni cami']
Istanbul	[22724017, 2344116, 29390475, 2347289, 23424969, 28350899]	http://www.flickr.com/photos/16327370@N00/4337080049/			False	http://farm3.staticflickr.com/2726/4337080049_54fcf5f919.jpg	13	6bc95033e837753992472bddb01092f	jpg	tamra hays	Turkey	2010-02-07T15:16:27Z	Attribution-NonCommercial-ShareAlike License	2010-02-06T13:50:22Z	NIKON CORPORATION NIKON D60	71922799	Yeni Cami	4337080049	[u'istanbul', u'turkey', u'yeni cami']
Istanbul	[22724017, 2344116, 29390475, 2347289, 23424969, 28350899]	http://www.flickr.com/photos/16327370@N00/4337827074/			False	http://farm3.staticflickr.com/2734/4337827074_5fac8eeba4.jpg	13	fcc411a5fec5f851f43cd88e72dbad	jpg	tamra hays	Turkey	2010-02-07T15:17:20Z	Attribution-NonCommercial-ShareAlike License	2010-02-06T13:50:32Z	NIKON CORPORATION NIKON D60	79033849	Yeni Cami	4337827074	[u'istanbul', u'turkey', u'yeni cami']
Istanbul	[22724017, 2344116, 29390475, 2347289, 23424969, 28350899]	http://www.flickr.com/photos/16327370@N00/4337048857/		plaza between Spice Market and Yeni Camii	False	http://farm3.staticflickr.com/2770/4337048857_b0169a02bb.jpg	13	a5bcafc746a2cf5c111dad1c7461e2fb	jpg	tamra hays	Turkey	2010-02-07T15:04:43Z	Attribution-NonCommercial-ShareAlike License	2010-02-06T13:51:22Z	NIKON CORPORATION NIKON D60	70235099	Spice Market	4337048857	[u'istanbul', u'spice market', u'turkey']
Istanbul	[22724017, 2344116, 29390475, 2347289, 23424969, 28350899]	http://www.flickr.com/photos/16327370@N00/4337795644/		front of Spice Market	False	http://farm5.staticflickr.com/4065/4337795644_963847f59c.jpg	13	d4a64bd058c998867c98eccff5d08df8	jpg	tamra hays	Turkey	2010-02-07T15:05:42Z	Attribution-NonCommercial-ShareAlike License	2010-02-06T13:51:26Z	NIKON CORPORATION NIKON D60	93592731	Spice Market	4337795644	[u'istanbul', u'spice market', u'turkey']
Istanbul	[22724017, 2344116, 29390475, 2347289, 23424969, 28350899]	http://www.flickr.com/photos/16327370@N00/4337053627/		looking toward flower and pet market	False	http://farm3.staticflickr.com/2689/4337053627_c61ecc2353.jpg	13	bf2ff1e8c1dbb498c6e52e63126b9829	jpg	tamra hays	Turkey	2010-02-07T15:06:39Z	Attribution-NonCommercial-ShareAlike License	2010-02-06T13:51:43Z	NIKON CORPORATION NIKON D60	94915346	Spice Market	4337053627	[u'istanbul', u'spice market', u'turkey']
