town_s	woe_is	urlpage_s	machine_ss	desc_ws	video_b	url_s	hour_i	hash_s	ext_s	user_s	country_s	upload_dt	license_s	taken_dt	device_s	line_i	title_s	id	tag_ss
Istanbul	[22450396, 2343552, 2344116, 29390475, 2347289, 29391294, 23424969, 28350899]	http://www.flickr.com/photos/7559746@N05/5415815208/			False	http://farm6.staticflickr.com/5179/5415815208_e2bb5fb70d.jpg	2	b7f05a86e0483f1eaf2887695ebfbd5e	jpg	rictulio	Turkey	2011-02-04T12:21:58Z	Attribution License	2010-10-12T02:25:17Z	Panasonic DMC-FZ35	67872337	P1060936	5415815208	[u'bazar de especiarias', u'bazar eg\ufffd\ufffdpcio', u'egyptian bazaar', u'grand bazaar', u'grand bazar', u'istambul', u'istanbul', u'kapali carsi', u'misir carsi', u'spice bazaar', u'turkey', u'turquia']
Istanbul	[22450396, 2343552, 2344116, 29390475, 2347289, 29391294, 23424969, 28350899]	http://www.flickr.com/photos/7559746@N05/5415204665/			False	http://farm5.staticflickr.com/4123/5415204665_97f4a0d164.jpg	3	24d037f75db3d22fad7d596c2cd1c2b6	jpg	rictulio	Turkey	2011-02-04T12:22:06Z	Attribution License	2010-10-12T03:05:44Z	Panasonic DMC-FZ35	10137145	P1060937	5415204665	[u'bazar de especiarias', u'bazar eg\ufffd\ufffdpcio', u'egyptian bazaar', u'grand bazaar', u'grand bazar', u'istambul', u'istanbul', u'kapali carsi', u'misir carsi', u'spice bazaar', u'turkey', u'turquia']
Istanbul	[22450396, 2343552, 2344116, 29390475, 2347289, 29391294, 23424969, 28350899]	http://www.flickr.com/photos/7559746@N05/5415206175/			False	http://farm6.staticflickr.com/5174/5415206175_524d1a0de0.jpg	3	4b92d4d596f17e5b7863bd82b58c38f	jpg	rictulio	Turkey	2011-02-04T12:23:15Z	Attribution License	2010-10-12T03:06:52Z	Panasonic DMC-FZ35	80677099	P1060942	5415206175	[u'bazar de especiarias', u'bazar eg\ufffd\ufffdpcio', u'egyptian bazaar', u'grand bazaar', u'grand bazar', u'istambul', u'istanbul', u'kapali carsi', u'misir carsi', u'spice bazaar', u'turkey', u'turquia']
Istanbul	[22450396, 2343552, 2344116, 29390475, 2347289, 29391294, 23424969, 28350899]	http://www.flickr.com/photos/7559746@N05/5415206501/			False	http://farm5.staticflickr.com/4135/5415206501_c1396bb5dc.jpg	3	7c1734c3685a543634cf3e1baa2ddb	jpg	rictulio	Turkey	2011-02-04T12:23:30Z	Attribution License	2010-10-12T03:07:04Z	Panasonic DMC-FZ35	73707196	P1060943	5415206501	[u'bazar de especiarias', u'bazar eg\ufffd\ufffdpcio', u'egyptian bazaar', u'grand bazaar', u'grand bazar', u'istambul', u'istanbul', u'kapali carsi', u'misir carsi', u'spice bazaar', u'turkey', u'turquia']
Istanbul	[22450396, 2343552, 2344116, 29390475, 2347289, 29391294, 23424969, 28350899]	http://www.flickr.com/photos/7559746@N05/5415206919/			False	http://farm5.staticflickr.com/4148/5415206919_d349cf62c6.jpg	3	e18e65b8db1d0cbb4c4f8323866139	jpg	rictulio	Turkey	2011-02-04T12:23:48Z	Attribution License	2010-10-12T03:07:17Z	Panasonic DMC-FZ35	73373368	P1060944	5415206919	[u'bazar de especiarias', u'bazar eg\ufffd\ufffdpcio', u'egyptian bazaar', u'grand bazaar', u'grand bazar', u'istambul', u'istanbul', u'kapali carsi', u'misir carsi', u'spice bazaar', u'turkey', u'turquia']
Istanbul	[22450396, 2343552, 2344116, 29390475, 2347289, 29391294, 23424969, 28350899]	http://www.flickr.com/photos/7559746@N05/5415207231/			False	http://farm5.staticflickr.com/4102/5415207231_5c9e3c9272.jpg	3	21227d7a5abe2998dadba532f6dc2c58	jpg	rictulio	Turkey	2011-02-04T12:24:03Z	Attribution License	2010-10-12T03:08:43Z	Panasonic DMC-FZ35	61452033	P1060945	5415207231	[u'bazar de especiarias', u'bazar eg\ufffd\ufffdpcio', u'egyptian bazaar', u'grand bazaar', u'grand bazar', u'istambul', u'istanbul', u'kapali carsi', u'misir carsi', u'spice bazaar', u'turkey', u'turquia']
Istanbul	[22450396, 2343552, 2344116, 29390475, 2347289, 29391294, 23424969, 28350899]	http://www.flickr.com/photos/7559746@N05/5415818114/			False	http://farm6.staticflickr.com/5179/5415818114_e5a74476c0.jpg	3	303b325e514c4d9d5d24e99b8d0b12a	jpg	rictulio	Turkey	2011-02-04T12:24:16Z	Attribution License	2010-10-12T03:09:07Z	Panasonic DMC-FZ35	61124529	P1060946	5415818114	[u'bazar de especiarias', u'bazar eg\ufffd\ufffdpcio', u'egyptian bazaar', u'grand bazaar', u'grand bazar', u'istambul', u'istanbul', u'kapali carsi', u'misir carsi', u'spice bazaar', u'turkey', u'turquia']
Istanbul	[22450396, 2343552, 2344116, 29390475, 2347289, 29391294, 23424969, 28350899]	http://www.flickr.com/photos/7559746@N05/5415818500/			False	http://farm5.staticflickr.com/4123/5415818500_2be741bdfa.jpg	3	948b32845cdec55b4faf3401998d8	jpg	rictulio	Turkey	2011-02-04T12:24:34Z	Attribution License	2010-10-12T03:09:13Z	Panasonic DMC-FZ35	91612672	P1060947	5415818500	[u'bazar de especiarias', u'bazar eg\ufffd\ufffdpcio', u'egyptian bazaar', u'grand bazaar', u'grand bazar', u'istambul', u'istanbul', u'kapali carsi', u'misir carsi', u'spice bazaar', u'turkey', u'turquia']
Istanbul	[22450396, 2343552, 2344116, 29390475, 2347289, 29391294, 23424969, 28350899]	http://www.flickr.com/photos/7559746@N05/5415818880/			False	http://farm6.staticflickr.com/5213/5415818880_a71c46c0b3.jpg	3	4dadcae38625a8494b422d93a625b60	jpg	rictulio	Turkey	2011-02-04T12:24:52Z	Attribution License	2010-10-12T03:10:12Z	Panasonic DMC-FZ35	85784350	P1060948	5415818880	[u'bazar de especiarias', u'bazar eg\ufffd\ufffdpcio', u'egyptian bazaar', u'grand bazaar', u'grand bazar', u'istambul', u'istanbul', u'kapali carsi', u'misir carsi', u'spice bazaar', u'turkey', u'turquia']
Istanbul	[22450396, 2343552, 2344116, 29390475, 2347289, 29391294, 23424969, 28350899]	http://www.flickr.com/photos/7559746@N05/5415208495/			False	http://farm5.staticflickr.com/4100/5415208495_ca3aaa2487.jpg	3	db5066e0a5359839a0622e6b9fe4a9da	jpg	rictulio	Turkey	2011-02-04T12:25:08Z	Attribution License	2010-10-12T03:10:27Z	Panasonic DMC-FZ35	88511347	P1060949	5415208495	[u'bazar de especiarias', u'bazar eg\ufffd\ufffdpcio', u'egyptian bazaar', u'grand bazaar', u'grand bazar', u'istambul', u'istanbul', u'kapali carsi', u'misir carsi', u'spice bazaar', u'turkey', u'turquia']
Istanbul	[22450396, 2343552, 2344116, 29390475, 2347289, 29391294, 23424969, 28350899]	http://www.flickr.com/photos/7559746@N05/5415819564/			False	http://farm6.staticflickr.com/5096/5415819564_fefaec7a58.jpg	3	421f1d7bf14e461366d28d3e916164f8	jpg	rictulio	Turkey	2011-02-04T12:25:27Z	Attribution License	2010-10-12T03:12:14Z	Panasonic DMC-FZ35	62406082	P1060950	5415819564	[u'bazar de especiarias', u'bazar eg\ufffd\ufffdpcio', u'egyptian bazaar', u'grand bazaar', u'grand bazar', u'istambul', u'istanbul', u'kapali carsi', u'misir carsi', u'spice bazaar', u'turkey', u'turquia']
Istanbul	[22450396, 2343552, 2344116, 29390475, 2347289, 29391294, 23424969, 28350899]	http://www.flickr.com/photos/7559746@N05/5415209243/			False	http://farm6.staticflickr.com/5098/5415209243_4feaa2e16d.jpg	3	fcf413dc3b4e96e6e9a33ee81d29d88d	jpg	rictulio	Turkey	2011-02-04T12:25:43Z	Attribution License	2010-10-12T03:12:21Z	Panasonic DMC-FZ35	60848798	P1060951	5415209243	[u'bazar de especiarias', u'bazar eg\ufffd\ufffdpcio', u'egyptian bazaar', u'grand bazaar', u'grand bazar', u'istambul', u'istanbul', u'kapali carsi', u'misir carsi', u'spice bazaar', u'turkey', u'turquia']
Istanbul	[22450396, 2343552, 2344116, 29390475, 2347289, 29391294, 23424969, 28350899]	http://www.flickr.com/photos/7559746@N05/5415820342/			False	http://farm5.staticflickr.com/4145/5415820342_11636c716e.jpg	3	e28afeac97a0b2d050a623c118ebd	jpg	rictulio	Turkey	2011-02-04T12:26:03Z	Attribution License	2010-10-12T03:12:59Z	Panasonic DMC-FZ35	85819582	P1060952	5415820342	[u'bazar de especiarias', u'bazar eg\ufffd\ufffdpcio', u'egyptian bazaar', u'grand bazaar', u'grand bazar', u'istambul', u'istanbul', u'kapali carsi', u'misir carsi', u'spice bazaar', u'turkey', u'turquia']
Istanbul	[22450396, 2343552, 2344116, 29390475, 2347289, 29391294, 23424969, 28350899]	http://www.flickr.com/photos/7559746@N05/5415820836/			False	http://farm6.staticflickr.com/5252/5415820836_c8be332337.jpg	3	cd20433a9b1583056eddc34bf26f9d	jpg	rictulio	Turkey	2011-02-04T12:26:25Z	Attribution License	2010-10-12T03:13:12Z	Panasonic DMC-FZ35	96501677	P1060953	5415820836	[u'bazar de especiarias', u'bazar eg\ufffd\ufffdpcio', u'egyptian bazaar', u'grand bazaar', u'grand bazar', u'istambul', u'istanbul', u'kapali carsi', u'misir carsi', u'spice bazaar', u'turkey', u'turquia']
Istanbul	[22450396, 2343552, 2344116, 29390475, 2347289, 29391294, 23424969, 28350899]	http://www.flickr.com/photos/7559746@N05/5415821076/			False	http://farm6.staticflickr.com/5214/5415821076_b3dc399917.jpg	3	1ece1f5299be296be74e98e8675e4	jpg	rictulio	Turkey	2011-02-04T12:26:37Z	Attribution License	2010-10-12T03:13:50Z	Panasonic DMC-FZ35	68132803	P1060954	5415821076	[u'bazar de especiarias', u'bazar eg\ufffd\ufffdpcio', u'egyptian bazaar', u'grand bazaar', u'grand bazar', u'istambul', u'istanbul', u'kapali carsi', u'misir carsi', u'spice bazaar', u'turkey', u'turquia']
Istanbul	[22450396, 2343552, 2344116, 29390475, 2347289, 29391294, 23424969, 28350899]	http://www.flickr.com/photos/7559746@N05/5415821504/			False	http://farm5.staticflickr.com/4142/5415821504_c868de8cdd.jpg	3	4a26ce44a57bbf39c273465f66a29aa0	jpg	rictulio	Turkey	2011-02-04T12:26:56Z	Attribution License	2010-10-12T03:15:47Z	Panasonic DMC-FZ35	81741149	P1060955	5415821504	[u'bazar de especiarias', u'bazar eg\ufffd\ufffdpcio', u'egyptian bazaar', u'grand bazaar', u'grand bazar', u'istambul', u'istanbul', u'kapali carsi', u'misir carsi', u'spice bazaar', u'turkey', u'turquia']
Istanbul	[22450396, 2343552, 2344116, 29390475, 2347289, 29391294, 23424969, 28350899]	http://www.flickr.com/photos/7559746@N05/5415211151/			False	http://farm6.staticflickr.com/5171/5415211151_11fdf9d991.jpg	3	5f7c9bc819aef6ecc97cc58d36ae6334	jpg	rictulio	Turkey	2011-02-04T12:27:15Z	Attribution License	2010-10-12T03:17:55Z	Panasonic DMC-FZ35	15787141	P1060956	5415211151	[u'bazar de especiarias', u'bazar eg\ufffd\ufffdpcio', u'egyptian bazaar', u'grand bazaar', u'grand bazar', u'istambul', u'istanbul', u'kapali carsi', u'misir carsi', u'spice bazaar', u'turkey', u'turquia']
Istanbul	[22450396, 2343552, 2344116, 29390475, 2347289, 29391294, 23424969, 28350899]	http://www.flickr.com/photos/7559746@N05/5415211487/			False	http://farm5.staticflickr.com/4105/5415211487_93b394d9fb.jpg	3	15256284bc3e237cc5b5ede14af14d3	jpg	rictulio	Turkey	2011-02-04T12:27:31Z	Attribution License	2010-10-12T03:18:46Z	Panasonic DMC-FZ35	97867001	P1060957	5415211487	[u'bazar de especiarias', u'bazar eg\ufffd\ufffdpcio', u'egyptian bazaar', u'grand bazaar', u'grand bazar', u'istambul', u'istanbul', u'kapali carsi', u'misir carsi', u'spice bazaar', u'turkey', u'turquia']
Istanbul	[22450396, 2343552, 2344116, 29390475, 2347289, 29391294, 23424969, 28350899]	http://www.flickr.com/photos/7559746@N05/5415822468/			False	http://farm5.staticflickr.com/4123/5415822468_493f8891df.jpg	3	61aa2ec4f29aa2b4066ff9b93bff4c8	jpg	rictulio	Turkey	2011-02-04T12:27:43Z	Attribution License	2010-10-12T03:18:59Z	Panasonic DMC-FZ35	63707186	P1060958	5415822468	[u'bazar de especiarias', u'bazar eg\ufffd\ufffdpcio', u'egyptian bazaar', u'grand bazaar', u'grand bazar', u'istambul', u'istanbul', u'kapali carsi', u'misir carsi', u'spice bazaar', u'turkey', u'turquia']
Istanbul	[22450396, 2343552, 2344116, 29390475, 2347289, 29391294, 23424969, 28350899]	http://www.flickr.com/photos/7559746@N05/5415212215/			False	http://farm6.staticflickr.com/5176/5415212215_5a8fda7965.jpg	3	3ccbe868d8d4d48a8fb448d82146bf1	jpg	rictulio	Turkey	2011-02-04T12:28:07Z	Attribution License	2010-10-12T03:19:39Z	Panasonic DMC-FZ35	81612815	P1060959	5415212215	[u'bazar de especiarias', u'bazar eg\ufffd\ufffdpcio', u'egyptian bazaar', u'grand bazaar', u'grand bazar', u'istambul', u'istanbul', u'kapali carsi', u'misir carsi', u'spice bazaar', u'turkey', u'turquia']
Istanbul	[22450396, 2343552, 2344116, 29390475, 2347289, 29391294, 23424969, 28350899]	http://www.flickr.com/photos/7559746@N05/5415213161/			False	http://farm6.staticflickr.com/5174/5415213161_9999ca99b2.jpg	3	32ee32083cbf48efd0d7c7b46711db	jpg	rictulio	Turkey	2011-02-04T12:28:50Z	Attribution License	2010-10-12T03:21:25Z	Panasonic DMC-FZ35	63140672	P1060961	5415213161	[u'bazar de especiarias', u'bazar eg\ufffd\ufffdpcio', u'egyptian bazaar', u'grand bazaar', u'grand bazar', u'istambul', u'istanbul', u'kapali carsi', u'misir carsi', u'spice bazaar', u'turkey', u'turquia']
Istanbul	[22450396, 2343552, 2344116, 29390475, 2347289, 29391294, 23424969, 28350899]	http://www.flickr.com/photos/7559746@N05/5415824388/			False	http://farm6.staticflickr.com/5055/5415824388_aa451edfdf.jpg	3	a7ea6ea66064fbff4d28ae28a1fd80a5	jpg	rictulio	Turkey	2011-02-04T12:29:07Z	Attribution License	2010-10-12T03:21:46Z	Panasonic DMC-FZ35	81636357	P1060962	5415824388	[u'bazar de especiarias', u'bazar eg\ufffd\ufffdpcio', u'egyptian bazaar', u'grand bazaar', u'grand bazar', u'istambul', u'istanbul', u'kapali carsi', u'misir carsi', u'spice bazaar', u'turkey', u'turquia']
Istanbul	[22450396, 2343552, 2344116, 29390475, 2347289, 29391294, 23424969, 28350899]	http://www.flickr.com/photos/7559746@N05/5415825132/			False	http://farm6.staticflickr.com/5255/5415825132_6d2a6d0b54.jpg	3	25c818417ba62b6bccf84d356188fb	jpg	rictulio	Turkey	2011-02-04T12:29:38Z	Attribution License	2010-10-12T03:22:03Z	Panasonic DMC-FZ35	66489159	P1060963	5415825132	[u'bazar de especiarias', u'bazar eg\ufffd\ufffdpcio', u'egyptian bazaar', u'grand bazaar', u'grand bazar', u'istambul', u'istanbul', u'kapali carsi', u'misir carsi', u'spice bazaar', u'turkey', u'turquia']
Istanbul	[22450396, 2343552, 2344116, 29390475, 2347289, 29391294, 23424969, 28350899]	http://www.flickr.com/photos/7559746@N05/5415214737/			False	http://farm6.staticflickr.com/5052/5415214737_d627af9180.jpg	3	c6dde8361065db4eb94fb9e89f396f64	jpg	rictulio	Turkey	2011-02-04T12:29:58Z	Attribution License	2010-10-12T03:22:09Z	Panasonic DMC-FZ35	46403652	P1060964	5415214737	[u'bazar de especiarias', u'bazar eg\ufffd\ufffdpcio', u'egyptian bazaar', u'grand bazaar', u'grand bazar', u'istambul', u'istanbul', u'kapali carsi', u'misir carsi', u'spice bazaar', u'turkey', u'turquia']
Istanbul	[22450396, 2343552, 2344116, 29390475, 2347289, 29391294, 23424969, 28350899]	http://www.flickr.com/photos/7559746@N05/5415825940/			False	http://farm6.staticflickr.com/5052/5415825940_d97c85346a.jpg	3	5e46e71b55f9268479b25a04b1f611	jpg	rictulio	Turkey	2011-02-04T12:30:15Z	Attribution License	2010-10-12T03:22:21Z	Panasonic DMC-FZ35	64209673	P1060965	5415825940	[u'bazar de especiarias', u'bazar eg\ufffd\ufffdpcio', u'egyptian bazaar', u'grand bazaar', u'grand bazar', u'istambul', u'istanbul', u'kapali carsi', u'misir carsi', u'spice bazaar', u'turkey', u'turquia']
Istanbul	[22450396, 2343552, 2344116, 29390475, 2347289, 29391294, 23424969, 28350899]	http://www.flickr.com/photos/7559746@N05/5415826448/			False	http://farm5.staticflickr.com/4134/5415826448_064c6e47f9.jpg	3	eeeaba8bd7eb9d82b9156ab172eedca4	jpg	rictulio	Turkey	2011-02-04T12:30:38Z	Attribution License	2010-10-12T03:22:47Z	Panasonic DMC-FZ35	96273508	P1060966	5415826448	[u'bazar de especiarias', u'bazar eg\ufffd\ufffdpcio', u'egyptian bazaar', u'grand bazaar', u'grand bazar', u'istambul', u'istanbul', u'kapali carsi', u'misir carsi', u'spice bazaar', u'turkey', u'turquia']
Istanbul	[22450396, 2343552, 2344116, 29390475, 2347289, 29391294, 23424969, 28350899]	http://www.flickr.com/photos/7559746@N05/5415826924/			False	http://farm5.staticflickr.com/4108/5415826924_a8c4362297.jpg	3	52ba1c39792c4ff49c7d6c1697620	jpg	rictulio	Turkey	2011-02-04T12:30:58Z	Attribution License	2010-10-12T03:23:07Z	Panasonic DMC-FZ35	61984430	P1060967	5415826924	[u'bazar de especiarias', u'bazar eg\ufffd\ufffdpcio', u'egyptian bazaar', u'grand bazaar', u'grand bazar', u'istambul', u'istanbul', u'kapali carsi', u'misir carsi', u'spice bazaar', u'turkey', u'turquia']
Istanbul	[22450396, 2343552, 2344116, 29390475, 2347289, 29391294, 23424969, 28350899]	http://www.flickr.com/photos/7559746@N05/5415217065/			False	http://farm5.staticflickr.com/4137/5415217065_eb745af61a.jpg	3	86b9f3a91d73349a53476ee88366282e	jpg	rictulio	Turkey	2011-02-04T12:31:37Z	Attribution License	2010-10-12T03:24:32Z	Panasonic DMC-FZ35	63020888	P1060969	5415217065	[u'bazar de especiarias', u'bazar eg\ufffd\ufffdpcio', u'egyptian bazaar', u'grand bazaar', u'grand bazar', u'istambul', u'istanbul', u'kapali carsi', u'misir carsi', u'spice bazaar', u'turkey', u'turquia']
Istanbul	[22450396, 2343552, 2344116, 29390475, 2347289, 29391294, 23424969, 28350899]	http://www.flickr.com/photos/7559746@N05/5415217615/			False	http://farm6.staticflickr.com/5175/5415217615_fc6d007dae.jpg	3	f1b53b4a66656c21907917418a35f44	jpg	rictulio	Turkey	2011-02-04T12:32:00Z	Attribution License	2010-10-12T03:24:53Z	Panasonic DMC-FZ35	84525664	P1060970	5415217615	[u'bazar de especiarias', u'bazar eg\ufffd\ufffdpcio', u'egyptian bazaar', u'grand bazaar', u'grand bazar', u'istambul', u'istanbul', u'kapali carsi', u'misir carsi', u'spice bazaar', u'turkey', u'turquia']
Istanbul	[22450396, 2343552, 2344116, 29390475, 2347289, 29391294, 23424969, 28350899]	http://www.flickr.com/photos/7559746@N05/5415218003/			False	http://farm5.staticflickr.com/4114/5415218003_406a8fa50f.jpg	3	85645fb2a5d121c4f5725c5834d60	jpg	rictulio	Turkey	2011-02-04T12:32:16Z	Attribution License	2010-10-12T03:25:27Z	Panasonic DMC-FZ35	65099594	P1060971	5415218003	[u'bazar de especiarias', u'bazar eg\ufffd\ufffdpcio', u'egyptian bazaar', u'grand bazaar', u'grand bazar', u'istambul', u'istanbul', u'kapali carsi', u'misir carsi', u'spice bazaar', u'turkey', u'turquia']
Istanbul	[22450396, 2343552, 2344116, 29390475, 2347289, 29391294, 23424969, 28350899]	http://www.flickr.com/photos/7559746@N05/5415218517/			False	http://farm6.staticflickr.com/5174/5415218517_08caf920b0.jpg	3	1ff720e183611e3235ca6cadb837dfaf	jpg	rictulio	Turkey	2011-02-04T12:32:35Z	Attribution License	2010-10-12T03:25:37Z	Panasonic DMC-FZ35	85726761	P1060972	5415218517	[u'bazar de especiarias', u'bazar eg\ufffd\ufffdpcio', u'egyptian bazaar', u'grand bazaar', u'grand bazar', u'istambul', u'istanbul', u'kapali carsi', u'misir carsi', u'spice bazaar', u'turkey', u'turquia']
Istanbul	[22450396, 2343552, 2344116, 29390475, 2347289, 29391294, 23424969, 28350899]	http://www.flickr.com/photos/7559746@N05/5415832294/			False	http://farm6.staticflickr.com/5136/5415832294_98988c5794.jpg	3	2adf6036c899bed29495b9f37ea8c179	jpg	rictulio	Turkey	2011-02-04T12:34:41Z	Attribution License	2010-10-12T03:35:37Z	Panasonic DMC-FZ35	91231579	P1060981	5415832294	[u'bazar de especiarias', u'bazar eg\ufffd\ufffdpcio', u'egyptian bazaar', u'grand bazaar', u'grand bazar', u'istambul', u'istanbul', u'kapali carsi', u'misir carsi', u'spice bazaar', u'turkey', u'turquia']
Istanbul	[22450396, 2343552, 2344116, 29390475, 2347289, 29391294, 23424969, 28350899]	http://www.flickr.com/photos/7559746@N05/5415832648/			False	http://farm5.staticflickr.com/4152/5415832648_13967c7868.jpg	3	aed53433cead06d44fc2b05fbeddc	jpg	rictulio	Turkey	2011-02-04T12:34:57Z	Attribution License	2010-10-12T03:45:49Z	Panasonic DMC-FZ35	89548167	P1060982	5415832648	[u'bazar de especiarias', u'bazar eg\ufffd\ufffdpcio', u'egyptian bazaar', u'grand bazaar', u'grand bazar', u'istambul', u'istanbul', u'kapali carsi', u'misir carsi', u'spice bazaar', u'turkey', u'turquia']
Istanbul	[22450396, 2343552, 2344116, 29390475, 2347289, 29391294, 23424969, 28350899]	http://www.flickr.com/photos/7559746@N05/5415222281/			False	http://farm6.staticflickr.com/5137/5415222281_db492483b9.jpg	3	d815f3da817783acdadb18b2f2dcd34	jpg	rictulio	Turkey	2011-02-04T12:35:22Z	Attribution License	2010-10-12T03:47:09Z	Panasonic DMC-FZ35	50725060	P1060984	5415222281	[u'bazar de especiarias', u'bazar eg\ufffd\ufffdpcio', u'egyptian bazaar', u'grand bazaar', u'grand bazar', u'istambul', u'istanbul', u'kapali carsi', u'misir carsi', u'spice bazaar', u'turkey', u'turquia']
Istanbul	[22450396, 2343552, 2344116, 29390475, 2347289, 29391294, 23424969, 28350899]	http://www.flickr.com/photos/7559746@N05/5415223197/			False	http://farm6.staticflickr.com/5055/5415223197_86e1a9b8b6.jpg	4	1e7c859a7f624a8bfbe86bb37ce523	jpg	rictulio	Turkey	2011-02-04T12:35:52Z	Attribution License	2010-10-12T04:02:14Z	Panasonic DMC-FZ35	84875758	P1060986	5415223197	[u'bazar de especiarias', u'bazar eg\ufffd\ufffdpcio', u'egyptian bazaar', u'grand bazaar', u'grand bazar', u'istambul', u'istanbul', u'kapali carsi', u'misir carsi', u'spice bazaar', u'turkey', u'turquia']
Istanbul	[22450396, 2343552, 2344116, 29390475, 2347289, 29391294, 23424969, 28350899]	http://www.flickr.com/photos/7559746@N05/5415834642/			False	http://farm6.staticflickr.com/5260/5415834642_b627f90451.jpg	4	928043a6b41167601e8a38636667cd99	jpg	rictulio	Turkey	2011-02-04T12:36:11Z	Attribution License	2010-10-12T04:02:35Z	Panasonic DMC-FZ35	64086431	P1060987	5415834642	[u'bazar de especiarias', u'bazar eg\ufffd\ufffdpcio', u'egyptian bazaar', u'grand bazaar', u'grand bazar', u'istambul', u'istanbul', u'kapali carsi', u'misir carsi', u'spice bazaar', u'turkey', u'turquia']
Istanbul	[22450396, 2343552, 2344116, 29390475, 2347289, 29391294, 23424969, 28350899]	http://www.flickr.com/photos/7559746@N05/5415224159/			False	http://farm6.staticflickr.com/5214/5415224159_9e0bd452c6.jpg	4	f827fc35dbb79f5c15e6a1c7237b230	jpg	rictulio	Turkey	2011-02-04T12:36:28Z	Attribution License	2010-10-12T04:03:14Z	Panasonic DMC-FZ35	82765394	P1060988	5415224159	[u'bazar de especiarias', u'bazar eg\ufffd\ufffdpcio', u'egyptian bazaar', u'grand bazaar', u'grand bazar', u'istambul', u'istanbul', u'kapali carsi', u'misir carsi', u'spice bazaar', u'turkey', u'turquia']
Istanbul	[22450396, 2343552, 2344116, 29390475, 2347289, 29391294, 23424969, 28350899]	http://www.flickr.com/photos/7559746@N05/5415225995/			False	http://farm6.staticflickr.com/5214/5415225995_2d327e4a54.jpg	4	1ad93e980a353c4ebd979b8fc3fcc2	jpg	rictulio	Turkey	2011-02-04T12:37:37Z	Attribution License	2010-10-12T04:15:31Z	Panasonic DMC-FZ35	2850199	P1060992	5415225995	[u'bazar de especiarias', u'bazar eg\ufffd\ufffdpcio', u'egyptian bazaar', u'grand bazaar', u'grand bazar', u'istambul', u'istanbul', u'kapali carsi', u'misir carsi', u'spice bazaar', u'turkey', u'turquia']
Istanbul	[22450396, 2343552, 2344116, 29390475, 2347289, 29391294, 23424969, 28350899]	http://www.flickr.com/photos/7559746@N05/5415226459/			False	http://farm6.staticflickr.com/5176/5415226459_5a4e234d1b.jpg	4	3570eeb6d127d770ff863c9ff9d1cecc	jpg	rictulio	Turkey	2011-02-04T12:37:56Z	Attribution License	2010-10-12T04:15:56Z	Panasonic DMC-FZ35	92691924	P1060993	5415226459	[u'bazar de especiarias', u'bazar eg\ufffd\ufffdpcio', u'egyptian bazaar', u'grand bazaar', u'grand bazar', u'istambul', u'istanbul', u'kapali carsi', u'misir carsi', u'spice bazaar', u'turkey', u'turquia']
Istanbul	[22450396, 2343552, 2344116, 29390475, 2347289, 29391294, 23424969, 28350899]	http://www.flickr.com/photos/7559746@N05/5415226791/			False	http://farm5.staticflickr.com/4151/5415226791_0c6ab6efa2.jpg	4	c1101f97c8f71e58e13bee42d15bc9	jpg	rictulio	Turkey	2011-02-04T12:38:10Z	Attribution License	2010-10-12T04:16:13Z	Panasonic DMC-FZ35	76801777	P1060994	5415226791	[u'bazar de especiarias', u'bazar eg\ufffd\ufffdpcio', u'egyptian bazaar', u'grand bazaar', u'grand bazar', u'istambul', u'istanbul', u'kapali carsi', u'misir carsi', u'spice bazaar', u'turkey', u'turquia']
Istanbul	[22450396, 2343552, 2344116, 29390475, 2347289, 29391294, 23424969, 28350899]	http://www.flickr.com/photos/7559746@N05/5415227223/			False	http://farm5.staticflickr.com/4097/5415227223_f0849a5894.jpg	4	726d51102ebdde60e7628f9eef6f3a3	jpg	rictulio	Turkey	2011-02-04T12:38:29Z	Attribution License	2010-10-12T04:16:55Z	Panasonic DMC-FZ35	76528020	P1060995	5415227223	[u'bazar de especiarias', u'bazar eg\ufffd\ufffdpcio', u'egyptian bazaar', u'grand bazaar', u'grand bazar', u'istambul', u'istanbul', u'kapali carsi', u'misir carsi', u'spice bazaar', u'turkey', u'turquia']
Istanbul	[22450396, 2343552, 2344116, 29390475, 2347289, 29391294, 23424969, 28350899]	http://www.flickr.com/photos/7559746@N05/5415227589/			False	http://farm5.staticflickr.com/4122/5415227589_31b3ff139d.jpg	4	1b18db2232354f67fc438bc41bccdaa	jpg	rictulio	Turkey	2011-02-04T12:38:46Z	Attribution License	2010-10-12T04:18:28Z	Panasonic DMC-FZ35	89284919	P1060996	5415227589	[u'bazar de especiarias', u'bazar eg\ufffd\ufffdpcio', u'egyptian bazaar', u'grand bazaar', u'grand bazar', u'istambul', u'istanbul', u'kapali carsi', u'misir carsi', u'spice bazaar', u'turkey', u'turquia']
Istanbul	[22724020, 2344116, 29390475, 2347289, 23424969, 28350899]	http://www.flickr.com/photos/7559746@N05/5415228733/			False	http://farm5.staticflickr.com/4094/5415228733_bff125ceb6.jpg	5	6c479bae2c5a4813d72d113ec376cb64	jpg	rictulio	Turkey	2011-02-04T12:39:33Z	Attribution License	2010-10-12T05:02:04Z	Panasonic DMC-FZ35	43441249	P1060998	5415228733	[u'bazar de especiarias', u'bazar eg\ufffd\ufffdpcio', u'egyptian bazaar', u'grand bazaar', u'grand bazar', u'istambul', u'istanbul', u'kapali carsi', u'misir carsi', u'spice bazaar', u'turkey', u'turquia']
Istanbul	[22724020, 2344116, 29390475, 2347289, 23424969, 28350899]	http://www.flickr.com/photos/7559746@N05/5415229389/			False	http://farm6.staticflickr.com/5100/5415229389_5b06dacc75.jpg	5	746d88821793a4357876f3fad3a667c	jpg	rictulio	Turkey	2011-02-04T12:39:59Z	Attribution License	2010-10-12T05:04:42Z	Panasonic DMC-FZ35	82734026	P1060999	5415229389	[u'bazar de especiarias', u'bazar eg\ufffd\ufffdpcio', u'egyptian bazaar', u'grand bazaar', u'grand bazar', u'istambul', u'istanbul', u'kapali carsi', u'misir carsi', u'spice bazaar', u'turkey', u'turquia']
Istanbul	[22724020, 2344116, 29390475, 2347289, 23424969, 28350899]	http://www.flickr.com/photos/7559746@N05/5415840794/			False	http://farm6.staticflickr.com/5256/5415840794_3244689d45.jpg	5	35c89e4fa088d4467e3921d2e5e39193	jpg	rictulio	Turkey	2011-02-04T12:40:23Z	Attribution License	2010-10-12T05:29:57Z	Panasonic DMC-FZ35	40701401	P1070001	5415840794	[u'bazar de especiarias', u'bazar eg\ufffd\ufffdpcio', u'egyptian bazaar', u'grand bazaar', u'grand bazar', u'istambul', u'istanbul', u'kapali carsi', u'misir carsi', u'spice bazaar', u'turkey', u'turquia']
Istanbul	[22724020, 2344116, 29390475, 2347289, 23424969, 28350899]	http://www.flickr.com/photos/7559746@N05/5415230503/			False	http://farm6.staticflickr.com/5217/5415230503_13af37a35d.jpg	5	6bd5cc7ed2a6d6b50ff085c94731e	jpg	rictulio	Turkey	2011-02-04T12:40:45Z	Attribution License	2010-10-12T05:41:47Z	Panasonic DMC-FZ35	77640808	P1070002	5415230503	[u'bazar de especiarias', u'bazar eg\ufffd\ufffdpcio', u'egyptian bazaar', u'grand bazaar', u'grand bazar', u'istambul', u'istanbul', u'kapali carsi', u'misir carsi', u'spice bazaar', u'turkey', u'turquia']
Istanbul	[22724020, 2344116, 29390475, 2347289, 23424969, 28350899]	http://www.flickr.com/photos/7559746@N05/5415231067/			False	http://farm6.staticflickr.com/5217/5415231067_4440587006.jpg	5	a4c870e6fd2dd3114270d1cc1acf7d2	jpg	rictulio	Turkey	2011-02-04T12:41:09Z	Attribution License	2010-10-12T05:42:08Z	Panasonic DMC-FZ35	73846069	P1070003	5415231067	[u'bazar de especiarias', u'bazar eg\ufffd\ufffdpcio', u'egyptian bazaar', u'grand bazaar', u'grand bazar', u'istambul', u'istanbul', u'kapali carsi', u'misir carsi', u'spice bazaar', u'turkey', u'turquia']
Istanbul	[22724020, 2344116, 29390475, 2347289, 23424969, 28350899]	http://www.flickr.com/photos/7559746@N05/5415231619/			False	http://farm5.staticflickr.com/4150/5415231619_cc44be7e59.jpg	5	aa2fbead6dfc9c1771487f8a7a0208a	jpg	rictulio	Turkey	2011-02-04T12:41:28Z	Attribution License	2010-10-12T05:42:15Z	Panasonic DMC-FZ35	40788989	P1070004	5415231619	[u'bazar de especiarias', u'bazar eg\ufffd\ufffdpcio', u'egyptian bazaar', u'grand bazaar', u'grand bazar', u'istambul', u'istanbul', u'kapali carsi', u'misir carsi', u'spice bazaar', u'turkey', u'turquia']
Istanbul	[22724016, 2344116, 29390475, 2347289, 23424969, 28350899]	http://www.flickr.com/photos/7559746@N05/5415232375/			False	http://farm6.staticflickr.com/5218/5415232375_6b674b1ab7.jpg	5	41e88eb186db415687253da85def529	jpg	rictulio	Turkey	2011-02-04T12:42:01Z	Attribution License	2010-10-12T05:50:11Z	Panasonic DMC-FZ35	99046719	P1070005	5415232375	[u'bazar de especiarias', u'bazar eg\ufffd\ufffdpcio', u'egyptian bazaar', u'grand bazaar', u'grand bazar', u'istambul', u'istanbul', u'kapali carsi', u'misir carsi', u'spice bazaar', u'turkey', u'turquia']
Istanbul	[22724016, 2344116, 29390475, 2347289, 23424969, 28350899]	http://www.flickr.com/photos/7559746@N05/5415843524/			False	http://farm6.staticflickr.com/5212/5415843524_82abd47139.jpg	5	ca8c6e323d6ee22a70edc0ebef552884	jpg	rictulio	Turkey	2011-02-04T12:42:17Z	Attribution License	2010-10-12T05:50:23Z	Panasonic DMC-FZ35	66529375	P1070006	5415843524	[u'bazar de especiarias', u'bazar eg\ufffd\ufffdpcio', u'egyptian bazaar', u'grand bazaar', u'grand bazar', u'istambul', u'istanbul', u'kapali carsi', u'misir carsi', u'spice bazaar', u'turkey', u'turquia']
Istanbul	[22724016, 2344116, 29390475, 2347289, 23424969, 28350899]	http://www.flickr.com/photos/7559746@N05/5415233335/			False	http://farm6.staticflickr.com/5054/5415233335_c80a1eb494.jpg	5	3cc33841f625d44cef512fb6a28768	jpg	rictulio	Turkey	2011-02-04T12:42:36Z	Attribution License	2010-10-12T05:50:29Z	Panasonic DMC-FZ35	96340036	P1070007	5415233335	[u'bazar de especiarias', u'bazar eg\ufffd\ufffdpcio', u'egyptian bazaar', u'grand bazaar', u'grand bazar', u'istambul', u'istanbul', u'kapali carsi', u'misir carsi', u'spice bazaar', u'turkey', u'turquia']
Istanbul	[22724016, 2344116, 29390475, 2347289, 23424969, 28350899]	http://www.flickr.com/photos/7559746@N05/5415233717/			False	http://farm6.staticflickr.com/5172/5415233717_3b1aba521c.jpg	5	8ade169cafa9894ea9d53869115df680	jpg	rictulio	Turkey	2011-02-04T12:42:52Z	Attribution License	2010-10-12T05:50:34Z	Panasonic DMC-FZ35	24266237	P1070008	5415233717	[u'bazar de especiarias', u'bazar eg\ufffd\ufffdpcio', u'egyptian bazaar', u'grand bazaar', u'grand bazar', u'istambul', u'istanbul', u'kapali carsi', u'misir carsi', u'spice bazaar', u'turkey', u'turquia']
Istanbul	[22724016, 2344116, 29390475, 2347289, 23424969, 28350899]	http://www.flickr.com/photos/7559746@N05/5415844858/			False	http://farm5.staticflickr.com/4137/5415844858_9062637c29.jpg	5	08fcb0cb7799ecde3b1f573aa0e	jpg	rictulio	Turkey	2011-02-04T12:43:09Z	Attribution License	2010-10-12T05:50:40Z	Panasonic DMC-FZ35	67814186	P1070009	5415844858	[u'bazar de especiarias', u'bazar eg\ufffd\ufffdpcio', u'egyptian bazaar', u'grand bazaar', u'grand bazar', u'istambul', u'istanbul', u'kapali carsi', u'misir carsi', u'spice bazaar', u'turkey', u'turquia']
Istanbul	[22724016, 2344116, 29390475, 2347289, 23424969, 28350899]	http://www.flickr.com/photos/7559746@N05/5415846200/			False	http://farm6.staticflickr.com/5252/5415846200_924327bcef.jpg	5	1ae5beb3598b757a7f694f41acc9977	jpg	rictulio	Turkey	2011-02-04T12:44:05Z	Attribution License	2010-10-12T05:52:32Z	Panasonic DMC-FZ35	15742792	P1070012	5415846200	[u'bazar de especiarias', u'bazar eg\ufffd\ufffdpcio', u'egyptian bazaar', u'grand bazaar', u'grand bazar', u'istambul', u'istanbul', u'kapali carsi', u'misir carsi', u'spice bazaar', u'turkey', u'turquia']
Istanbul	[22724016, 2344116, 29390475, 2347289, 23424969, 28350899]	http://www.flickr.com/photos/7559746@N05/5415235847/			False	http://farm6.staticflickr.com/5177/5415235847_4ec2d68aa0.jpg	5	8ff757b8f6df52fbc2d35e8f373c7	jpg	rictulio	Turkey	2011-02-04T12:44:22Z	Attribution License	2010-10-12T05:53:19Z	Panasonic DMC-FZ35	72343332	P1070013	5415235847	[u'bazar de especiarias', u'bazar eg\ufffd\ufffdpcio', u'egyptian bazaar', u'grand bazaar', u'grand bazar', u'istambul', u'istanbul', u'kapali carsi', u'misir carsi', u'spice bazaar', u'turkey', u'turquia']
Istanbul	[22724016, 2344116, 29390475, 2347289, 23424969, 28350899]	http://www.flickr.com/photos/7559746@N05/5415846974/			False	http://farm6.staticflickr.com/5297/5415846974_81af4b240f.jpg	5	4af6bad9571063b814319b53c1215	jpg	rictulio	Turkey	2011-02-04T12:44:39Z	Attribution License	2010-10-12T05:53:33Z	Panasonic DMC-FZ35	89478503	P1070014	5415846974	[u'bazar de especiarias', u'bazar eg\ufffd\ufffdpcio', u'egyptian bazaar', u'grand bazaar', u'grand bazar', u'istambul', u'istanbul', u'kapali carsi', u'misir carsi', u'spice bazaar', u'turkey', u'turquia']
Istanbul	[22724016, 2344116, 29390475, 2347289, 23424969, 28350899]	http://www.flickr.com/photos/7559746@N05/5415847514/			False	http://farm6.staticflickr.com/5136/5415847514_4bcdc2b2af.jpg	5	b7c7e864b7ab8efc1e465a8c99f68d6	jpg	rictulio	Turkey	2011-02-04T12:44:59Z	Attribution License	2010-10-12T05:55:08Z	Panasonic DMC-FZ35	22746160	P1070016	5415847514	[u'bazar de especiarias', u'bazar eg\ufffd\ufffdpcio', u'egyptian bazaar', u'grand bazaar', u'grand bazar', u'istambul', u'istanbul', u'kapali carsi', u'misir carsi', u'spice bazaar', u'turkey', u'turquia']
Istanbul	[22724016, 2344116, 29390475, 2347289, 23424969, 28350899]	http://www.flickr.com/photos/7559746@N05/5415847942/			False	http://farm6.staticflickr.com/5259/5415847942_1b58886e71.jpg	5	e39987fcab945d96cc8751a8b3b716	jpg	rictulio	Turkey	2011-02-04T12:45:14Z	Attribution License	2010-10-12T05:55:18Z	Panasonic DMC-FZ35	76133888	P1070017	5415847942	[u'bazar de especiarias', u'bazar eg\ufffd\ufffdpcio', u'egyptian bazaar', u'grand bazaar', u'grand bazar', u'istambul', u'istanbul', u'kapali carsi', u'misir carsi', u'spice bazaar', u'turkey', u'turquia']
Istanbul	[22724016, 2344116, 29390475, 2347289, 23424969, 28350899]	http://www.flickr.com/photos/7559746@N05/5415848640/			False	http://farm5.staticflickr.com/4080/5415848640_e1035cac33.jpg	5	72ef95512724fe21bee90d490441bfc	jpg	rictulio	Turkey	2011-02-04T12:45:39Z	Attribution License	2010-10-12T05:55:28Z	Panasonic DMC-FZ35	86376234	P1070018	5415848640	[u'bazar de especiarias', u'bazar eg\ufffd\ufffdpcio', u'egyptian bazaar', u'grand bazaar', u'grand bazar', u'istambul', u'istanbul', u'kapali carsi', u'misir carsi', u'spice bazaar', u'turkey', u'turquia']
Istanbul	[22724016, 2344116, 29390475, 2347289, 23424969, 28350899]	http://www.flickr.com/photos/7559746@N05/5415849678/			False	http://farm6.staticflickr.com/5219/5415849678_596b6a6109.jpg	5	2654136addc73629a5c599a28d6c0d6	jpg	rictulio	Turkey	2011-02-04T12:46:20Z	Attribution License	2010-10-12T05:57:01Z	Panasonic DMC-FZ35	61021812	P1070020	5415849678	[u'bazar de especiarias', u'bazar eg\ufffd\ufffdpcio', u'egyptian bazaar', u'grand bazaar', u'grand bazar', u'istambul', u'istanbul', u'kapali carsi', u'misir carsi', u'spice bazaar', u'turkey', u'turquia']
Istanbul	[22724016, 2344116, 29390475, 2347289, 23424969, 28350899]	http://www.flickr.com/photos/7559746@N05/5415850212/			False	http://farm5.staticflickr.com/4143/5415850212_74a146e548.jpg	5	4cbd5e65b329af8378e6c7f9cf93771	jpg	rictulio	Turkey	2011-02-04T12:46:41Z	Attribution License	2010-10-12T05:57:26Z	Panasonic DMC-FZ35	92646848	P1070021	5415850212	[u'bazar de especiarias', u'bazar eg\ufffd\ufffdpcio', u'egyptian bazaar', u'grand bazaar', u'grand bazar', u'istambul', u'istanbul', u'kapali carsi', u'misir carsi', u'spice bazaar', u'turkey', u'turquia']
Istanbul	[22724016, 2344116, 29390475, 2347289, 23424969, 28350899]	http://www.flickr.com/photos/7559746@N05/5415240047/			False	http://farm5.staticflickr.com/4115/5415240047_223fdff0ea.jpg	5	bae26ceb52cd61c8d6916b5475bc2eb	jpg	rictulio	Turkey	2011-02-04T12:47:01Z	Attribution License	2010-10-12T05:57:43Z	Panasonic DMC-FZ35	62921566	P1070022	5415240047	[u'bazar de especiarias', u'bazar eg\ufffd\ufffdpcio', u'egyptian bazaar', u'grand bazaar', u'grand bazar', u'istambul', u'istanbul', u'kapali carsi', u'misir carsi', u'spice bazaar', u'turkey', u'turquia']
Istanbul	[22724016, 2344116, 29390475, 2347289, 23424969, 28350899]	http://www.flickr.com/photos/7559746@N05/5415851180/			False	http://farm5.staticflickr.com/4076/5415851180_35156cd72a.jpg	5	5362806dea1d488e6c66935444e7b332	jpg	rictulio	Turkey	2011-02-04T12:47:18Z	Attribution License	2010-10-12T05:57:57Z	Panasonic DMC-FZ35	72163809	P1070023	5415851180	[u'bazar de especiarias', u'bazar eg\ufffd\ufffdpcio', u'egyptian bazaar', u'grand bazaar', u'grand bazar', u'istambul', u'istanbul', u'kapali carsi', u'misir carsi', u'spice bazaar', u'turkey', u'turquia']
Istanbul	[22724016, 2344116, 29390475, 2347289, 23424969, 28350899]	http://www.flickr.com/photos/7559746@N05/5415851678/			False	http://farm5.staticflickr.com/4145/5415851678_ffce4dc7b5.jpg	5	6dffe97fe687f49e631189869859c8ca	jpg	rictulio	Turkey	2011-02-04T12:47:38Z	Attribution License	2010-10-12T05:58:47Z	Panasonic DMC-FZ35	76946889	P1070024	5415851678	[u'bazar de especiarias', u'bazar eg\ufffd\ufffdpcio', u'egyptian bazaar', u'grand bazaar', u'grand bazar', u'istambul', u'istanbul', u'kapali carsi', u'misir carsi', u'spice bazaar', u'turkey', u'turquia']
Istanbul	[22724016, 2344116, 29390475, 2347289, 23424969, 28350899]	http://www.flickr.com/photos/7559746@N05/5415852254/			False	http://farm6.staticflickr.com/5179/5415852254_e652487863.jpg	5	97796c53f184702fe2f9c07b98b9498f	jpg	rictulio	Turkey	2011-02-04T12:48:00Z	Attribution License	2010-10-12T05:59:32Z	Panasonic DMC-FZ35	91801162	P1070025	5415852254	[u'bazar de especiarias', u'bazar eg\ufffd\ufffdpcio', u'egyptian bazaar', u'grand bazaar', u'grand bazar', u'istambul', u'istanbul', u'kapali carsi', u'misir carsi', u'spice bazaar', u'turkey', u'turquia']
Istanbul	[22724016, 2344116, 29390475, 2347289, 23424969, 28350899]	http://www.flickr.com/photos/7559746@N05/5415852972/			False	http://farm6.staticflickr.com/5092/5415852972_856895b44d.jpg	5	52a5f9c21b6f067bbe45c34e9357c1e	jpg	rictulio	Turkey	2011-02-04T12:48:26Z	Attribution License	2010-10-12T05:59:41Z	Panasonic DMC-FZ35	62691805	P1070026	5415852972	[u'bazar de especiarias', u'bazar eg\ufffd\ufffdpcio', u'egyptian bazaar', u'grand bazaar', u'grand bazar', u'istambul', u'istanbul', u'kapali carsi', u'misir carsi', u'spice bazaar', u'turkey', u'turquia']
Istanbul	[22724016, 2344116, 29390475, 2347289, 23424969, 28350899]	http://www.flickr.com/photos/7559746@N05/5415242679/			False	http://farm5.staticflickr.com/4081/5415242679_1f0710ec2c.jpg	5	b6f24be2b947ed9fc1e446c445c3e5	jpg	rictulio	Turkey	2011-02-04T12:48:47Z	Attribution License	2010-10-12T05:59:51Z	Panasonic DMC-FZ35	72585145	P1070027	5415242679	[u'bazar de especiarias', u'bazar eg\ufffd\ufffdpcio', u'egyptian bazaar', u'grand bazaar', u'grand bazar', u'istambul', u'istanbul', u'kapali carsi', u'misir carsi', u'spice bazaar', u'turkey', u'turquia']
Istanbul	[22724016, 2344116, 29390475, 2347289, 23424969, 28350899]	http://www.flickr.com/photos/7559746@N05/5415243237/			False	http://farm6.staticflickr.com/5098/5415243237_7ace8d97c4.jpg	6	d2c966713368ea3134ed87e1d56b6ff8	jpg	rictulio	Turkey	2011-02-04T12:49:11Z	Attribution License	2010-10-12T06:00:14Z	Panasonic DMC-FZ35	90891552	P1070028	5415243237	[u'bazar de especiarias', u'bazar eg\ufffd\ufffdpcio', u'egyptian bazaar', u'grand bazaar', u'grand bazar', u'istambul', u'istanbul', u'kapali carsi', u'misir carsi', u'spice bazaar', u'turkey', u'turquia']
Istanbul	[22724016, 2344116, 29390475, 2347289, 23424969, 28350899]	http://www.flickr.com/photos/7559746@N05/5415243717/			False	http://farm6.staticflickr.com/5017/5415243717_e4f9e47a2f.jpg	6	c4f33aa9f1b29d5955f83f5074e3d6	jpg	rictulio	Turkey	2011-02-04T12:49:29Z	Attribution License	2010-10-12T06:00:32Z	Panasonic DMC-FZ35	63939636	P1070029	5415243717	[u'bazar de especiarias', u'bazar eg\ufffd\ufffdpcio', u'egyptian bazaar', u'grand bazaar', u'grand bazar', u'istambul', u'istanbul', u'kapali carsi', u'misir carsi', u'spice bazaar', u'turkey', u'turquia']
Istanbul	[22724016, 2344116, 29390475, 2347289, 23424969, 28350899]	http://www.flickr.com/photos/7559746@N05/5415244245/			False	http://farm6.staticflickr.com/5018/5415244245_27492c326e.jpg	6	9fc0bc8aaa480a4783d44065ef7b2a	jpg	rictulio	Turkey	2011-02-04T12:49:47Z	Attribution License	2010-10-12T06:03:53Z	Panasonic DMC-FZ35	76250257	P1070030	5415244245	[u'bazar de especiarias', u'bazar eg\ufffd\ufffdpcio', u'egyptian bazaar', u'grand bazaar', u'grand bazar', u'istambul', u'istanbul', u'kapali carsi', u'misir carsi', u'spice bazaar', u'turkey', u'turquia']
Istanbul	[22724016, 2344116, 29390475, 2347289, 23424969, 28350899]	http://www.flickr.com/photos/7559746@N05/5415244665/			False	http://farm5.staticflickr.com/4139/5415244665_a98f76d8ea.jpg	6	966155bc3bc48eb8d619c2d2f2d67f3	jpg	rictulio	Turkey	2011-02-04T12:50:04Z	Attribution License	2010-10-12T06:05:02Z	Panasonic DMC-FZ35	71682092	P1070031	5415244665	[u'bazar de especiarias', u'bazar eg\ufffd\ufffdpcio', u'egyptian bazaar', u'grand bazaar', u'grand bazar', u'istambul', u'istanbul', u'kapali carsi', u'misir carsi', u'spice bazaar', u'turkey', u'turquia']
Istanbul	[22724016, 2344116, 29390475, 2347289, 23424969, 28350899]	http://www.flickr.com/photos/7559746@N05/5415856114/			False	http://farm5.staticflickr.com/4145/5415856114_3b29657d3c.jpg	6	cf5851d65e38723eb937e84543a779a	jpg	rictulio	Turkey	2011-02-04T12:50:19Z	Attribution License	2010-10-12T06:05:17Z	Panasonic DMC-FZ35	74879254	P1070032	5415856114	[u'bazar de especiarias', u'bazar eg\ufffd\ufffdpcio', u'egyptian bazaar', u'grand bazaar', u'grand bazar', u'istambul', u'istanbul', u'kapali carsi', u'misir carsi', u'spice bazaar', u'turkey', u'turquia']
Istanbul	[22724016, 2344116, 29390475, 2347289, 23424969, 28350899]	http://www.flickr.com/photos/7559746@N05/5415857774/			False	http://farm6.staticflickr.com/5178/5415857774_6337454a39.jpg	6	1b17cd57e3ca59ccd1d2a195fa711ea	jpg	rictulio	Turkey	2011-02-04T12:51:21Z	Attribution License	2010-10-12T06:37:07Z	Panasonic DMC-FZ35	73284749	P1070036	5415857774	[u'bazar de especiarias', u'bazar eg\ufffd\ufffdpcio', u'egyptian bazaar', u'grand bazaar', u'grand bazar', u'istambul', u'istanbul', u'kapali carsi', u'misir carsi', u'spice bazaar', u'turkey', u'turquia']
Istanbul	[22724016, 2344116, 29390475, 2347289, 23424969, 28350899]	http://www.flickr.com/photos/7559746@N05/5415247145/			False	http://farm6.staticflickr.com/5132/5415247145_3571eff886.jpg	6	c8aef813143676a789bb1d099ee7ea7	jpg	rictulio	Turkey	2011-02-04T12:51:33Z	Attribution License	2010-10-12T06:37:29Z	Panasonic DMC-FZ35	81907795	P1070037	5415247145	[u'bazar de especiarias', u'bazar eg\ufffd\ufffdpcio', u'egyptian bazaar', u'grand bazaar', u'grand bazar', u'istambul', u'istanbul', u'kapali carsi', u'misir carsi', u'spice bazaar', u'turkey', u'turquia']
Istanbul	[22724016, 2344116, 29390475, 2347289, 23424969, 28350899]	http://www.flickr.com/photos/7559746@N05/5415247569/			False	http://farm5.staticflickr.com/4076/5415247569_b9607c213d.jpg	6	a99bac8c69bff947527ccc9b651e7efb	jpg	rictulio	Turkey	2011-02-04T12:51:46Z	Attribution License	2010-10-12T06:38:54Z	Panasonic DMC-FZ35	73060234	P1070038	5415247569	[u'bazar de especiarias', u'bazar eg\ufffd\ufffdpcio', u'egyptian bazaar', u'grand bazaar', u'grand bazar', u'istambul', u'istanbul', u'kapali carsi', u'misir carsi', u'spice bazaar', u'turkey', u'turquia']
Istanbul	[22724016, 2344116, 29390475, 2347289, 23424969, 28350899]	http://www.flickr.com/photos/7559746@N05/5415859082/			False	http://farm5.staticflickr.com/4152/5415859082_94844ddb22.jpg	6	eb4577351a9c824af5dfe3f02d5e19	jpg	rictulio	Turkey	2011-02-04T12:52:06Z	Attribution License	2010-10-12T06:43:04Z	Panasonic DMC-FZ35	90876629	P1070039	5415859082	[u'bazar de especiarias', u'bazar eg\ufffd\ufffdpcio', u'egyptian bazaar', u'grand bazaar', u'grand bazar', u'istambul', u'istanbul', u'kapali carsi', u'misir carsi', u'spice bazaar', u'turkey', u'turquia']
Istanbul	[22724017, 2344116, 29390475, 2347289, 23424969, 28350899]	http://www.flickr.com/photos/7559746@N05/5415249131/			False	http://farm5.staticflickr.com/4114/5415249131_edbb790f69.jpg	7	d72c877447a0c41bd556175af2c7a25	jpg	rictulio	Turkey	2011-02-04T12:52:44Z	Attribution License	2010-10-12T07:13:19Z	Panasonic DMC-FZ35	62540678	P1070042	5415249131	[u'bazar de especiarias', u'bazar eg\ufffd\ufffdpcio', u'egyptian bazaar', u'grand bazaar', u'grand bazar', u'istambul', u'istanbul', u'kapali carsi', u'misir carsi', u'spice bazaar', u'turkey', u'turquia']
Istanbul	[22724017, 2344116, 29390475, 2347289, 23424969, 28350899]	http://www.flickr.com/photos/7559746@N05/5415860484/			False	http://farm5.staticflickr.com/4146/5415860484_f369eb67c6.jpg	7	7d301be6d1a49fd39dec15e1fc94f6c	jpg	rictulio	Turkey	2011-02-04T12:52:58Z	Attribution License	2010-10-12T07:49:17Z	Panasonic DMC-FZ35	74721903	P1070043	5415860484	[u'bazar de especiarias', u'bazar eg\ufffd\ufffdpcio', u'egyptian bazaar', u'grand bazaar', u'grand bazar', u'istambul', u'istanbul', u'kapali carsi', u'misir carsi', u'spice bazaar', u'turkey', u'turquia']
Istanbul	[22724017, 2344116, 29390475, 2347289, 23424969, 28350899]	http://www.flickr.com/photos/7559746@N05/5415860654/			False	http://farm5.staticflickr.com/4146/5415860654_eb6ddf38a4.jpg	7	7df37f75b5283e7da7e88af6b2494d	jpg	rictulio	Turkey	2011-02-04T12:53:05Z	Attribution License	2010-10-12T07:50:10Z	Panasonic DMC-FZ35	11153629	P1070044	5415860654	[u'bazar de especiarias', u'bazar eg\ufffd\ufffdpcio', u'egyptian bazaar', u'grand bazaar', u'grand bazar', u'istambul', u'istanbul', u'kapali carsi', u'misir carsi', u'spice bazaar', u'turkey', u'turquia']
Istanbul	[22724017, 2344116, 29390475, 2347289, 23424969, 28350899]	http://www.flickr.com/photos/7559746@N05/5415249779/			False	http://farm6.staticflickr.com/5260/5415249779_731f22054c.jpg	7	a639448f26103559182edf75abf2c58	jpg	rictulio	Turkey	2011-02-04T12:53:13Z	Attribution License	2010-10-12T07:50:31Z	Panasonic DMC-FZ35	82415938	P1070045	5415249779	[u'bazar de especiarias', u'bazar eg\ufffd\ufffdpcio', u'egyptian bazaar', u'grand bazaar', u'grand bazar', u'istambul', u'istanbul', u'kapali carsi', u'misir carsi', u'spice bazaar', u'turkey', u'turquia']
Istanbul	[22724017, 2344116, 29390475, 2347289, 23424969, 28350899]	http://www.flickr.com/photos/7559746@N05/5415249923/			False	http://farm5.staticflickr.com/4108/5415249923_9ac8ba1b18.jpg	7	5bd036f3159510dc8b368079ceee8c13	jpg	rictulio	Turkey	2011-02-04T12:53:18Z	Attribution License	2010-10-12T07:50:41Z	Panasonic DMC-FZ35	82287167	P1070046	5415249923	[u'bazar de especiarias', u'bazar eg\ufffd\ufffdpcio', u'egyptian bazaar', u'grand bazaar', u'grand bazar', u'istambul', u'istanbul', u'kapali carsi', u'misir carsi', u'spice bazaar', u'turkey', u'turquia']
Istanbul	[22724017, 2344116, 29390475, 2347289, 23424969, 28350899]	http://www.flickr.com/photos/7559746@N05/5415861234/			False	http://farm6.staticflickr.com/5094/5415861234_202e7fdbec.jpg	7	dc189efaa15eac8a2c696fc563531cf	jpg	rictulio	Turkey	2011-02-04T12:53:27Z	Attribution License	2010-10-12T07:51:12Z	Panasonic DMC-FZ35	36413071	P1070047	5415861234	[u'bazar de especiarias', u'bazar eg\ufffd\ufffdpcio', u'egyptian bazaar', u'grand bazaar', u'grand bazar', u'istambul', u'istanbul', u'kapali carsi', u'misir carsi', u'spice bazaar', u'turkey', u'turquia']
Istanbul	[22724017, 2344116, 29390475, 2347289, 23424969, 28350899]	http://www.flickr.com/photos/7559746@N05/5415861532/			False	http://farm6.staticflickr.com/5011/5415861532_65b9dd9a63.jpg	7	b441b4f7f37b91e8abb2f8217fb14b30	jpg	rictulio	Turkey	2011-02-04T12:53:38Z	Attribution License	2010-10-12T07:51:17Z	Panasonic DMC-FZ35	91521419	P1070048	5415861532	[u'bazar de especiarias', u'bazar eg\ufffd\ufffdpcio', u'egyptian bazaar', u'grand bazaar', u'grand bazar', u'istambul', u'istanbul', u'kapali carsi', u'misir carsi', u'spice bazaar', u'turkey', u'turquia']
Istanbul	[22724017, 2344116, 29390475, 2347289, 23424969, 28350899]	http://www.flickr.com/photos/7559746@N05/5415250719/			False	http://farm5.staticflickr.com/4115/5415250719_ac076330bc.jpg	7	33fa91f456944c9e474786616d22d7	jpg	rictulio	Turkey	2011-02-04T12:53:51Z	Attribution License	2010-10-12T07:51:24Z	Panasonic DMC-FZ35	52474642	P1070049	5415250719	[u'bazar de especiarias', u'bazar eg\ufffd\ufffdpcio', u'egyptian bazaar', u'grand bazaar', u'grand bazar', u'istambul', u'istanbul', u'kapali carsi', u'misir carsi', u'spice bazaar', u'turkey', u'turquia']
Istanbul	[22724017, 2344116, 29390475, 2347289, 23424969, 28350899]	http://www.flickr.com/photos/7559746@N05/5415250971/			False	http://farm6.staticflickr.com/5255/5415250971_c31c4708f0.jpg	7	229ed5599fd4b567c9ace5e3af97cdd1	jpg	rictulio	Turkey	2011-02-04T12:54:02Z	Attribution License	2010-10-12T07:51:29Z	Panasonic DMC-FZ35	65427821	P1070050	5415250971	[u'bazar de especiarias', u'bazar eg\ufffd\ufffdpcio', u'egyptian bazaar', u'grand bazaar', u'grand bazar', u'istambul', u'istanbul', u'kapali carsi', u'misir carsi', u'spice bazaar', u'turkey', u'turquia']
Istanbul	[22724017, 2344116, 29390475, 2347289, 23424969, 28350899]	http://www.flickr.com/photos/7559746@N05/5415251229/			False	http://farm6.staticflickr.com/5059/5415251229_0bf11c7787.jpg	7	1c8ed63cea6e23689e54798d3fdfd15	jpg	rictulio	Turkey	2011-02-04T12:54:13Z	Attribution License	2010-10-12T07:51:34Z	Panasonic DMC-FZ35	94510132	P1070051	5415251229	[u'bazar de especiarias', u'bazar eg\ufffd\ufffdpcio', u'egyptian bazaar', u'grand bazaar', u'grand bazar', u'istambul', u'istanbul', u'kapali carsi', u'misir carsi', u'spice bazaar', u'turkey', u'turquia']
Istanbul	[22724017, 2344116, 29390475, 2347289, 23424969, 28350899]	http://www.flickr.com/photos/7559746@N05/5415251513/			False	http://farm6.staticflickr.com/5174/5415251513_37d8dfa58d.jpg	7	d1e7fcf8575e07b281e21f94dc99efd	jpg	rictulio	Turkey	2011-02-04T12:54:24Z	Attribution License	2010-10-12T07:51:46Z	Panasonic DMC-FZ35	96719452	P1070052	5415251513	[u'bazar de especiarias', u'bazar eg\ufffd\ufffdpcio', u'egyptian bazaar', u'grand bazaar', u'grand bazar', u'istambul', u'istanbul', u'kapali carsi', u'misir carsi', u'spice bazaar', u'turkey', u'turquia']
Istanbul	[22724017, 2344116, 29390475, 2347289, 23424969, 28350899]	http://www.flickr.com/photos/7559746@N05/5415863054/			False	http://farm6.staticflickr.com/5098/5415863054_831646ffc4.jpg	7	7567594f9d386910f19c2bf1166b7	jpg	rictulio	Turkey	2011-02-04T12:54:38Z	Attribution License	2010-10-12T07:51:54Z	Panasonic DMC-FZ35	93115515	P1070053	5415863054	[u'bazar de especiarias', u'bazar eg\ufffd\ufffdpcio', u'egyptian bazaar', u'grand bazaar', u'grand bazar', u'istambul', u'istanbul', u'kapali carsi', u'misir carsi', u'spice bazaar', u'turkey', u'turquia']
Istanbul	[22724017, 2344116, 29390475, 2347289, 23424969, 28350899]	http://www.flickr.com/photos/7559746@N05/5415252183/			False	http://farm6.staticflickr.com/5292/5415252183_4d887b8f7a.jpg	7	79ca323a64ba1cac8d9cadc795d96	jpg	rictulio	Turkey	2011-02-04T12:54:50Z	Attribution License	2010-10-12T07:51:59Z	Panasonic DMC-FZ35	76499023	P1070054	5415252183	[u'bazar de especiarias', u'bazar eg\ufffd\ufffdpcio', u'egyptian bazaar', u'grand bazaar', u'grand bazar', u'istambul', u'istanbul', u'kapali carsi', u'misir carsi', u'spice bazaar', u'turkey', u'turquia']
Istanbul	[22724017, 2344116, 29390475, 2347289, 23424969, 28350899]	http://www.flickr.com/photos/7559746@N05/5415863670/			False	http://farm5.staticflickr.com/4149/5415863670_46541a27f6.jpg	7	9d3ac7f05c0b7eacc81318b61c4ef	jpg	rictulio	Turkey	2011-02-04T12:55:03Z	Attribution License	2010-10-12T07:52:14Z	Panasonic DMC-FZ35	92671415	P1070055	5415863670	[u'bazar de especiarias', u'bazar eg\ufffd\ufffdpcio', u'egyptian bazaar', u'grand bazaar', u'grand bazar', u'istambul', u'istanbul', u'kapali carsi', u'misir carsi', u'spice bazaar', u'turkey', u'turquia']
Istanbul	[22724017, 2344116, 29390475, 2347289, 23424969, 28350899]	http://www.flickr.com/photos/7559746@N05/5415864004/			False	http://farm6.staticflickr.com/5216/5415864004_fa6bb99b01.jpg	7	458d4026f02d03ca131ff94bc1166d6	jpg	rictulio	Turkey	2011-02-04T12:55:14Z	Attribution License	2010-10-12T07:52:30Z	Panasonic DMC-FZ35	77206537	P1070056	5415864004	[u'bazar de especiarias', u'bazar eg\ufffd\ufffdpcio', u'egyptian bazaar', u'grand bazaar', u'grand bazar', u'istambul', u'istanbul', u'kapali carsi', u'misir carsi', u'spice bazaar', u'turkey', u'turquia']
Istanbul	[22724017, 2344116, 29390475, 2347289, 23424969, 28350899]	http://www.flickr.com/photos/7559746@N05/5415864478/			False	http://farm5.staticflickr.com/4139/5415864478_333ccee363.jpg	7	654434fc8dedb5816f24b58a49f26a29	jpg	rictulio	Turkey	2011-02-04T12:55:30Z	Attribution License	2010-10-12T07:52:49Z	Panasonic DMC-FZ35	74432398	P1070057	5415864478	[u'bazar de especiarias', u'bazar eg\ufffd\ufffdpcio', u'egyptian bazaar', u'grand bazaar', u'grand bazar', u'istambul', u'istanbul', u'kapali carsi', u'misir carsi', u'spice bazaar', u'turkey', u'turquia']
Istanbul	[22724017, 2344116, 29390475, 2347289, 23424969, 28350899]	http://www.flickr.com/photos/7559746@N05/5415864892/			False	http://farm6.staticflickr.com/5215/5415864892_99779b04e7.jpg	7	b0859aec1ff2397d9630959d5ad512e7	jpg	rictulio	Turkey	2011-02-04T12:55:43Z	Attribution License	2010-10-12T07:52:58Z	Panasonic DMC-FZ35	2926842	P1070058	5415864892	[u'bazar de especiarias', u'bazar eg\ufffd\ufffdpcio', u'egyptian bazaar', u'grand bazaar', u'grand bazar', u'istambul', u'istanbul', u'kapali carsi', u'misir carsi', u'spice bazaar', u'turkey', u'turquia']
Istanbul	[22724017, 2344116, 29390475, 2347289, 23424969, 28350899]	http://www.flickr.com/photos/7559746@N05/5415253941/			False	http://farm6.staticflickr.com/5295/5415253941_007b3a2203.jpg	7	8efc78d195ef1356a453cb42613e311	jpg	rictulio	Turkey	2011-02-04T12:55:52Z	Attribution License	2010-10-12T07:55:40Z	Panasonic DMC-FZ35	84227804	P1070059	5415253941	[u'bazar de especiarias', u'bazar eg\ufffd\ufffdpcio', u'egyptian bazaar', u'grand bazaar', u'grand bazar', u'istambul', u'istanbul', u'kapali carsi', u'misir carsi', u'spice bazaar', u'turkey', u'turquia']
Istanbul	[22724017, 2344116, 29390475, 2347289, 23424969, 28350899]	http://www.flickr.com/photos/7559746@N05/5415254247/			False	http://farm6.staticflickr.com/5177/5415254247_94a56f6738.jpg	7	4de33a4528d6faa21c7ee9e46dea9a90	jpg	rictulio	Turkey	2011-02-04T12:56:02Z	Attribution License	2010-10-12T07:55:45Z	Panasonic DMC-FZ35	88284437	P1070060	5415254247	[u'bazar de especiarias', u'bazar eg\ufffd\ufffdpcio', u'egyptian bazaar', u'grand bazaar', u'grand bazar', u'istambul', u'istanbul', u'kapali carsi', u'misir carsi', u'spice bazaar', u'turkey', u'turquia']
Istanbul	[22724017, 2344116, 29390475, 2347289, 23424969, 28350899]	http://www.flickr.com/photos/7559746@N05/5415865632/			False	http://farm5.staticflickr.com/4082/5415865632_b9a2e14558.jpg	7	d292f4cb9dcf9fa094fe8e4c275db	jpg	rictulio	Turkey	2011-02-04T12:56:09Z	Attribution License	2010-10-12T07:55:50Z	Panasonic DMC-FZ35	88868361	P1070061	5415865632	[u'bazar de especiarias', u'bazar eg\ufffd\ufffdpcio', u'egyptian bazaar', u'grand bazaar', u'grand bazar', u'istambul', u'istanbul', u'kapali carsi', u'misir carsi', u'spice bazaar', u'turkey', u'turquia']
Istanbul	[22724017, 2344116, 29390475, 2347289, 23424969, 28350899]	http://www.flickr.com/photos/7559746@N05/5415254669/			False	http://farm6.staticflickr.com/5212/5415254669_cc4ae5cd9d.jpg	7	51855e38a81a525cf54014ca9a769a2c	jpg	rictulio	Turkey	2011-02-04T12:56:17Z	Attribution License	2010-10-12T07:55:56Z	Panasonic DMC-FZ35	99595382	P1070062	5415254669	[u'bazar de especiarias', u'bazar eg\ufffd\ufffdpcio', u'egyptian bazaar', u'grand bazaar', u'grand bazar', u'istambul', u'istanbul', u'kapali carsi', u'misir carsi', u'spice bazaar', u'turkey', u'turquia']
Istanbul	[22724017, 2344116, 29390475, 2347289, 23424969, 28350899]	http://www.flickr.com/photos/7559746@N05/5415866018/			False	http://farm6.staticflickr.com/5134/5415866018_69cbc18885.jpg	7	5196ad53a79a6ec3c1f1c07cddbd350	jpg	rictulio	Turkey	2011-02-04T12:56:24Z	Attribution License	2010-10-12T07:58:12Z	Panasonic DMC-FZ35	61444009	P1070063	5415866018	[u'bazar de especiarias', u'bazar eg\ufffd\ufffdpcio', u'egyptian bazaar', u'grand bazaar', u'grand bazar', u'istambul', u'istanbul', u'kapali carsi', u'misir carsi', u'spice bazaar', u'turkey', u'turquia']
Istanbul	[22724017, 2344116, 29390475, 2347289, 23424969, 28350899]	http://www.flickr.com/photos/7559746@N05/5415255077/			False	http://farm5.staticflickr.com/4114/5415255077_7dfe3849ee.jpg	7	8146516a692b2615cbb42166e4ef53d2	jpg	rictulio	Turkey	2011-02-04T12:56:32Z	Attribution License	2010-10-12T07:58:18Z	Panasonic DMC-FZ35	95698930	P1070064	5415255077	[u'bazar de especiarias', u'bazar eg\ufffd\ufffdpcio', u'egyptian bazaar', u'grand bazaar', u'grand bazar', u'istambul', u'istanbul', u'kapali carsi', u'misir carsi', u'spice bazaar', u'turkey', u'turquia']
Istanbul	[22724017, 2344116, 29390475, 2347289, 23424969, 28350899]	http://www.flickr.com/photos/7559746@N05/5415255521/			False	http://farm5.staticflickr.com/4116/5415255521_27e908a1fa.jpg	7	1d5b52ecf02215c99d5b4f5d56aa5d28	jpg	rictulio	Turkey	2011-02-04T12:56:48Z	Attribution License	2010-10-12T07:58:26Z	Panasonic DMC-FZ35	76478003	P1070065	5415255521	[u'bazar de especiarias', u'bazar eg\ufffd\ufffdpcio', u'egyptian bazaar', u'grand bazaar', u'grand bazar', u'istambul', u'istanbul', u'kapali carsi', u'misir carsi', u'spice bazaar', u'turkey', u'turquia']
Istanbul	[22724017, 2344116, 29390475, 2347289, 23424969, 28350899]	http://www.flickr.com/photos/7559746@N05/5415255853/			False	http://farm6.staticflickr.com/5100/5415255853_8ee1e41f70.jpg	7	7a85e431b684dd961b197a63c81bafa0	jpg	rictulio	Turkey	2011-02-04T12:57:02Z	Attribution License	2010-10-12T07:58:50Z	Panasonic DMC-FZ35	92292506	P1070066	5415255853	[u'bazar de especiarias', u'bazar eg\ufffd\ufffdpcio', u'egyptian bazaar', u'grand bazaar', u'grand bazar', u'istambul', u'istanbul', u'kapali carsi', u'misir carsi', u'spice bazaar', u'turkey', u'turquia']
Istanbul	[22724017, 2344116, 29390475, 2347289, 23424969, 28350899]	http://www.flickr.com/photos/7559746@N05/5415256235/			False	http://farm5.staticflickr.com/4151/5415256235_04684941e1.jpg	7	4bbec54bd47f4f9ae3bc2f7e46ba32f	jpg	rictulio	Turkey	2011-02-04T12:57:16Z	Attribution License	2010-10-12T07:58:55Z	Panasonic DMC-FZ35	64911880	P1070067	5415256235	[u'bazar de especiarias', u'bazar eg\ufffd\ufffdpcio', u'egyptian bazaar', u'grand bazaar', u'grand bazar', u'istambul', u'istanbul', u'kapali carsi', u'misir carsi', u'spice bazaar', u'turkey', u'turquia']
Istanbul	[22724017, 2344116, 29390475, 2347289, 23424969, 28350899]	http://www.flickr.com/photos/7559746@N05/5415256501/			False	http://farm6.staticflickr.com/5135/5415256501_7ffcea101a.jpg	7	47a31debec7a2b2d556dd25574b775bc	jpg	rictulio	Turkey	2011-02-04T12:57:26Z	Attribution License	2010-10-12T07:59:00Z	Panasonic DMC-FZ35	66954631	P1070068	5415256501	[u'bazar de especiarias', u'bazar eg\ufffd\ufffdpcio', u'egyptian bazaar', u'grand bazaar', u'grand bazar', u'istambul', u'istanbul', u'kapali carsi', u'misir carsi', u'spice bazaar', u'turkey', u'turquia']
Istanbul	[22724017, 2344116, 29390475, 2347289, 23424969, 28350899]	http://www.flickr.com/photos/7559746@N05/5415867976/			False	http://farm6.staticflickr.com/5254/5415867976_a15a0f7d54.jpg	7	a26f5f3d838c9367d5f7f16b94c90c1	jpg	rictulio	Turkey	2011-02-04T12:57:36Z	Attribution License	2010-10-12T07:59:24Z	Panasonic DMC-FZ35	23772819	P1070069	5415867976	[u'bazar de especiarias', u'bazar eg\ufffd\ufffdpcio', u'egyptian bazaar', u'grand bazaar', u'grand bazar', u'istambul', u'istanbul', u'kapali carsi', u'misir carsi', u'spice bazaar', u'turkey', u'turquia']
Istanbul	[22724017, 2344116, 29390475, 2347289, 23424969, 28350899]	http://www.flickr.com/photos/7559746@N05/5415257177/			False	http://farm6.staticflickr.com/5296/5415257177_e01a7b5454.jpg	8	d636d36c45e4835e9658facb91d998e9	jpg	rictulio	Turkey	2011-02-04T12:57:52Z	Attribution License	2010-10-12T08:00:08Z	Panasonic DMC-FZ35	96819706	P1070070	5415257177	[u'bazar de especiarias', u'bazar eg\ufffd\ufffdpcio', u'egyptian bazaar', u'grand bazaar', u'grand bazar', u'istambul', u'istanbul', u'kapali carsi', u'misir carsi', u'spice bazaar', u'turkey', u'turquia']
Istanbul	[22724017, 2344116, 29390475, 2347289, 23424969, 28350899]	http://www.flickr.com/photos/7559746@N05/5415869182/			False	http://farm5.staticflickr.com/4078/5415869182_b1c8f7f05e.jpg	8	e4b74174bbcb783ce0a1ebb8bae353ca	jpg	rictulio	Turkey	2011-02-04T12:58:22Z	Attribution License	2010-10-12T08:00:42Z	Panasonic DMC-FZ35	65733061	P1070072	5415869182	[u'bazar de especiarias', u'bazar eg\ufffd\ufffdpcio', u'egyptian bazaar', u'grand bazaar', u'grand bazar', u'istambul', u'istanbul', u'kapali carsi', u'misir carsi', u'spice bazaar', u'turkey', u'turquia']
Istanbul	[22724017, 2344116, 29390475, 2347289, 23424969, 28350899]	http://www.flickr.com/photos/7559746@N05/5415869418/			False	http://farm5.staticflickr.com/4112/5415869418_848482c04e.jpg	8	ae836d41bd1fbd15c591bd43ff31357	jpg	rictulio	Turkey	2011-02-04T12:58:30Z	Attribution License	2010-10-12T08:00:47Z	Panasonic DMC-FZ35	69541310	P1070073	5415869418	[u'bazar de especiarias', u'bazar eg\ufffd\ufffdpcio', u'egyptian bazaar', u'grand bazaar', u'grand bazar', u'istambul', u'istanbul', u'kapali carsi', u'misir carsi', u'spice bazaar', u'turkey', u'turquia']
Istanbul	[22724017, 2344116, 29390475, 2347289, 23424969, 28350899]	http://www.flickr.com/photos/7559746@N05/5415869664/			False	http://farm6.staticflickr.com/5220/5415869664_362fde5a84.jpg	8	8676a98ab85bae3bc76e0c3f9764f5	jpg	rictulio	Turkey	2011-02-04T12:58:40Z	Attribution License	2010-10-12T08:02:41Z	Panasonic DMC-FZ35	66374127	P1070074	5415869664	[u'bazar de especiarias', u'bazar eg\ufffd\ufffdpcio', u'egyptian bazaar', u'grand bazaar', u'grand bazar', u'istambul', u'istanbul', u'kapali carsi', u'misir carsi', u'spice bazaar', u'turkey', u'turquia']
Istanbul	[22724017, 2344116, 29390475, 2347289, 23424969, 28350899]	http://www.flickr.com/photos/7559746@N05/5415870096/			False	http://farm6.staticflickr.com/5216/5415870096_d9201bb004.jpg	8	e772d3dfff2fbdb95ad93ebd6fb4fd8	jpg	rictulio	Turkey	2011-02-04T12:58:55Z	Attribution License	2010-10-12T08:03:14Z	Panasonic DMC-FZ35	71266605	P1070075	5415870096	[u'bazar de especiarias', u'bazar eg\ufffd\ufffdpcio', u'egyptian bazaar', u'grand bazaar', u'grand bazar', u'istambul', u'istanbul', u'kapali carsi', u'misir carsi', u'spice bazaar', u'turkey', u'turquia']
Istanbul	[22724056, 2344116, 29390475, 2347289, 23424969, 28350899]	http://www.flickr.com/photos/7559746@N05/5415970586/			False	http://farm6.staticflickr.com/5096/5415970586_52fb933bea.jpg	13	5d45f773f7e04a9dbdb78bb996a0c759	jpg	rictulio	Turkey	2011-02-04T13:58:21Z	Attribution License	2010-10-12T13:19:12Z	Panasonic DMC-FZ35	34616566	P1070076	5415970586	[u'b\ufffd\ufffdsforo', u'bosfor', u'bosfor boat cruise', u'turkey', u'turquia']
Istanbul	[22724056, 2344116, 29390475, 2347289, 23424969, 28350899]	http://www.flickr.com/photos/7559746@N05/5415359135/			False	http://farm5.staticflickr.com/4105/5415359135_3e75692170.jpg	13	9db92f44475d17fc2ca69a6cefc342	jpg	rictulio	Turkey	2011-02-04T13:58:36Z	Attribution License	2010-10-12T13:32:12Z	Panasonic DMC-FZ35	48082212	P1070078	5415359135	[u'b\ufffd\ufffdsforo', u'bosfor', u'bosfor boat cruise', u'turkey', u'turquia']
Istanbul	[22724056, 2344116, 29390475, 2347289, 23424969, 28350899]	http://www.flickr.com/photos/7559746@N05/5415359295/			False	http://farm6.staticflickr.com/5099/5415359295_94bf4705d7.jpg	13	f9a03fffda6ec7183b442646ae2db33	jpg	rictulio	Turkey	2011-02-04T13:58:42Z	Attribution License	2010-10-12T13:32:28Z	Panasonic DMC-FZ35	50930295	P1070079	5415359295	[u'b\ufffd\ufffdsforo', u'bosfor', u'bosfor boat cruise', u'turkey', u'turquia']
Istanbul	[22724056, 2344116, 29390475, 2347289, 23424969, 28350899]	http://www.flickr.com/photos/7559746@N05/5415971432/			False	http://farm6.staticflickr.com/5094/5415971432_943c2a5b65.jpg	13	b7b461709f862bdb4133a3ac41db43f0	jpg	rictulio	Turkey	2011-02-04T13:58:53Z	Attribution License	2010-10-12T13:35:31Z	Panasonic DMC-FZ35	76958299	P1070082	5415971432	[u'b\ufffd\ufffdsforo', u'bosfor', u'bosfor boat cruise', u'turkey', u'turquia']
Istanbul	[22724056, 2344116, 29390475, 2347289, 23424969, 28350899]	http://www.flickr.com/photos/7559746@N05/5415971586/			False	http://farm6.staticflickr.com/5180/5415971586_8b1da36d67.jpg	13	652a2aee2b6d2ffb5d326b9aa17816	jpg	rictulio	Turkey	2011-02-04T13:58:59Z	Attribution License	2010-10-12T13:36:53Z	Panasonic DMC-FZ35	80369643	P1070083	5415971586	[u'b\ufffd\ufffdsforo', u'bosfor', u'bosfor boat cruise', u'turkey', u'turquia']
Istanbul	[22724056, 2344116, 29390475, 2347289, 23424969, 28350899]	http://www.flickr.com/photos/7559746@N05/5415359993/			False	http://farm6.staticflickr.com/5220/5415359993_39ced175f3.jpg	13	1917f49f7a44c996fc11a81462c7a2	jpg	rictulio	Turkey	2011-02-04T13:59:05Z	Attribution License	2010-10-12T13:37:05Z	Panasonic DMC-FZ35	74217305	P1070084	5415359993	[u'b\ufffd\ufffdsforo', u'bosfor', u'bosfor boat cruise', u'turkey', u'turquia']
Istanbul	[22724056, 2344116, 29390475, 2347289, 23424969, 28350899]	http://www.flickr.com/photos/7559746@N05/5415360547/			False	http://farm5.staticflickr.com/4149/5415360547_aaba8c16d8.jpg	13	83f6296d2154f28f14bdc78c88413893	jpg	rictulio	Turkey	2011-02-04T13:59:25Z	Attribution License	2010-10-12T13:47:56Z	Panasonic DMC-FZ35	71940587	P1070090	5415360547	[u'b\ufffd\ufffdsforo', u'bosfor', u'bosfor boat cruise', u'turkey', u'turquia']
Istanbul	[22724056, 2344116, 29390475, 2347289, 23424969, 28350899]	http://www.flickr.com/photos/7559746@N05/5415360807/			False	http://farm6.staticflickr.com/5055/5415360807_8ecbb5b0ac.jpg	13	d6bf85775e6f39897b68265b2e6c57bb	jpg	rictulio	Turkey	2011-02-04T13:59:32Z	Attribution License	2010-10-12T13:48:44Z	Panasonic DMC-FZ35	62115988	P1070092	5415360807	[u'b\ufffd\ufffdsforo', u'bosfor', u'bosfor boat cruise', u'turkey', u'turquia']
Istanbul	[22724056, 2344116, 29390475, 2347289, 23424969, 28350899]	http://www.flickr.com/photos/7559746@N05/5415972892/			False	http://farm6.staticflickr.com/5051/5415972892_ce9fa95af3.jpg	13	72336961a4ec472dbb864bad4670a7	jpg	rictulio	Turkey	2011-02-04T13:59:43Z	Attribution License	2010-10-12T13:49:20Z	Panasonic DMC-FZ35	90079849	P1070094	5415972892	[u'b\ufffd\ufffdsforo', u'bosfor', u'bosfor boat cruise', u'turkey', u'turquia']
Istanbul	[22724056, 2344116, 29390475, 2347289, 23424969, 28350899]	http://www.flickr.com/photos/7559746@N05/5415973044/			False	http://farm6.staticflickr.com/5133/5415973044_94815d2391.jpg	13	62cacd1ce954d297eb80e63a1d6b4	jpg	rictulio	Turkey	2011-02-04T13:59:49Z	Attribution License	2010-10-12T13:51:13Z	Panasonic DMC-FZ35	63849595	P1070096	5415973044	[u'b\ufffd\ufffdsforo', u'bosfor', u'bosfor boat cruise', u'turkey', u'turquia']
Istanbul	[22724056, 2344116, 29390475, 2347289, 23424969, 28350899]	http://www.flickr.com/photos/7559746@N05/5415973332/			False	http://farm5.staticflickr.com/4151/5415973332_0cb65f5e0c.jpg	13	f6d902fd3668c3dd7c3f6ac8e04	jpg	rictulio	Turkey	2011-02-04T13:59:58Z	Attribution License	2010-10-12T13:58:39Z	Panasonic DMC-FZ35	24188077	P1070098	5415973332	[u'b\ufffd\ufffdsforo', u'bosfor', u'bosfor boat cruise', u'turkey', u'turquia']
Istanbul	[22724056, 2344116, 29390475, 2347289, 23424969, 28350899]	http://www.flickr.com/photos/7559746@N05/5415362985/			False	http://farm6.staticflickr.com/5019/5415362985_70df68d999.jpg	14	20b1d864b040978556c4ee8fb096ee87	jpg	rictulio	Turkey	2011-02-04T14:00:46Z	Attribution License	2010-10-12T14:15:46Z	Panasonic DMC-FZ35	77272812	P1070103	5415362985	[u'b\ufffd\ufffdsforo', u'bosfor', u'bosfor boat cruise', u'turkey', u'turquia']
Istanbul	[22724056, 2344116, 29390475, 2347289, 23424969, 28350899]	http://www.flickr.com/photos/7559746@N05/5415975014/			False	http://farm5.staticflickr.com/4113/5415975014_7aef2c56bb.jpg	14	75ce4c52f61d8c33a8baaf92a1ea517	jpg	rictulio	Turkey	2011-02-04T14:00:55Z	Attribution License	2010-10-12T14:16:37Z	Panasonic DMC-FZ35	76413326	P1070104	5415975014	[u'b\ufffd\ufffdsforo', u'bosfor', u'bosfor boat cruise', u'turkey', u'turquia']
Istanbul	[22724056, 2344116, 29390475, 2347289, 23424969, 28350899]	http://www.flickr.com/photos/7559746@N05/5415363961/			False	http://farm6.staticflickr.com/5180/5415363961_3fc1cc749e.jpg	14	e0cd4defea678f61262759f69c8f3754	jpg	rictulio	Turkey	2011-02-04T14:01:17Z	Attribution License	2010-10-12T14:16:50Z	Panasonic DMC-FZ35	75798385	P1070106	5415363961	[u'b\ufffd\ufffdsforo', u'bosfor', u'bosfor boat cruise', u'turkey', u'turquia']
Istanbul	[22724056, 2344116, 29390475, 2347289, 23424969, 28350899]	http://www.flickr.com/photos/7559746@N05/5415976116/			False	http://farm6.staticflickr.com/5296/5415976116_80f5319385.jpg	14	e9b65d8704832b8e9dc9ff71d4ccfe	jpg	rictulio	Turkey	2011-02-04T14:01:33Z	Attribution License	2010-10-12T14:17:25Z	Panasonic DMC-FZ35	62037986	P1070107	5415976116	[u'b\ufffd\ufffdsforo', u'bosfor', u'bosfor boat cruise', u'turkey', u'turquia']
Istanbul	[22724056, 2344116, 29390475, 2347289, 23424969, 28350899]	http://www.flickr.com/photos/7559746@N05/5415364849/			False	http://farm5.staticflickr.com/4142/5415364849_2553ef7935.jpg	14	b6dcb6b4444c9461a2356b0ed9f5a9b	jpg	rictulio	Turkey	2011-02-04T14:01:48Z	Attribution License	2010-10-12T14:17:32Z	Panasonic DMC-FZ35	75052650	P1070108	5415364849	[u'b\ufffd\ufffdsforo', u'bosfor', u'bosfor boat cruise', u'turkey', u'turquia']
Istanbul	[22724056, 2344116, 29390475, 2347289, 23424969, 28350899]	http://www.flickr.com/photos/7559746@N05/5415365145/			False	http://farm6.staticflickr.com/5219/5415365145_2704b3ed61.jpg	14	18da05751c1d83278756cd15b87	jpg	rictulio	Turkey	2011-02-04T14:01:58Z	Attribution License	2010-10-12T14:17:37Z	Panasonic DMC-FZ35	74065411	P1070109	5415365145	[u'b\ufffd\ufffdsforo', u'bosfor', u'bosfor boat cruise', u'turkey', u'turquia']
Istanbul	[22724056, 2344116, 29390475, 2347289, 23424969, 28350899]	http://www.flickr.com/photos/7559746@N05/5415365475/			False	http://farm6.staticflickr.com/5295/5415365475_55b4bcb80a.jpg	14	96d4848abec27e8d66f3d3eba546b	jpg	rictulio	Turkey	2011-02-04T14:02:09Z	Attribution License	2010-10-12T14:17:59Z	Panasonic DMC-FZ35	76851541	P1070110	5415365475	[u'b\ufffd\ufffdsforo', u'bosfor', u'bosfor boat cruise', u'turkey', u'turquia']
Istanbul	[22724056, 2344116, 29390475, 2347289, 23424969, 28350899]	http://www.flickr.com/photos/7559746@N05/5415365769/			False	http://farm6.staticflickr.com/5011/5415365769_4edd526d83.jpg	14	81b652db8f35b0b46b25afd664654a28	jpg	rictulio	Turkey	2011-02-04T14:02:18Z	Attribution License	2010-10-12T14:19:33Z	Panasonic DMC-FZ35	88184269	P1070111	5415365769	[u'b\ufffd\ufffdsforo', u'bosfor', u'bosfor boat cruise', u'turkey', u'turquia']
Istanbul	[22724056, 2344116, 29390475, 2347289, 23424969, 28350899]	http://www.flickr.com/photos/7559746@N05/5415365963/			False	http://farm5.staticflickr.com/4142/5415365963_980b5b1b77.jpg	14	db9151147e11750889eb58f39bac9da	jpg	rictulio	Turkey	2011-02-04T14:02:25Z	Attribution License	2010-10-12T14:19:38Z	Panasonic DMC-FZ35	91171530	P1070112	5415365963	[u'b\ufffd\ufffdsforo', u'bosfor', u'bosfor boat cruise', u'turkey', u'turquia']
Istanbul	[22724056, 2344116, 29390475, 2347289, 23424969, 28350899]	http://www.flickr.com/photos/7559746@N05/5415366379/			False	http://farm6.staticflickr.com/5299/5415366379_3b16182b0c.jpg	14	7f98b4e9a1fe130562536e18eb1a72	jpg	rictulio	Turkey	2011-02-04T14:02:40Z	Attribution License	2010-10-12T14:19:42Z	Panasonic DMC-FZ35	83768830	P1070113	5415366379	[u'b\ufffd\ufffdsforo', u'bosfor', u'bosfor boat cruise', u'turkey', u'turquia']
Istanbul	[22724056, 2344116, 29390475, 2347289, 23424969, 28350899]	http://www.flickr.com/photos/7559746@N05/5415366767/			False	http://farm5.staticflickr.com/4118/5415366767_511c520c6a.jpg	14	874ad8dddb2799e46d4d404549f73d78	jpg	rictulio	Turkey	2011-02-04T14:02:52Z	Attribution License	2010-10-12T14:19:48Z	Panasonic DMC-FZ35	68798801	P1070114	5415366767	[u'b\ufffd\ufffdsforo', u'bosfor', u'bosfor boat cruise', u'turkey', u'turquia']
Istanbul	[22724056, 2344116, 29390475, 2347289, 23424969, 28350899]	http://www.flickr.com/photos/7559746@N05/5415978832/			False	http://farm5.staticflickr.com/4116/5415978832_58fd706e9f.jpg	14	3ea26fdf19cdcd5bf64e410308614bc	jpg	rictulio	Turkey	2011-02-04T14:03:00Z	Attribution License	2010-10-12T14:20:03Z	Panasonic DMC-FZ35	69462773	P1070116	5415978832	[u'b\ufffd\ufffdsforo', u'bosfor', u'bosfor boat cruise', u'turkey', u'turquia']
Istanbul	[22724056, 2344116, 29390475, 2347289, 23424969, 28350899]	http://www.flickr.com/photos/7559746@N05/5415367317/			False	http://farm5.staticflickr.com/4136/5415367317_a4bb0ffd61.jpg	14	3f561f6de539703064b146628c593ba	jpg	rictulio	Turkey	2011-02-04T14:03:09Z	Attribution License	2010-10-12T14:26:42Z	Panasonic DMC-FZ35	4253846	P1070117	5415367317	[u'b\ufffd\ufffdsforo', u'bosfor', u'bosfor boat cruise', u'turkey', u'turquia']
Istanbul	[22724056, 2344116, 29390475, 2347289, 23424969, 28350899]	http://www.flickr.com/photos/7559746@N05/5415979316/			False	http://farm6.staticflickr.com/5217/5415979316_3c81d86b7d.jpg	14	83d6cfc44185dd743e7f3c155ff245	jpg	rictulio	Turkey	2011-02-04T14:03:16Z	Attribution License	2010-10-12T14:27:30Z	Panasonic DMC-FZ35	87662349	P1070118	5415979316	[u'b\ufffd\ufffdsforo', u'bosfor', u'bosfor boat cruise', u'turkey', u'turquia']
Istanbul	[22724056, 2344116, 29390475, 2347289, 23424969, 28350899]	http://www.flickr.com/photos/7559746@N05/5415979610/			False	http://farm6.staticflickr.com/5057/5415979610_f601f83193.jpg	14	e72228e6516d56f6c470e56858db822e	jpg	rictulio	Turkey	2011-02-04T14:03:26Z	Attribution License	2010-10-12T14:27:36Z	Panasonic DMC-FZ35	98481365	P1070119	5415979610	[u'b\ufffd\ufffdsforo', u'bosfor', u'bosfor boat cruise', u'turkey', u'turquia']
Istanbul	[22724056, 2344116, 29390475, 2347289, 23424969, 28350899]	http://www.flickr.com/photos/7559746@N05/5415368051/			False	http://farm6.staticflickr.com/5100/5415368051_a8b59005f0.jpg	14	8159fe23ffa202761f2867bd93ffe58	jpg	rictulio	Turkey	2011-02-04T14:03:33Z	Attribution License	2010-10-12T14:27:43Z	Panasonic DMC-FZ35	15655848	P1070120	5415368051	[u'b\ufffd\ufffdsforo', u'bosfor', u'bosfor boat cruise', u'turkey', u'turquia']
Istanbul	[22724056, 2344116, 29390475, 2347289, 23424969, 28350899]	http://www.flickr.com/photos/7559746@N05/5415368327/			False	http://farm6.staticflickr.com/5252/5415368327_ea9f177c15.jpg	14	3305515da684aa8e2327eeee2351f	jpg	rictulio	Turkey	2011-02-04T14:03:41Z	Attribution License	2010-10-12T14:27:49Z	Panasonic DMC-FZ35	99165391	P1070121	5415368327	[u'b\ufffd\ufffdsforo', u'bosfor', u'bosfor boat cruise', u'turkey', u'turquia']
Istanbul	[22724056, 2344116, 29390475, 2347289, 23424969, 28350899]	http://www.flickr.com/photos/7559746@N05/5415980194/			False	http://farm5.staticflickr.com/4081/5415980194_8e8b6ebc31.jpg	14	82c1867d701d6a82c78f44640dacaf	jpg	rictulio	Turkey	2011-02-04T14:03:46Z	Attribution License	2010-10-12T14:27:56Z	Panasonic DMC-FZ35	96434335	P1070122	5415980194	[u'b\ufffd\ufffdsforo', u'bosfor', u'bosfor boat cruise', u'turkey', u'turquia']
Istanbul	[22724056, 2344116, 29390475, 2347289, 23424969, 28350899]	http://www.flickr.com/photos/7559746@N05/5415980356/			False	http://farm6.staticflickr.com/5131/5415980356_16b81a4e3c.jpg	14	a34c153ef21e9ae53dcca6985214fabd	jpg	rictulio	Turkey	2011-02-04T14:03:51Z	Attribution License	2010-10-12T14:28:13Z	Panasonic DMC-FZ35	66153379	P1070123	5415980356	[u'b\ufffd\ufffdsforo', u'bosfor', u'bosfor boat cruise', u'turkey', u'turquia']
Istanbul	[22724056, 2344116, 29390475, 2347289, 23424969, 28350899]	http://www.flickr.com/photos/7559746@N05/5415368793/			False	http://farm6.staticflickr.com/5098/5415368793_19b9b9fa11.jpg	14	bd31694480ee1abc47a82c7331d685d	jpg	rictulio	Turkey	2011-02-04T14:03:57Z	Attribution License	2010-10-12T14:28:35Z	Panasonic DMC-FZ35	87287947	P1070125	5415368793	[u'b\ufffd\ufffdsforo', u'bosfor', u'bosfor boat cruise', u'turkey', u'turquia']
Istanbul	[22724056, 2344116, 29390475, 2347289, 23424969, 28350899]	http://www.flickr.com/photos/7559746@N05/5415369211/			False	http://farm5.staticflickr.com/4078/5415369211_d5ac1b26be.jpg	14	41b4342bde7fae89849ca4d66535f2e6	jpg	rictulio	Turkey	2011-02-04T14:04:12Z	Attribution License	2010-10-12T14:28:45Z	Panasonic DMC-FZ35	66825519	P1070126	5415369211	[u'b\ufffd\ufffdsforo', u'bosfor', u'bosfor boat cruise', u'turkey', u'turquia']
Istanbul	[22724056, 2344116, 29390475, 2347289, 23424969, 28350899]	http://www.flickr.com/photos/7559746@N05/5415981258/			False	http://farm5.staticflickr.com/4149/5415981258_5f13ec38f1.jpg	14	ef68b4616dd31a3b0b6eb9eb372355	jpg	rictulio	Turkey	2011-02-04T14:04:21Z	Attribution License	2010-10-12T14:28:58Z	Panasonic DMC-FZ35	43399796	P1070127	5415981258	[u'b\ufffd\ufffdsforo', u'bosfor', u'bosfor boat cruise', u'turkey', u'turquia']
Istanbul	[22724056, 2344116, 29390475, 2347289, 23424969, 28350899]	http://www.flickr.com/photos/7559746@N05/5415981638/			False	http://farm6.staticflickr.com/5217/5415981638_76e54c64f2.jpg	14	9ac670395ebf32fcd4532183a38966d	jpg	rictulio	Turkey	2011-02-04T14:04:34Z	Attribution License	2010-10-12T14:29:13Z	Panasonic DMC-FZ35	92212109	P1070128	5415981638	[u'b\ufffd\ufffdsforo', u'bosfor', u'bosfor boat cruise', u'turkey', u'turquia']
Istanbul	[22724056, 2344116, 29390475, 2347289, 23424969, 28350899]	http://www.flickr.com/photos/7559746@N05/5415981966/			False	http://farm5.staticflickr.com/4122/5415981966_5a220246f2.jpg	14	8987fb2e4b9d338978fc90ba38834967	jpg	rictulio	Turkey	2011-02-04T14:04:44Z	Attribution License	2010-10-12T14:29:35Z	Panasonic DMC-FZ35	22768314	P1070129	5415981966	[u'b\ufffd\ufffdsforo', u'bosfor', u'bosfor boat cruise', u'turkey', u'turquia']
Istanbul	[22724056, 2344116, 29390475, 2347289, 23424969, 28350899]	http://www.flickr.com/photos/7559746@N05/5415371573/			False	http://farm5.staticflickr.com/4148/5415371573_c5765e36e5.jpg	14	bc6ba7f21b39659f42d4d98cb8176c4	jpg	rictulio	Turkey	2011-02-04T14:05:25Z	Attribution License	2010-10-12T14:39:33Z	Panasonic DMC-FZ35	86191321	P1070133	5415371573	[u'b\ufffd\ufffdsforo', u'bosfor', u'bosfor boat cruise', u'turkey', u'turquia']
Istanbul	[22724056, 2344116, 29390475, 2347289, 23424969, 28350899]	http://www.flickr.com/photos/7559746@N05/5415372017/			False	http://farm6.staticflickr.com/5100/5415372017_e5dbeaca6a.jpg	15	71cbd339f72d707347c154528e9c40	jpg	rictulio	Turkey	2011-02-04T14:05:38Z	Attribution License	2010-10-12T15:02:11Z	Panasonic DMC-FZ35	10216263	P1070135	5415372017	[u'b\ufffd\ufffdsforo', u'bosfor', u'bosfor boat cruise', u'turkey', u'turquia']
Istanbul	[22724056, 2344116, 29390475, 2347289, 23424969, 28350899]	http://www.flickr.com/photos/7559746@N05/5415372243/			False	http://farm6.staticflickr.com/5054/5415372243_5e8828dac4.jpg	15	d3174bd38827b9641bf7333b28fb2691	jpg	rictulio	Turkey	2011-02-04T14:05:46Z	Attribution License	2010-10-12T15:18:30Z	Panasonic DMC-FZ35	6030018	P1070136	5415372243	[u'b\ufffd\ufffdsforo', u'bosfor', u'bosfor boat cruise', u'turkey', u'turquia']
Istanbul	[22724056, 2344116, 29390475, 2347289, 23424969, 28350899]	http://www.flickr.com/photos/7559746@N05/5415372399/			False	http://farm5.staticflickr.com/4153/5415372399_454baf4b80.jpg	15	2da13eaab2e431ec605968d2bb672d4b	jpg	rictulio	Turkey	2011-02-04T14:05:51Z	Attribution License	2010-10-12T15:18:52Z	Panasonic DMC-FZ35	81153083	P1070137	5415372399	[u'b\ufffd\ufffdsforo', u'bosfor', u'bosfor boat cruise', u'turkey', u'turquia']
Istanbul	[22724056, 2344116, 29390475, 2347289, 23424969, 28350899]	http://www.flickr.com/photos/7559746@N05/5415372491/			False	http://farm6.staticflickr.com/5177/5415372491_56243cd5de.jpg	15	716af55f62e37f2de88fbcd259311153	jpg	rictulio	Turkey	2011-02-04T14:05:55Z	Attribution License	2010-10-12T15:19:02Z	Panasonic DMC-FZ35	60577087	P1070138	5415372491	[u'b\ufffd\ufffdsforo', u'bosfor', u'bosfor boat cruise', u'turkey', u'turquia']
Istanbul	[22724056, 2344116, 29390475, 2347289, 23424969, 28350899]	http://www.flickr.com/photos/7559746@N05/5415984222/			False	http://farm5.staticflickr.com/4097/5415984222_177c885f07.jpg	15	1c5ac2fc59162b159c4dcda18e6a99ea	jpg	rictulio	Turkey	2011-02-04T14:05:58Z	Attribution License	2010-10-12T15:19:08Z	Panasonic DMC-FZ35	79737571	P1070139	5415984222	[u'b\ufffd\ufffdsforo', u'bosfor', u'bosfor boat cruise', u'turkey', u'turquia']
Istanbul	[22724056, 2344116, 29390475, 2347289, 23424969, 28350899]	http://www.flickr.com/photos/7559746@N05/5415984384/			False	http://farm6.staticflickr.com/5298/5415984384_c7c188c70f.jpg	15	21c575f79a4c5fab6b276ed54cde3e1e	jpg	rictulio	Turkey	2011-02-04T14:06:03Z	Attribution License	2010-10-12T15:19:13Z	Panasonic DMC-FZ35	95430495	P1070140	5415984384	[u'b\ufffd\ufffdsforo', u'bosfor', u'bosfor boat cruise', u'turkey', u'turquia']
Istanbul	[22724056, 2344116, 29390475, 2347289, 23424969, 28350899]	http://www.flickr.com/photos/7559746@N05/5415372913/			False	http://farm6.staticflickr.com/5051/5415372913_f40b90ec04.jpg	15	d019dbfb9b84e22fa4a36b1553b6291	jpg	rictulio	Turkey	2011-02-04T14:06:10Z	Attribution License	2010-10-12T15:19:44Z	Panasonic DMC-FZ35	93516130	P1070141	5415372913	[u'b\ufffd\ufffdsforo', u'bosfor', u'bosfor boat cruise', u'turkey', u'turquia']
Istanbul	[22724056, 2344116, 29390475, 2347289, 23424969, 28350899]	http://www.flickr.com/photos/7559746@N05/5415984744/			False	http://farm6.staticflickr.com/5172/5415984744_d73414281f.jpg	15	efd332fc4f623dc9af733d6739c091	jpg	rictulio	Turkey	2011-02-04T14:06:16Z	Attribution License	2010-10-12T15:20:03Z	Panasonic DMC-FZ35	82950276	P1070142	5415984744	[u'b\ufffd\ufffdsforo', u'bosfor', u'bosfor boat cruise', u'turkey', u'turquia']
Istanbul	[22724056, 2344116, 29390475, 2347289, 23424969, 28350899]	http://www.flickr.com/photos/7559746@N05/5415984988/			False	http://farm6.staticflickr.com/5300/5415984988_8a32dc6fde.jpg	15	525226b65af86b431c107ec76af4017	jpg	rictulio	Turkey	2011-02-04T14:06:25Z	Attribution License	2010-10-12T15:25:44Z	Panasonic DMC-FZ35	70606730	P1070143	5415984988	[u'b\ufffd\ufffdsforo', u'bosfor', u'bosfor boat cruise', u'turkey', u'turquia']
Istanbul	[22724056, 2344116, 29390475, 2347289, 23424969, 28350899]	http://www.flickr.com/photos/7559746@N05/5415373615/			False	http://farm5.staticflickr.com/4145/5415373615_f1c2271603.jpg	15	54ebc9a73677f98ac2952dd17749d79	jpg	rictulio	Turkey	2011-02-04T14:06:35Z	Attribution License	2010-10-12T15:26:02Z	Panasonic DMC-FZ35	70330405	P1070144	5415373615	[u'b\ufffd\ufffdsforo', u'bosfor', u'bosfor boat cruise', u'turkey', u'turquia']
Istanbul	[22724056, 2344116, 29390475, 2347289, 23424969, 28350899]	http://www.flickr.com/photos/7559746@N05/5415373811/			False	http://farm5.staticflickr.com/4131/5415373811_a152d95287.jpg	15	ec874b3bcf6550661128ba2da2c3b1e5	jpg	rictulio	Turkey	2011-02-04T14:06:41Z	Attribution License	2010-10-12T15:26:09Z	Panasonic DMC-FZ35	76031140	P1070145	5415373811	[u'b\ufffd\ufffdsforo', u'bosfor', u'bosfor boat cruise', u'turkey', u'turquia']
Istanbul	[22724056, 2344116, 29390475, 2347289, 23424969, 28350899]	http://www.flickr.com/photos/7559746@N05/5415985536/			False	http://farm5.staticflickr.com/4150/5415985536_b7be08ff41.jpg	15	e84eac64c15b68ecb96705bcacd9132	jpg	rictulio	Turkey	2011-02-04T14:06:45Z	Attribution License	2010-10-12T15:26:15Z	Panasonic DMC-FZ35	16075022	P1070146	5415985536	[u'b\ufffd\ufffdsforo', u'bosfor', u'bosfor boat cruise', u'turkey', u'turquia']
Istanbul	[22724056, 2344116, 29390475, 2347289, 23424969, 28350899]	http://www.flickr.com/photos/7559746@N05/5415985750/			False	http://farm5.staticflickr.com/4096/5415985750_972e601bdc.jpg	15	f6311784608cf5924dc0388e8fa9beb3	jpg	rictulio	Turkey	2011-02-04T14:06:52Z	Attribution License	2010-10-12T15:26:21Z	Panasonic DMC-FZ35	85453379	P1070147	5415985750	[u'b\ufffd\ufffdsforo', u'bosfor', u'bosfor boat cruise', u'turkey', u'turquia']
Istanbul	[22724056, 2344116, 29390475, 2347289, 23424969, 28350899]	http://www.flickr.com/photos/7559746@N05/5415374415/			False	http://farm5.staticflickr.com/4081/5415374415_a4f2dafa51.jpg	15	9fbe19e33c125d86a5ffed570f289d3	jpg	rictulio	Turkey	2011-02-04T14:06:59Z	Attribution License	2010-10-12T15:26:27Z	Panasonic DMC-FZ35	60377206	P1070148	5415374415	[u'b\ufffd\ufffdsforo', u'bosfor', u'bosfor boat cruise', u'turkey', u'turquia']
Istanbul	[22724056, 2344116, 29390475, 2347289, 23424969, 28350899]	http://www.flickr.com/photos/7559746@N05/5415374631/			False	http://farm6.staticflickr.com/5139/5415374631_ec240b59fd.jpg	15	eef551ba632ff81cf3e813a52b2fe9b	jpg	rictulio	Turkey	2011-02-04T14:07:05Z	Attribution License	2010-10-12T15:26:39Z	Panasonic DMC-FZ35	98905918	P1070149	5415374631	[u'b\ufffd\ufffdsforo', u'bosfor', u'bosfor boat cruise', u'turkey', u'turquia']
Istanbul	[22724056, 2344116, 29390475, 2347289, 23424969, 28350899]	http://www.flickr.com/photos/7559746@N05/5415375001/			False	http://farm6.staticflickr.com/5058/5415375001_6448d1c2cf.jpg	15	42ebce3b146606124ffd4777b53603b	jpg	rictulio	Turkey	2011-02-04T14:07:16Z	Attribution License	2010-10-12T15:27:26Z	Panasonic DMC-FZ35	74866014	P1070150	5415375001	[u'b\ufffd\ufffdsforo', u'bosfor', u'bosfor boat cruise', u'turkey', u'turquia']
Istanbul	[22724056, 2344116, 29390475, 2347289, 23424969, 28350899]	http://www.flickr.com/photos/7559746@N05/5415375209/			False	http://farm5.staticflickr.com/4115/5415375209_7103454f01.jpg	15	cba37e85f6c69a74725ab81d8641f66	jpg	rictulio	Turkey	2011-02-04T14:07:23Z	Attribution License	2010-10-12T15:27:58Z	Panasonic DMC-FZ35	94700563	P1070154	5415375209	[u'b\ufffd\ufffdsforo', u'bosfor', u'bosfor boat cruise', u'turkey', u'turquia']
Istanbul	[22724056, 2344116, 29390475, 2347289, 23424969, 28350899]	http://www.flickr.com/photos/7559746@N05/5415375451/			False	http://farm6.staticflickr.com/5296/5415375451_1a66707971.jpg	15	d24d3e8ac7bc0cc9f94f74d4ac781ad	jpg	rictulio	Turkey	2011-02-04T14:07:30Z	Attribution License	2010-10-12T15:28:52Z	Panasonic DMC-FZ35	73527357	P1070161	5415375451	[u'b\ufffd\ufffdsforo', u'bosfor', u'bosfor boat cruise', u'turkey', u'turquia']
Istanbul	[22724056, 2344116, 29390475, 2347289, 23424969, 28350899]	http://www.flickr.com/photos/7559746@N05/5415987106/			False	http://farm5.staticflickr.com/4152/5415987106_9a5e2073f3.jpg	15	190ab2153aa9d486bb4e34ad4acaf9	jpg	rictulio	Turkey	2011-02-04T14:07:37Z	Attribution License	2010-10-12T15:29:58Z	Panasonic DMC-FZ35	85692208	P1070166	5415987106	[u'b\ufffd\ufffdsforo', u'bosfor', u'bosfor boat cruise', u'turkey', u'turquia']
Istanbul	[22724056, 2344116, 29390475, 2347289, 23424969, 28350899]	http://www.flickr.com/photos/7559746@N05/5415375923/			False	http://farm6.staticflickr.com/5297/5415375923_b8381be13f.jpg	15	e41c7a5d7ed9a4e2e6bdab830f1309e	jpg	rictulio	Turkey	2011-02-04T14:07:45Z	Attribution License	2010-10-12T15:32:05Z	Panasonic DMC-FZ35	95277612	P1070169	5415375923	[u'b\ufffd\ufffdsforo', u'bosfor', u'bosfor boat cruise', u'turkey', u'turquia']
Istanbul	[22724056, 2344116, 29390475, 2347289, 23424969, 28350899]	http://www.flickr.com/photos/7559746@N05/5415376241/			False	http://farm6.staticflickr.com/5179/5415376241_0e1381ede8.jpg	15	56ddcbd7f0fbe362a3bda875c91212c	jpg	rictulio	Turkey	2011-02-04T14:07:55Z	Attribution License	2010-10-12T15:32:58Z	Panasonic DMC-FZ35	73078590	P1070175	5415376241	[u'b\ufffd\ufffdsforo', u'bosfor', u'bosfor boat cruise', u'turkey', u'turquia']
Istanbul	[22724056, 2344116, 29390475, 2347289, 23424969, 28350899]	http://www.flickr.com/photos/7559746@N05/5415377067/			False	http://farm6.staticflickr.com/5216/5415377067_634eaeb41b.jpg	15	e128e9d1e0e3479ca1e5c88e9b496fda	jpg	rictulio	Turkey	2011-02-04T14:08:22Z	Attribution License	2010-10-12T15:42:54Z	Panasonic DMC-FZ35	78592241	P1070180	5415377067	[u'b\ufffd\ufffdsforo', u'bosfor', u'bosfor boat cruise', u'turkey', u'turquia']
Istanbul	[22724056, 2344116, 29390475, 2347289, 23424969, 28350899]	http://www.flickr.com/photos/7559746@N05/5415988630/			False	http://farm6.staticflickr.com/5140/5415988630_cd33e06849.jpg	15	95c2ed12f582d1dc6fafc8e6f2e5071	jpg	rictulio	Turkey	2011-02-04T14:08:27Z	Attribution License	2010-10-12T15:44:59Z	Panasonic DMC-FZ35	83768631	P1070181	5415988630	[u'b\ufffd\ufffdsforo', u'bosfor', u'bosfor boat cruise', u'turkey', u'turquia']
Istanbul	[22724056, 2344116, 29390475, 2347289, 23424969, 28350899]	http://www.flickr.com/photos/7559746@N05/5415988742/			False	http://farm5.staticflickr.com/4144/5415988742_bcfaf442d1.jpg	15	625f57fa8477b875bcd96752bc9eac43	jpg	rictulio	Turkey	2011-02-04T14:08:31Z	Attribution License	2010-10-12T15:47:50Z	Panasonic DMC-FZ35	95505566	P1070183	5415988742	[u'b\ufffd\ufffdsforo', u'bosfor', u'bosfor boat cruise', u'turkey', u'turquia']
Istanbul	[22724056, 2344116, 29390475, 2347289, 23424969, 28350899]	http://www.flickr.com/photos/7559746@N05/5415988872/			False	http://farm6.staticflickr.com/5292/5415988872_02b7790da7.jpg	15	402a9a5d3a96b9b21aaf4de7f1dae822	jpg	rictulio	Turkey	2011-02-04T14:08:36Z	Attribution License	2010-10-12T15:47:58Z	Panasonic DMC-FZ35	98536846	P1070184	5415988872	[u'b\ufffd\ufffdsforo', u'bosfor', u'bosfor boat cruise', u'turkey', u'turquia']
Istanbul	[22724056, 2344116, 29390475, 2347289, 23424969, 28350899]	http://www.flickr.com/photos/7559746@N05/5415989150/			False	http://farm6.staticflickr.com/5220/5415989150_9ccede8720.jpg	15	8e9b779e604b889bb8672bed465a77	jpg	rictulio	Turkey	2011-02-04T14:08:44Z	Attribution License	2010-10-12T15:48:05Z	Panasonic DMC-FZ35	75117177	P1070185	5415989150	[u'b\ufffd\ufffdsforo', u'bosfor', u'bosfor boat cruise', u'turkey', u'turquia']
Istanbul	[22724056, 2344116, 29390475, 2347289, 23424969, 28350899]	http://www.flickr.com/photos/7559746@N05/5415989298/			False	http://farm6.staticflickr.com/5211/5415989298_8ddf642450.jpg	15	d84b202737e93b85d5e359559c525463	jpg	rictulio	Turkey	2011-02-04T14:08:49Z	Attribution License	2010-10-12T15:48:27Z	Panasonic DMC-FZ35	76854281	P1070186	5415989298	[u'b\ufffd\ufffdsforo', u'bosfor', u'bosfor boat cruise', u'turkey', u'turquia']
Istanbul	[22724056, 2344116, 29390475, 2347289, 23424969, 28350899]	http://www.flickr.com/photos/7559746@N05/5415989524/			False	http://farm5.staticflickr.com/4154/5415989524_2471052862.jpg	15	b6a57a1c9dfd46898a88711d259d81e7	jpg	rictulio	Turkey	2011-02-04T14:08:56Z	Attribution License	2010-10-12T15:48:42Z	Panasonic DMC-FZ35	91513400	P1070187	5415989524	[u'b\ufffd\ufffdsforo', u'bosfor', u'bosfor boat cruise', u'turkey', u'turquia']
Istanbul	[22724056, 2344116, 29390475, 2347289, 23424969, 28350899]	http://www.flickr.com/photos/7559746@N05/5415989794/			False	http://farm6.staticflickr.com/5018/5415989794_6c6f3cdbd6.jpg	15	2e1dfe173437f2b3e9e2f9287f40434a	jpg	rictulio	Turkey	2011-02-04T14:09:06Z	Attribution License	2010-10-12T15:52:21Z	Panasonic DMC-FZ35	72275871	P1070192	5415989794	[u'b\ufffd\ufffdsforo', u'bosfor', u'bosfor boat cruise', u'turkey', u'turquia']
Istanbul	[22724056, 2344116, 29390475, 2347289, 23424969, 28350899]	http://www.flickr.com/photos/7559746@N05/5415378617/			False	http://farm6.staticflickr.com/5018/5415378617_444b2b517b.jpg	15	ed3bcd4c75287ad7dd97995817d9399	jpg	rictulio	Turkey	2011-02-04T14:09:15Z	Attribution License	2010-10-12T15:59:09Z	Panasonic DMC-FZ35	52973524	P1070193	5415378617	[u'b\ufffd\ufffdsforo', u'bosfor', u'bosfor boat cruise', u'turkey', u'turquia']
