town_s	woe_is	urlpage_s	machine_ss	desc_ws	video_b	url_s	hour_i	hash_s	ext_s	user_s	country_s	upload_dt	license_s	taken_dt	device_s	line_i	title_s	id	tag_ss
New York	[91586556, 55864590, 2459115, 12589342, 2347591, 12761354, 23424977, 56043648]	http://www.flickr.com/photos/12810816@N08/7680029900/			False	http://farm8.staticflickr.com/7117/7680029900_6d27684d1b.jpg	14	3cd4dff4ddb661a19cbc4117e5f6d30	jpg	JuhaOnTheRoad	United States	2012-07-30T22:37:33Z	Attribution-NonCommercial-ShareAlike License	2012-07-22T14:14:58Z	Apple iPhone 3GS	79050519	IMG_8166	7680029900	[u'columbus circle', u'girl', u'iphone', u'new york', u'street photography', u'usa', u'woman']
New York	[23617182, 28751381, 2459115, 12589342, 2347591, 12761350, 23424977, 56043648]	http://www.flickr.com/photos/12810816@N08/7680033718/			False	http://farm9.staticflickr.com/8158/7680033718_4683c700b0.jpg	14	e15e66513e03b1a5fe27e5615832f53	jpg	JuhaOnTheRoad	United States	2012-07-30T22:38:10Z	Attribution-NonCommercial-ShareAlike License	2012-07-22T14:17:29Z	Apple iPhone 3GS	2115735	IMG_8168	7680033718	[u'columbus circle', u'girl', u'iphone', u'new york', u'street photography', u'usa', u'woman']
New York	[23678048, 55864589, 2459115, 12589342, 2347591, 12761367, 23424977, 56043648]	http://www.flickr.com/photos/12810816@N08/7680039116/			False	http://farm9.staticflickr.com/8290/7680039116_4ce7b88f4a.jpg	14	709e65dddc57bbfddf81724fae623311	jpg	JuhaOnTheRoad	United States	2012-07-30T22:39:03Z	Attribution-NonCommercial-ShareAlike License	2012-07-22T14:54:59Z	Apple iPhone 3GS	88449036	IMG_8173	7680039116	[u'columbus circle', u'girl', u'iphone', u'manhattan', u'new york', u'street photography', u'usa', u'woman']
New York	[91648744, 28751381, 2459115, 12589342, 2347591, 12761350, 23424977, 56043648]	http://www.flickr.com/photos/12810816@N08/7680044528/			False	http://farm9.staticflickr.com/8421/7680044528_538fe99bd4.jpg	14	bba6afa213fca89cd5da44395d9d05a	jpg	JuhaOnTheRoad	United States	2012-07-30T22:39:55Z	Attribution-NonCommercial-ShareAlike License	2012-07-22T14:57:24Z	Apple iPhone 3GS	90277192	IMG_8176	7680044528	[u'columbus circle', u'girl', u'iphone', u'manhattan', u'new york', u'street photography', u'usa', u'woman']
New York	[91648744, 28751381, 2459115, 12589342, 2347591, 12761350, 23424977, 56043648]	http://www.flickr.com/photos/12810816@N08/7680047374/			False	http://farm9.staticflickr.com/8008/7680047374_47d5e7a7c1.jpg	14	d87581bd788b6f38e419dfaffb86ba1	jpg	JuhaOnTheRoad	United States	2012-07-30T22:40:22Z	Attribution-NonCommercial-ShareAlike License	2012-07-22T14:58:01Z	Apple iPhone 3GS	97981278	IMG_8177	7680047374	[u'columbus circle', u'girl', u'iphone', u'manhattan', u'new york', u'street photography', u'usa', u'woman']
New York	[23678048, 55864589, 2459115, 12589342, 2347591, 12761367, 23424977, 56043648]	http://www.flickr.com/photos/12810816@N08/7680053654/			False	http://farm9.staticflickr.com/8023/7680053654_57948f7979.jpg	15	cc3d6496e06bcbf6ee7b74eab5dc43d0	jpg	JuhaOnTheRoad	United States	2012-07-30T22:41:24Z	Attribution-NonCommercial-ShareAlike License	2012-07-22T15:07:01Z	Apple iPhone 3GS	93421604	Talitha	7680053654	[u'columbus circle', u'girl', u'iphone', u'manhattan', u'new york', u'street photography', u'usa', u'woman']
New York	[23678048, 55864589, 2459115, 12589342, 2347591, 12761367, 23424977, 56043648]	http://www.flickr.com/photos/12810816@N08/7641624556/			False	http://farm8.staticflickr.com/7258/7641624556_fd4784eb76.jpg	15	9d15669d9c86950f8b46f22f37ec28a	jpg	JuhaOnTheRoad	United States	2012-07-25T04:23:02Z	Attribution-NonCommercial-ShareAlike License	2012-07-22T15:58:36Z	Canon EOS DIGITAL REBEL XSi	28830601		7641624556	[u'city', u'columbus circle', u'girl', u'new york', u'street photography', u'usa', u'woman']
New York	[23678048, 55864589, 2459115, 12589342, 2347591, 12761367, 23424977, 56043648]	http://www.flickr.com/photos/12810816@N08/7663419718/			False	http://farm8.staticflickr.com/7112/7663419718_df69e2bde3.jpg	16	3a9089115c813b84b4be9e42a38184	jpg	JuhaOnTheRoad	United States	2012-07-28T18:34:36Z	Attribution-NonCommercial-ShareAlike License	2012-07-22T16:20:26Z	Canon EOS DIGITAL REBEL XSi	89439782	IMG_7204	7663419718	[u'columbus circle', u'girl', u'new york', u'street photography', u'usa', u'woman']
New York	[23678048, 55864589, 2459115, 12589342, 2347591, 12761367, 23424977, 56043648]	http://www.flickr.com/photos/12810816@N08/7641516626/			False	http://farm8.staticflickr.com/7274/7641516626_40cb7bef57.jpg	16	8887e2747c1e949a5622d7c323d618c	jpg	JuhaOnTheRoad	United States	2012-07-25T03:57:47Z	Attribution-NonCommercial-ShareAlike License	2012-07-22T16:20:30Z	Canon EOS DIGITAL REBEL XSi	93960339		7641516626	[u'girl', u'woman']
New York	[23678048, 55864589, 2459115, 12589342, 2347591, 12761367, 23424977, 56043648]	http://www.flickr.com/photos/12810816@N08/7641502058/			False	http://farm9.staticflickr.com/8147/7641502058_6d1dc10a15.jpg	16	efecb080e8a05c2ab3c1e9e540be3b	jpg	JuhaOnTheRoad	United States	2012-07-25T03:54:25Z	Attribution-NonCommercial-ShareAlike License	2012-07-22T16:21:48Z	Canon EOS DIGITAL REBEL XSi	92106633		7641502058	
New York	[23678048, 55864589, 2459115, 12589342, 2347591, 12761367, 23424977, 56043648]	http://www.flickr.com/photos/12810816@N08/7641511570/			False	http://farm9.staticflickr.com/8294/7641511570_4c209469c2.jpg	16	e12b63ab4f24e6b2232ee687dff3b68a	jpg	JuhaOnTheRoad	United States	2012-07-25T03:56:35Z	Attribution-NonCommercial-ShareAlike License	2012-07-22T16:29:05Z	Canon EOS DIGITAL REBEL XSi	33191177		7641511570	
New York	[23678048, 55864589, 2459115, 12589342, 2347591, 12761367, 23424977, 56043648]	http://www.flickr.com/photos/12810816@N08/7641522972/			False	http://farm8.staticflickr.com/7124/7641522972_ea301d2627.jpg	16	cab413a2db544a4056ebcbb488b793	jpg	JuhaOnTheRoad	United States	2012-07-25T03:59:19Z	Attribution-NonCommercial-ShareAlike License	2012-07-22T16:40:00Z	Canon EOS DIGITAL REBEL XSi	90328277		7641522972	[u'girl', u'woman']
New York	[23678048, 55864589, 2459115, 12589342, 2347591, 12761367, 23424977, 56043648]	http://www.flickr.com/photos/12810816@N08/7641527912/			False	http://farm9.staticflickr.com/8286/7641527912_a83c80957f.jpg	16	304e2956c506b5a599b167ab98b303b	jpg	JuhaOnTheRoad	United States	2012-07-25T04:00:31Z	Attribution-NonCommercial-ShareAlike License	2012-07-22T16:41:54Z	Canon EOS DIGITAL REBEL XSi	47736020		7641527912	[u'city', u'columbus circle', u'new york', u'street photography', u'transportation', u'usa']
New York	[23678048, 55864589, 2459115, 12589342, 2347591, 12761367, 23424977, 56043648]	http://www.flickr.com/photos/12810816@N08/7641636738/			False	http://farm9.staticflickr.com/8150/7641636738_2ac03b81bb.jpg	16	58f0b284efc8293223a366dde126ba3b	jpg	JuhaOnTheRoad	United States	2012-07-25T04:25:47Z	Attribution-NonCommercial-ShareAlike License	2012-07-22T16:47:40Z	Canon EOS DIGITAL REBEL XSi	39044423		7641636738	[u'city', u'columbus circle', u'girl', u'new york', u'street photography', u'transportation', u'usa', u'woman', u'yabbadabbadoo']
New York	[23678048, 55864589, 2459115, 12589342, 2347591, 12761367, 23424977, 56043648]	http://www.flickr.com/photos/12810816@N08/7641534976/			False	http://farm8.staticflickr.com/7253/7641534976_3f8c497fba.jpg	17	22fab4f8afb0331884ee1c5f3a89a	jpg	JuhaOnTheRoad	United States	2012-07-25T04:02:11Z	Attribution-NonCommercial-ShareAlike License	2012-07-22T17:01:25Z	Canon EOS DIGITAL REBEL XSi	99617963		7641534976	[u'city', u'columbus circle', u'girl', u'new york', u'street photography', u'usa', u'woman']
New York	[23678048, 55864589, 2459115, 12589342, 2347591, 12761367, 23424977, 56043648]	http://www.flickr.com/photos/12810816@N08/7663429738/			False	http://farm8.staticflickr.com/7108/7663429738_c012ed4fc3.jpg	17	91eef9432f07fb9579f3ffd1cdce8e9	jpg	JuhaOnTheRoad	United States	2012-07-28T18:36:26Z	Attribution-NonCommercial-ShareAlike License	2012-07-22T17:02:25Z	Canon EOS DIGITAL REBEL XSi	3120271	IMG_7267	7663429738	[u'columbus circle', u'girl', u'new york', u'street photography', u'usa', u'woman']
New York	[23678048, 55864589, 2459115, 12589342, 2347591, 12761367, 23424977, 56043648]	http://www.flickr.com/photos/12810816@N08/7663434702/			False	http://farm9.staticflickr.com/8166/7663434702_41f0605755.jpg	17	1810cc269f741d6e10e78ef0da18e	jpg	JuhaOnTheRoad	United States	2012-07-28T18:37:22Z	Attribution-NonCommercial-ShareAlike License	2012-07-22T17:02:39Z	Canon EOS DIGITAL REBEL XSi	92196613	IMG_7268	7663434702	[u'columbus circle', u'girl', u'new york', u'street photography', u'usa', u'woman']
New York	[23678048, 55864589, 2459115, 12589342, 2347591, 12761367, 23424977, 56043648]	http://www.flickr.com/photos/12810816@N08/7641539462/			False	http://farm9.staticflickr.com/8147/7641539462_83d3ec8220.jpg	17	5613cbc6e19c3d31332375687552997b	jpg	JuhaOnTheRoad	United States	2012-07-25T04:03:14Z	Attribution-NonCommercial-ShareAlike License	2012-07-22T17:03:27Z	Canon EOS DIGITAL REBEL XSi	11184964		7641539462	[u'city', u'columbus circle', u'girl', u'new york', u'street photography', u'usa', u'woman']
New York	[23678048, 55864589, 2459115, 12589342, 2347591, 12761367, 23424977, 56043648]	http://www.flickr.com/photos/12810816@N08/7641542972/			False	http://farm9.staticflickr.com/8286/7641542972_57175509ea.jpg	17	b5cf82f75bb6768e48ae1a915c48c	jpg	JuhaOnTheRoad	United States	2012-07-25T04:04:02Z	Attribution-NonCommercial-ShareAlike License	2012-07-22T17:03:55Z	Canon EOS DIGITAL REBEL XSi	71888024		7641542972	[u'city', u'columbus circle', u'girl', u'new york', u'street photography', u'usa', u'woman']
New York	[23678048, 55864589, 2459115, 12589342, 2347591, 12761367, 23424977, 56043648]	http://www.flickr.com/photos/12810816@N08/7641549884/			False	http://farm9.staticflickr.com/8425/7641549884_c88c2f9946.jpg	17	b835f7feb5c54adec02a64ce965fef68	jpg	JuhaOnTheRoad	United States	2012-07-25T04:05:32Z	Attribution-NonCommercial-ShareAlike License	2012-07-22T17:03:59Z	Canon EOS DIGITAL REBEL XSi	71779564		7641549884	[u'city', u'columbus circle', u'girl', u'new york', u'street photography', u'usa', u'woman']
New York	[23678048, 55864589, 2459115, 12589342, 2347591, 12761367, 23424977, 56043648]	http://www.flickr.com/photos/12810816@N08/7641585856/			False	http://farm9.staticflickr.com/8153/7641585856_d0fd956fe8.jpg	17	5f94c9ea79477253708cfe0925d80ed	jpg	JuhaOnTheRoad	United States	2012-07-25T04:13:52Z	Attribution-NonCommercial-ShareAlike License	2012-07-22T17:07:52Z	Canon EOS DIGITAL REBEL XSi	93883907		7641585856	[u'city', u'columbus circle', u'new york', u'street photography', u'transportation', u'usa', u'yabbadabbadoo']
New York	[23678048, 55864589, 2459115, 12589342, 2347591, 12761367, 23424977, 56043648]	http://www.flickr.com/photos/12810816@N08/7641550460/			False	http://farm8.staticflickr.com/7138/7641550460_07b68c35b7.jpg	17	366efbac95c02816e3df74891950b2ef	jpg	JuhaOnTheRoad	United States	2012-07-25T04:05:39Z	Attribution-NonCommercial-ShareAlike License	2012-07-22T17:09:22Z	Canon EOS DIGITAL REBEL XSi	32233120	Central Park carriage	7641550460	[u'buggy', u'carriage', u'city', u'columbus circle', u'horse', u'new york', u'street photography', u'transportation', u'usa', u'yabbadabbadoo']
New York	[23678048, 55864589, 2459115, 12589342, 2347591, 12761367, 23424977, 56043648]	http://www.flickr.com/photos/12810816@N08/7641558270/			False	http://farm8.staticflickr.com/7261/7641558270_fd3230a6bd.jpg	17	7d83a6c84e286f4d98cd9fe1f0f8605c	jpg	JuhaOnTheRoad	United States	2012-07-25T04:07:21Z	Attribution-NonCommercial-ShareAlike License	2012-07-22T17:16:46Z	Canon EOS DIGITAL REBEL XSi	91550142		7641558270	[u'city', u'columbus circle', u'new york', u'street photography', u'usa']
New York	[23678048, 55864589, 2459115, 12589342, 2347591, 12761367, 23424977, 56043648]	http://www.flickr.com/photos/12810816@N08/7641558754/			False	http://farm8.staticflickr.com/7119/7641558754_766a587c3b.jpg	17	562b1bb0e077684886905d826a4a678a	jpg	JuhaOnTheRoad	United States	2012-07-25T04:07:28Z	Attribution-NonCommercial-ShareAlike License	2012-07-22T17:17:50Z	Canon EOS DIGITAL REBEL XSi	86223870		7641558754	[u'city', u'columbus circle', u'new york', u'street photography', u'usa']
New York	[23678048, 55864589, 2459115, 12589342, 2347591, 12761367, 23424977, 56043648]	http://www.flickr.com/photos/12810816@N08/7641565878/			False	http://farm9.staticflickr.com/8028/7641565878_a72fd5102c.jpg	17	d5a88895ffef31372e5c1c012ce7a78	jpg	JuhaOnTheRoad	United States	2012-07-25T04:09:12Z	Attribution-NonCommercial-ShareAlike License	2012-07-22T17:18:03Z	Canon EOS DIGITAL REBEL XSi	77488764		7641565878	[u'city', u'columbus circle', u'new york', u'street photography', u'usa']
New York	[23678048, 55864589, 2459115, 12589342, 2347591, 12761367, 23424977, 56043648]	http://www.flickr.com/photos/12810816@N08/7641566402/			False	http://farm9.staticflickr.com/8015/7641566402_957a2d6aa2.jpg	17	4f538ad27c1dc0489fedb9b73f61e56	jpg	JuhaOnTheRoad	United States	2012-07-25T04:09:20Z	Attribution-NonCommercial-ShareAlike License	2012-07-22T17:18:12Z	Canon EOS DIGITAL REBEL XSi	96857752		7641566402	[u'city', u'columbus circle', u'new york', u'street photography', u'usa']
New York	[23678048, 55864589, 2459115, 12589342, 2347591, 12761367, 23424977, 56043648]	http://www.flickr.com/photos/12810816@N08/7641566860/			False	http://farm8.staticflickr.com/7116/7641566860_020301e2a0.jpg	17	19f5a7c2d8d14c7c134903bad43858c	jpg	JuhaOnTheRoad	United States	2012-07-25T04:09:26Z	Attribution-NonCommercial-ShareAlike License	2012-07-22T17:21:30Z	Canon EOS DIGITAL REBEL XSi	72950934		7641566860	[u'city', u'columbus circle', u'new york', u'street photography', u'usa', u'yabbadabbadoo']
New York	[23678048, 55864589, 2459115, 12589342, 2347591, 12761367, 23424977, 56043648]	http://www.flickr.com/photos/12810816@N08/7641577576/			False	http://farm8.staticflickr.com/7138/7641577576_fc5ec779c6.jpg	17	dde0e0b750442080171cf64842c71c95	jpg	JuhaOnTheRoad	United States	2012-07-25T04:11:53Z	Attribution-NonCommercial-ShareAlike License	2012-07-22T17:23:30Z	Canon EOS DIGITAL REBEL XSi	82823948	Columbus on the Circle	7641577576	[u'city', u'columbus circle', u'new york', u'street photography', u'usa']
New York	[23678048, 55864589, 2459115, 12589342, 2347591, 12761367, 23424977, 56043648]	http://www.flickr.com/photos/12810816@N08/7641577894/			False	http://farm8.staticflickr.com/7108/7641577894_d3f07832c9.jpg	17	6ef7ee9d942ed09ed1e441578792be97	jpg	JuhaOnTheRoad	United States	2012-07-25T04:11:58Z	Attribution-NonCommercial-ShareAlike License	2012-07-22T17:23:59Z	Canon EOS DIGITAL REBEL XSi	78410427		7641577894	[u'city', u'columbus circle', u'new york', u'street photography', u'usa', u'yabbadabbadoo']
New York	[23678048, 55864589, 2459115, 12589342, 2347591, 12761367, 23424977, 56043648]	http://www.flickr.com/photos/12810816@N08/7641586180/			False	http://farm9.staticflickr.com/8431/7641586180_e2c638d505.jpg	17	34531d60b37b7ea9a953073b217155f	jpg	JuhaOnTheRoad	United States	2012-07-25T04:13:57Z	Attribution-NonCommercial-ShareAlike License	2012-07-22T17:25:51Z	Canon EOS DIGITAL REBEL XSi	84698000		7641586180	[u'city', u'columbus circle', u'girl', u'new york', u'street photography', u'usa', u'woman']
New York	[23678048, 55864589, 2459115, 12589342, 2347591, 12761367, 23424977, 56043648]	http://www.flickr.com/photos/12810816@N08/7663448608/			False	http://farm9.staticflickr.com/8143/7663448608_de673e3625.jpg	17	c160217f6fae0a041bb83fb638068cb	jpg	JuhaOnTheRoad	United States	2012-07-28T18:39:54Z	Attribution-NonCommercial-ShareAlike License	2012-07-22T17:26:05Z	Canon EOS DIGITAL REBEL XSi	70386171	IMG_7324	7663448608	[u'columbus circle', u'girl', u'new york', u'street photography', u'usa', u'woman']
New York	[23678048, 55864589, 2459115, 12589342, 2347591, 12761367, 23424977, 56043648]	http://www.flickr.com/photos/12810816@N08/7641586534/			False	http://farm9.staticflickr.com/8007/7641586534_fe1e84eb02.jpg	17	848744d92dd5784867479c8f1c528e	jpg	JuhaOnTheRoad	United States	2012-07-25T04:14:01Z	Attribution-NonCommercial-ShareAlike License	2012-07-22T17:26:38Z	Canon EOS DIGITAL REBEL XSi	53724959		7641586534	[u'city', u'columbus circle', u'new york', u'street photography', u'usa']
New York	[23678048, 55864589, 2459115, 12589342, 2347591, 12761367, 23424977, 56043648]	http://www.flickr.com/photos/12810816@N08/7641578366/			False	http://farm9.staticflickr.com/8007/7641578366_11916ebd59.jpg	17	7733ca8d7bab67552c4dc46493212e	jpg	JuhaOnTheRoad	United States	2012-07-25T04:12:04Z	Attribution-NonCommercial-ShareAlike License	2012-07-22T17:37:22Z	Canon EOS DIGITAL REBEL XSi	75725872	Rushing the Circle	7641578366	[u'city', u'columbus circle', u'new york', u'street photography', u'transportation', u'usa', u'yabbadabbadoo']
New York	[23678048, 55864589, 2459115, 12589342, 2347591, 12761367, 23424977, 56043648]	http://www.flickr.com/photos/12810816@N08/7663458858/			False	http://farm8.staticflickr.com/7107/7663458858_4223a40676.jpg	17	b610f84d4648519736637552463bf63	jpg	JuhaOnTheRoad	United States	2012-07-28T18:41:47Z	Attribution-NonCommercial-ShareAlike License	2012-07-22T17:44:44Z	Canon EOS DIGITAL REBEL XSi	96974804	IMG_7354	7663458858	[u'columbus circle', u'girl', u'new york', u'street photography', u'usa', u'woman']
New York	[23678048, 55864589, 2459115, 12589342, 2347591, 12761367, 23424977, 56043648]	http://www.flickr.com/photos/12810816@N08/7641594668/			False	http://farm8.staticflickr.com/7246/7641594668_6a21ff265a.jpg	17	7b2fb1fe2873cead3d48575df463362	jpg	JuhaOnTheRoad	United States	2012-07-25T04:15:57Z	Attribution-NonCommercial-ShareAlike License	2012-07-22T17:46:52Z	Canon EOS DIGITAL REBEL XSi	36070918		7641594668	[u'city', u'columbus circle', u'new york', u'street photography', u'usa']
New York	[23678048, 55864589, 2459115, 12589342, 2347591, 12761367, 23424977, 56043648]	http://www.flickr.com/photos/12810816@N08/7663465400/			False	http://farm9.staticflickr.com/8142/7663465400_ab07e47616.jpg	17	cfc295bfb845ad5416ad7f32d53842a6	jpg	JuhaOnTheRoad	United States	2012-07-28T18:43:03Z	Attribution-NonCommercial-ShareAlike License	2012-07-22T17:47:30Z	Canon EOS DIGITAL REBEL XSi	80283352	IMG_7359	7663465400	[u'columbus circle', u'dog', u'new york', u'street photography', u'usa']
New York	[23678048, 55864589, 2459115, 12589342, 2347591, 12761367, 23424977, 56043648]	http://www.flickr.com/photos/12810816@N08/7663470116/			False	http://farm9.staticflickr.com/8143/7663470116_0cc8c55d97.jpg	17	edc83a498390d3d583a87b256c5082be	jpg	JuhaOnTheRoad	United States	2012-07-28T18:43:57Z	Attribution-NonCommercial-ShareAlike License	2012-07-22T17:51:03Z	Canon EOS DIGITAL REBEL XSi	88441965	IMG_7365	7663470116	[u'columbus circle', u'girl', u'new york', u'street photography', u'usa', u'woman']
New York	[23678048, 55864589, 2459115, 12589342, 2347591, 12761367, 23424977, 56043648]	http://www.flickr.com/photos/12810816@N08/7663483506/			False	http://farm8.staticflickr.com/7277/7663483506_75a3b76478.jpg	17	3e711f4b9decac9f6c69a54a81bf49f	jpg	JuhaOnTheRoad	United States	2012-07-28T18:46:21Z	Attribution-NonCommercial-ShareAlike License	2012-07-22T17:54:31Z	Canon EOS DIGITAL REBEL XSi	97108402	IMG_7372	7663483506	[u'columbus circle', u'girl', u'new york', u'street photography', u'usa', u'woman']
New York	[23678048, 55864589, 2459115, 12589342, 2347591, 12761367, 23424977, 56043648]	http://www.flickr.com/photos/12810816@N08/7641595096/			False	http://farm9.staticflickr.com/8283/7641595096_af6c4e7e4c.jpg	17	e270107b6d946a459be736cb6c423d42	jpg	JuhaOnTheRoad	United States	2012-07-25T04:16:03Z	Attribution-NonCommercial-ShareAlike License	2012-07-22T17:55:12Z	Canon EOS DIGITAL REBEL XSi	21662328		7641595096	[u'city', u'columbus circle', u'new york', u'street photography', u'transportation', u'usa']
New York	[23678048, 55864589, 2459115, 12589342, 2347591, 12761367, 23424977, 56043648]	http://www.flickr.com/photos/12810816@N08/7641601294/			False	http://farm8.staticflickr.com/7130/7641601294_e5be53abe1.jpg	17	a9b1f01261722d82b16b7452981f09b	jpg	JuhaOnTheRoad	United States	2012-07-25T04:17:29Z	Attribution-NonCommercial-ShareAlike License	2012-07-22T17:55:25Z	Canon EOS DIGITAL REBEL XSi	65312033		7641601294	[u'city', u'columbus circle', u'new york', u'street photography', u'transportation', u'usa']
New York	[23678048, 55864589, 2459115, 12589342, 2347591, 12761367, 23424977, 56043648]	http://www.flickr.com/photos/12810816@N08/7641601612/			False	http://farm8.staticflickr.com/7256/7641601612_054fd053c2.jpg	17	23bb3fecce7ea2246541b65718c194	jpg	JuhaOnTheRoad	United States	2012-07-25T04:17:34Z	Attribution-NonCommercial-ShareAlike License	2012-07-22T17:55:57Z	Canon EOS DIGITAL REBEL XSi	64901573		7641601612	[u'city', u'columbus circle', u'new york', u'street photography', u'usa']
New York	[23678048, 55864589, 2459115, 12589342, 2347591, 12761367, 23424977, 56043648]	http://www.flickr.com/photos/12810816@N08/7663490916/			False	http://farm8.staticflickr.com/7277/7663490916_fa07fac7c0.jpg	17	e8183dad86818e6594d2ea9e3299f2	jpg	JuhaOnTheRoad	United States	2012-07-28T18:47:47Z	Attribution-NonCommercial-ShareAlike License	2012-07-22T17:56:05Z	Canon EOS DIGITAL REBEL XSi	62960239	Columbus Circle	7663490916	[u'columbus circle', u'girl', u'new york', u'street photography', u'usa', u'woman']
New York	[23678048, 55864589, 2459115, 12589342, 2347591, 12761367, 23424977, 56043648]	http://www.flickr.com/photos/12810816@N08/7663495970/			False	http://farm9.staticflickr.com/8288/7663495970_444be8b1af.jpg	17	f9591df1d1abb207e49c8f3811b101f	jpg	JuhaOnTheRoad	United States	2012-07-28T18:48:45Z	Attribution-NonCommercial-ShareAlike License	2012-07-22T17:56:42Z	Canon EOS DIGITAL REBEL XSi	2015449	IMG_7380	7663495970	[u'columbus circle', u'girl', u'new york', u'street photography', u'usa', u'woman']
New York	[23678048, 55864589, 2459115, 12589342, 2347591, 12761367, 23424977, 56043648]	http://www.flickr.com/photos/12810816@N08/7663501106/			False	http://farm8.staticflickr.com/7246/7663501106_6f9a0e3d53.jpg	17	4b746da940ce232dafa3161c3b3bea12	jpg	JuhaOnTheRoad	United States	2012-07-28T18:49:41Z	Attribution-NonCommercial-ShareAlike License	2012-07-22T17:56:45Z	Canon EOS DIGITAL REBEL XSi	78577844	IMG_7381	7663501106	[u'columbus circle', u'girl', u'new york', u'street photography', u'usa', u'woman']
New York	[23678048, 55864589, 2459115, 12589342, 2347591, 12761367, 23424977, 56043648]	http://www.flickr.com/photos/12810816@N08/7641665866/			False	http://farm9.staticflickr.com/8010/7641665866_40a5f6fdb7.jpg	17	d9bdbdcd4a2e1614e522a0c2525fb	jpg	JuhaOnTheRoad	United States	2012-07-25T04:32:42Z	Attribution-NonCommercial-ShareAlike License	2012-07-22T17:57:20Z	Canon EOS DIGITAL REBEL XSi	96250133		7641665866	[u'city', u'columbus circle', u'girl', u'new york', u'street photography', u'usa', u'woman']
New York	[23678048, 55864589, 2459115, 12589342, 2347591, 12761367, 23424977, 56043648]	http://www.flickr.com/photos/12810816@N08/7641602062/			False	http://farm8.staticflickr.com/7278/7641602062_09c9f67706.jpg	17	fb5b6e3d9abbfc751be8ba11a670ff77	jpg	JuhaOnTheRoad	United States	2012-07-25T04:17:40Z	Attribution-NonCommercial-ShareAlike License	2012-07-22T17:57:45Z	Canon EOS DIGITAL REBEL XSi	81312259		7641602062	[u'city', u'columbus circle', u'new york', u'street photography', u'usa']
New York	[23678048, 55864589, 2459115, 12589342, 2347591, 12761367, 23424977, 56043648]	http://www.flickr.com/photos/12810816@N08/7641609340/			False	http://farm9.staticflickr.com/8165/7641609340_11b74eba5e.jpg	17	3500a2a3f68ebf7cee9a2a16192a1	jpg	JuhaOnTheRoad	United States	2012-07-25T04:19:30Z	Attribution-NonCommercial-ShareAlike License	2012-07-22T17:58:05Z	Canon EOS DIGITAL REBEL XSi	50463938		7641609340	[u'city', u'columbus circle', u'girl', u'new york', u'street photography', u'usa', u'woman']
New York	[23678048, 55864589, 2459115, 12589342, 2347591, 12761367, 23424977, 56043648]	http://www.flickr.com/photos/12810816@N08/7663510834/			False	http://farm9.staticflickr.com/8288/7663510834_3cfa503f72.jpg	17	9c366b642a204c8e239d299c42f3b	jpg	JuhaOnTheRoad	United States	2012-07-28T18:51:26Z	Attribution-NonCommercial-ShareAlike License	2012-07-22T17:58:51Z	Canon EOS DIGITAL REBEL XSi	82993517	IMG_7390	7663510834	[u'columbus circle', u'girl', u'new york', u'street photography', u'usa', u'woman']
New York	[23678048, 55864589, 2459115, 12589342, 2347591, 12761367, 23424977, 56043648]	http://www.flickr.com/photos/12810816@N08/7641609830/			False	http://farm8.staticflickr.com/7256/7641609830_76b089815f.jpg	17	49583648f1d1735099ec6d27d9cf24f	jpg	JuhaOnTheRoad	United States	2012-07-25T04:19:38Z	Attribution-NonCommercial-ShareAlike License	2012-07-22T17:59:48Z	Canon EOS DIGITAL REBEL XSi	68968911		7641609830	[u'city', u'columbus circle', u'girl', u'new york', u'street photography', u'usa', u'woman']
New York	[23678048, 55864589, 2459115, 12589342, 2347591, 12761367, 23424977, 56043648]	http://www.flickr.com/photos/12810816@N08/7641610256/			False	http://farm8.staticflickr.com/7122/7641610256_01e1f05ac7.jpg	18	8024b12694caa2f989d457914d4a41dd	jpg	JuhaOnTheRoad	United States	2012-07-25T04:19:44Z	Attribution-NonCommercial-ShareAlike License	2012-07-22T18:00:27Z	Canon EOS DIGITAL REBEL XSi	65598435		7641610256	[u'city', u'columbus circle', u'girl', u'new york', u'street photography', u'usa', u'woman', u'yabbadabbadoo']
New York	[23678048, 55864589, 2459115, 12589342, 2347591, 12761367, 23424977, 56043648]	http://www.flickr.com/photos/12810816@N08/7641610698/			False	http://farm9.staticflickr.com/8143/7641610698_8cb4b5d5bc.jpg	18	2f66477ba6a8e17578d07581517f3383	jpg	JuhaOnTheRoad	United States	2012-07-25T04:19:51Z	Attribution-NonCommercial-ShareAlike License	2012-07-22T18:00:52Z	Canon EOS DIGITAL REBEL XSi	67942969		7641610698	[u'city', u'columbus circle', u'new york', u'street photography', u'usa']
New York	[23678048, 55864589, 2459115, 12589342, 2347591, 12761367, 23424977, 56043648]	http://www.flickr.com/photos/12810816@N08/7641611050/			False	http://farm9.staticflickr.com/8284/7641611050_4e38a45cbc.jpg	18	df439a7968a7367654a6b97a6b4fb8	jpg	JuhaOnTheRoad	United States	2012-07-25T04:19:56Z	Attribution-NonCommercial-ShareAlike License	2012-07-22T18:02:00Z	Canon EOS DIGITAL REBEL XSi	71448140	Columbus Circle	7641611050	[u'city', u'columbus circle', u'new york', u'street photography', u'usa']
New York	[23678048, 55864589, 2459115, 12589342, 2347591, 12761367, 23424977, 56043648]	http://www.flickr.com/photos/12810816@N08/7641625024/			False	http://farm8.staticflickr.com/7135/7641625024_177066d0ea.jpg	18	3c85127ad4cdc5c358337d5478d69621	jpg	JuhaOnTheRoad	United States	2012-07-25T04:23:09Z	Attribution-NonCommercial-ShareAlike License	2012-07-22T18:03:22Z	Canon EOS DIGITAL REBEL XSi	61252668		7641625024	[u'city', u'columbus circle', u'dog', u'new york', u'street photography', u'usa']
New York	[23678048, 55864589, 2459115, 12589342, 2347591, 12761367, 23424977, 56043648]	http://www.flickr.com/photos/12810816@N08/7641625360/			False	http://farm9.staticflickr.com/8166/7641625360_5be2f4f3e6.jpg	18	f473deac94678b993c7ca8ba63425d67	jpg	JuhaOnTheRoad	United States	2012-07-25T04:23:13Z	Attribution-NonCommercial-ShareAlike License	2012-07-22T18:04:22Z	Canon EOS DIGITAL REBEL XSi	83671088	Happy	7641625360	[u'city', u'columbus circle', u'new york', u'street photography', u'usa', u'yabbadabbadoo']
New York	[23678048, 55864589, 2459115, 12589342, 2347591, 12761367, 23424977, 56043648]	http://www.flickr.com/photos/12810816@N08/7663519638/			False	http://farm8.staticflickr.com/7248/7663519638_210f85806a.jpg	18	8e1dd5f4d1ddc7453edcee4ab2670f7	jpg	JuhaOnTheRoad	United States	2012-07-28T18:53:03Z	Attribution-NonCommercial-ShareAlike License	2012-07-22T18:06:38Z	Canon EOS DIGITAL REBEL XSi	64567215	IMG_7414	7663519638	[u'columbus circle', u'girl', u'new york', u'street photography', u'usa', u'woman']
New York	[23678048, 55864589, 2459115, 12589342, 2347591, 12761367, 23424977, 56043648]	http://www.flickr.com/photos/12810816@N08/7641671482/			False	http://farm8.staticflickr.com/7112/7641671482_c51a15a642.jpg	18	d825269172403653fa7de9e962628ec4	jpg	JuhaOnTheRoad	United States	2012-07-25T04:34:00Z	Attribution-NonCommercial-ShareAlike License	2012-07-22T18:08:10Z	Canon EOS DIGITAL REBEL XSi	48860544	Columbus Circle	7641671482	[u'city', u'columbus circle', u'girl', u'new york', u'station', u'street photography', u'subway', u'transportation', u'usa', u'woman']
New York	[23678048, 55864589, 2459115, 12589342, 2347591, 12761367, 23424977, 56043648]	http://www.flickr.com/photos/12810816@N08/7641679774/			False	http://farm9.staticflickr.com/8005/7641679774_91698aa92c.jpg	18	104a8cac1f40e0d51023d83524a5601d	jpg	JuhaOnTheRoad	United States	2012-07-25T04:36:06Z	Attribution-NonCommercial-ShareAlike License	2012-07-22T18:09:01Z	Canon EOS DIGITAL REBEL XSi	64226490	Columbus Circle	7641679774	[u'city', u'columbus circle', u'girl', u'new york', u'station', u'street photography', u'subway', u'transportation', u'usa', u'woman', u'yabbadabbadoo']
New York	[23678048, 55864589, 2459115, 12589342, 2347591, 12761367, 23424977, 56043648]	http://www.flickr.com/photos/12810816@N08/7663830946/			False	http://farm8.staticflickr.com/7249/7663830946_5ff62a3cab.jpg	18	ea4273fadf4be3b6452e32190d7a2	jpg	JuhaOnTheRoad	United States	2012-07-28T19:50:05Z	Attribution-NonCommercial-ShareAlike License	2012-07-22T18:10:25Z	Canon EOS DIGITAL REBEL XSi	76189812	Columbus Circle	7663830946	[u'columbus circle', u'girl', u'new york', u'station', u'street photography', u'subway', u'train', u'transportation', u'usa', u'woman']
New York	[23678048, 55864589, 2459115, 12589342, 2347591, 12761367, 23424977, 56043648]	http://www.flickr.com/photos/12810816@N08/7641685206/			False	http://farm8.staticflickr.com/7247/7641685206_24d4b1a63a.jpg	18	96c6d2c566dcafd4485b6331c313db8	jpg	JuhaOnTheRoad	United States	2012-07-25T04:37:27Z	Attribution-NonCommercial-ShareAlike License	2012-07-22T18:11:00Z	Canon EOS DIGITAL REBEL XSi	84369605	Columbus Circle	7641685206	[u'city', u'columbus circle', u'girl', u'new york', u'station', u'street photography', u'subway', u'transportation', u'usa', u'woman', u'yabbadabbadoo']
New York	[23678048, 55864589, 2459115, 12589342, 2347591, 12761367, 23424977, 56043648]	http://www.flickr.com/photos/12810816@N08/7663835520/			False	http://farm9.staticflickr.com/8007/7663835520_6a98b9c298.jpg	18	82aba0aca52e18ea824c5b3993270ec	jpg	JuhaOnTheRoad	United States	2012-07-28T19:50:51Z	Attribution-NonCommercial-ShareAlike License	2012-07-22T18:12:10Z	Canon EOS DIGITAL REBEL XSi	28419015	Columbus Circle	7663835520	[u'columbus circle', u'new york', u'station', u'street photography', u'subway', u'train', u'transportation', u'usa']
New York	[23678048, 55864589, 2459115, 12589342, 2347591, 12761367, 23424977, 56043648]	http://www.flickr.com/photos/12810816@N08/7663840766/			False	http://farm8.staticflickr.com/7258/7663840766_71ddba0d04.jpg	18	f22e960b7948786a367d691af8c1918	jpg	JuhaOnTheRoad	United States	2012-07-28T19:51:43Z	Attribution-NonCommercial-ShareAlike License	2012-07-22T18:12:11Z	Canon EOS DIGITAL REBEL XSi	26484942	IMG_7427	7663840766	[u'columbus circle', u'new york', u'station', u'street photography', u'subway', u'train', u'transportation', u'usa']
New York	[23615376, 91801527, 2459115, 12589335, 2347591, 12761729, 23424977, 56043648]	http://www.flickr.com/photos/12810816@N08/7680058038/			False	http://farm9.staticflickr.com/8293/7680058038_cdbff0e86f.jpg	18	224099b561fea329a3e265aa6558c2	jpg	JuhaOnTheRoad	United States	2012-07-30T22:42:07Z	Attribution-NonCommercial-ShareAlike License	2012-07-22T18:27:09Z	Apple iPhone 3GS	61819992	IMG_8187	7680058038	[u'brooklyn', u'girl', u'iphone', u'new york', u'street photography', u'usa', u'williamsburg', u'woman']
