town_s	woe_is	urlpage_s	machine_ss	desc_ws	video_b	url_s	hour_i	hash_s	ext_s	user_s	country_s	upload_dt	license_s	taken_dt	device_s	line_i	title_s	id	tag_ss
New York	[92125079, 55864586, 2459115, 12589342, 2347591, 12761369, 23424977, 56043648]	http://www.flickr.com/photos/16151021@N00/3898859933/		Lined up inside the TKTS discount ticket booth at the South Street Seaport in New York City.  I got myself a 40% off ticket to "The 39 Steps."	False	http://farm3.staticflickr.com/2643/3898859933_c642b78b43.jpg	14	57c0d843704365489ffd684c956b7324	jpg	Kevin H.	United States	2009-09-08T05:32:54Z	Attribution-NonCommercial-NoDerivs License	2009-09-05T14:39:39Z	NIKON CORPORATION NIKON D90	61014903	At TKTS	3898859933	[u'city', u'new york', u'nyc', u'tkts']
New York	[56388992, 2459115, 12589342, 2347591, 12761369, 23424977, 56043648]	http://www.flickr.com/photos/16151021@N00/3899642628/		The light vessel Ambrose, part of the Seaport Museum at the South Street Seaport in New York City.	False	http://farm4.staticflickr.com/3500/3899642628_d6b982d378.jpg	15	6c5b25534996330cff3e025dade88f3	jpg	Kevin H.	United States	2009-09-08T05:33:16Z	Attribution-NonCommercial-NoDerivs License	2009-09-05T15:06:58Z	NIKON CORPORATION NIKON D90	94675511	Light Vessel Ambrose	3899642628	[u'ambrose', u'city', u'light', u'museum', u'new york', u'nyc', u'seaport', u'ship', u'south street', u'vessel']
New York	[56388992, 2459115, 12589342, 2347591, 12761369, 23424977, 56043648]	http://www.flickr.com/photos/16151021@N00/3898861601/		Onboard the sailing vessel Peking, part of the Seaport Museum at the South Street Seaport in New York City.	False	http://farm3.staticflickr.com/2490/3898861601_bee2df92d2.jpg	15	5bb24c48409936f31b332bff15c6f7	jpg	Kevin H.	United States	2009-09-08T05:33:39Z	Attribution-NonCommercial-NoDerivs License	2009-09-05T15:09:37Z	NIKON CORPORATION NIKON D90	76076944	Peking Masts	3898861601	[u'city', u'mast', u'new york', u'nyc', u'peking', u'sailing', u'seaport', u'ship', u'south street', u'vessel']
New York	[56388992, 2459115, 12589342, 2347591, 12761369, 23424977, 56043648]	http://www.flickr.com/photos/16151021@N00/3899644346/		A large sailboat ties up to the pier at the South Street Seaport in New York City.	False	http://farm3.staticflickr.com/2527/3899644346_a23d804a4f.jpg	15	705f38c27e835e61665a2689e855233c	jpg	Kevin H.	United States	2009-09-08T05:34:02Z	Attribution-NonCommercial-NoDerivs License	2009-09-05T15:13:07Z	NIKON CORPORATION NIKON D90	77125360	Sailboat at the Seaport	3899644346	[u'city', u'new york', u'nyc', u'sailboat', u'sailing', u'seaport', u'south street', u'vessel']
New York	[56388992, 2459115, 12589342, 2347591, 12761369, 23424977, 56043648]	http://www.flickr.com/photos/16151021@N00/3899645268/		The South Street Seaport on the East River in New York City.	False	http://farm3.staticflickr.com/2427/3899645268_780c53a8ea.jpg	15	d4e15eb7d2a97f144b3cb0f7b3149cb5	jpg	Kevin H.	United States	2009-09-08T05:34:27Z	Attribution-NonCommercial-NoDerivs License	2009-09-05T15:13:41Z	NIKON CORPORATION NIKON D90	22634606	South Street Seaport	3899645268	[u'city', u'new york', u'nyc', u'seaport', u'south street']
New York	[56388992, 2459115, 12589342, 2347591, 12761369, 23424977, 56043648]	http://www.flickr.com/photos/16151021@N00/3898864215/		Onboard the sailing vessel Peking, part of the Seaport Museum at the South Street Seaport in New York City.	False	http://farm4.staticflickr.com/3481/3898864215_93ea0f6ecf.jpg	15	9a815eba6de9909fd406b5fa49244db	jpg	Kevin H.	United States	2009-09-08T05:34:50Z	Attribution-NonCommercial-NoDerivs License	2009-09-05T15:14:46Z	NIKON CORPORATION NIKON D90	71234701	Peking Helm	3898864215	[u'city', u'helm', u'new york', u'nyc', u'peking', u'sailing', u'seaport', u'ship', u'south street', u'vessel', u'wheel']
New York	[56388992, 2459115, 12589342, 2347591, 12761369, 23424977, 56043648]	http://www.flickr.com/photos/16151021@N00/3898865011/		Onboard the sailing vessel Peking, part of the Seaport Museum at the South Street Seaport in New York City.	False	http://farm3.staticflickr.com/2570/3898865011_5ecda9e3df.jpg	15	1a6ddeec420179268381748c1cab22	jpg	Kevin H.	United States	2009-09-08T05:35:11Z	Attribution-NonCommercial-NoDerivs License	2009-09-05T15:15:04Z	NIKON CORPORATION NIKON D90	71752348	Steer a Course for Brooklyn	3898865011	[u'city', u'helm', u'new york', u'nyc', u'peking', u'sailing', u'seaport', u'ship', u'south street', u'vessel', u'wheel']
New York	[56388992, 2459115, 12589342, 2347591, 12761369, 23424977, 56043648]	http://www.flickr.com/photos/16151021@N00/3898865825/		Onboard the sailing vessel Peking, part of the Seaport Museum at the South Street Seaport in New York City.	False	http://farm4.staticflickr.com/3476/3898865825_c162b34331.jpg	15	8352658e7eaa6c1853f0eaae2c969c94	jpg	Kevin H.	United States	2009-09-08T05:35:32Z	Attribution-NonCommercial-NoDerivs License	2009-09-05T15:16:58Z	NIKON CORPORATION NIKON D90	80246429	Peking Compass	3898865825	[u'binnacle', u'city', u'compass', u'equipment', u'navigation', u'new york', u'nyc', u'peking', u'sailing', u'seaport', u'ship', u'south street', u'vessel']
New York	[56388992, 2459115, 12589342, 2347591, 12761369, 23424977, 56043648]	http://www.flickr.com/photos/16151021@N00/3898866699/		Onboard the sailing vessel Peking, part of the Seaport Museum at the South Street Seaport in New York City.	False	http://farm4.staticflickr.com/3441/3898866699_ca5eb4bcae.jpg	15	518d6e6856e4a0d2d59eab1a595c4	jpg	Kevin H.	United States	2009-09-08T05:35:54Z	Attribution-NonCommercial-NoDerivs License	2009-09-05T15:17:44Z	NIKON CORPORATION NIKON D90	82362650	Peking Binnacle	3898866699	[u'binnacle', u'city', u'compass', u'equipment', u'navigation', u'new york', u'nyc', u'peking', u'sailing', u'seaport', u'ship', u'south street', u'vessel']
New York	[56388992, 2459115, 12589342, 2347591, 12761369, 23424977, 56043648]	http://www.flickr.com/photos/16151021@N00/3898867675/		Onboard the sailing vessel Peking, part of the Seaport Museum at the South Street Seaport in New York City.	False	http://farm3.staticflickr.com/2529/3898867675_9c5310a5d8.jpg	15	d4ee36d7e1d88ae91626f981d67b7	jpg	Kevin H.	United States	2009-09-08T05:36:19Z	Attribution-NonCommercial-NoDerivs License	2009-09-05T15:18:02Z	NIKON CORPORATION NIKON D90	62461414	Peking Quarterdeck	3898867675	[u'binnacle', u'city', u'new york', u'nyc', u'peking', u'sailing', u'seaport', u'ship', u'south street', u'vessel']
New York	[56388992, 2459115, 12589342, 2347591, 12761369, 23424977, 56043648]	http://www.flickr.com/photos/16151021@N00/3898868631/		A tugboat moored alongside the sailing vessel Peking at the South Street Seaport in New York City.	False	http://farm3.staticflickr.com/2444/3898868631_688a9b78bc.jpg	15	21e7f3bfe9121f3d594de0787fea35b0	jpg	Kevin H.	United States	2009-09-08T05:36:42Z	Attribution-NonCommercial-NoDerivs License	2009-09-05T15:19:19Z	NIKON CORPORATION NIKON D90	65468884	Seaport Tug	3898868631	[u'city', u'new york', u'nyc', u'seaport', u'south street', u'tug', u'tugboat']
New York	[56388992, 2459115, 12589342, 2347591, 12761369, 23424977, 56043648]	http://www.flickr.com/photos/16151021@N00/3898869557/		The downtown New York City skyline as viewed from the deck of the sailing vessel Peking, part of the Seaport Museum at the South Street Seaport in New York City.	False	http://farm3.staticflickr.com/2426/3898869557_5dd1746073.jpg	15	abfddac62327e6aefb8c33acafc4f4f	jpg	Kevin H.	United States	2009-09-08T05:37:03Z	Attribution-NonCommercial-NoDerivs License	2009-09-05T15:19:47Z	NIKON CORPORATION NIKON D90	79929121	Stretched to the Sky	3898869557	[u'buildings', u'city', u'mast', u'new york', u'nyc', u'peking', u'sailing', u'seaport', u'ship', u'skyline', u'south street', u'vessel']
New York	[56388992, 2459115, 12589342, 2347591, 12761369, 23424977, 56043648]	http://www.flickr.com/photos/16151021@N00/3898870337/		Onboard the sailing vessel Peking, part of the Seaport Museum at the South Street Seaport in New York City.	False	http://farm4.staticflickr.com/3469/3898870337_1f540072da.jpg	15	c4d5186284b7b759afde22bd2830a947	jpg	Kevin H.	United States	2009-09-08T05:37:23Z	Attribution-NonCommercial-NoDerivs License	2009-09-05T15:20:15Z	NIKON CORPORATION NIKON D90	69760108	Welcome Aboard Seaport Museum	3898870337	[u'city', u'new york', u'nyc', u'peking', u'sailing', u'seaport', u'ship', u'south street', u'vessel']
New York	[56388992, 2459115, 12589342, 2347591, 12761369, 23424977, 56043648]	http://www.flickr.com/photos/16151021@N00/3898870731/		Onboard the sailing vessel Peking, part of the Seaport Museum at the South Street Seaport in New York City.	False	http://farm4.staticflickr.com/3438/3898870731_ae12539a01.jpg	15	357fff0b6634f153b71c14c13158b5	jpg	Kevin H.	United States	2009-09-08T05:37:32Z	Attribution-NonCommercial-NoDerivs License	2009-09-05T15:23:18Z	NIKON CORPORATION NIKON D90	81505591	Peking Porthole	3898870731	[u'city', u'new york', u'nyc', u'peking', u'porthole', u'sailing', u'seaport', u'ship', u'south street', u'vessel']
New York	[56388992, 2459115, 12589342, 2347591, 12761369, 23424977, 56043648]	http://www.flickr.com/photos/16151021@N00/3898871659/		Onboard the sailing vessel Peking, part of the Seaport Museum at the South Street Seaport in New York City.	False	http://farm3.staticflickr.com/2656/3898871659_bfbd75e941.jpg	15	36401d4ee0dc3060c9595fb9f8acf	jpg	Kevin H.	United States	2009-09-08T05:37:54Z	Attribution-NonCommercial-NoDerivs License	2009-09-05T15:24:10Z	NIKON CORPORATION NIKON D90	74033760	Peking Officer's Quarters	3898871659	[u'city', u'new york', u'nyc', u'peking', u'sailing', u'seaport', u'ship', u'south street', u'vessel']
New York	[56388992, 2459115, 12589342, 2347591, 12761369, 23424977, 56043648]	http://www.flickr.com/photos/16151021@N00/3898872589/		Onboard the sailing vessel Peking, part of the Seaport Museum at the South Street Seaport in New York City.	False	http://farm3.staticflickr.com/2216/3898872589_b40c7ca35c.jpg	15	b8fd4b4b87cc4b1ab54e49f5bdf6fbc	jpg	Kevin H.	United States	2009-09-08T05:38:17Z	Attribution-NonCommercial-NoDerivs License	2009-09-05T15:24:56Z	NIKON CORPORATION NIKON D90	66745763	Peking Wardroom	3898872589	[u'city', u'new york', u'nyc', u'peking', u'sailing', u'seaport', u'ship', u'south street', u'vessel']
New York	[56388992, 2459115, 12589342, 2347591, 12761369, 23424977, 56043648]	http://www.flickr.com/photos/16151021@N00/3899655586/		Onboard the sailing vessel Peking, part of the Seaport Museum at the South Street Seaport in New York City.	False	http://farm3.staticflickr.com/2557/3899655586_c88178eceb.jpg	15	c03c1a4ef28a71d6fe8f3d96e361d149	jpg	Kevin H.	United States	2009-09-08T05:38:41Z	Attribution-NonCommercial-NoDerivs License	2009-09-05T15:25:40Z	NIKON CORPORATION NIKON D90	72116517	Peking Weatherdecks	3899655586	[u'city', u'new york', u'nyc', u'peking', u'sailing', u'seaport', u'ship', u'south street', u'vessel']
New York	[56388992, 2459115, 12589342, 2347591, 12761369, 23424977, 56043648]	http://www.flickr.com/photos/16151021@N00/3898874139/		Onboard the sailing vessel Peking, part of the Seaport Museum at the South Street Seaport in New York City.	False	http://farm3.staticflickr.com/2538/3898874139_f642ef172e.jpg	15	3141bc1cd463bb813676e68ae9e34b61	jpg	Kevin H.	United States	2009-09-08T05:39:00Z	Attribution-NonCommercial-NoDerivs License	2009-09-05T15:26:10Z	NIKON CORPORATION NIKON D90	71238571	Ratline to the Clouds	3898874139	[u'city', u'new york', u'nyc', u'peking', u'ratline', u'sailing', u'seaport', u'ship', u'south street', u'vessel']
New York	[56388992, 2459115, 12589342, 2347591, 12761369, 23424977, 56043648]	http://www.flickr.com/photos/16151021@N00/3898875073/		Onboard the sailing vessel Peking, part of the Seaport Museum at the South Street Seaport in New York City.	False	http://farm3.staticflickr.com/2648/3898875073_feeb80bd38.jpg	15	368cadd9dda1b993fe29a9e22fabc53	jpg	Kevin H.	United States	2009-09-08T05:39:25Z	Attribution-NonCommercial-NoDerivs License	2009-09-05T15:26:33Z	NIKON CORPORATION NIKON D90	66793810	Peking Superstructure	3898875073	[u'city', u'new york', u'nyc', u'peking', u'sailing', u'seaport', u'ship', u'south street', u'vessel']
New York	[56388992, 2459115, 12589342, 2347591, 12761369, 23424977, 56043648]	http://www.flickr.com/photos/16151021@N00/3898875917/		The metal-hulled sailing vessel Peking, part of the Seaport Museum at the South Street Seaport in New York City.	False	http://farm4.staticflickr.com/3478/3898875917_a1456ecac4.jpg	15	60922e5cc2a5f78a2f7c78ad432e9d1b	jpg	Kevin H.	United States	2009-09-08T05:39:49Z	Attribution-NonCommercial-NoDerivs License	2009-09-05T15:27:04Z	NIKON CORPORATION NIKON D90	95883644	Peking, Starboard Side	3898875917	[u'city', u'new york', u'nyc', u'peking', u'sailing', u'seaport', u'ship', u'south street', u'vessel']
New York	[56388992, 2459115, 12589342, 2347591, 12761369, 23424977, 56043648]	http://www.flickr.com/photos/16151021@N00/3898876729/		The light vessel Ambrose, part of the Seaport Museum at the South Street Seaport in New York City.	False	http://farm3.staticflickr.com/2595/3898876729_1b5919a35e.jpg	15	1c3970ab75ee31acfc26e8caada4a54d	jpg	Kevin H.	United States	2009-09-08T05:40:12Z	Attribution-NonCommercial-NoDerivs License	2009-09-05T15:28:02Z	NIKON CORPORATION NIKON D90	94654692	Pier 17/Rose	3898876729	[u'ambrose', u'city', u'light', u'museum', u'new york', u'nyc', u'seaport', u'ship', u'south street', u'vessel']
New York	[56388992, 2459115, 12589342, 2347591, 12761369, 23424977, 56043648]	http://www.flickr.com/photos/16151021@N00/3899659566/		View of the East River and on toward Brooklyn from the South Street Seaport in New York City.	False	http://farm3.staticflickr.com/2514/3899659566_8807ff86d5.jpg	15	7dcad596a7b62b6f965505737e5369a	jpg	Kevin H.	United States	2009-09-08T05:40:24Z	Attribution-NonCommercial-NoDerivs License	2009-09-05T15:29:33Z	NIKON CORPORATION NIKON D90	74985176	Sailing the East River	3899659566	[u'brooklyn', u'city', u'east river', u'new york', u'nyc', u'sailboat', u'sailing', u'seaport', u'skyline', u'south street', u'vessel']
New York	[56388992, 2459115, 12589342, 2347591, 12761369, 23424977, 56043648]	http://www.flickr.com/photos/16151021@N00/3899660434/		A water taxi pulls up to Pier 17 at the South Street Seaport in New York City.	False	http://farm3.staticflickr.com/2670/3899660434_b852c6eeb4.jpg	15	17516d4099ba5bc8f75bd47563657eeb	jpg	Kevin H.	United States	2009-09-08T05:40:46Z	Attribution-NonCommercial-NoDerivs License	2009-09-05T15:32:01Z	NIKON CORPORATION NIKON D90	12616329	NY Water Taxi	3899660434	[u'boat', u'city', u'new york', u'nyc', u'seaport', u'south street', u'taxi', u'water']
New York	[56388992, 2459115, 12589342, 2347591, 12761369, 23424977, 56043648]	http://www.flickr.com/photos/16151021@N00/3898878443/		Caught the 9:30 train up to New York today, checked into my hotel, swung by TKTS to get a discount seat for "The 39 Steps," and then headed over to the South Street Seaport to tour some old ships, check out the Seaport Museum, and wander along the riverbank for a while.    Then it was back to the hotel to change and off to dinner at Wolfgang's Steakhouse.  I hadn't been out for steak in a while so I figured I'd go get a good one while I was in New York and I did.  I ordered the filet mignon and it was several inches thick and as soft as butter.  Damn, it was good.  After dinner, it was time for the show.  "The 39 Steps" is a comic adaptation of the old Hitchcock movie about spies and murder.  The cast of four plays dozens of parts in a hammy, over-the-top style and there are lots of quick costume changes.  It's even got shadow puppets.  It's a funny, imaginative play.  When the play ended, I stopped by the Junior's in Time Square for my post-theatre cheesecake and coffee and then headed back to my hotel to listen to an episode of the old Damon Runyon Theater radio program on my iPod before falling into bed.  Thus went <a href="http://www.flickr.com/photos/kevharb/sets/72157622299685082/">the first day</a> of my weekend getaway.  (September 5, 2009)	False	http://farm3.staticflickr.com/2509/3898878443_0760086813.jpg	15	1238487dc480ab894f5b3ecebf3b33f	jpg	Kevin H.	United States	2009-09-08T05:40:56Z	Attribution-NonCommercial-NoDerivs License	2009-09-05T15:32:08Z	NIKON CORPORATION NIKON D90	62182975	Day 332/365 - I Cover the Waterfront	3898878443	[u'17', u'365', u'city', u'east', u'new york', u'nyc', u'pier', u'project365', u'river', u'seaport', u'september 5', u' 2009', u'south street', u'water taxi']
New York	[56388992, 2459115, 12589342, 2347591, 12761369, 23424977, 56043648]	http://www.flickr.com/photos/16151021@N00/3898879363/		The sailing vessel Lettie G. Howard, part of the Seaport Museum at the South Street Seaport in New York City.	False	http://farm4.staticflickr.com/3448/3898879363_e247ddf152.jpg	15	78daccfa427a36f386a75b81ffc	jpg	Kevin H.	United States	2009-09-08T05:41:21Z	Attribution-NonCommercial-NoDerivs License	2009-09-05T15:32:52Z	NIKON CORPORATION NIKON D90	85489824	Lettie G. Howard	3898879363	[u'city', u'lettie g. howard', u'museum', u'new york', u'nyc', u'sailboat', u'sailing', u'seaport', u'south street', u'vessel', u'yacht']
New York	[56388992, 2459115, 12589342, 2347591, 12761369, 23424977, 56043648]	http://www.flickr.com/photos/16151021@N00/3899662570/		The radio room of the light vessel Ambrose, part of the Seaport Museum at the South Street Seaport in New York City.	False	http://farm3.staticflickr.com/2508/3899662570_75815bf5b8.jpg	15	93d2fac56c838d56dfaba7cebde699e3	jpg	Kevin H.	United States	2009-09-08T05:41:43Z	Attribution-NonCommercial-NoDerivs License	2009-09-05T15:33:15Z	NIKON CORPORATION NIKON D90	27597710	Ambrose Radio Room	3899662570	[u'ambrose', u'city', u'equipment', u'light', u'museum', u'new york', u'nyc', u'radio', u'room', u'seaport', u'ship', u'south street', u'vessel']
New York	[56388992, 2459115, 12589342, 2347591, 12761369, 23424977, 56043648]	http://www.flickr.com/photos/16151021@N00/3898880893/		Sign illustrating the courses transatlantic ships would follow onboard the light vessel Ambrose, part of the Seaport Museum at the South Street Seaport in New York City.	False	http://farm4.staticflickr.com/3481/3898880893_047ee0ae56.jpg	15	8aaaea909a345add8559af8f88a7cb83	jpg	Kevin H.	United States	2009-09-08T05:42:00Z	Attribution-NonCommercial-NoDerivs License	2009-09-05T15:34:08Z	NIKON CORPORATION NIKON D90	96313550	North Atlantic Race Track	3898880893	[u'ambrose', u'city', u'light', u'museum', u'new york', u'nyc', u'seaport', u'ship', u'south street', u'vessel']
New York	[56388992, 2459115, 12589342, 2347591, 12761369, 23424977, 56043648]	http://www.flickr.com/photos/16151021@N00/3899663900/		Onboard the light vessel Ambrose, part of the Seaport Museum at the South Street Seaport in New York City.	False	http://farm3.staticflickr.com/2461/3899663900_6a81bf33fc.jpg	15	b9e267e586212706c93a52855827274	jpg	Kevin H.	United States	2009-09-08T05:42:20Z	Attribution-NonCommercial-NoDerivs License	2009-09-05T15:34:26Z	NIKON CORPORATION NIKON D90	86454922	Ambrose Porthole	3899663900	[u'ambrose', u'city', u'light', u'museum', u'new york', u'nyc', u'porthole', u'seaport', u'ship', u'south street', u'vessel']
New York	[56388992, 2459115, 12589342, 2347591, 12761369, 23424977, 56043648]	http://www.flickr.com/photos/16151021@N00/3898882667/		Onboard the light vessel Ambrose, part of the Seaport Museum at the South Street Seaport in New York City.	False	http://farm3.staticflickr.com/2470/3898882667_f9982b7156.jpg	15	2491c0573afd2250ab2d6c5432dce13c	jpg	Kevin H.	United States	2009-09-08T05:42:44Z	Attribution-NonCommercial-NoDerivs License	2009-09-05T15:35:57Z	NIKON CORPORATION NIKON D90	84551051	Ambrose Engine Room	3898882667	[u'ambrose', u'city', u'light', u'museum', u'new york', u'nyc', u'seaport', u'ship', u'south street', u'vessel']
New York	[56388992, 2459115, 12589342, 2347591, 12761369, 23424977, 56043648]	http://www.flickr.com/photos/16151021@N00/3899665486/		Onboard the light vessel Ambrose, part of the Seaport Museum at the South Street Seaport in New York City.	False	http://farm3.staticflickr.com/2525/3899665486_d3c137bd49.jpg	15	1ebd649143cbfb537e681a11c1a68d90	jpg	Kevin H.	United States	2009-09-08T05:43:05Z	Attribution-NonCommercial-NoDerivs License	2009-09-05T15:36:17Z	NIKON CORPORATION NIKON D90	96239742	Ambrose Oven	3899665486	[u'ambrose', u'city', u'galley', u'kitchen', u'light', u'museum', u'new york', u'nyc', u'oven', u'seaport', u'ship', u'south street', u'stove', u'vessel']
New York	[56388992, 2459115, 12589342, 2347591, 12761369, 23424977, 56043648]	http://www.flickr.com/photos/16151021@N00/3899666380/		Onboard the light vessel Ambrose, part of the Seaport Museum at the South Street Seaport in New York City.	False	http://farm3.staticflickr.com/2625/3899666380_aa591e3552.jpg	15	7bc397476a389394b67ebc3a5352bc8	jpg	Kevin H.	United States	2009-09-08T05:43:28Z	Attribution-NonCommercial-NoDerivs License	2009-09-05T15:36:42Z	NIKON CORPORATION NIKON D90	68725148	Ambrose Galley	3899666380	[u'ambrose', u'city', u'galley', u'kitchen', u'light', u'museum', u'new york', u'nyc', u'seaport', u'ship', u'south street', u'vessel']
New York	[56388992, 2459115, 12589342, 2347591, 12761369, 23424977, 56043648]	http://www.flickr.com/photos/16151021@N00/3898885313/		Onboard the light vessel Ambrose, part of the Seaport Museum at the South Street Seaport in New York City.	False	http://farm3.staticflickr.com/2620/3898885313_f6693468de.jpg	15	dc85dbfdf6e4429e227f258430b7bdb8	jpg	Kevin H.	United States	2009-09-08T05:43:54Z	Attribution-NonCommercial-NoDerivs License	2009-09-05T15:37:04Z	NIKON CORPORATION NIKON D90	6083049	Ambrose Anchor Windlass	3898885313	[u'ambrose', u'city', u'light', u'museum', u'new york', u'nyc', u'seaport', u'ship', u'south street', u'vessel', u'windlass']
New York	[56388992, 2459115, 12589342, 2347591, 12761369, 23424977, 56043648]	http://www.flickr.com/photos/16151021@N00/3899668126/		Onboard the light vessel Ambrose, part of the Seaport Museum at the South Street Seaport in New York City.	False	http://farm3.staticflickr.com/2665/3899668126_25693d3a0d.jpg	15	f09dbd2633e9b52bda8c91bca779f4	jpg	Kevin H.	United States	2009-09-08T05:44:16Z	Attribution-NonCommercial-NoDerivs License	2009-09-05T15:38:00Z	NIKON CORPORATION NIKON D90	90146106	Porthole and Pipes	3899668126	[u'ambrose', u'city', u'light', u'museum', u'new york', u'nyc', u'seaport', u'ship', u'south street', u'vessel']
New York	[56388992, 2459115, 12589342, 2347591, 12761369, 23424977, 56043648]	http://www.flickr.com/photos/16151021@N00/3899668848/		Onboard the light vessel Ambrose, part of the Seaport Museum at the South Street Seaport in New York City.	False	http://farm3.staticflickr.com/2616/3899668848_efd11911ed.jpg	15	9bddd3b0a9335d886e5126a9cdfe7348	jpg	Kevin H.	United States	2009-09-08T05:44:34Z	Attribution-NonCommercial-NoDerivs License	2009-09-05T15:39:33Z	NIKON CORPORATION NIKON D90	78649140	Ambrose Helm	3899668848	[u'ambrose', u'city', u'helm', u'light', u'museum', u'new york', u'nyc', u'seaport', u'ship', u'south street', u'vessel', u'wheel']
New York	[56388992, 2459115, 12589342, 2347591, 12761369, 23424977, 56043648]	http://www.flickr.com/photos/16151021@N00/3899669432/		Onboard the light vessel Ambrose, part of the Seaport Museum at the South Street Seaport in New York City.	False	http://farm3.staticflickr.com/2616/3899669432_3ed23c5970.jpg	15	d8cb5dedb72db6c65269a23c51b3d42	jpg	Kevin H.	United States	2009-09-08T05:44:49Z	Attribution-NonCommercial-NoDerivs License	2009-09-05T15:40:09Z	NIKON CORPORATION NIKON D90	67667137	Old Radar Equipment	3899669432	[u'ambrose', u'city', u'light', u'museum', u'new york', u'nyc', u'radar', u'seaport', u'ship', u'south street', u'vessel']
New York	[56388992, 2459115, 12589342, 2347591, 12761369, 23424977, 56043648]	http://www.flickr.com/photos/16151021@N00/3899670152/		Onboard the light vessel Ambrose, part of the Seaport Museum at the South Street Seaport in New York City.	False	http://farm4.staticflickr.com/3471/3899670152_f8c6195e87.jpg	15	8d4cbe3e41603099cb831e4cd23320	jpg	Kevin H.	United States	2009-09-08T05:45:08Z	Attribution-NonCommercial-NoDerivs License	2009-09-05T15:40:19Z	NIKON CORPORATION NIKON D90	16141627	Old Radio Equipment	3899670152	[u'ambrose', u'city', u'light', u'museum', u'new york', u'nyc', u'radio', u'seaport', u'ship', u'south street', u'vessel']
New York	[56388992, 2459115, 12589342, 2347591, 12761369, 23424977, 56043648]	http://www.flickr.com/photos/16151021@N00/3898889125/		Helm of the light vessel Ambrose, now moored in New York City as part of the Seaport Museum.	False	http://farm3.staticflickr.com/2509/3898889125_d5248163b6.jpg	15	78c32e9b1cd5a224ed15d3f0face27c	jpg	Kevin H.	United States	2009-09-08T05:45:33Z	Attribution-NonCommercial-NoDerivs License	2009-09-05T15:40:50Z	NIKON CORPORATION NIKON D90	84889181	Set a Course for Adventure	3898889125	[u'ambrose', u'city', u'helm', u'light', u'mariner', u'museum', u'nautical', u'new york', u'nyc', u'seafarer', u'seaport', u'ship', u'south street', u'vessel', u'wheel']
New York	[56388992, 2459115, 12589342, 2347591, 12761369, 23424977, 56043648]	http://www.flickr.com/photos/16151021@N00/3899671876/		Onboard the light vessel Ambrose, part of the Seaport Museum at the South Street Seaport in New York City.	False	http://farm3.staticflickr.com/2655/3899671876_9c61c361be.jpg	15	f3fbd06ad1a9e2a275aa124395442626	jpg	Kevin H.	United States	2009-09-08T05:45:53Z	Attribution-NonCommercial-NoDerivs License	2009-09-05T15:41:25Z	NIKON CORPORATION NIKON D90	88498096	Ambrose Binnacle	3899671876	[u'ambrose', u'binnacle', u'city', u'equipment', u'light', u'museum', u'navigation', u'new york', u'nyc', u'seaport', u'ship', u'south street', u'vessel']
New York	[56388992, 2459115, 12589342, 2347591, 12761369, 23424977, 56043648]	http://www.flickr.com/photos/16151021@N00/3898890713/		Onboard the light vessel Ambrose, part of the Seaport Museum at the South Street Seaport in New York City.	False	http://farm4.staticflickr.com/3575/3898890713_3653f1f44d.jpg	15	34b69e56c17bc3c33bda7077528b22ce	jpg	Kevin H.	United States	2009-09-08T05:46:14Z	Attribution-NonCommercial-NoDerivs License	2009-09-05T15:42:05Z	NIKON CORPORATION NIKON D90	37497102	Ambrose Bell	3898890713	[u'ambrose', u'bell', u'city', u'light', u'museum', u'new york', u'nyc', u'seaport', u'ship', u'south street', u'vessel']
New York	[56388992, 2459115, 12589342, 2347591, 12761369, 23424977, 56043648]	http://www.flickr.com/photos/16151021@N00/3899673348/		Onboard the light vessel Ambrose, part of the Seaport Museum at the South Street Seaport in New York City.	False	http://farm3.staticflickr.com/2668/3899673348_66157d1106.jpg	15	72d5fb17dd4788f8acf2ad905d3ebbf	jpg	Kevin H.	United States	2009-09-08T05:46:36Z	Attribution-NonCommercial-NoDerivs License	2009-09-05T15:42:23Z	NIKON CORPORATION NIKON D90	78406798	Ambrose Capstan	3899673348	[u'ambrose', u'capstan', u'city', u'light', u'museum', u'new york', u'nyc', u'seaport', u'ship', u'south street', u'vessel']
New York	[56388991, 2459115, 12589342, 2347591, 12761337, 23424977, 56043648]	http://www.flickr.com/photos/16151021@N00/3899674574/		A gaggle of tourists at the South Street Seaport in New York City.	False	http://farm3.staticflickr.com/2595/3899674574_6020358f3b.jpg	15	ef35ed7dd085d7a769f924a425693f41	jpg	Kevin H.	United States	2009-09-08T05:47:14Z	Attribution-NonCommercial-NoDerivs License	2009-09-05T15:44:20Z	NIKON CORPORATION NIKON D90	97985859	Seaport Crowd	3899674574	[u'bus', u'city', u'gothamist', u'new york', u'nyc', u'seaport', u'south street', u'tourists']
New York	[56388992, 2459115, 12589342, 2347591, 12761369, 23424977, 56043648]	http://www.flickr.com/photos/16151021@N00/3899675256/		The metal-hulled sailing vessel Peking, part of the Seaport Museum at the South Street Seaport in New York City.	False	http://farm4.staticflickr.com/3554/3899675256_c1df1f9393.jpg	15	473972e7b42567b2ef9ebd4ea33e5a	jpg	Kevin H.	United States	2009-09-08T05:47:32Z	Attribution-NonCommercial-NoDerivs License	2009-09-05T15:45:25Z	NIKON CORPORATION NIKON D90	96276687	The Peking	3899675256	[u'city', u'new york', u'nyc', u'peking', u'sailing', u'seaport', u'ship', u'south street', u'vessel']
New York	[56388992, 2459115, 12589342, 2347591, 12761369, 23424977, 56043648]	http://www.flickr.com/photos/16151021@N00/3898894357/		The metal-hulled sailing vessel Peking, part of the Seaport Museum at the South Street Seaport in New York City.	False	http://farm3.staticflickr.com/2492/3898894357_f78c2a18cd.jpg	15	299b514e6884de5ddd314bce57c2493	jpg	Kevin H.	United States	2009-09-08T05:47:53Z	Attribution-NonCommercial-NoDerivs License	2009-09-05T15:45:59Z	NIKON CORPORATION NIKON D90	81440005	Sleek Hull	3898894357	[u'city', u'new york', u'nyc', u'peking', u'sailing', u'seaport', u'ship', u'south street', u'vessel']
New York	[2442628, 2459115, 12589342, 2347591, 12761369, 23424977, 56043648]	http://www.flickr.com/photos/16151021@N00/3898895177/		Clock on the side of a building in New York City.  At first I thought it had to do with the lottery or something like that, until some little girl who was far smarter than I pointed out to her parents that it was a clock.	False	http://farm3.staticflickr.com/2671/3898895177_e378078941.jpg	15	da7316ecae63632eb28717bfb88cc	jpg	Kevin H.	United States	2009-09-08T05:48:15Z	Attribution-NonCommercial-NoDerivs License	2009-09-05T15:49:39Z	NIKON CORPORATION NIKON D90	86411626	3:49 p.m. and 15 seconds	3898895177	[u'building', u'city', u'clock', u'new york', u'nyc']
New York	[23679250, 55864586, 2459115, 12589342, 2347591, 12761369, 23424977, 56043648]	http://www.flickr.com/photos/16151021@N00/3899677640/		Model ship gallery showcasing past and present passenger liners inside the Seaport Museum in New York City.	False	http://farm3.staticflickr.com/2534/3899677640_be8b50c878.jpg	15	e887f349da5daac7b31fe37b5853bda4	jpg	Kevin H.	United States	2009-09-08T05:48:35Z	Attribution-NonCommercial-NoDerivs License	2009-09-05T15:56:28Z	NIKON CORPORATION NIKON D90	76204976	Queen Mary Model	3899677640	[u'city', u'model', u'museum', u'new york', u'nyc', u'queen mary', u'seaport', u'ship', u'south street']
New York	[23679250, 55864586, 2459115, 12589342, 2347591, 12761369, 23424977, 56043648]	http://www.flickr.com/photos/16151021@N00/3899678436/		Model ship gallery showcasing past and present passenger liners inside the Seaport Museum in New York City.	False	http://farm3.staticflickr.com/2616/3899678436_1fed15d012.jpg	15	23a499bfee668d4db2e5136ec044a0	jpg	Kevin H.	United States	2009-09-08T05:48:57Z	Attribution-NonCommercial-NoDerivs License	2009-09-05T15:56:54Z	NIKON CORPORATION NIKON D90	6923526	White Star Line Models	3899678436	[u'city', u'line', u'model', u'museum', u'new york', u'nyc', u'seaport', u'ship', u'south street', u'white star']
New York	[23679250, 55864586, 2459115, 12589342, 2347591, 12761369, 23424977, 56043648]	http://www.flickr.com/photos/16151021@N00/3899679284/		Model ship gallery showcasing past and present passenger liners inside the Seaport Museum in New York City.	False	http://farm4.staticflickr.com/3459/3899679284_eca556d724.jpg	15	383eb23d2f8959e1656c3652649c63c9	jpg	Kevin H.	United States	2009-09-08T05:49:21Z	Attribution-NonCommercial-NoDerivs License	2009-09-05T15:57:07Z	NIKON CORPORATION NIKON D90	73421224	Cunard Line Models	3899679284	[u'city', u'cunard', u'line', u'model', u'museum', u'new york', u'nyc', u'seaport', u'ship', u'south street']
New York	[23679250, 55864586, 2459115, 12589342, 2347591, 12761369, 23424977, 56043648]	http://www.flickr.com/photos/16151021@N00/3898898301/		Model ship gallery showcasing past and present passenger liners inside the Seaport Museum in New York City.	False	http://farm4.staticflickr.com/3474/3898898301_d4ff3a3e45.jpg	15	fbcf132619fa8c84e99d535373fac241	jpg	Kevin H.	United States	2009-09-08T05:49:47Z	Attribution-NonCommercial-NoDerivs License	2009-09-05T15:57:19Z	NIKON CORPORATION NIKON D90	83194715	Titanic Memorabilia	3898898301	[u'city', u'line', u'model', u'museum', u'new york', u'nyc', u'seaport', u'ship', u'south street', u'titanic', u'white star']
New York	[23679250, 55864586, 2459115, 12589342, 2347591, 12761369, 23424977, 56043648]	http://www.flickr.com/photos/16151021@N00/3899681166/		Model ship gallery showcasing past and present passenger liners inside the Seaport Museum in New York City.	False	http://farm3.staticflickr.com/2549/3899681166_819bdd2bf7.jpg	15	d4a94ffe64122e594199bab951799be	jpg	Kevin H.	United States	2009-09-08T05:50:15Z	Attribution-NonCommercial-NoDerivs License	2009-09-05T15:57:52Z	NIKON CORPORATION NIKON D90	89956431	Hamburg-America Line Models	3899681166	[u'america', u'amerika', u'city', u'hamburg', u'line', u'model', u'museum', u'new york', u'nyc', u'seaport', u'ship', u'south street']
New York	[23679250, 55864586, 2459115, 12589342, 2347591, 12761369, 23424977, 56043648]	http://www.flickr.com/photos/16151021@N00/3898900177/		Model ship gallery showcasing past and present passenger liners inside the Seaport Museum in New York City.	False	http://farm4.staticflickr.com/3564/3898900177_41df8ea411.jpg	15	4762f210160f0911e95d53641f9102f	jpg	Kevin H.	United States	2009-09-08T05:50:44Z	Attribution-NonCommercial-NoDerivs License	2009-09-05T15:58:19Z	NIKON CORPORATION NIKON D90	97410811	Enjoy Your Trip... Go by Ship!	3898900177	[u'city', u'model', u'museum', u'new york', u'nyc', u'seaport', u'ship', u'south street']
New York	[23679250, 55864586, 2459115, 12589342, 2347591, 12761369, 23424977, 56043648]	http://www.flickr.com/photos/16151021@N00/3899682884/		Model ship gallery showcasing past and present passenger liners inside the Seaport Museum in New York City.	False	http://farm3.staticflickr.com/2448/3899682884_863978a2ed.jpg	15	812f83c72b16ae6f202d336139c75714	jpg	Kevin H.	United States	2009-09-08T05:51:05Z	Attribution-NonCommercial-NoDerivs License	2009-09-05T15:58:37Z	NIKON CORPORATION NIKON D90	81778481	Holland-America Line Model	3899682884	[u'city', u'holland-america', u'line', u'model', u'museum', u'new york', u'nyc', u'seaport', u'ship', u'south street']
New York	[23679250, 55864586, 2459115, 12589342, 2347591, 12761369, 23424977, 56043648]	http://www.flickr.com/photos/16151021@N00/3899683824/		Model ship gallery showcasing past and present passenger liners inside the Seaport Museum in New York City.	False	http://farm4.staticflickr.com/3438/3899683824_019dfacfb1.jpg	15	a12eff358390392cd5a4fd2583fd441	jpg	Kevin H.	United States	2009-09-08T05:51:33Z	Attribution-NonCommercial-NoDerivs License	2009-09-05T15:58:58Z	NIKON CORPORATION NIKON D90	83146592	United States Lines Models	3899683824	[u'city', u'line', u'model', u'museum', u'new york', u'nyc', u'seaport', u'ship', u'south street', u'united states']
New York	[23679250, 55864586, 2459115, 12589342, 2347591, 12761369, 23424977, 56043648]	http://www.flickr.com/photos/16151021@N00/3898902889/		Model ship gallery showcasing past and present passenger liners inside the Seaport Museum in New York City.	False	http://farm3.staticflickr.com/2459/3898902889_95a6f57b9a.jpg	15	91c8155ad942a9e0985276de0d0	jpg	Kevin H.	United States	2009-09-08T05:52:02Z	Attribution-NonCommercial-NoDerivs License	2009-09-05T15:59:22Z	NIKON CORPORATION NIKON D90	67969934	Rex and Normandie Models	3898902889	[u'city', u'model', u'museum', u'new york', u'nyc', u'seaport', u'ship', u'south street']
New York	[23617731, 55864586, 2459115, 12589342, 2347591, 12761369, 23424977, 56043648]	http://www.flickr.com/photos/16151021@N00/3899686010/		Interesting graffiti stenciled on a wall in the South Street Seaport section of New York City.	False	http://farm3.staticflickr.com/2658/3899686010_4c50819330.jpg	16	d17fa55e301be75bc9ca86bd5e121b	jpg	Kevin H.	United States	2009-09-08T05:52:36Z	Attribution-NonCommercial-NoDerivs License	2009-09-05T16:01:44Z	NIKON CORPORATION NIKON D90	88150576	Spam Spam Spam	3899686010	[u'city', u'new york', u'nyc', u'spam']
New York	[23617731, 55864586, 2459115, 12589342, 2347591, 12761369, 23424977, 56043648]	http://www.flickr.com/photos/16151021@N00/3898905355/		Stenciled on the sidewalk in the South Street Seaport section of New York City.	False	http://farm3.staticflickr.com/2478/3898905355_fa7efe9162.jpg	16	5b6f5e9341b9a402ed037f12df73cad	jpg	Kevin H.	United States	2009-09-08T05:53:11Z	Attribution-NonCommercial-NoDerivs License	2009-09-05T16:02:00Z	NIKON CORPORATION NIKON D90	29537174	Curb Your Dog	3898905355	[u'city', u'curb your dog', u'new york', u'nyc', u'sign']
New York	[23679250, 55864586, 2459115, 12589342, 2347591, 12761369, 23424977, 56043648]	http://www.flickr.com/photos/16151021@N00/3899687776/		Sign advertising a seafood restaurant in the South Street Seaport section of New York City.	False	http://farm4.staticflickr.com/3475/3899687776_ccb100869a.jpg	16	9c82ff513485afc91be6da5a1a3e1c8	jpg	Kevin H.	United States	2009-09-08T05:53:27Z	Attribution-NonCommercial-NoDerivs License	2009-09-05T16:06:34Z	NIKON CORPORATION NIKON D90	91339043	Ship's Wheel Sign	3899687776	[u"carmine's italian", u'city', u'helm', u'new york', u'nyc', u'restaurant', u'seafood', u"ship's", u'sign', u'wheel']
New York	[23679250, 55864586, 2459115, 12589342, 2347591, 12761369, 23424977, 56043648]	http://www.flickr.com/photos/16151021@N00/3898906741/		A seafood restaurant in the South Street Seaport section of New York City.	False	http://farm4.staticflickr.com/3510/3898906741_28b82b2444.jpg	16	449a7e0481db86a6a1d5b88924f4e5	jpg	Kevin H.	United States	2009-09-08T05:53:52Z	Attribution-NonCommercial-NoDerivs License	2009-09-05T16:07:19Z	NIKON CORPORATION NIKON D90	74560776	Carmine's Seafood	3898906741	[u"carmine's italian", u'city', u'new york', u'nyc', u'restaurant', u'seafood']
New York	[2442628, 2459115, 12589342, 2347591, 12761369, 23424977, 56043648]	http://www.flickr.com/photos/16151021@N00/3899689584/		Reflection in the window of a building in the South Street Seaport section of New York City.	False	http://farm3.staticflickr.com/2510/3899689584_87a8150c48.jpg	16	41dcebaa43d9520487aec3f26aaa43	jpg	Kevin H.	United States	2009-09-08T05:54:18Z	Attribution-NonCommercial-NoDerivs License	2009-09-05T16:08:23Z	NIKON CORPORATION NIKON D90	76408638	Warped City	3899689584	[u'building', u'city', u'new york', u'nyc', u'reflection', u'window']
New York	[2442628, 2459115, 12589342, 2347591, 12761369, 23424977, 56043648]	http://www.flickr.com/photos/16151021@N00/3899690486/		A quote by Herman Melville engraved on the side of a building in the South Street Seaport section of New York City.	False	http://farm3.staticflickr.com/2483/3899690486_d5751f4945.jpg	16	a85d23db287f1a7f3149dfbab4fec97	jpg	Kevin H.	United States	2009-09-08T05:54:42Z	Attribution-NonCommercial-NoDerivs License	2009-09-05T16:08:43Z	NIKON CORPORATION NIKON D90	16701235	Circumambulate the City	3899690486	[u'circumambulate the city', u'city', u'herman melville', u'new york', u'nyc', u'plaque', u'quote']
New York	[2442628, 2459115, 12589342, 2347591, 12761369, 23424977, 56043648]	http://www.flickr.com/photos/16151021@N00/3899691426/		A coffee house in the South Street Seaport section of New York City.	False	http://farm3.staticflickr.com/2572/3899691426_e9b43d7e20.jpg	16	ab9d794285bc1cbd840cf7edf59442	jpg	Kevin H.	United States	2009-09-08T05:55:07Z	Attribution-NonCommercial-NoDerivs License	2009-09-05T16:08:50Z	NIKON CORPORATION NIKON D90	57351828	Jack's Coffee	3899691426	[u'city', u'coffee', u'house', u"jack's", u'new york', u'nyc', u'shop']
New York	[2442628, 2459115, 12589342, 2347591, 12761369, 23424977, 56043648]	http://www.flickr.com/photos/16151021@N00/3899692186/		Side of an old building in the South Street Seaport section of New York City.	False	http://farm3.staticflickr.com/2645/3899692186_ce8104f69e.jpg	16	b2aa7717f736c07b86ed5937ee69498b	jpg	Kevin H.	United States	2009-09-08T05:55:28Z	Attribution-NonCommercial-NoDerivs License	2009-09-05T16:09:09Z	NIKON CORPORATION NIKON D90	72184973	Knickerbocker	3899692186	[u'city', u'fire escape', u'new york', u'nyc']
New York	[2442628, 2459115, 12589342, 2347591, 12761369, 23424977, 56043648]	http://www.flickr.com/photos/16151021@N00/3898910883/		Parking area in the South Street Seaport section of New York City.	False	http://farm3.staticflickr.com/2644/3898910883_32ce227c24.jpg	16	9749fc2d7ed28033281317b15b259338	jpg	Kevin H.	United States	2009-09-08T05:55:53Z	Attribution-NonCommercial-NoDerivs License	2009-09-05T16:10:25Z	NIKON CORPORATION NIKON D90	4302398	Tromp L'Oeil	3898910883	[u'brooklyn bridge', u'city', u'new york', u'nyc']
New York	[2442628, 2459115, 12589342, 2347591, 12761369, 23424977, 56043648]	http://www.flickr.com/photos/16151021@N00/3899693658/		A pet store in the South Street Seaport section of New York City.	False	http://farm4.staticflickr.com/3527/3899693658_e225e7b819.jpg	16	289a573275f9c513cb54ff33bce97	jpg	Kevin H.	United States	2009-09-08T05:56:11Z	Attribution-NonCommercial-NoDerivs License	2009-09-05T16:10:49Z	NIKON CORPORATION NIKON D90	60991418	The Salty Paw	3899693658	[u'city', u'dog', u'new york', u'nyc', u'salty paw', u'sign']
New York	[2442628, 2459115, 12589342, 2347591, 12761369, 23424977, 56043648]	http://www.flickr.com/photos/16151021@N00/3899694212/		Window of the Paris Cafe in the South Street Seaport section of New York City.	False	http://farm3.staticflickr.com/2673/3899694212_0c8973781c.jpg	16	3a447f29de4318fc827bdd088ead2	jpg	Kevin H.	United States	2009-09-08T05:56:26Z	Attribution-NonCommercial-NoDerivs License	2009-09-05T16:11:24Z	NIKON CORPORATION NIKON D90	59780082	Paris Cafe est. 1873	3899694212	[u'city', u'new york', u'nyc', u'paris cafe', u'sign', u'window']
New York	[2442628, 2459115, 12589342, 2347591, 12761369, 23424977, 56043648]	http://www.flickr.com/photos/16151021@N00/3898912685/		The old Fulton Fish Market building at the South Street Seaport in New York City.	False	http://farm3.staticflickr.com/2610/3898912685_1881bec20e.jpg	16	4ce9edf64f6910b7a2e1d1ddab5194c5	jpg	Kevin H.	United States	2009-09-08T05:56:40Z	Attribution-NonCommercial-NoDerivs License	2009-09-05T16:12:51Z	NIKON CORPORATION NIKON D90	75749686	Fulton Fish Market	3898912685	[u'city', u'fish market', u'fulton', u'new york', u'nyc']
New York	[2442628, 2459115, 12589342, 2347591, 12761369, 23424977, 56043648]	http://www.flickr.com/photos/16151021@N00/3898913471/		The Brooklyn Bridge, which spans the East River to connect Manhattan with Brooklyn.	False	http://farm3.staticflickr.com/2620/3898913471_60dbd783be.jpg	16	46e7cbd24dab8c708ea3666e953cea6	jpg	Kevin H.	United States	2009-09-08T05:57:02Z	Attribution-NonCommercial-NoDerivs License	2009-09-05T16:13:38Z	NIKON CORPORATION NIKON D90	62954040	East River	3898913471	[u'brooklyn bridge', u'city', u'east river', u'new york', u'nyc']
New York	[2442628, 2459115, 12589342, 2347591, 12761369, 23424977, 56043648]	http://www.flickr.com/photos/16151021@N00/3899696192/		The Brooklyn Bridge, which spans the East River to connect Manhattan with Brooklyn.	False	http://farm3.staticflickr.com/2424/3899696192_17b877b137.jpg	16	764fff2891ac13f16382bfbcec91809f	jpg	Kevin H.	United States	2009-09-08T05:57:26Z	Attribution-NonCommercial-NoDerivs License	2009-09-05T16:32:10Z	NIKON CORPORATION NIKON D90	93351115	Brooklyn and Manhattan Bridges	3899696192	[u'brooklyn bridge', u'city', u'east river', u'new york', u'nyc']
New York	[2442628, 2459115, 12589342, 2347591, 12761369, 23424977, 56043648]	http://www.flickr.com/photos/16151021@N00/3899696980/		The Brooklyn Bridge, which spans the East River to connect Manhattan with Brooklyn.	False	http://farm4.staticflickr.com/3466/3899696980_6034cc1844.jpg	16	2c8fd29b65cd6781ed6b50e9dbbd12d5	jpg	Kevin H.	United States	2009-09-08T05:57:50Z	Attribution-NonCommercial-NoDerivs License	2009-09-05T16:33:27Z	NIKON CORPORATION NIKON D90	75940063	Brooklyn Bridge Webwork	3899696980	[u'brooklyn bridge', u'city', u'east river', u'new york', u'nyc']
New York	[2442628, 2459115, 12589342, 2347591, 12761369, 23424977, 56043648]	http://www.flickr.com/photos/16151021@N00/3898915643/		The Brooklyn Bridge, which spans the East River to connect Manhattan with Brooklyn.	False	http://farm4.staticflickr.com/3529/3898915643_2944df7f55.jpg	16	3b0e8482d91acebcdd6845be2716f41	jpg	Kevin H.	United States	2009-09-08T05:58:02Z	Attribution-NonCommercial-NoDerivs License	2009-09-05T16:33:42Z	NIKON CORPORATION NIKON D90	71312830	Bridge and Brooklyn	3898915643	[u'brooklyn bridge', u'city', u'east river', u'new york', u'nyc']
New York	[2442628, 2459115, 12589342, 2347591, 12761369, 23424977, 56043648]	http://www.flickr.com/photos/16151021@N00/3898916347/		The Brooklyn and Manhattan bridges, which span the East River to connect Manhattan with Brooklyn.	False	http://farm4.staticflickr.com/3495/3898916347_a1ccccdca6.jpg	16	2ef26194c58320e4ad32dbf466ad7e	jpg	Kevin H.	United States	2009-09-08T05:58:24Z	Attribution-NonCommercial-NoDerivs License	2009-09-05T16:33:52Z	NIKON CORPORATION NIKON D90	96035849	Double Bridges	3898916347	[u'brooklyn bridge', u'city', u'east river', u'new york', u'nyc']
New York	[2442628, 2459115, 12589342, 2347591, 12761369, 23424977, 56043648]	http://www.flickr.com/photos/16151021@N00/3898917065/		The Brooklyn Bridge, which spans the East River to connect Manhattan with Brooklyn.	False	http://farm4.staticflickr.com/3514/3898917065_f3cb925345.jpg	16	ed55bc96c25a31479c9158326bc2a6	jpg	Kevin H.	United States	2009-09-08T05:58:46Z	Attribution-NonCommercial-NoDerivs License	2009-09-05T16:35:08Z	NIKON CORPORATION NIKON D90	80932461	Brooklyn Bridge Tower	3898917065	[u'brooklyn bridge', u'city', u'east river', u'new york', u'nyc']
New York	[2442628, 2459115, 12589342, 2347591, 12761369, 23424977, 56043648]	http://www.flickr.com/photos/16151021@N00/3899699690/		The Brooklyn Bridge, which spans the East River to connect Manhattan with Brooklyn.	False	http://farm3.staticflickr.com/2564/3899699690_5dd8af741e.jpg	16	24dc14d1d5809d26a06bd4329a42812c	jpg	Kevin H.	United States	2009-09-08T05:59:06Z	Attribution-NonCommercial-NoDerivs License	2009-09-05T16:35:44Z	NIKON CORPORATION NIKON D90	82877738	Brooklyn Bridge Span	3899699690	[u'brooklyn bridge', u'city', u'east river', u'new york', u'nyc']
New York	[2442628, 2459115, 12589342, 2347591, 12761369, 23424977, 56043648]	http://www.flickr.com/photos/16151021@N00/3899700596/		The Brooklyn Bridge, which spans the East River to connect Manhattan with Brooklyn.	False	http://farm3.staticflickr.com/2424/3899700596_c07b6ac3a6.jpg	16	a9424d4d9b6b9b68521acfd5e19683af	jpg	Kevin H.	United States	2009-09-08T05:59:31Z	Attribution-NonCommercial-NoDerivs License	2009-09-05T16:36:53Z	NIKON CORPORATION NIKON D90	72466032	Cloud Catcher	3899700596	[u'brooklyn bridge', u'city', u'new york', u'nyc']
New York	[2442628, 2459115, 12589342, 2347591, 12761369, 23424977, 56043648]	http://www.flickr.com/photos/16151021@N00/3899701510/		The Brooklyn Bridge, which spans the East River to connect Manhattan with Brooklyn.	False	http://farm3.staticflickr.com/2651/3899701510_65a3793a7e.jpg	16	c8cdb78ec3ba9c376189245b0fbe662	jpg	Kevin H.	United States	2009-09-08T05:59:59Z	Attribution-NonCommercial-NoDerivs License	2009-09-05T16:37:26Z	NIKON CORPORATION NIKON D90	90954415	Brooklyn Bridge Engineering	3899701510	[u'brooklyn bridge', u'city', u'new york', u'nyc']
New York	[2442628, 2459115, 12589342, 2347591, 12761369, 23424977, 56043648]	http://www.flickr.com/photos/16151021@N00/3898920337/		The Brooklyn Bridge, which spans the East River to connect Manhattan with Brooklyn.	False	http://farm3.staticflickr.com/2509/3898920337_a255728441.jpg	16	231ddcd4b8a2c981ac4d72dde4ae57a7	jpg	Kevin H.	United States	2009-09-08T06:00:21Z	Attribution-NonCommercial-NoDerivs License	2009-09-05T16:38:50Z	NIKON CORPORATION NIKON D90	77604586	Under the Brooklyn Bridge	3898920337	[u'brooklyn bridge', u'city', u'east river', u'new york', u'nyc']
New York	[2442628, 2459115, 12589342, 2347591, 12761369, 23424977, 56043648]	http://www.flickr.com/photos/16151021@N00/3899703050/		The Manhattan Bridge, as viewed from the bank of the East River.	False	http://farm4.staticflickr.com/3455/3899703050_72494648cf.jpg	16	66cf1869861d8225dbdfd94375dc75e2	jpg	Kevin H.	United States	2009-09-08T06:00:42Z	Attribution-NonCommercial-NoDerivs License	2009-09-05T16:39:18Z	NIKON CORPORATION NIKON D90	83620284	East River Bank	3899703050	[u'city', u'east river', u'gothamist', u'manhattan bridge', u'new york', u'nyc']
New York	[2442628, 2459115, 12589342, 2347591, 12761369, 23424977, 56043648]	http://www.flickr.com/photos/16151021@N00/3898921761/		The Manhattan Bridge, which spans the East River to connect Manhattan with Brooklyn.	False	http://farm3.staticflickr.com/2674/3898921761_32520ff1b3.jpg	16	c721853f1e29d9c4f97823fd761a83f3	jpg	Kevin H.	United States	2009-09-08T06:01:03Z	Attribution-NonCommercial-NoDerivs License	2009-09-05T16:40:01Z	NIKON CORPORATION NIKON D90	19643167	Manhattan Bridge and East River	3898921761	[u'city', u'east river', u'manhattan bridge', u'new york', u'nyc']
New York	[2442628, 2459115, 12589342, 2347591, 12761369, 23424977, 56043648]	http://www.flickr.com/photos/16151021@N00/3898922459/		The Manhattan Bridge, which spans the East River to connect Manhattan with Brooklyn.	False	http://farm3.staticflickr.com/2545/3898922459_9fdc072d0f.jpg	16	7fa04c896ff91bc89b2cbd5bfb6ceda1	jpg	Kevin H.	United States	2009-09-08T06:01:24Z	Attribution-NonCommercial-NoDerivs License	2009-09-05T16:41:12Z	NIKON CORPORATION NIKON D90	69040596	NY III	3898922459	[u'city', u'east river', u'manhattan bridge', u'new york', u'nyc']
New York	[2442628, 2459115, 12589342, 2347591, 12761369, 23424977, 56043648]	http://www.flickr.com/photos/16151021@N00/3899705030/		The Brooklyn Bridge, which spans the East River to connect Manhattan with Brooklyn.	False	http://farm3.staticflickr.com/2448/3899705030_69cc26a307.jpg	16	1ed5ee15fcfbf52163e3e0dce9bd9278	jpg	Kevin H.	United States	2009-09-08T06:01:45Z	Attribution-NonCommercial-NoDerivs License	2009-09-05T16:41:43Z	NIKON CORPORATION NIKON D90	6740227	Brooklyn Lola	3899705030	[u'brooklyn bridge', u'city', u'east river', u'new york', u'nyc']
New York	[2442628, 2459115, 12589342, 2347591, 12761369, 23424977, 56043648]	http://www.flickr.com/photos/16151021@N00/3899706006/		The Brooklyn Bridge, which spans the East River to connect Manhattan with Brooklyn.	False	http://farm3.staticflickr.com/2503/3899706006_7e7a4f2d9d.jpg	16	996608338e890eb79dee5249924fd4	jpg	Kevin H.	United States	2009-09-08T06:02:12Z	Attribution-NonCommercial-NoDerivs License	2009-09-05T16:42:23Z	NIKON CORPORATION NIKON D90	5544577	River Ruins	3899706006	[u'brooklyn bridge', u'city', u'east river', u'new york', u'nyc']
New York	[2442628, 2459115, 12589342, 2347591, 12761369, 23424977, 56043648]	http://www.flickr.com/photos/16151021@N00/3898924603/		The Manhattan Bridge, which spans the East River to connect Manhattan with Brooklyn.	False	http://farm4.staticflickr.com/3474/3898924603_d5b5b83322.jpg	16	d545d47796324d5cab6ceac87f365	jpg	Kevin H.	United States	2009-09-08T06:02:26Z	Attribution-NonCommercial-NoDerivs License	2009-09-05T16:43:01Z	NIKON CORPORATION NIKON D90	73436621	Framework for the Sky	3898924603	[u'city', u'east river', u'manhattan bridge', u'new york', u'nyc']
New York	[2442628, 2459115, 12589342, 2347591, 12761369, 23424977, 56043648]	http://www.flickr.com/photos/16151021@N00/3899707334/		The Brooklyn Bridge, which spans the East River to connect Manhattan with Brooklyn.	False	http://farm4.staticflickr.com/3513/3899707334_2d8f5de022.jpg	16	fa13b1ff3fa8447beaa207ff6c18	jpg	Kevin H.	United States	2009-09-08T06:02:48Z	Attribution-NonCommercial-NoDerivs License	2009-09-05T16:43:17Z	NIKON CORPORATION NIKON D90	12529508	Bridge to Brooklyn	3899707334	[u'brooklyn bridge', u'city', u'east river', u'new york', u'nyc']
New York	[2442628, 2459115, 12589342, 2347591, 12761369, 23424977, 56043648]	http://www.flickr.com/photos/16151021@N00/3899708110/		Tourists and other passersby near the Brooklyn Bridge.	False	http://farm3.staticflickr.com/2614/3899708110_aa5d4ac7c6.jpg	16	45bedbb7aa407298f0e6e98147a82f	jpg	Kevin H.	United States	2009-09-08T06:03:09Z	Attribution-NonCommercial-NoDerivs License	2009-09-05T16:44:56Z	NIKON CORPORATION NIKON D90	90300997	The Seen	3899708110	[u'bicycle', u'bike', u'brooklyn bridge', u'city', u'cyclist', u'east river', u'gothamist', u'new york', u'nyc']
New York	[2442628, 2459115, 12589342, 2347591, 12761369, 23424977, 56043648]	http://www.flickr.com/photos/16151021@N00/3899709460/		Seahorse sign advertising the presence of a restaurant in the South Street Seaport section of New York City.	False	http://farm4.staticflickr.com/3423/3899709460_e4b6cf45e1.jpg	16	c6746765aa421ccfbf8376048dd7d9a	jpg	Kevin H.	United States	2009-09-08T06:03:49Z	Attribution-NonCommercial-NoDerivs License	2009-09-05T16:48:08Z	NIKON CORPORATION NIKON D90	81344848	Guardian Seahorse	3899709460	[u'city', u'fire escape', u'new york', u'nyc', u'seahorse', u'sign']
New York	[2442628, 2459115, 12589342, 2347591, 12761369, 23424977, 56043648]	http://www.flickr.com/photos/16151021@N00/3899710430/		One of my favorite restaurants in New York City, the Bridge Cafe.	False	http://farm4.staticflickr.com/3475/3899710430_39452f7482.jpg	16	b719945be8eafaf99d6ac253f3604b	jpg	Kevin H.	United States	2009-09-08T06:04:14Z	Attribution-NonCommercial-NoDerivs License	2009-09-05T16:50:16Z	NIKON CORPORATION NIKON D90	88576627	Bridge Cafe	3899710430	[u'bridge cafe', u'city', u'new york', u'nyc', u'restaurant']
New York	[2442628, 2459115, 12589342, 2347591, 12761369, 23424977, 56043648]	http://www.flickr.com/photos/16151021@N00/3899711310/		Sign outside one of my favorite restaurants in New York City, the Bridge Cafe.	False	http://farm3.staticflickr.com/2423/3899711310_6559bc971a.jpg	16	fce23db110ec28b6108df9151da3dd40	jpg	Kevin H.	United States	2009-09-08T06:04:35Z	Attribution-NonCommercial-NoDerivs License	2009-09-05T16:50:32Z	NIKON CORPORATION NIKON D90	57692373	Welcome to Bridge Cafe	3899711310	[u'bridge cafe', u'city', u'new york', u'nyc', u'restaurant', u'sign']
New York	[2442628, 2459115, 12589342, 2347591, 12761369, 23424977, 56043648]	http://www.flickr.com/photos/16151021@N00/3898930209/		Sealed up section of the Brooklyn Bridge.	False	http://farm4.staticflickr.com/3525/3898930209_76d40144c4.jpg	16	98af049cf4ee8c28e8efc348e9596ee	jpg	Kevin H.	United States	2009-09-08T06:05:00Z	Attribution-NonCommercial-NoDerivs License	2009-09-05T16:51:51Z	NIKON CORPORATION NIKON D90	71369025	Brooklyn Bridge Blight	3898930209	[u'brooklyn bridge', u'city', u'new york', u'nyc']
New York	[56380016, 2459115, 12589342, 2347591, 12761369, 23424977, 56043648]	http://www.flickr.com/photos/16151021@N00/3898931613/		A skyscraper in New York City.	False	http://farm3.staticflickr.com/2544/3898931613_57ab2812e8.jpg	16	37fec61aaf38b3fcb658048445e2dc4	jpg	Kevin H.	United States	2009-09-08T06:05:38Z	Attribution-NonCommercial-NoDerivs License	2009-09-05T16:54:45Z	NIKON CORPORATION NIKON D90	79823227	Stabbing at the Sky	3898931613	[u'building', u'city', u'new york', u'nyc', u'skyscraper', u'spire']
New York	[92118474, 55864586, 2459115, 12589342, 2347591, 12761345, 23424977, 56043648]	http://www.flickr.com/photos/16151021@N00/3898931997/		Dinner for one at Wolfgang's Steakhouse in New York City -- medium rare filet mignon, baked potato, steamed broccoli, and bourbon and coke.  The steak was among the best I've ever had.  It was several inches thick, soft as butter, and perfectly done.	False	http://farm4.staticflickr.com/3428/3898931997_aed0ab5534.jpg	18	6497783fcc3928f37f463e169cd7ca6	jpg	Kevin H.	United States	2009-09-08T06:05:48Z	Attribution-NonCommercial-NoDerivs License	2009-09-05T18:23:31Z	NIKON COOLPIX S200	26880584	Dinner at Wolfgang's Steakhouse	3898931997	[u'baked potato', u'broccoli', u'city', u'dinner', u'filet mignon', u'i ate this', u'new york', u'nyc', u'restaurant', u'steak house', u'wolfgang']
New York	[92118474, 55864586, 2459115, 12589342, 2347591, 12761345, 23424977, 56043648]	http://www.flickr.com/photos/16151021@N00/3898932433/		A medium rare filet mignon at Wolfgang's Steakhouse in New York City.  The steak was among the best I've ever had.  It was several inches thick, soft as butter, and perfectly done.	False	http://farm4.staticflickr.com/3448/3898932433_bf5d7d391f.jpg	18	582af6ee3eccc5a03477a1b03b522ff4	jpg	Kevin H.	United States	2009-09-08T06:05:58Z	Attribution-NonCommercial-NoDerivs License	2009-09-05T18:25:51Z	NIKON COOLPIX S200	67367453	Heavenly Filet Mignon	3898932433	[u'city', u'dinner', u'filet', u'i ate this', u'mignon', u'new york', u'nyc', u'steak', u"wolfgang's"]
New York	[92118474, 55864586, 2459115, 12589342, 2347591, 12761345, 23424977, 56043648]	http://www.flickr.com/photos/16151021@N00/3899714726/		The final tally for my dinner at Wolfgang's Steak House in New York City.  Guess I'm not a very cheap date.	False	http://farm3.staticflickr.com/2549/3899714726_9c737e245c.jpg	18	1fedb73983578437861c6395aa6b158	jpg	Kevin H.	United States	2009-09-08T06:06:08Z	Attribution-NonCommercial-NoDerivs License	2009-09-05T18:46:30Z	NIKON COOLPIX S200	94085172	Dinner for One, $94.18	3899714726	[u'city', u'new york', u'nyc']
New York	[92118474, 55864586, 2459115, 12589342, 2347591, 12761345, 23424977, 56043648]	http://www.flickr.com/photos/16151021@N00/3899715108/		Sign on a bar/restaurant next to Wolfgang's Steak House, where I ate dinner and which didn't offer a recession menu.	False	http://farm3.staticflickr.com/2618/3899715108_2137a33e17.jpg	18	677520368f1d5bcaef3c4cc2cdfb1be	jpg	Kevin H.	United States	2009-09-08T06:06:19Z	Attribution-NonCommercial-NoDerivs License	2009-09-05T18:51:41Z	NIKON COOLPIX S200	93181204	Recession Menu	3899715108	[u'city', u'new york', u'nyc', u'recession menu', u'restaurant', u'sign']
New York	[56205319, 55864586, 2459115, 12589342, 2347591, 23424977, 56043648]	http://www.flickr.com/photos/16151021@N00/3898933577/		A building worksite in New York City.	False	http://farm4.staticflickr.com/3151/3898933577_d33ebf1691.jpg	19	f3e72cc8497437c154358c23936e189e	jpg	Kevin H.	United States	2009-09-08T06:06:30Z	Attribution-NonCommercial-NoDerivs License	2009-09-05T19:00:48Z	NIKON COOLPIX S200	97007376	No Parking/Active Driveway	3898933577	[u'building', u'city', u'fence', u'new york', u'nyc', u'work site']
New York	[92130251, 28751381, 2459115, 12589342, 2347591, 12761367, 23424977, 56043648]	http://www.flickr.com/photos/16151021@N00/3898934235/		Marquee of the Helen Hayes Theatre in New York City, where I saw the play "The 39 Steps."	False	http://farm3.staticflickr.com/2593/3898934235_5325bd74ed.jpg	19	a4f6deb9bce71386446ce821f4d5065	jpg	Kevin H.	United States	2009-09-08T06:06:51Z	Attribution-NonCommercial-NoDerivs License	2009-09-05T19:28:20Z	NIKON COOLPIX S200	55381968	The 39 Steps	3898934235	[u'39', u'broadway', u'city', u'helen hayes', u'marquee', u'new york', u'nyc', u'sign', u'steps', u'theater', u'theatre', u'thirty-nine']
New York	[92130251, 28751381, 2459115, 12589342, 2347591, 12761367, 23424977, 56043648]	http://www.flickr.com/photos/16151021@N00/3898934799/		Sardi's restaurant in the Theater District of New York City.	False	http://farm4.staticflickr.com/3503/3898934799_4709c5ea8e.jpg	19	ad948b5975ae7749edaa0a6653637	jpg	Kevin H.	United States	2009-09-08T06:07:05Z	Attribution-NonCommercial-NoDerivs License	2009-09-05T19:29:39Z	NIKON COOLPIX S200	75957529	Sardi's	3898934799	[u'city', u'neon', u'new york', u'nyc', u'restaurant', u"sardi's", u'sign']
New York	[92130251, 28751381, 2459115, 12589342, 2347591, 12761367, 23424977, 56043648]	http://www.flickr.com/photos/16151021@N00/3899716980/		Flier for a lost bird in the theater district of New York City.  It reads "His name is Tartine.  He is small & sweet and he won't bite."  I hope Jasmine found him.	False	http://farm3.staticflickr.com/2550/3899716980_4027293678.jpg	19	6752868ada6d22642f028b7115d2427	jpg	Kevin H.	United States	2009-09-08T06:07:11Z	Attribution-NonCommercial-NoDerivs License	2009-09-05T19:31:31Z	NIKON COOLPIX S200	74532675	Lost Bird	3899716980	[u'city', u'flier', u'flyer', u'lost bird', u'new york', u'nyc', u'sign']
New York	[92130251, 28751381, 2459115, 12589342, 2347591, 12761367, 23424977, 56043648]	http://www.flickr.com/photos/16151021@N00/3899717276/		Model of the SS Titanic outside the Discovery Channel Titanic exhibition in Time Square in New York City.	False	http://farm4.staticflickr.com/3533/3899717276_11613daec5.jpg	19	69aebce6d5259b3eeb34461c0d34065	jpg	Kevin H.	United States	2009-09-08T06:07:19Z	Attribution-NonCommercial-NoDerivs License	2009-09-05T19:32:10Z	NIKON COOLPIX S200	86314411	Ghosts of the Titanic	3899717276	[u'city', u'model', u'new york', u'nyc', u'ship', u'titanic']
New York	[92130251, 28751381, 2459115, 12589342, 2347591, 12761367, 23424977, 56043648]	http://www.flickr.com/photos/16151021@N00/3899717610/		Look -- I brought back bagels just like you asked.	False	http://farm4.staticflickr.com/3506/3899717610_82aa5ac8b8.jpg	19	4a4ba9ed65bae391d2ef181aec6e47af	jpg	Kevin H.	United States	2009-09-08T06:07:28Z	Attribution-NonCommercial-NoDerivs License	2009-09-05T19:33:16Z	NIKON COOLPIX S200	96125222	For VolcanoJW	3899717610	[u'bagel', u'city', u'new york', u'nyc', u'restaurant', u'shop', u'store']
New York	[56819737, 28751381, 2459115, 12589342, 2347591, 12761367, 23424977, 56043648]	http://www.flickr.com/photos/16151021@N00/3899717938/		A prophet of doom holds up a sign reading "Be wise and repent/The time is fulfilled/The end is at hand" in Time Square in New York City.  Thought that was just a movie cliche.	False	http://farm3.staticflickr.com/2531/3899717938_7c9cc3673b.jpg	19	f517838332b54f268e476ccf752cc591	jpg	Kevin H.	United States	2009-09-08T06:07:36Z	Attribution-NonCommercial-NoDerivs License	2009-09-05T19:34:17Z	NIKON COOLPIX S200	69500971	Signs	3899717938	[u'city', u'doom', u'gothamist', u'new york', u'nyc', u'prophet', u'time square']
New York	[56819737, 28751381, 2459115, 12589342, 2347591, 12761367, 23424977, 56043648]	http://www.flickr.com/photos/16151021@N00/3899718298/		A prophet of doom holds up a sign reading "Be wise and repent/The time is fulfilled/The end is at hand" in Time Square in New York City.  Thought that was just a movie cliche.	False	http://farm3.staticflickr.com/2576/3899718298_c773f48ca3.jpg	19	576a76ce3dcc622164b17a20bd93e7	jpg	Kevin H.	United States	2009-09-08T06:07:46Z	Attribution-NonCommercial-NoDerivs License	2009-09-05T19:34:23Z	NIKON COOLPIX S200	98925858	Sodom, Gomorrah, NYC	3899718298	[u'city', u'new york', u'nyc', u'prophet', u'protester', u'sign', u'time square']
New York	[28751381, 28288821, 2459115, 12589342, 2347591, 23424977, 56043648]	http://www.flickr.com/photos/16151021@N00/3898936627/		The Time Square location for Junior's restaurant.  Home of great cheesecake and matzoh ball soup.	False	http://farm4.staticflickr.com/3146/3898936627_054b836c5f.jpg	19	93e2bcd9b6cf8135bba60eaf1fa3f7	jpg	Kevin H.	United States	2009-09-08T06:07:54Z	Attribution-NonCommercial-NoDerivs License	2009-09-05T19:38:07Z	NIKON COOLPIX S200	67355965	Junior's Restaurant	3898936627	[u'city', u"junior's", u'new york', u'nyc', u'restaurant', u'sign']
New York	[28751381, 28288821, 2459115, 12589342, 2347591, 23424977, 56043648]	http://www.flickr.com/photos/16151021@N00/3899718918/		My post-theater ritual of cheesecake and coffee at Junior's in Time Square.  The cheesecake in NYC differs from that of most other places in that the crust is not made of graham crackers but is instead a thin layer of sponge cake.	False	http://farm4.staticflickr.com/3431/3899718918_e30e9727c1.jpg	22	718ddea610eb4d6ced9ced0dd9f45f	jpg	Kevin H.	United States	2009-09-08T06:08:03Z	Attribution-NonCommercial-NoDerivs License	2009-09-05T22:09:50Z	NIKON COOLPIX S200	89035688	Cheesecake at Junior's	3899718918	[u'cheesecake', u'city', u'i ate this', u"junior's", u'new york', u'nyc', u'restaurant']
New York	[91568254, 55864589, 2459115, 12589342, 2347591, 12761367, 23424977, 56043648]	http://www.flickr.com/photos/16151021@N00/3899719166/		View through to the opposite side of the tracks at the Time Square subway station in New York City.	False	http://farm3.staticflickr.com/2592/3899719166_af4cbb59ba.jpg	22	b3fade2b29e2c1f564d9939f214154b	jpg	Kevin H.	United States	2009-09-08T06:08:10Z	Attribution-NonCommercial-NoDerivs License	2009-09-05T22:29:34Z	NIKON COOLPIX S200	60908166	Headed Uptown	3899719166	[u'city', u'new york', u'nyc', u'platform', u'station', u'subway']
