town_s	woe_is	urlpage_s	machine_ss	desc_ws	video_b	url_s	hour_i	hash_s	ext_s	user_s	country_s	upload_dt	license_s	taken_dt	device_s	line_i	title_s	id	tag_ss
New York	[91982705, 92056959, 2356876, 2459115, 12589352, 2347591, 12761715, 23424977, 56043648]	http://www.flickr.com/photos/48099890@N08/7711381642/			False	http://farm9.staticflickr.com/8283/7711381642_e3b73b6ce8.jpg	14	7234771fa25c827a7c21ca0bff889bf	jpg	Hobo Matt	United States	2012-08-04T17:17:47Z	Attribution-NonCommercial-ShareAlike License	2012-07-29T14:50:37Z	SAMSUNG	74801390	Another beautiful persimmon tree	7711381642	[u'favorites', u'nyc', u'xmap']
New York	[92056959, 91982705, 2356876, 2459115, 12589352, 2347591, 12761715, 23424977, 56043648]	http://www.flickr.com/photos/48099890@N08/7711384098/			False	http://farm8.staticflickr.com/7108/7711384098_bf44f0ae98.jpg	15	3ba03b54bd114973625dd19298a163	jpg	Hobo Matt	United States	2012-08-04T17:18:13Z	Attribution-NonCommercial-ShareAlike License	2012-07-29T15:12:44Z	SAMSUNG	95500044	Barefoot walk on the beach, anyone?	7711384098	[u'favorites', u'nyc', u'xmap']
New York	[91982705, 2356876, 2459115, 12589352, 2347591, 12761712, 23424977, 55836683, 56043648]	http://www.flickr.com/photos/48099890@N08/7711400944/		where all those glass shards came from.	False	http://farm9.staticflickr.com/8147/7711400944_9d7abf9f19.jpg	15	64d52b78b2dcfaf3ac1219b14aea9b6	jpg	Hobo Matt	United States	2012-08-04T17:21:12Z	Attribution-NonCommercial-ShareAlike License	2012-07-29T15:50:13Z	SAMSUNG	82870405	I think I'm starting to figure out	7711400944	[u'favorites', u'nyc', u'xmap']
New York	[91982705, 2356876, 2459115, 12589352, 2347591, 12761712, 23424977, 55836683, 56043648]	http://www.flickr.com/photos/48099890@N08/7711419384/			False	http://farm9.staticflickr.com/8434/7711419384_90ec756ce5.jpg	15	2df752ef6fcde4f99324226afd47b	jpg	Hobo Matt	United States	2012-08-04T17:24:22Z	Attribution-NonCommercial-ShareAlike License	2012-07-29T15:58:23Z	SAMSUNG	50502541	Bridges are for suckers	7711419384	[u'nyc', u'xmap']
New York	[2356876, 91982705, 2459115, 12589352, 2347591, 12761712, 23424977, 55836683, 56043648]	http://www.flickr.com/photos/48099890@N08/7711442650/		<a href="http://en.wikipedia.org/wiki/Checkpoint_Charlie#Background" rel="nofollow">Separating East and West</a>	False	http://farm8.staticflickr.com/7123/7711442650_2dea7c101a.jpg	16	53da36b172b0d826734730f337b660c1	jpg	Hobo Matt	United States	2012-08-04T17:28:25Z	Attribution-NonCommercial-ShareAlike License	2012-07-29T16:42:22Z	SAMSUNG SCH-I535	88413057	The Astoria Wall	7711442650	[u'nyc', u'portal', u'xmap']
New York	[91982705, 2356876, 2459115, 12589352, 2347591, 12761712, 23424977, 55836683, 56043648]	http://www.flickr.com/photos/48099890@N08/7711446796/		<a href="http://www.flickr.com/photos/imjustwalkin/7711446796/sizes/h">HEALTHY</a>	False	http://farm9.staticflickr.com/8294/7711446796_22f28ffc62.jpg	16	1e7263eeb9d9086adb352f4de1a7a9	jpg	Hobo Matt	United States	2012-08-04T17:29:07Z	Attribution-NonCommercial-ShareAlike License	2012-07-29T16:53:28Z	SAMSUNG	69381398	Mama's Cookin'	7711446796	[u'nyc', u'xmap']
New York	[92056959, 91982705, 2356876, 2459115, 12589352, 2347591, 12761715, 23424977, 56043648]	http://www.flickr.com/photos/48099890@N08/7711450638/		I think this one has an inferiority complex.	False	http://farm9.staticflickr.com/8160/7711450638_77a4327c79.jpg	17	64c5b9827a414d32615f9a0e1abc42c	jpg	Hobo Matt	United States	2012-08-04T17:29:45Z	Attribution-NonCommercial-ShareAlike License	2012-07-29T17:04:08Z	SAMSUNG	99379141	Portal of the day	7711450638	[u'nyc', u'portal', u'xmap']
New York	[2356876, 91982705, 2459115, 12589352, 2347591, 12761712, 23424977, 55836683, 56043648]	http://www.flickr.com/photos/48099890@N08/7711457236/			False	http://farm9.staticflickr.com/8434/7711457236_8780df9e9e.jpg	17	6c3f17d2633539a073e8083493f4e27	jpg	Hobo Matt	United States	2012-08-04T17:30:53Z	Attribution-NonCommercial-ShareAlike License	2012-07-29T17:24:45Z	SAMSUNG	61778849	Kickin' back with the Hell Gate	7711457236	[u'favorites', u'nyc', u'xmap']
New York	[91982705, 2356876, 2459115, 12589352, 2347591, 12761712, 23424977, 55836683, 56043648]	http://www.flickr.com/photos/48099890@N08/7711462856/		P.S. Left, right, left, right. Now you don't need an experienced instructor!	False	http://farm8.staticflickr.com/7112/7711462856_d7c0e6b6aa.jpg	17	5befd981dab7380aaa55cf3f4d27d67	jpg	Hobo Matt	United States	2012-08-04T17:31:51Z	Attribution-NonCommercial-ShareAlike License	2012-07-29T17:42:54Z	SAMSUNG	86198724	I'm trying!	7711462856	[u'nyc', u'xmap']
New York	[2356876, 2459115, 12589352, 2347591, 12761712, 23424977, 56043648]	http://www.flickr.com/photos/48099890@N08/7711478588/			False	http://farm8.staticflickr.com/7133/7711478588_36d70ca08e.jpg	18	f663f245b75eb988df719be4f653fc8	jpg	Hobo Matt	United States	2012-08-04T17:34:31Z	Attribution-NonCommercial-ShareAlike License	2012-07-29T18:35:10Z	SAMSUNG	2420114	Captain America's troubled brother, Rick	7711478588	[u'favorites', u'nyc', u'xmap']
New York	[23619226, 91982705, 2356876, 2459115, 12589352, 2347591, 12761712, 23424977, 56043648]	http://www.flickr.com/photos/48099890@N08/7711496314/		(Eagles love Cheetos.)	False	http://farm9.staticflickr.com/8168/7711496314_e07d30bfe9.jpg	18	20969d6112bc7d223b57485dd44b3e3d	jpg	Hobo Matt	United States	2012-08-04T17:37:41Z	Attribution-NonCommercial-ShareAlike License	2012-07-29T18:39:05Z	SAMSUNG	87988798	Somebody dropped a bag of Cheetos	7711496314	[u'nyc', u'xmap']
New York	[23619226, 2356876, 91982705, 2459115, 12589352, 2347591, 12761712, 23424977, 56043648]	http://www.flickr.com/photos/48099890@N08/7711500038/			False	http://farm9.staticflickr.com/8429/7711500038_745203dfc1.jpg	18	e9221c8629818ad113c8781eff1879	jpg	Hobo Matt	United States	2012-08-04T17:38:21Z	Attribution-NonCommercial-ShareAlike License	2012-07-29T18:40:27Z	SAMSUNG	94525269	These birds prefer Utz brand Cheese Crunchies	7711500038	[u'nyc', u'portal', u'xmap']
New York	[23619226, 91982705, 2356876, 2459115, 12589352, 2347591, 12761712, 23424977, 56043648]	http://www.flickr.com/photos/48099890@N08/7711506600/			False	http://farm9.staticflickr.com/8147/7711506600_0dfe7f929f.jpg	18	a78a4bb6bcf44979b8e4333c73881671	jpg	Hobo Matt	United States	2012-08-04T17:39:29Z	Attribution-NonCommercial-ShareAlike License	2012-07-29T18:41:46Z	SAMSUNG	55198645	A corrugated masterpiece	7711506600	[u'nyc', u'xmap']
New York	[2356876, 2459115, 12589352, 2347591, 12761712, 23424977, 56043648]	http://www.flickr.com/photos/48099890@N08/7711510082/			False	http://farm9.staticflickr.com/8429/7711510082_0f0c44c2bb.jpg	18	468e70a03930c45bf03e6eb9de833	jpg	Hobo Matt	United States	2012-08-04T17:40:05Z	Attribution-NonCommercial-ShareAlike License	2012-07-29T18:43:05Z	SAMSUNG	15896739	I may be in need of a good psychotherapist	7711510082	[u'nyc', u'xmap']
New York	[2356876, 2459115, 12589352, 2347591, 12761712, 23424977, 56043648]	http://www.flickr.com/photos/48099890@N08/7711513066/			False	http://farm9.staticflickr.com/8166/7711513066_94208e7251.jpg	18	14fd33665444a6af157fcdcf2acb2d9c	jpg	Hobo Matt	United States	2012-08-04T17:40:35Z	Attribution-NonCommercial-ShareAlike License	2012-07-29T18:47:08Z	SAMSUNG	90563122	Chapel of St. Margaret Mary	7711513066	[u'favorites', u'nyc', u'xmap']
New York	[2356876, 2459115, 12589352, 2347591, 12761712, 23424977, 56043648]	http://www.flickr.com/photos/48099890@N08/7711525166/		The Sanitation Department is <a href="http://www.flickr.com/photos/imjustwalkin/7711528012">evicting this collection bin</a> (belonging to the controversial <a href="http://en.wikipedia.org/wiki/Planet_Aid#Criticism" rel="nofollow">Planet Aid</a> organization) from the public sidewalk on which it has illegitimately taken up residence. If it doesn't make itself scarce within 30 days, it will be condemned and hauled away under DSNY's <a href="http://www.flickr.com/photos/imjustwalkin/7711530228">Derelict Vehicle Removal Program</a>.	False	http://farm9.staticflickr.com/8285/7711525166_b330f2e130.jpg	19	c9e64307550df62aff36c2429f356f5	jpg	Hobo Matt	United States	2012-08-04T17:42:42Z	Attribution-NonCommercial-ShareAlike License	2012-07-29T19:25:27Z	SAMSUNG SCH-I535	74240784	DSNY laying down the law	7711525166	[u'nyc', u'portal', u'xmap']
New York	[2356876, 2459115, 12589352, 2347591, 12761712, 23424977, 56043648]	http://www.flickr.com/photos/48099890@N08/7711528012/			False	http://farm8.staticflickr.com/7118/7711528012_3bf8ccffda.jpg	19	e35e778a4aa209b73802a514bb224a	jpg	Hobo Matt	United States	2012-08-04T17:43:13Z	Attribution-NonCommercial-ShareAlike License	2012-07-29T19:25:36Z	SAMSUNG	50529531	DSNY sticker #1	7711528012	[u'nyc', u'xmap']
New York	[2356876, 2459115, 12589352, 2347591, 12761712, 23424977, 56043648]	http://www.flickr.com/photos/48099890@N08/7711530228/			False	http://farm8.staticflickr.com/7139/7711530228_fb3ab7f803.jpg	19	1e29e35bb0ee32dd3a33efd9b40c	jpg	Hobo Matt	United States	2012-08-04T17:43:37Z	Attribution-NonCommercial-ShareAlike License	2012-07-29T19:25:43Z	SAMSUNG	62703906	DSNY sticker #2	7711530228	[u'nyc', u'xmap']
New York	[2356876, 2459115, 12589352, 2347591, 12761712, 23424977, 56043648]	http://www.flickr.com/photos/48099890@N08/7711533262/			False	http://farm9.staticflickr.com/8431/7711533262_d7c206d78e.jpg	19	ef6947bb4c830c63a5b28fc42ba673	jpg	Hobo Matt	United States	2012-08-04T17:44:09Z	Attribution-NonCommercial-ShareAlike License	2012-07-29T19:33:10Z	SAMSUNG	72771159	Ron C. is a lucky man	7711533262	[u'favorites', u'nyc', u'portal', u'xmap']
New York	[2356876, 2459115, 12589352, 2347591, 12761712, 23424977, 56043648]	http://www.flickr.com/photos/48099890@N08/7711536440/			False	http://farm9.staticflickr.com/8285/7711536440_532942b4d2.jpg	19	899b1134e49e26bd473e5d3ac93e2af9	jpg	Hobo Matt	United States	2012-08-04T17:44:41Z	Attribution-NonCommercial-ShareAlike License	2012-07-29T19:33:31Z	SAMSUNG	67115253	Clearly a company of action	7711536440	[u'nyc', u'portal', u'xmap']
New York	[2356876, 2459115, 12589352, 2347591, 12761712, 23424977, 56043648]	http://www.flickr.com/photos/48099890@N08/7711541290/			False	http://farm9.staticflickr.com/8281/7711541290_a26e785245.jpg	19	3521453049fe9a313f4ae95f30783691	jpg	Hobo Matt	United States	2012-08-04T17:45:32Z	Attribution-NonCommercial-ShareAlike License	2012-07-29T19:37:53Z	SAMSUNG	30408240	Except 4 now	7711541290	[u'nyc', u'portal', u'xmap']
New York	[2356876, 2459115, 12589352, 2347591, 12761712, 23424977, 56043648]	http://www.flickr.com/photos/48099890@N08/7711549832/			False	http://farm8.staticflickr.com/7277/7711549832_f0f7a43719.jpg	19	1f2f261aa44d1c136a321a9baf8b	jpg	Hobo Matt	United States	2012-08-04T17:46:59Z	Attribution-NonCommercial-ShareAlike License	2012-07-29T19:48:00Z	SAMSUNG	71450462	Three lovely ladies	7711549832	[u'favorites', u'nyc', u'xmap']
New York	[2356876, 2459115, 12589352, 2347591, 12761712, 23424977, 56043648]	http://www.flickr.com/photos/48099890@N08/7711552600/			False	http://farm9.staticflickr.com/8282/7711552600_2369943b85.jpg	19	bf2f567e74c661cbb999368f11f4a	jpg	Hobo Matt	United States	2012-08-04T17:47:28Z	Attribution-NonCommercial-ShareAlike License	2012-07-29T19:48:47Z		19653940	Floating	7711552600	[u'nyc', u'xmap']
New York	[2356876, 2459115, 12589352, 2347591, 12761712, 23424977, 56043648]	http://www.flickr.com/photos/48099890@N08/7711555804/		<a href="http://imjustwalkin.com/2012/07/24/an-in-demand-owl/" rel="nofollow">Mr. Owl's despondency</a> seems to have morphed into anger.	False	http://farm9.staticflickr.com/8434/7711555804_e32a34b806.jpg	19	f954b9169262c287fff4067cf7cab2	jpg	Hobo Matt	United States	2012-08-04T17:48:00Z	Attribution-NonCommercial-ShareAlike License	2012-07-29T19:49:29Z	SAMSUNG	33420922	Emotional progress?	7711555804	[u'nyc', u'xmap']
New York	[2356876, 2459115, 12589352, 2347591, 12761712, 23424977, 56043648]	http://www.flickr.com/photos/48099890@N08/7711559226/			False	http://farm9.staticflickr.com/8145/7711559226_8a9aa10307.jpg	19	2168d86a78369cd3c05967f667b85513	jpg	Hobo Matt	United States	2012-08-04T17:48:33Z	Attribution-NonCommercial-ShareAlike License	2012-07-29T19:52:02Z	SAMSUNG	11891940	Always been a sucker for a pretty bluehead	7711559226	[u'favorites', u'nyc', u'xmap']
New York	[2356876, 2459115, 12589352, 2347591, 12761712, 23424977, 56043648]	http://www.flickr.com/photos/48099890@N08/7711565848/			False	http://farm9.staticflickr.com/8293/7711565848_9cc82a4e22.jpg	19	5f542f6cdd1719e5cd2d4d7b5e2346	jpg	Hobo Matt	United States	2012-08-04T17:49:41Z	Attribution-NonCommercial-ShareAlike License	2012-07-29T19:53:04Z	SAMSUNG	63373611	Imp	7711565848	[u'favorites', u'nyc', u'xmap']
New York	[2356876, 2459115, 12589352, 2347591, 12761712, 23424977, 56043648]	http://www.flickr.com/photos/48099890@N08/7711586200/		That <a href="http://imjustwalkin.com/2012/01/06/traditional-headdress/" rel="nofollow">distinct face</a> by Cern	False	http://farm9.staticflickr.com/8160/7711586200_58085c39af.jpg	19	87911a9bde9f195f8b3c94f4bdbcc	jpg	Hobo Matt	United States	2012-08-04T17:53:18Z	Attribution-NonCommercial-ShareAlike License	2012-07-29T19:56:40Z	SAMSUNG	38796981	There it is again	7711586200	[u'favorites', u'nyc', u'xmap']
New York	[2356876, 2459115, 12589352, 2347591, 12761712, 23424977, 56043648]	http://www.flickr.com/photos/48099890@N08/7711600868/			False	http://farm9.staticflickr.com/8431/7711600868_dbe43fc278.jpg	20	6551518add71c7b33cb6c3e41e7095aa	jpg	Hobo Matt	United States	2012-08-04T17:55:55Z	Attribution-NonCommercial-ShareAlike License	2012-07-29T20:00:22Z	SAMSUNG SCH-I535	63584294	A truck of infinite potential	7711600868	[u'favorites', u'nyc', u'xmap']
New York	[2356876, 2459115, 12589352, 2347591, 12761712, 23424977, 56043648]	http://www.flickr.com/photos/48099890@N08/7711617788/			False	http://farm9.staticflickr.com/8282/7711617788_bdfd96e3af.jpg	20	42dbe362d81f11756a2cca21b5cedcc	jpg	Hobo Matt	United States	2012-08-04T17:58:53Z	Attribution-NonCommercial-ShareAlike License	2012-07-29T20:09:49Z	SAMSUNG	90326560	One second left	7711617788	[u'favorites', u'nyc', u'xmap']
New York	[23619583, 2356876, 91982705, 2459115, 12589352, 2347591, 12761712, 23424977, 56043648]	http://www.flickr.com/photos/48099890@N08/7711620208/		It's more fun if you say it louder.  (You can see <a href="http://www.flickr.com/photos/73452868@N04/7331769378/">Astoria's version</a> of the <a href="http://en.wikipedia.org/wiki/Flatiron_Building" rel="nofollow">Flatiron Building</a> reflected in the window.)	False	http://farm8.staticflickr.com/7274/7711620208_70a845fb23.jpg	20	3ca9759e5eb82e75e2ef316e4a59e355	jpg	Hobo Matt	United States	2012-08-04T17:59:19Z	Attribution-NonCommercial-ShareAlike License	2012-07-29T20:18:09Z	SAMSUNG	62858283	Roti Boti!	7711620208	[u'nyc', u'xmap']
New York	[91982705, 2356876, 2459115, 12589352, 2347591, 12761712, 23424977, 55836683, 56043648]	http://www.flickr.com/photos/48099890@N08/7711622170/		Espouse elucidation.	False	http://farm9.staticflickr.com/8287/7711622170_d39f9359b0.jpg	20	6d8dc338f9aa7d8df48be48fcbde9c87	jpg	Hobo Matt	United States	2012-08-04T17:59:38Z	Attribution-NonCommercial-ShareAlike License	2012-07-29T20:24:55Z	SAMSUNG	484812	Eschew obfuscation	7711622170	[u'nyc', u'xmap']
