town_s	woe_is	urlpage_s	machine_ss	desc_ws	video_b	url_s	hour_i	hash_s	ext_s	user_s	country_s	upload_dt	license_s	taken_dt	device_s	line_i	title_s	id	tag_ss
New York	[91801527, 23511851, 2459115, 12589335, 2347591, 12761750, 23424977, 56204878, 56043648]	http://www.flickr.com/photos/48099890@N08/8999295972/		A Groundswell-organized group of "youth artists" painted <a href="http://www.groundswellmural.org/project/believe-east-new-york" rel="nofollow">this mural</a> last summer on a wall outside the Broadway Junction subway station. More photos <a href="http://www.flickr.com/photos/groundswellmural/sets/72157630546771738/with/7996757975/">here</a>.	False	http://farm6.staticflickr.com/5341/8999295972_7bc8f83b93.jpg	12	65a7741d2b9b8f4723929f538044f7d3	jpg	Hobo Matt	United States	2013-06-09T18:38:42Z	Attribution-NonCommercial-ShareAlike License	2013-05-12T12:03:24Z	SAMSUNG	69256189	Believe in East New York	8999295972	[u'nyc', u'xmap']
New York	[91801527, 56064065, 91982835, 2459115, 12589335, 2347591, 12761750, 23424977, 56043648]	http://www.flickr.com/photos/48099890@N08/8998108519/		<a href="http://binged.it/11dySvW" rel="nofollow">Broadway Junction</a>	False	http://farm9.staticflickr.com/8260/8998108519_3798e0bd35.jpg	12	4d72e3b9fc91fff986c14581e83ba1	jpg	Hobo Matt	United States	2013-06-09T18:38:29Z	Attribution-NonCommercial-ShareAlike License	2013-05-12T12:05:51Z	SAMSUNG	24190742	Cacophony in steel	8998108519	[u'nyc', u'xmap']
New York	[23682725, 91801527, 91982607, 2459115, 12589335, 2347591, 12761725, 23424977, 56043648]	http://www.flickr.com/photos/48099890@N08/8998106827/		Some people walk right in front of you when you're trying to take a picture. They usually make the picture much better.	False	http://farm3.staticflickr.com/2828/8998106827_ff874be3c5.jpg	12	ac2d1594cb554756ebea9053b3c25b25	jpg	Hobo Matt	United States	2013-06-09T18:38:17Z	Attribution-NonCommercial-ShareAlike License	2013-05-12T12:15:34Z	SAMSUNG	76989337	Timeless	8998106827	[u'nyc', u'portal', u'xmap']
New York	[91801527, 91982607, 2459115, 12589335, 2347591, 12761725, 23424977, 56204874, 56043648]	http://www.flickr.com/photos/48099890@N08/8999291470/		and was windy.	False	http://farm8.staticflickr.com/7351/8999291470_76ebe31eeb.jpg	12	93ef9ab9d64e5f1a5fa285d87647c6	jpg	Hobo Matt	United States	2013-06-09T18:38:10Z	Attribution-NonCommercial-ShareAlike License	2013-05-12T12:31:56Z	SAMSUNG	79484698	It rained yesterday	8999291470	[u'nyc', u'xmap']
New York	[91801527, 23682709, 91982848, 2459115, 12589335, 2347591, 12761750, 23424977, 56043648]	http://www.flickr.com/photos/48099890@N08/8999290170/		There's a <a href="http://maps.google.com/maps?q=brooklyn&ll=40.67591,-73.903315&spn=0.002486,0.004823&hnear=Brooklyn,+Kings,+New+York&gl=us&t=m&z=18&layer=c&cbll=40.67591,-73.903315&panoid=I2GJovAnyWEtKyYhKs6Nzg&cbp=12,28.2,,0,-0.1" rel="nofollow">great Street View shot</a> of this building from the Atlantic Avenue viaduct (the stone-clad structure at right); <a href="http://citynoise.org/article/8758" rel="nofollow">here</a>'s a close-up of the front doors.	False	http://farm9.staticflickr.com/8134/8999290170_854886a43a.jpg	12	87ae0f2f085c87b9faf88ca746e7cc	jpg	Hobo Matt	United States	2013-06-09T18:38:01Z	Attribution-NonCommercial-ShareAlike License	2013-05-12T12:35:23Z	SAMSUNG	71094956	Apex Airtronics	8999290170	[u'nyc', u'xmap']
New York	[91801527, 91982607, 2459115, 12589335, 2347591, 12761725, 23424977, 56204873, 56043648]	http://www.flickr.com/photos/48099890@N08/8999289922/		This building's drapes have <a href="http://www.tapeshare.com/26WardBank.html" rel="nofollow">never matched its carpet</a>, but this latest incarnation looks positively Frankensteinian.	False	http://farm8.staticflickr.com/7305/8999289922_acfc132fc0.jpg	12	91567fa55a864a63149cd88f2756e0a6	jpg	Hobo Matt	United States	2013-06-09T18:37:59Z	Attribution-NonCommercial-ShareAlike License	2013-05-12T12:44:34Z	SAMSUNG	79099229	The former 26th Ward Bank	8999289922	[u'nyc', u'xmap']
New York	[23615737, 91801527, 91982607, 2459115, 12589335, 2347591, 12761725, 23424977, 56043648]	http://www.flickr.com/photos/48099890@N08/8999289168/			False	http://farm4.staticflickr.com/3826/8999289168_6d62f4570b.jpg	12	1b72be7a6baf645ccdc524a531cf83b	jpg	Hobo Matt	United States	2013-06-09T18:37:54Z	Attribution-NonCommercial-ShareAlike License	2013-05-12T12:47:45Z	SAMSUNG	61614207	Mother's Day flower stand	8999289168	[u'nyc', u'xmap']
New York	[91801527, 91982607, 2459115, 12589335, 2347591, 12761726, 23424977, 56204877, 56043648]	http://www.flickr.com/photos/48099890@N08/8998102183/			False	http://farm8.staticflickr.com/7401/8998102183_4c47a9a72c.jpg	13	26a849f51350f827a9ea6141b3f4b6f5	jpg	Hobo Matt	United States	2013-06-09T18:37:44Z	Attribution-NonCommercial-ShareAlike License	2013-05-12T13:17:29Z	SAMSUNG	94468394	A practical store for practical people	8998102183	[u'nyc', u'xmap']
New York	[91801527, 91982607, 2459115, 12589335, 2347591, 12761726, 23424977, 56204877, 56043648]	http://www.flickr.com/photos/48099890@N08/8998101535/		at the Bronx's <a href="http://imjustwalkin.com/2012/11/30/bronx-rite-aid-kingbee/" rel="nofollow">ubiquitous Royal Kingbee</a>?	False	http://farm4.staticflickr.com/3746/8998101535_f25f98e7ae.jpg	13	2d41870bf48ce552fdc5ddc964bd1e	jpg	Hobo Matt	United States	2013-06-09T18:37:40Z	Attribution-NonCommercial-ShareAlike License	2013-05-12T13:28:33Z	SAMSUNG	95631059	Poking fun	8998101535	[u'nyc', u'xmap']
New York	[2467278, 2459115, 12589352, 2347591, 12761807, 23424977, 56043648]	http://www.flickr.com/photos/48099890@N08/8998100627/		A beautiful church with <a href="http://www.nytimes.com/2002/06/19/nyregion/parish-shaken-by-reports-of-sexual-and-financial-misdeeds.html?pagewanted=all" rel="nofollow">an ugly past</a>	False	http://farm4.staticflickr.com/3738/8998100627_d840af11a5.jpg	13	6ddc1230aace7c8fb5ef9dd5606eff99	jpg	Hobo Matt	United States	2013-06-09T18:37:34Z	Attribution-NonCommercial-ShareAlike License	2013-05-12T13:48:14Z	SAMSUNG	46648663	St. Elizabeth's	8998100627	[u'nyc', u'xmap']
New York	[23619334, 2467278, 91982531, 2459115, 12589352, 2347591, 12761807, 23424977, 56043648]	http://www.flickr.com/photos/48099890@N08/8998099935/		This is the first Oklahoma City bombing memorial I've seen in New York. (S.E.S. stands for St. Elizabeth School.)	False	http://farm6.staticflickr.com/5463/8998099935_ed3a54c98f.jpg	13	9d2ba062ff169f2eaaec5d5f09cbcd9	jpg	Hobo Matt	United States	2013-06-09T18:37:29Z	Attribution-NonCommercial-ShareAlike License	2013-05-12T13:49:37Z	SAMSUNG	97381180	In Memory of the Children of Oklahoma City	8998099935	[u'nyc', u'xmap']
New York	[2467278, 2459115, 12589352, 2347591, 12761807, 23424977, 56043648]	http://www.flickr.com/photos/48099890@N08/8998098535/		Inclined trolley conveyors, rotating rail conveyors, tube-slot up conveyors, tube-slot down conveyors, and <a href="http://www.railexcorp.com/index.html" rel="nofollow">so much more</a>!	False	http://farm3.staticflickr.com/2817/8998098535_7a3efde36a.jpg	13	6af56a226bb7bcbd73742d7489f45df	jpg	Hobo Matt	United States	2013-06-09T18:37:19Z	Attribution-NonCommercial-ShareAlike License	2013-05-12T13:55:09Z	SAMSUNG	73260253	RAILEX	8998098535	[u'nyc', u'xmap']
New York	[23509231, 28746220, 2459115, 12589352, 2347591, 12761810, 23424977, 56043648]	http://www.flickr.com/photos/48099890@N08/8999280526/		<a href="http://en.wikipedia.org/wiki/AirTrain_JFK" rel="nofollow">Swinging south from Jamaica Station</a>	False	http://farm3.staticflickr.com/2850/8999280526_2705ecddcb.jpg	14	943fa26ad23dc8618c9980a78345fc1	jpg	Hobo Matt	United States	2013-06-09T18:36:54Z	Attribution-NonCommercial-ShareAlike License	2013-05-12T14:44:50Z	SAMSUNG	3754379	JFK AirTrain	8999280526	[u'nyc', u'xmap']
New York	[23509231, 2459115, 12589352, 2347591, 12761810, 23424977, 56043648]	http://www.flickr.com/photos/48099890@N08/8999279182/			False	http://farm4.staticflickr.com/3769/8999279182_222ddff9f9.jpg	15	91cec644dd7c9def8a2d3f135fcf661	jpg	Hobo Matt	United States	2013-06-09T18:36:44Z	Attribution-NonCommercial-ShareAlike License	2013-05-12T15:32:42Z	SAMSUNG	66464648	Person-part fence regulations	8999279182	[u'nyc', u'xmap']
New York	[2467278, 2459115, 12589352, 2347591, 12761808, 23424977, 56043648]	http://www.flickr.com/photos/48099890@N08/8998092499/			False	http://farm9.staticflickr.com/8263/8998092499_91546d3b81.jpg	16	b737f05b51632dc61a1eafbcd263f6f2	jpg	Hobo Matt	United States	2013-06-09T18:36:38Z	Attribution-NonCommercial-ShareAlike License	2013-05-12T16:45:09Z	SAMSUNG	92273300	9/11 memorial #145	8998092499	[u'9/11', u'nyc', u'xmap']
New York	[2467278, 2459115, 12589352, 2347591, 12761808, 23424977, 56043648]	http://www.flickr.com/photos/48099890@N08/8998091921/			False	http://farm4.staticflickr.com/3752/8998091921_18b01c83ca.jpg	17	f9e9f49ea869eb378285fd29726557c4	jpg	Hobo Matt	United States	2013-06-09T18:36:33Z	Attribution-NonCommercial-ShareAlike License	2013-05-12T17:42:11Z	SAMSUNG	82182970	Barberz #73	8998091921	[u'barberz', u'nyc', u'xmap']
New York	[23619335, 2467278, 91982531, 2459115, 12589352, 2347591, 12761807, 23424977, 56043648]	http://www.flickr.com/photos/48099890@N08/8999276952/		I somehow missed this plaque <a href="http://imjustwalkin.com/2012/02/28/oh-you-brought-flowers/" rel="nofollow">last time we were here</a>.  <em>Blessed are those who have died in the Lord. Let them rest from their labors for their good deeds go with them.  In grateful and loving memory of  THOMAS R. KELLY, FDNY and RAYMOND R. YORK, FDNY  All emergency responders and Victims who lost their lives in the tragic events of  September 11, 2001  May the angels lead them to paradise. May the Father of mercies console their families with His peace.  REQUIESCANT IN PACE  Dedicated September 11, 2011</em>	False	http://farm3.staticflickr.com/2874/8999276952_de46964a85.jpg	17	dc795af38fd98df45f4d471a4fb19b5c	jpg	Hobo Matt	United States	2013-06-09T18:36:28Z	Attribution-NonCommercial-ShareAlike License	2013-05-12T17:53:36Z	SAMSUNG SCH-I535	62305510	9/11 memorial #146	8999276952	[u'9/11', u'nyc', u'xmap']
New York	[23619335, 2467278, 91982531, 2459115, 12589352, 2347591, 12761807, 23424977, 56043648]	http://www.flickr.com/photos/48099890@N08/8999274628/			False	http://farm9.staticflickr.com/8546/8999274628_d77f487e95.jpg	17	fe6c812c765757874b668a87cd801d	jpg	Hobo Matt	United States	2013-06-09T18:36:12Z	Attribution-NonCommercial-ShareAlike License	2013-05-12T17:55:17Z	SAMSUNG	90947625	It's R3AL	8999274628	[u'nyc', u'xmap']
New York	[2467278, 2459115, 12589352, 2347591, 12761807, 23424977, 56043648]	http://www.flickr.com/photos/48099890@N08/8998048021/		A good spot for rollerblading, <a href="http://shutupandsk8.wordpress.com/2010/07/07/skate-this-spot-3-the-spheres/" rel="nofollow">apparently</a>	False	http://farm4.staticflickr.com/3779/8998048021_ec8d96c22b.jpg	18	391bc8a5bc30736517f6a410f71643	jpg	Hobo Matt	United States	2013-06-09T18:31:38Z	Attribution-NonCommercial-ShareAlike License	2013-05-12T18:00:21Z	SAMSUNG	89411673	Floating sidewalk spheres	8998048021	[u'nyc', u'xmap']
New York	[2523102, 91982531, 2459115, 12589352, 2347591, 23424977, 56043648]	http://www.flickr.com/photos/48099890@N08/8999272510/			False	http://farm6.staticflickr.com/5331/8999272510_7160033f05.jpg	18	3cc76fc336bb8048a3fae9937e8cd44f	jpg	Hobo Matt	United States	2013-06-09T18:35:57Z	Attribution-NonCommercial-ShareAlike License	2013-05-12T18:14:26Z	SAMSUNG	62347151	Beneath the J train	8999272510	[u'nyc', u'xmap']
New York	[91587576, 2480964, 91982531, 2459115, 12589352, 2347591, 12761809, 23424977, 56043648]	http://www.flickr.com/photos/48099890@N08/8998082489/		Part of <em>The Circus Comes to Town</em> by <a href="http://en.wikipedia.org/wiki/Janet_Ellen_Morgan" rel="nofollow">Janet Ellen Morgan</a> at PS 273 in Richmond Hill	False	http://farm3.staticflickr.com/2809/8998082489_4e8da07cb6.jpg	18	48fba5192391f48d6f7e3137543c8b7e	jpg	Hobo Matt	United States	2013-06-09T18:35:28Z	Attribution-NonCommercial-ShareAlike License	2013-05-12T18:20:54Z	SAMSUNG	99358592	Strong monkey or well-balanced elephant?	8998082489	[u'nyc', u'xmap']
New York	[2480964, 28746221, 2459115, 12589352, 2347591, 12761809, 23424977, 56043648]	http://www.flickr.com/photos/48099890@N08/8999233136/			False	http://farm4.staticflickr.com/3712/8999233136_e5a886c218.jpg	18	963b5eb83a242c29236a1f7885124ad	jpg	Hobo Matt	United States	2013-06-09T18:31:31Z	Attribution-NonCommercial-ShareAlike License	2013-05-12T18:23:49Z	SAMSUNG SCH-I535	84572749	Pick up behind one; don't be one	8999233136	[u'nyc', u'xmap']
New York	[2467278, 2459115, 12589352, 2347591, 12761807, 23424977, 56043648]	http://www.flickr.com/photos/48099890@N08/8998081143/			False	http://farm8.staticflickr.com/7352/8998081143_f4db5a0f86.jpg	18	94b131d3c9c9407867fbc8eb1c3e013	jpg	Hobo Matt	United States	2013-06-09T18:35:19Z	Attribution-NonCommercial-ShareAlike License	2013-05-12T18:29:12Z	SAMSUNG	82978164	One building, two faiths	8998081143	[u'nyc', u'xmap']
New York	[23619093, 91982531, 2467278, 2459115, 12589352, 2347591, 12761808, 23424977, 56043648]	http://www.flickr.com/photos/48099890@N08/8999263684/			False	http://farm8.staticflickr.com/7301/8999263684_cc96d5fed2.jpg	18	eaffe4ddbde33d21c53c93e5dd5b2d9	jpg	Hobo Matt	United States	2013-06-09T18:34:57Z	Attribution-NonCommercial-ShareAlike License	2013-05-12T18:50:57Z	SAMSUNG SCH-I535	98214893	Portal of the day	8999263684	[u'nyc', u'portal', u'xmap']
New York	[2467278, 2459115, 12589352, 2347591, 12761808, 23424977, 56043648]	http://www.flickr.com/photos/48099890@N08/8999262502/		growing on the abandoned <a href="http://imjustwalkin.com/2013/02/03/the-future-queensway/" rel="nofollow">LIRR Rockaway Beach Branch</a>	False	http://farm4.staticflickr.com/3792/8999262502_7022fd295f.jpg	18	8f06eed3361a57c2149d8ddc6cbeca	jpg	Hobo Matt	United States	2013-06-09T18:34:49Z	Attribution-NonCommercial-ShareAlike License	2013-05-12T18:56:12Z	SAMSUNG	86979869	Mid-level forest	8999262502	[u'nyc', u'xmap']
New York	[2467278, 2459115, 12589352, 2347591, 12761808, 23424977, 56043648]	http://www.flickr.com/photos/48099890@N08/8999261550/			False	http://farm8.staticflickr.com/7421/8999261550_53494f2421.jpg	18	daa2c0bb62bda3e996864eceb668fa	jpg	Hobo Matt	United States	2013-06-09T18:34:43Z	Attribution-NonCommercial-ShareAlike License	2013-05-12T18:57:15Z	SAMSUNG	88139781	Lion in the sunshine	8999261550	[u'nyc', u'portal', u'xmap']
New York	[2467278, 2459115, 12589352, 2347591, 12761808, 23424977, 56043648]	http://www.flickr.com/photos/48099890@N08/8999260380/			False	http://farm6.staticflickr.com/5346/8999260380_86f408f29e.jpg	19	ec9daceea975581034d2f61e1eefa569	jpg	Hobo Matt	United States	2013-06-09T18:34:35Z	Attribution-NonCommercial-ShareAlike License	2013-05-12T19:07:04Z	SAMSUNG	92190945	Hey guys!	8999260380	[u'nyc', u'xmap']
New York	[23619332, 91982531, 2467278, 2459115, 12589352, 2347591, 12761808, 23424977, 56043648]	http://www.flickr.com/photos/48099890@N08/8998072259/		I think this one's elaborate enough to <a href="http://imjustwalkin.com/2013/01/18/another-911-memorial-hydrant/" rel="nofollow">count on its own</a>.	False	http://farm4.staticflickr.com/3719/8998072259_4e24859b45.jpg	19	49690862b16a5d26179ff7ed55664a7	jpg	Hobo Matt	United States	2013-06-09T18:34:19Z	Attribution-NonCommercial-ShareAlike License	2013-05-12T19:34:33Z	SAMSUNG	99426854	9/11 memorial #147	8998072259	[u'nyc', u'xmap']
New York	[28751525, 2467278, 2459115, 12589352, 2347591, 12761807, 23424977, 56043648]	http://www.flickr.com/photos/48099890@N08/8999256814/			False	http://farm6.staticflickr.com/5331/8999256814_bf023363ac.jpg	19	16dadb3490fd3165b6b4c89e3c434f3	jpg	Hobo Matt	United States	2013-06-09T18:34:11Z	Attribution-NonCommercial-ShareAlike License	2013-05-12T19:44:58Z	SAMSUNG	54356110	REAL ESTATE!!!!!!!!!	8999256814	[u'nyc', u'xmap']
New York	[28751525, 2467278, 2459115, 12589352, 2347591, 12761807, 23424977, 56043648]	http://www.flickr.com/photos/48099890@N08/8999255720/		THIS TREE IS HAZARDOUS TO SIGNS	False	http://farm4.staticflickr.com/3770/8999255720_b438f29619.jpg	19	c4ce5b83ccf586284678791b6d68b	jpg	Hobo Matt	United States	2013-06-09T18:34:03Z	Attribution-NonCommercial-ShareAlike License	2013-05-12T19:48:35Z	SAMSUNG	84499171	WARNING	8999255720	[u'nyc', u'xmap']
