town_s	woe_is	urlpage_s	machine_ss	desc_ws	video_b	url_s	hour_i	hash_s	ext_s	user_s	country_s	upload_dt	license_s	taken_dt	device_s	line_i	title_s	id	tag_ss
New York	[91801630, 55992063, 91982434, 2459115, 12589314, 2347591, 12761516, 23424977, 56043648]	http://www.flickr.com/photos/78244633@N00/4838847430/			False	http://farm5.staticflickr.com/4091/4838847430_af397ed092.jpg	12	d366159edb42145158ec6f91ded5948c	jpg	proteinbiochemist	United States	2010-07-28T20:20:59Z	Attribution-NonCommercial License	2010-07-28T12:21:36Z	Canon PowerShot A590 IS	92042782	IMG_9066	4838847430	[u'garden', u'wavehill']
New York	[91801630, 55992063, 91982434, 2459115, 12589314, 2347591, 12761516, 23424977, 56043648]	http://www.flickr.com/photos/78244633@N00/4838845354/			False	http://farm5.staticflickr.com/4148/4838845354_cd2be615ac.jpg	12	ad3c2728247fdbb747796d2b65a9092	jpg	proteinbiochemist	United States	2010-07-28T20:20:14Z	Attribution-NonCommercial License	2010-07-28T12:25:47Z	Canon PowerShot A590 IS	52783373	IMG_9068	4838845354	[u'garden', u'wavehill']
New York	[91801630, 55992063, 91982434, 2459115, 12589314, 2347591, 12761516, 23424977, 56043648]	http://www.flickr.com/photos/78244633@N00/4838848996/			False	http://farm5.staticflickr.com/4107/4838848996_1d6e297d99.jpg	12	6346c4f192d70583d32ef84f3998275	jpg	proteinbiochemist	United States	2010-07-28T20:21:30Z	Attribution-NonCommercial License	2010-07-28T12:29:20Z	Canon PowerShot A590 IS	85502948	IMG_9074	4838848996	[u'garden', u'wavehill']
New York	[91801630, 55992063, 91982434, 2459115, 12589314, 2347591, 12761516, 23424977, 56043648]	http://www.flickr.com/photos/78244633@N00/4838850284/			False	http://farm5.staticflickr.com/4144/4838850284_5049473643.jpg	12	99d55d3bbf8105c9314fe12b6affd	jpg	proteinbiochemist	United States	2010-07-28T20:21:58Z	Attribution-NonCommercial License	2010-07-28T12:29:27Z	Canon PowerShot A590 IS	77437214	IMG_9075	4838850284	[u'garden', u'wavehill']
New York	[91801630, 55992063, 91982434, 2459115, 12589314, 2347591, 12761516, 23424977, 56043648]	http://www.flickr.com/photos/78244633@N00/4838240065/			False	http://farm5.staticflickr.com/4091/4838240065_1a3090a6bf.jpg	12	1b4fdbf654eab634417ae838bd53f6d	jpg	proteinbiochemist	United States	2010-07-28T20:22:24Z	Attribution-NonCommercial License	2010-07-28T12:29:35Z	Canon PowerShot A590 IS	72832385	IMG_9076	4838240065	[u'garden', u'wavehill']
New York	[91801630, 91982434, 55992063, 2459115, 12589314, 2347591, 12761516, 23424977, 56043648]	http://www.flickr.com/photos/78244633@N00/4838241303/			False	http://farm5.staticflickr.com/4149/4838241303_3b18019cc4.jpg	12	d2b1216d82f049a3a476e32d993922e9	jpg	proteinbiochemist	United States	2010-07-28T20:22:52Z	Attribution-NonCommercial License	2010-07-28T12:29:46Z	Canon PowerShot A590 IS	99470339	IMG_9077	4838241303	[u'garden', u'wavehill']
New York	[91801630, 91982434, 55992063, 2459115, 12589314, 2347591, 12761516, 23424977, 56043648]	http://www.flickr.com/photos/78244633@N00/4838245463/			False	http://farm5.staticflickr.com/4125/4838245463_d684572522.jpg	12	16893fdcd411427a8b1841ddb8e5aed4	jpg	proteinbiochemist	United States	2010-07-28T20:24:20Z	Attribution-NonCommercial License	2010-07-28T12:31:38Z	Canon PowerShot A590 IS	98269987	IMG_9083	4838245463	[u'garden', u'wavehill']
New York	[91801630, 55992063, 91982434, 2459115, 12589314, 2347591, 12761516, 23424977, 56043648]	http://www.flickr.com/photos/78244633@N00/4838853686/			False	http://farm5.staticflickr.com/4146/4838853686_5fb3149194.jpg	12	22d8449bf9b4864bc7dd93277b72bfd1	jpg	proteinbiochemist	United States	2010-07-28T20:23:11Z	Attribution-NonCommercial License	2010-07-28T12:32:38Z	Canon PowerShot A590 IS	85579948	IMG_9084	4838853686	[u'garden', u'wavehill']
New York	[91801630, 55992063, 91982434, 2459115, 12589314, 2347591, 12761516, 23424977, 56043648]	http://www.flickr.com/photos/78244633@N00/4838854600/			False	http://farm5.staticflickr.com/4106/4838854600_85548a6b6c.jpg	12	981bbdbddcc0455492784f4820ae4a	jpg	proteinbiochemist	United States	2010-07-28T20:23:30Z	Attribution-NonCommercial License	2010-07-28T12:32:44Z	Canon PowerShot A590 IS	18669009	IMG_9085	4838854600	[u'garden', u'wavehill']
New York	[91801630, 55992063, 91982434, 2459115, 12589314, 2347591, 12761516, 23424977, 56043648]	http://www.flickr.com/photos/78244633@N00/4838246545/			False	http://farm5.staticflickr.com/4126/4838246545_69b884d736.jpg	12	3120827fc4c911452387e28f5e2933b	jpg	proteinbiochemist	United States	2010-07-28T20:24:43Z	Attribution-NonCommercial License	2010-07-28T12:32:53Z	Canon PowerShot A590 IS	52376645	IMG_9086	4838246545	[u'garden', u'wavehill']
New York	[91801630, 91982434, 55992063, 2459115, 12589314, 2347591, 12761516, 23424977, 56043648]	http://www.flickr.com/photos/78244633@N00/4838864998/			False	http://farm5.staticflickr.com/4125/4838864998_67c0ab57fb.jpg	12	d91076e28a33fac51cea69376e5f30fa	jpg	proteinbiochemist	United States	2010-07-28T20:27:06Z	Attribution-NonCommercial License	2010-07-28T12:33:31Z	Canon PowerShot A590 IS	72018745	IMG_9087	4838864998	[u'garden', u'wavehill']
New York	[91801630, 55992063, 91982434, 2459115, 12589314, 2347591, 12761516, 23424977, 56043648]	http://www.flickr.com/photos/78244633@N00/4838247923/			False	http://farm5.staticflickr.com/4106/4838247923_939952996a.jpg	12	82fcae4f95c3449626cac77d46dbb48	jpg	proteinbiochemist	United States	2010-07-28T20:25:11Z	Attribution-NonCommercial License	2010-07-28T12:33:53Z	Canon PowerShot A590 IS	62602210	IMG_9088	4838247923	[u'garden', u'wavehill']
New York	[91801630, 55992063, 91982434, 2459115, 12589314, 2347591, 12761516, 23424977, 56043648]	http://www.flickr.com/photos/78244633@N00/4838249137/			False	http://farm5.staticflickr.com/4153/4838249137_39b38fb8be.jpg	12	e547d82eb346576f2f99d13831c35	jpg	proteinbiochemist	United States	2010-07-28T20:25:38Z	Attribution-NonCommercial License	2010-07-28T12:34:02Z	Canon PowerShot A590 IS	74603623	IMG_9089	4838249137	[u'garden', u'wavehill']
New York	[91801630, 55992063, 91982434, 2459115, 12589314, 2347591, 12761516, 23424977, 56043648]	http://www.flickr.com/photos/78244633@N00/4838254519/			False	http://farm5.staticflickr.com/4085/4838254519_e20499417a.jpg	12	7608fc4773ef6ce1e7eb7a995305d	jpg	proteinbiochemist	United States	2010-07-28T20:27:35Z	Attribution-NonCommercial License	2010-07-28T12:35:35Z	Canon PowerShot A590 IS	65537585	IMG_9091	4838254519	[u'garden', u'wavehill']
New York	[91801630, 55992063, 91982434, 2459115, 12589314, 2347591, 12761516, 23424977, 56043648]	http://www.flickr.com/photos/78244633@N00/4838862140/			False	http://farm5.staticflickr.com/4127/4838862140_5544212a07.jpg	12	c2f1cd2732b5da6a5662e892c912867	jpg	proteinbiochemist	United States	2010-07-28T20:26:07Z	Attribution-NonCommercial License	2010-07-28T12:38:05Z	Canon PowerShot A590 IS	24689025	IMG_9092	4838862140	[u'garden', u'wavehill']
New York	[91801630, 91982434, 55992063, 2459115, 12589314, 2347591, 12761516, 23424977, 56043648]	http://www.flickr.com/photos/78244633@N00/4838255575/			False	http://farm5.staticflickr.com/4110/4838255575_4d7868a6fa.jpg	12	da31c4c72a7c2092d879d2fc042c74c	jpg	proteinbiochemist	United States	2010-07-28T20:27:58Z	Attribution-NonCommercial License	2010-07-28T12:38:16Z	Canon PowerShot A590 IS	70430032	IMG_9093	4838255575	[u'garden', u'wavehill']
New York	[91801630, 55992063, 91982434, 2459115, 12589314, 2347591, 12761516, 23424977, 56043648]	http://www.flickr.com/photos/78244633@N00/4838256339/			False	http://farm5.staticflickr.com/4132/4838256339_6d28b31927.jpg	12	fd59d3cd20e312f14977658d951536eb	jpg	proteinbiochemist	United States	2010-07-28T20:28:16Z	Attribution-NonCommercial License	2010-07-28T12:38:32Z	Canon PowerShot A590 IS	64437549	IMG_9094	4838256339	[u'garden', u'wavehill']
New York	[91801630, 55992063, 91982434, 2459115, 12589314, 2347591, 12761516, 23424977, 56043648]	http://www.flickr.com/photos/78244633@N00/4838257833/			False	http://farm5.staticflickr.com/4150/4838257833_2325ee055f.jpg	12	67a91e5abe43f2ceb8768673047add5	jpg	proteinbiochemist	United States	2010-07-28T20:28:47Z	Attribution-NonCommercial License	2010-07-28T12:38:46Z	Canon PowerShot A590 IS	77134131	IMG_9095	4838257833	[u'garden', u'wavehill']
New York	[91801630, 55992063, 91982434, 2459115, 12589314, 2347591, 12761516, 23424977, 56043648]	http://www.flickr.com/photos/78244633@N00/4838871978/			False	http://farm5.staticflickr.com/4149/4838871978_b4223921cc.jpg	12	17607424c7a23b838b75d6a6f9855197	jpg	proteinbiochemist	United States	2010-07-28T20:29:41Z	Attribution-NonCommercial License	2010-07-28T12:40:58Z	Canon PowerShot A590 IS	31996135	IMG_9096	4838871978	[u'garden', u'wavehill']
New York	[91801630, 55992063, 91982434, 2459115, 12589314, 2347591, 12761516, 23424977, 56043648]	http://www.flickr.com/photos/78244633@N00/4838870522/			False	http://farm5.staticflickr.com/4091/4838870522_e6702e8a77.jpg	12	9196cad2a5f5d5868521941125159ee	jpg	proteinbiochemist	United States	2010-07-28T20:29:09Z	Attribution-NonCommercial License	2010-07-28T12:41:05Z	Canon PowerShot A590 IS	96066212	IMG_9097	4838870522	[u'garden', u'wavehill']
New York	[91801630, 55992063, 91982434, 2459115, 12589314, 2347591, 12761516, 23424977, 56043648]	http://www.flickr.com/photos/78244633@N00/4838873122/			False	http://farm5.staticflickr.com/4127/4838873122_aeab3e833f.jpg	12	99a8ba2923cc92bc391b91a497b619cb	jpg	proteinbiochemist	United States	2010-07-28T20:30:07Z	Attribution-NonCommercial License	2010-07-28T12:41:13Z	Canon PowerShot A590 IS	92603416	IMG_9098	4838873122	[u'garden', u'wavehill']
New York	[91801630, 55992063, 91982434, 2459115, 12589314, 2347591, 12761516, 23424977, 56043648]	http://www.flickr.com/photos/78244633@N00/4838874034/			False	http://farm5.staticflickr.com/4087/4838874034_a4cbc24cfe.jpg	12	6fd85ff0143db615bb23333099523b48	jpg	proteinbiochemist	United States	2010-07-28T20:30:26Z	Attribution-NonCommercial License	2010-07-28T12:41:47Z	Canon PowerShot A590 IS	28181769	IMG_9099	4838874034	[u'garden', u'wavehill']
New York	[91801630, 55992063, 91982434, 2459115, 12589314, 2347591, 12761516, 23424977, 56043648]	http://www.flickr.com/photos/78244633@N00/4838876906/			False	http://farm5.staticflickr.com/4110/4838876906_6858d643d4.jpg	12	1396ffc7249f3ea3123e1b5b8e91e8c	jpg	proteinbiochemist	United States	2010-07-28T20:31:29Z	Attribution-NonCommercial License	2010-07-28T12:42:18Z	Canon PowerShot A590 IS	63480683	Allium	4838876906	[u'garden', u'wavehill']
New York	[91801630, 91982434, 55992063, 2459115, 12589314, 2347591, 12761516, 23424977, 56043648]	http://www.flickr.com/photos/78244633@N00/4838263319/			False	http://farm5.staticflickr.com/4149/4838263319_47ac5f4018.jpg	12	1c199d956500eeb06f78cbf78885	jpg	proteinbiochemist	United States	2010-07-28T20:30:51Z	Attribution-NonCommercial License	2010-07-28T12:42:27Z	Canon PowerShot A590 IS	1036841	Alliums	4838263319	[u'garden', u'wavehill']
New York	[91801630, 55992063, 91982434, 2459115, 12589314, 2347591, 12761516, 23424977, 56043648]	http://www.flickr.com/photos/78244633@N00/4838877894/			False	http://farm5.staticflickr.com/4083/4838877894_59006aecf7.jpg	12	f7d53aa0ef62148c81548a41a14c127b	jpg	proteinbiochemist	United States	2010-07-28T20:31:50Z	Attribution-NonCommercial License	2010-07-28T12:43:09Z	Canon PowerShot A590 IS	94516626	IMG_9102	4838877894	[u'garden', u'wavehill']
New York	[91801630, 55992063, 91982434, 2459115, 12589314, 2347591, 12761516, 23424977, 56043648]	http://www.flickr.com/photos/78244633@N00/4838266889/			False	http://farm5.staticflickr.com/4151/4838266889_ea20ea2cdc.jpg	12	897c88b2612ad9b495e9e6de82433847	jpg	proteinbiochemist	United States	2010-07-28T20:32:08Z	Attribution-NonCommercial License	2010-07-28T12:43:14Z	Canon PowerShot A590 IS	52711394	IMG_9103	4838266889	[u'garden', u'wavehill']
New York	[91801630, 91982434, 55992063, 2459115, 12589314, 2347591, 12761516, 23424977, 56043648]	http://www.flickr.com/photos/78244633@N00/4838880344/			False	http://farm5.staticflickr.com/4125/4838880344_43db86cde1.jpg	12	f9655bc99d29338ad171745cd19b9f	jpg	proteinbiochemist	United States	2010-07-28T20:32:44Z	Attribution-NonCommercial License	2010-07-28T12:48:42Z	Canon PowerShot A590 IS	84403934	Succulents	4838880344	[u'garden', u'wavehill']
New York	[91801630, 55992063, 91982434, 2459115, 12589314, 2347591, 12761516, 23424977, 56043648]	http://www.flickr.com/photos/78244633@N00/4838269823/			False	http://farm5.staticflickr.com/4150/4838269823_51d8256a06.jpg	12	9e4f28dab8f5a52e6abec83a21d8811	jpg	proteinbiochemist	United States	2010-07-28T20:33:12Z	Attribution-NonCommercial License	2010-07-28T12:48:49Z	Canon PowerShot A590 IS	31378841	Succulents	4838269823	[u'garden', u'wavehill']
New York	[91801630, 55992063, 91982434, 2459115, 12589314, 2347591, 12761516, 23424977, 56043648]	http://www.flickr.com/photos/78244633@N00/4838882768/			False	http://farm5.staticflickr.com/4128/4838882768_f3c684733d.jpg	12	64b243122daf6790ae6c425a727fe9	jpg	proteinbiochemist	United States	2010-07-28T20:33:35Z	Attribution-NonCommercial License	2010-07-28T12:57:14Z	Canon PowerShot A590 IS	82126176	Water lilies	4838882768	[u'garden', u'wavehill']
New York	[91801630, 55992063, 91982434, 2459115, 12589314, 2347591, 12761516, 23424977, 56043648]	http://www.flickr.com/photos/78244633@N00/4838883558/			False	http://farm5.staticflickr.com/4088/4838883558_183be648c5.jpg	12	4848be7f4ac71b27f0873f44e5242d	jpg	proteinbiochemist	United States	2010-07-28T20:33:57Z	Attribution-NonCommercial License	2010-07-28T12:57:37Z	Canon PowerShot A590 IS	83543534	Water lilies	4838883558	[u'garden', u'wavehill']
New York	[91801630, 91982434, 55992063, 2459115, 12589314, 2347591, 12761516, 23424977, 56043648]	http://www.flickr.com/photos/78244633@N00/4838272587/			False	http://farm5.staticflickr.com/4086/4838272587_1b878fa05d.jpg	12	b3a4d5bf60ebd419fdfa233ee63fe1	jpg	proteinbiochemist	United States	2010-07-28T20:34:15Z	Attribution-NonCommercial License	2010-07-28T12:57:55Z	Canon PowerShot A590 IS	81787095	Water lilies	4838272587	[u'garden', u'wavehill']
New York	[91801630, 55992063, 91982434, 2459115, 12589314, 2347591, 12761516, 23424977, 56043648]	http://www.flickr.com/photos/78244633@N00/4838273503/			False	http://farm5.staticflickr.com/4128/4838273503_db6b6d93ed.jpg	12	f5355f5ec764597f157959d8b97d3de	jpg	proteinbiochemist	United States	2010-07-28T20:34:36Z	Attribution-NonCommercial License	2010-07-28T12:58:41Z	Canon PowerShot A590 IS	92096107	Mosaic - waterplant	4838273503	[u'garden', u'wavehill']
New York	[91801630, 91982434, 55992063, 2459115, 12589314, 2347591, 12761516, 23424977, 56043648]	http://www.flickr.com/photos/78244633@N00/4838275945/			False	http://farm5.staticflickr.com/4124/4838275945_f524983308.jpg	13	79f89931b66d38b04d6412e82e1d75	jpg	proteinbiochemist	United States	2010-07-28T20:35:28Z	Attribution-NonCommercial License	2010-07-28T13:05:00Z	Canon PowerShot A590 IS	76340067	IMG_9110	4838275945	[u'garden', u'wavehill']
New York	[91801630, 91982434, 55992063, 2459115, 12589314, 2347591, 12761516, 23424977, 56043648]	http://www.flickr.com/photos/78244633@N00/4838277133/			False	http://farm5.staticflickr.com/4111/4838277133_3297b16c6b.jpg	13	741528f240bd9b0f337c284a5d14834	jpg	proteinbiochemist	United States	2010-07-28T20:35:54Z	Attribution-NonCommercial License	2010-07-28T13:05:10Z	Canon PowerShot A590 IS	82703150	IMG_9111	4838277133	[u'garden', u'wavehill']
New York	[91801630, 91982434, 55992063, 2459115, 12589314, 2347591, 12761516, 23424977, 56043648]	http://www.flickr.com/photos/78244633@N00/4838894494/			False	http://farm5.staticflickr.com/4109/4838894494_76189ae9f8.jpg	13	7299831ddab5a9c5c6bc757594a19b	jpg	proteinbiochemist	United States	2010-07-28T20:37:57Z	Attribution-NonCommercial License	2010-07-28T13:06:29Z	Canon PowerShot A590 IS	62291765	Wood borers	4838894494	[u'garden', u'wavehill']
New York	[91801630, 91982434, 55992063, 2459115, 12589314, 2347591, 12761516, 23424977, 56043648]	http://www.flickr.com/photos/78244633@N00/4838279093/			False	http://farm5.staticflickr.com/4106/4838279093_14fb00081a.jpg	13	f92991a0f0297bf68915971487cdf7ca	jpg	proteinbiochemist	United States	2010-07-28T20:36:36Z	Attribution-NonCommercial License	2010-07-28T13:10:19Z	Canon PowerShot A590 IS	72104402	Floor of gazebo at Wavehill	4838279093	[u'garden', u'wavehill']
New York	[91801630, 91982434, 55992063, 2459115, 12589314, 2347591, 12761516, 23424977, 56043648]	http://www.flickr.com/photos/78244633@N00/4838280727/			False	http://farm5.staticflickr.com/4087/4838280727_d985c9f757.jpg	13	37a264fee3c19f6415bf26445cc0fe	jpg	proteinbiochemist	United States	2010-07-28T20:37:13Z	Attribution-NonCommercial License	2010-07-28T13:10:29Z	Canon PowerShot A590 IS	71467664	Relaxing at Wavehill	4838280727	[u'garden', u'wavehill']
New York	[91801630, 55992063, 91982434, 2459115, 12589314, 2347591, 12761516, 23424977, 56043648]	http://www.flickr.com/photos/78244633@N00/4838281501/			False	http://farm5.staticflickr.com/4132/4838281501_3ee19ed696.jpg	13	548313dc9937a6cafa237f74d75a0d8	jpg	proteinbiochemist	United States	2010-07-28T20:37:30Z	Attribution-NonCommercial License	2010-07-28T13:10:37Z	Canon PowerShot A590 IS	3656058	View at Wavehill	4838281501	[u'garden', u'wavehill']
New York	[91801630, 55992063, 91982434, 2459115, 12589314, 2347591, 12761516, 23424977, 56043648]	http://www.flickr.com/photos/78244633@N00/4838285349/			False	http://farm5.staticflickr.com/4153/4838285349_54b697e781.jpg	13	4d47bbf8cf06a8430bedcf48cd0a7af	jpg	proteinbiochemist	United States	2010-07-28T20:38:54Z	Attribution-NonCommercial License	2010-07-28T13:11:11Z	Canon PowerShot A590 IS	81359428	Trash can	4838285349	[u'garden', u'wavehill']
New York	[91801630, 91982434, 55992063, 2459115, 12589314, 2347591, 12761516, 23424977, 56043648]	http://www.flickr.com/photos/78244633@N00/4838895434/			False	http://farm5.staticflickr.com/4089/4838895434_128abc2e10.jpg	13	cb2afe221c7976cfcf36f888e9f952b	jpg	proteinbiochemist	United States	2010-07-28T20:38:18Z	Attribution-NonCommercial License	2010-07-28T13:12:15Z	Canon PowerShot A590 IS	83696512	Lily	4838895434	[u'garden', u'wavehill']
New York	[91801630, 55992063, 91982434, 2459115, 12589314, 2347591, 12761516, 23424977, 56043648]	http://www.flickr.com/photos/78244633@N00/4838287121/			False	http://farm5.staticflickr.com/4090/4838287121_e4eb68d217.jpg	13	2cbe0fcbc9fd19ce91bc1b5607a17ee	jpg	proteinbiochemist	United States	2010-07-28T20:39:35Z	Attribution-NonCommercial License	2010-07-28T13:12:50Z	Canon PowerShot A590 IS	87558850	Lawn chair	4838287121	[u'garden', u'wavehill']
New York	[91801630, 91982434, 55992063, 2459115, 12589314, 2347591, 12761516, 23424977, 56043648]	http://www.flickr.com/photos/78244633@N00/4838293025/			False	http://farm5.staticflickr.com/4125/4838293025_75be95c3be.jpg	13	7b804ad146cbe99118d7285c2e250be	jpg	proteinbiochemist	United States	2010-07-28T20:41:43Z	Attribution-NonCommercial License	2010-07-28T13:12:59Z	Canon PowerShot A590 IS	66128036	Lawn chair	4838293025	[u'garden', u'wavehill']
New York	[91801630, 55992063, 91982434, 2459115, 12589314, 2347591, 12761516, 23424977, 56043648]	http://www.flickr.com/photos/78244633@N00/4838899886/			False	http://farm5.staticflickr.com/4153/4838899886_66bab9d244.jpg	13	f3857e2c9da897ad8e4a9d8811f601b	jpg	proteinbiochemist	United States	2010-07-28T20:39:55Z	Attribution-NonCommercial License	2010-07-28T13:13:47Z	Canon PowerShot A590 IS	79331303	IMG_9127	4838899886	[u'garden', u'wavehill']
New York	[91801630, 55992063, 91982434, 2459115, 12589314, 2347591, 12761516, 23424977, 56043648]	http://www.flickr.com/photos/78244633@N00/4838900886/			False	http://farm5.staticflickr.com/4085/4838900886_41f7b0db6e.jpg	13	d78ee847d1dfcb2a2812a9de6a86fb8	jpg	proteinbiochemist	United States	2010-07-28T20:40:16Z	Attribution-NonCommercial License	2010-07-28T13:13:52Z	Canon PowerShot A590 IS	72243812	IMG_9128	4838900886	[u'garden', u'wavehill']
New York	[91801630, 55992063, 91982434, 2459115, 12589314, 2347591, 12761516, 23424977, 56043648]	http://www.flickr.com/photos/78244633@N00/4838294599/			False	http://farm5.staticflickr.com/4088/4838294599_9833b1da47.jpg	13	5425e88e8db6c9b6a7cd66cca4e725c3	jpg	proteinbiochemist	United States	2010-07-28T20:42:14Z	Attribution-NonCommercial License	2010-07-28T13:23:11Z	Canon PowerShot A590 IS	67523140	IMG_9129	4838294599	[u'garden', u'wavehill']
New York	[91801630, 55992063, 91982434, 2459115, 12589314, 2347591, 12761516, 23424977, 56043648]	http://www.flickr.com/photos/78244633@N00/4838291141/			False	http://farm5.staticflickr.com/4129/4838291141_fb1cd24d16.jpg	13	2e1e5a1d319412a3bcd837648120c7ea	jpg	proteinbiochemist	United States	2010-07-28T20:41:02Z	Attribution-NonCommercial License	2010-07-28T13:23:24Z	Canon PowerShot A590 IS	58586351	IMG_9130	4838291141	[u'garden', u'wavehill']
New York	[91801630, 91982434, 55992063, 2459115, 12589314, 2347591, 12761516, 23424977, 56043648]	http://www.flickr.com/photos/78244633@N00/4838290033/			False	http://farm5.staticflickr.com/4103/4838290033_ed35598a80.jpg	13	de8cc558d8131aabe8160da348019c4	jpg	proteinbiochemist	United States	2010-07-28T20:40:39Z	Attribution-NonCommercial License	2010-07-28T13:23:35Z	Canon PowerShot A590 IS	95312481	IMG_9131	4838290033	[u'garden', u'wavehill']
New York	[91801630, 91982434, 55992063, 2459115, 12589314, 2347591, 12761516, 23424977, 56043648]	http://www.flickr.com/photos/78244633@N00/4838300103/			False	http://farm5.staticflickr.com/4089/4838300103_a4a78a621e.jpg	13	1ae1e499a2334f1af717d0d126f589d3	jpg	proteinbiochemist	United States	2010-07-28T20:44:10Z	Attribution-NonCommercial License	2010-07-28T13:45:26Z	Canon PowerShot A590 IS	25340049	Blue sky	4838300103	[u'garden', u'wavehill']
New York	[91801630, 91982434, 55992063, 2459115, 12589314, 2347591, 12761516, 23424977, 56043648]	http://www.flickr.com/photos/78244633@N00/4838296437/			False	http://farm5.staticflickr.com/4154/4838296437_6132554ef2.jpg	13	a5c53cce9226cebc24c9c518d052a6	jpg	proteinbiochemist	United States	2010-07-28T20:42:52Z	Attribution-NonCommercial License	2010-07-28T13:45:40Z	Canon PowerShot A590 IS	91482860	Relaxing and reading a book at Wavehill	4838296437	[u'garden', u'wavehill']
New York	[91801630, 55992063, 91982434, 2459115, 12589314, 2347591, 12761516, 23424977, 56043648]	http://www.flickr.com/photos/78244633@N00/4838910054/			False	http://farm5.staticflickr.com/4150/4838910054_db85aa9f9f.jpg	14	c287b2a2de8fba62371454a5b6e62447	jpg	proteinbiochemist	United States	2010-07-28T20:43:25Z	Attribution-NonCommercial License	2010-07-28T14:46:33Z	Canon PowerShot A590 IS	61316712	Wavehill	4838910054	[u'garden', u'wavehill']
New York	[91801630, 91982434, 55992063, 2459115, 12589314, 2347591, 12761516, 23424977, 56043648]	http://www.flickr.com/photos/78244633@N00/4838911072/			False	http://farm5.staticflickr.com/4128/4838911072_b24ab7c2d7.jpg	14	41e3a9b6a33c3027603c7827bfbb1086	jpg	proteinbiochemist	United States	2010-07-28T20:43:50Z	Attribution-NonCommercial License	2010-07-28T14:46:42Z	Canon PowerShot A590 IS	88361565	Lichen on tree	4838911072	[u'garden', u'wavehill']
New York	[91801630, 55992063, 91982434, 2459115, 12589314, 2347591, 12761516, 23424977, 56043648]	http://www.flickr.com/photos/78244633@N00/4838912850/			False	http://farm5.staticflickr.com/4103/4838912850_56ee4dcd9a.jpg	14	612bce306c1879952b3e625d6e96144	jpg	proteinbiochemist	United States	2010-07-28T20:44:27Z	Attribution-NonCommercial License	2010-07-28T14:46:55Z	Canon PowerShot A590 IS	65775245	Seed	4838912850	[u'garden', u'wavehill']
New York	[91801630, 91982434, 55992063, 2459115, 12589314, 2347591, 12761516, 23424977, 56043648]	http://www.flickr.com/photos/78244633@N00/4838302787/			False	http://farm5.staticflickr.com/4124/4838302787_d85d648c20.jpg	14	ee31d8a4c8804981eee6120f1d0aeda	jpg	proteinbiochemist	United States	2010-07-28T20:45:09Z	Attribution-NonCommercial License	2010-07-28T14:47:31Z	Canon PowerShot A590 IS	93367424	Jessica	4838302787	[u'garden', u'wavehill']
New York	[91801630, 55992063, 91982434, 2459115, 12589314, 2347591, 12761516, 23424977, 56043648]	http://www.flickr.com/photos/78244633@N00/4838913654/			False	http://farm5.staticflickr.com/4151/4838913654_2794508e80.jpg	14	ff721f2d2472f2dcd4d7dc59ddb1d9	jpg	proteinbiochemist	United States	2010-07-28T20:44:45Z	Attribution-NonCommercial License	2010-07-28T14:49:54Z	Canon PowerShot A590 IS	75390204	Seeds	4838913654	[u'garden', u'wavehill']
New York	[91801630, 55992063, 91982434, 2459115, 12589314, 2347591, 12761516, 23424977, 56043648]	http://www.flickr.com/photos/78244633@N00/4838915692/			False	http://farm5.staticflickr.com/4127/4838915692_a2a6c32360.jpg	14	df2ebf1d0a2437af21959d1859e87	jpg	proteinbiochemist	United States	2010-07-28T20:45:29Z	Attribution-NonCommercial License	2010-07-28T14:50:33Z	Canon PowerShot A590 IS	98022966	Jessica	4838915692	[u'garden', u'wavehill']
New York	[91801630, 91982434, 55992063, 2459115, 12589314, 2347591, 12761516, 23424977, 56043648]	http://www.flickr.com/photos/78244633@N00/4838304997/			False	http://farm5.staticflickr.com/4085/4838304997_0799532f81.jpg	14	a32ebdc7eb3b4ac2aeb4055e1b0b3d7	jpg	proteinbiochemist	United States	2010-07-28T20:45:57Z	Attribution-NonCommercial License	2010-07-28T14:51:40Z	Canon PowerShot A590 IS	79258178	Lawn chair	4838304997	[u'garden', u'wavehill']
New York	[91801630, 91982434, 55992063, 2459115, 12589314, 2347591, 12761516, 23424977, 56043648]	http://www.flickr.com/photos/78244633@N00/4838920100/			False	http://farm5.staticflickr.com/4128/4838920100_8de5108d7a.jpg	14	65c16525b73cac650e99b7b38c1711	jpg	proteinbiochemist	United States	2010-07-28T20:47:04Z	Attribution-NonCommercial License	2010-07-28T14:51:59Z	Canon PowerShot A590 IS	73654538	Lawn chair	4838920100	[u'garden', u'wavehill']
New York	[91801630, 55992063, 91982434, 2459115, 12589314, 2347591, 12761516, 23424977, 56043648]	http://www.flickr.com/photos/78244633@N00/4838306111/			False	http://farm5.staticflickr.com/4090/4838306111_6bb1d89aea.jpg	14	a57e392cb7a2cb3a68222c4bd7ee	jpg	proteinbiochemist	United States	2010-07-28T20:46:22Z	Attribution-NonCommercial License	2010-07-28T14:52:29Z	Canon PowerShot A590 IS	38031503	Coleus	4838306111	[u'garden', u'wavehill']
New York	[91801630, 91982434, 55992063, 2459115, 12589314, 2347591, 12761516, 23424977, 56043648]	http://www.flickr.com/photos/78244633@N00/4838312265/			False	http://farm5.staticflickr.com/4131/4838312265_bb6e5b0792.jpg	14	ecd4d33ecd61df7276868a91d29156	jpg	proteinbiochemist	United States	2010-07-28T20:48:46Z	Attribution-NonCommercial License	2010-07-28T14:52:57Z	Canon PowerShot A590 IS	12399758	Underside of fern leaf	4838312265	[u'garden', u'wavehill']
New York	[91801630, 55992063, 91982434, 2459115, 12589314, 2347591, 12761516, 23424977, 56043648]	http://www.flickr.com/photos/78244633@N00/4838314997/			False	http://farm5.staticflickr.com/4125/4838314997_58eb96382e.jpg	14	2c3321ca2a99b24a322664a47cd192b0	jpg	proteinbiochemist	United States	2010-07-28T20:49:47Z	Attribution-NonCommercial License	2010-07-28T14:53:09Z	Canon PowerShot A590 IS	78466878	Fern	4838314997	[u'garden', u'wavehill']
New York	[91801630, 55992063, 91982434, 2459115, 12589314, 2347591, 12761516, 23424977, 56043648]	http://www.flickr.com/photos/78244633@N00/4838921462/			False	http://farm5.staticflickr.com/4132/4838921462_b90f7fbb13.jpg	14	fb8d96bed87dc327ad7296261ba5d1fa	jpg	proteinbiochemist	United States	2010-07-28T20:47:32Z	Attribution-NonCommercial License	2010-07-28T14:53:21Z	Canon PowerShot A590 IS	74356661	Cycad	4838921462	[u'garden', u'wavehill']
New York	[91801630, 91982434, 55992063, 2459115, 12589314, 2347591, 12761516, 23424977, 56043648]	http://www.flickr.com/photos/78244633@N00/4838311177/			False	http://farm5.staticflickr.com/4103/4838311177_18eed02f3e.jpg	14	429c5c921d66eafab3fa48859216b70	jpg	proteinbiochemist	United States	2010-07-28T20:48:21Z	Attribution-NonCommercial License	2010-07-28T14:57:31Z	Canon PowerShot A590 IS	41252581	Sticks and acorns	4838311177	[u'garden', u'wavehill']
New York	[91801630, 91982434, 55992063, 2459115, 12589314, 2347591, 12761516, 23424977, 56043648]	http://www.flickr.com/photos/78244633@N00/4838313811/			False	http://farm5.staticflickr.com/4108/4838313811_936fe1f852.jpg	14	7b5e82609aca8af197e49f2950f145	jpg	proteinbiochemist	United States	2010-07-28T20:49:20Z	Attribution-NonCommercial License	2010-07-28T14:58:06Z	Canon PowerShot A590 IS	61300035	Lawn chair	4838313811	[u'garden', u'wavehill']
New York	[91801630, 55992063, 91982434, 2459115, 12589314, 2347591, 12761516, 23424977, 56043648]	http://www.flickr.com/photos/78244633@N00/4838929744/			False	http://farm5.staticflickr.com/4130/4838929744_28c404bc32.jpg	14	0434a456b706668b771fe55dc5a8a	jpg	proteinbiochemist	United States	2010-07-28T20:50:39Z	Attribution-NonCommercial License	2010-07-28T14:58:20Z	Canon PowerShot A590 IS	72051150	Lawn chair	4838929744	[u'garden', u'wavehill']
New York	[91801630, 55992063, 91982434, 2459115, 12589314, 2347591, 12761516, 23424977, 56043648]	http://www.flickr.com/photos/78244633@N00/4838932440/			False	http://farm5.staticflickr.com/4109/4838932440_5a71304369.jpg	14	cc4e92016a373e72cab77cfe9c62edb	jpg	proteinbiochemist	United States	2010-07-28T20:51:39Z	Attribution-NonCommercial License	2010-07-28T14:58:58Z	Canon PowerShot A590 IS	70610742	IMG_9153	4838932440	[u'garden', u'wavehill']
New York	[91801630, 55992063, 91982434, 2459115, 12589314, 2347591, 12761516, 23424977, 56043648]	http://www.flickr.com/photos/78244633@N00/4838935228/			False	http://farm5.staticflickr.com/4146/4838935228_f85db474a1.jpg	15	1461aca6ec908166c8b7dc1fbc92c623	jpg	proteinbiochemist	United States	2010-07-28T20:52:39Z	Attribution-NonCommercial License	2010-07-28T15:00:26Z	Canon PowerShot A590 IS	71179954	Hose	4838935228	[u'garden', u'wavehill']
New York	[91801630, 55992063, 91982434, 2459115, 12589314, 2347591, 12761516, 23424977, 56043648]	http://www.flickr.com/photos/78244633@N00/4838928492/			False	http://farm5.staticflickr.com/4090/4838928492_71dea8f04d.jpg	15	aebbc4481c7cc7ee1826e962efc4b6d	jpg	proteinbiochemist	United States	2010-07-28T20:50:11Z	Attribution-NonCommercial License	2010-07-28T15:00:51Z	Canon PowerShot A590 IS	61775572	Hose	4838928492	[u'garden', u'wavehill']
New York	[91801630, 55992063, 91982434, 2459115, 12589314, 2347591, 12761516, 23424977, 56043648]	http://www.flickr.com/photos/78244633@N00/4838321453/			False	http://farm5.staticflickr.com/4089/4838321453_74d36071ed.jpg	15	bc277a5cee665f6f7abf5d3d33a7c63	jpg	proteinbiochemist	United States	2010-07-28T20:52:06Z	Attribution-NonCommercial License	2010-07-28T15:04:35Z	Canon PowerShot A590 IS	61686238	IMG_9157	4838321453	[u'garden', u'wavehill']
