town_s	woe_is	urlpage_s	machine_ss	desc_ws	video_b	url_s	hour_i	hash_s	ext_s	user_s	country_s	upload_dt	license_s	taken_dt	device_s	line_i	title_s	id	tag_ss
New York	[2459115, 12589342, 2347591, 12761365, 23424977, 56043648]	http://www.flickr.com/photos/24013640@N02/5251572564/			False	http://farm6.staticflickr.com/5209/5251572564_96609e9955.jpg	7	4c773f5f59ce9a413f4b5319781c474d	jpg	Steve Guttman NYC	United States	2010-12-11T14:25:31Z	Attribution-NonCommercial-NoDerivs License	2010-12-11T07:49:02Z	OLYMPUS IMAGING CORP. E-5	79008267	Canada geese, pink morning light	5251572564	
New York	[2459115, 12589342, 2347591, 12761364, 23424977, 56043648]	http://www.flickr.com/photos/24013640@N02/5250971145/		On the morning walk: Inwood Hill Park, NYC	False	http://farm6.staticflickr.com/5005/5250971145_a703c32488.jpg	7	384ab49bd428080a3b8e8a59167314	jpg	Steve Guttman NYC	United States	2010-12-11T14:26:22Z	Attribution-NonCommercial-NoDerivs License	2010-12-11T07:52:49Z	OLYMPUS IMAGING CORP. E-5	99921812	Suddenly, two swans	5250971145	
New York	[2459115, 12589342, 2347591, 12761365, 23424977, 56043648]	http://www.flickr.com/photos/24013640@N02/5250975881/		On the morning walk: Inwood Hill Park, NYC	False	http://farm6.staticflickr.com/5127/5250975881_01e89c37d6.jpg	7	8879b2816633e180ba9344cb9076c84	jpg	Steve Guttman NYC	United States	2010-12-11T14:28:39Z	Attribution-NonCommercial-NoDerivs License	2010-12-11T07:53:17Z	OLYMPUS IMAGING CORP. E-5	71489139	Suddenly, two swans	5250975881	
New York	[55864590, 2459115, 12589342, 2347591, 12761365, 23424977, 23495606, 56043648]	http://www.flickr.com/photos/24013640@N02/5250976941/		On the morning walk: Inwood Hill Park, NYC	False	http://farm6.staticflickr.com/5003/5250976941_74f812cb16.jpg	8	be82b2964512e122be2e868039797637	jpg	Steve Guttman NYC	United States	2010-12-11T14:29:09Z	Attribution-NonCommercial-NoDerivs License	2010-12-11T08:09:01Z	OLYMPUS IMAGING CORP. E-5	40765802	Red-tailed hawk	5250976941	
New York	[55864590, 2459115, 12589342, 2347591, 12761365, 23424977, 23495606, 56043648]	http://www.flickr.com/photos/24013640@N02/5251584778/		On the morning walk: Inwood Hill Park, NYC	False	http://farm6.staticflickr.com/5046/5251584778_e5e2a7c1c7.jpg	8	86fc189c24868b3f3946e1860d68a11	jpg	Steve Guttman NYC	United States	2010-12-11T14:31:32Z	Attribution-NonCommercial-NoDerivs License	2010-12-11T08:19:37Z	OLYMPUS IMAGING CORP. E-5	67680613	By the tennis courts	5251584778	
New York	[91801527, 2369991, 2459115, 12589335, 2347591, 12761719, 23424977, 56043648]	http://www.flickr.com/photos/24013640@N02/5253261832/		View of lower Manhattan from Brooklyn Heights	False	http://farm6.staticflickr.com/5087/5253261832_d36fec6130.jpg	14	eeeb3332f933a0647a2be757b22586c2	jpg	Steve Guttman NYC	United States	2010-12-12T03:12:19Z	Attribution-NonCommercial-NoDerivs License	2010-12-11T14:03:11Z	OLYMPUS IMAGING CORP. E-5	78457574	On the afternoon outing	5253261832	
New York	[91801527, 2369991, 2459115, 12589335, 2347591, 12761719, 23424977, 56043648]	http://www.flickr.com/photos/24013640@N02/5252653623/		View of lower Manhattan from Brooklyn Heights	False	http://farm6.staticflickr.com/5085/5252653623_145167d4e4.jpg	14	e2d4e0f241b8c228b2d86bf230821fe	jpg	Steve Guttman NYC	United States	2010-12-12T03:13:01Z	Attribution-NonCommercial-NoDerivs License	2010-12-11T14:03:22Z	OLYMPUS IMAGING CORP. E-5	82877409	On the afternoon outing	5252653623	
New York	[91801527, 2369991, 2459115, 12589335, 2347591, 12761719, 23424977, 56043648]	http://www.flickr.com/photos/24013640@N02/5252655885/		View of lower Manhattan from Brooklyn Heights	False	http://farm6.staticflickr.com/5288/5252655885_4b1b21fdd3.jpg	14	f82729dcdadba0201335505e3f7581	jpg	Steve Guttman NYC	United States	2010-12-12T03:14:05Z	Attribution-NonCommercial-NoDerivs License	2010-12-11T14:03:27Z	OLYMPUS IMAGING CORP. E-5	95729677	On the afternoon outing	5252655885	
New York	[91801527, 2369991, 2459115, 12589335, 2347591, 12761719, 23424977, 56043648]	http://www.flickr.com/photos/24013640@N02/5253267704/		View of lower Manhattan from Brooklyn Heights	False	http://farm6.staticflickr.com/5046/5253267704_7d1a843a6a.jpg	14	3a8ea847ed265f8e242d98736d79d	jpg	Steve Guttman NYC	United States	2010-12-12T03:15:12Z	Attribution-NonCommercial-NoDerivs License	2010-12-11T14:06:09Z	OLYMPUS IMAGING CORP. E-5	85236762	On the afternoon outing	5253267704	
New York	[91801527, 2369991, 2459115, 12589335, 2347591, 12761719, 23424977, 56043648]	http://www.flickr.com/photos/24013640@N02/5252659949/		View of lower Manhattan from Brooklyn Heights	False	http://farm6.staticflickr.com/5206/5252659949_8b82315a0c.jpg	14	be384f1ab15c84be2a4a53af255428ad	jpg	Steve Guttman NYC	United States	2010-12-12T03:16:04Z	Attribution-NonCommercial-NoDerivs License	2010-12-11T14:13:34Z	OLYMPUS IMAGING CORP. E-5	78021102	On the afternoon outing	5252659949	
New York	[2459115, 12589342, 2347591, 12761336, 23424977, 12523144, 56043648]	http://www.flickr.com/photos/24013640@N02/5252704125/		Ferry terminal and Ellis Island seen from Brooklyn Heights	False	http://farm6.staticflickr.com/5250/5252704125_b5ce5ac1f5.jpg	14	56ae2dd4ea7cbc1824daa6f79069a58e	jpg	Steve Guttman NYC	United States	2010-12-12T03:37:28Z	Attribution-NonCommercial-NoDerivs License	2010-12-11T14:17:42Z	OLYMPUS IMAGING CORP. E-5	71004624	On the afternoon outing	5252704125	
New York	[91801527, 2369991, 2459115, 12589335, 2347591, 12761719, 23424977, 56043648]	http://www.flickr.com/photos/24013640@N02/5252674185/		View is of lower Manhattan (from Brooklyn Heights)	False	http://farm6.staticflickr.com/5125/5252674185_85b2dfee13.jpg	14	5377a321aef3a32f24a3d88cdca0c1	jpg	Steve Guttman NYC	United States	2010-12-12T03:22:56Z	Attribution-NonCommercial-NoDerivs License	2010-12-11T14:21:28Z	OLYMPUS IMAGING CORP. E-5	68393114	Blind pedestrian, Remsen Street	5252674185	
New York	[91801527, 2369991, 2459115, 12589335, 2347591, 12761719, 23424977, 56043648]	http://www.flickr.com/photos/24013640@N02/5253286936/		Brooklyn Heights	False	http://farm6.staticflickr.com/5284/5253286936_c40e22c46b.jpg	14	aa6bf8a5bc32b4cab7a4764628020c1	jpg	Steve Guttman NYC	United States	2010-12-12T03:24:25Z	Attribution-NonCommercial-NoDerivs License	2010-12-11T14:22:35Z	OLYMPUS IMAGING CORP. E-5	39831735	On the afternoon outing	5253286936	
New York	[56204448, 91801527, 91982379, 2459115, 12589335, 2347591, 12761719, 23424977, 56043648]	http://www.flickr.com/photos/24013640@N02/5253289286/		The dogs getting some attention in Brooklyn Heights. 115 Montague Street, Brooklyn 11201.	False	http://farm6.staticflickr.com/5244/5253289286_b05c26e533.jpg	14	52a8248ef8653830186b33c0f621b32b	jpg	Steve Guttman NYC	United States	2010-12-12T03:25:34Z	Attribution-NonCommercial-NoDerivs License	2010-12-11T14:45:07Z	OLYMPUS IMAGING CORP. E-5	5820580	On the afternoon outing	5253289286	
New York	[2442628, 2459115, 12589342, 2347591, 12761369, 23424977, 56043648]	http://www.flickr.com/photos/24013640@N02/5253296776/		Brooklyn-bound	False	http://farm6.staticflickr.com/5004/5253296776_382bf214a0.jpg	14	24961c82cfaed1f647b6944d4d458734	jpg	Steve Guttman NYC	United States	2010-12-12T03:29:03Z	Attribution-NonCommercial-NoDerivs License	2010-12-11T14:49:22Z	OLYMPUS IMAGING CORP. E-520	45821423	Brooklyn Bridge	5253296776	
New York	[2442628, 2459115, 12589342, 2347591, 12761369, 23424977, 56043648]	http://www.flickr.com/photos/24013640@N02/5252688717/		Brooklyn-bound	False	http://farm6.staticflickr.com/5203/5252688717_00a52a6f45.jpg	14	59e557c1f3d1b7dd7f9018e54dd78b	jpg	Steve Guttman NYC	United States	2010-12-12T03:29:59Z	Attribution-NonCommercial-NoDerivs License	2010-12-11T14:49:24Z	OLYMPUS IMAGING CORP. E-520	88252996	Brooklyn Bridge	5252688717	
New York	[91801527, 2369991, 2459115, 12589335, 2347591, 12761719, 23424977, 56043648]	http://www.flickr.com/photos/24013640@N02/5252694003/		View of lower Manhattan from Brooklyn Heights. Brooklyn Bridge Park under construction.	False	http://farm6.staticflickr.com/5205/5252694003_c71a713992.jpg	15	19fe492199e4bacd18d58aedce1cba0	jpg	Steve Guttman NYC	United States	2010-12-12T03:32:30Z	Attribution-NonCommercial-NoDerivs License	2010-12-11T15:01:09Z	OLYMPUS IMAGING CORP. E-520	66183545	On the afternoon outing	5252694003	
New York	[91801527, 2369991, 2459115, 12589335, 2347591, 12761719, 23424977, 56043648]	http://www.flickr.com/photos/24013640@N02/5253306628/		View of lower Manhattan from Brooklyn Heights	False	http://farm6.staticflickr.com/5125/5253306628_d0afeabe27.jpg	15	8c21812b23854b0a65a783935a642	jpg	Steve Guttman NYC	United States	2010-12-12T03:33:38Z	Attribution-NonCommercial-NoDerivs License	2010-12-11T15:22:58Z	OLYMPUS IMAGING CORP. E-5	74800538	On the afternoon outing	5253306628	
New York	[91801527, 2369991, 2459115, 12589335, 2347591, 12761719, 23424977, 56043648]	http://www.flickr.com/photos/24013640@N02/5252698381/		View of lower Manhattan from Brooklyn Heights	False	http://farm6.staticflickr.com/5130/5252698381_a03145c338.jpg	15	db3cef5e3cc89c7afaf08c9351b6b14c	jpg	Steve Guttman NYC	United States	2010-12-12T03:34:33Z	Attribution-NonCommercial-NoDerivs License	2010-12-11T15:23:27Z	OLYMPUS IMAGING CORP. E-5	61907819	On the afternoon outing	5252698381	
New York	[91801527, 2369991, 2459115, 12589335, 2347591, 12761719, 23424977, 56043648]	http://www.flickr.com/photos/24013640@N02/5253310412/		View of lower Manhattan from Brooklyn Heights	False	http://farm6.staticflickr.com/5002/5253310412_55912c938b.jpg	15	8199dd1d9c7bfd23b48db17464774943	jpg	Steve Guttman NYC	United States	2010-12-12T03:35:31Z	Attribution-NonCommercial-NoDerivs License	2010-12-11T15:23:40Z	OLYMPUS IMAGING CORP. E-5	87194109	On the afternoon outing	5253310412	
New York	[91801527, 2369991, 2459115, 12589335, 2347591, 12761719, 23424977, 56043648]	http://www.flickr.com/photos/24013640@N02/5252702449/		View of lower Manhattan from Brooklyn Heights	False	http://farm6.staticflickr.com/5290/5252702449_9037acfce4.jpg	15	40c27701c1542d85f498f867b2f72	jpg	Steve Guttman NYC	United States	2010-12-12T03:36:36Z	Attribution-NonCommercial-NoDerivs License	2010-12-11T15:23:47Z	OLYMPUS IMAGING CORP. E-5	71341344	On the afternoon outing	5252702449	
New York	[2459115, 12589342, 2347591, 12761336, 23424977, 12523144, 56043648]	http://www.flickr.com/photos/24013640@N02/5252704795/		Ferry + terminal seen from Brooklyn Heights	False	http://farm6.staticflickr.com/5287/5252704795_4781633a36.jpg	15	6a54e57586b112d87635b447a473c2d2	jpg	Steve Guttman NYC	United States	2010-12-12T03:37:50Z	Attribution-NonCommercial-NoDerivs License	2010-12-11T15:27:01Z	OLYMPUS IMAGING CORP. E-5	35177228	On the afternoon outing	5252704795	
New York	[91801527, 2369991, 2459115, 12589335, 2347591, 12761719, 23424977, 56043648]	http://www.flickr.com/photos/24013640@N02/5252708025/		Brooklyn Heights artist and his work.	False	http://farm6.staticflickr.com/5004/5252708025_4caef07a59.jpg	15	ce448acf223cac72c12f42a5b890c9	jpg	Steve Guttman NYC	United States	2010-12-12T03:39:30Z	Attribution-NonCommercial-NoDerivs License	2010-12-11T15:28:34Z	OLYMPUS IMAGING CORP. E-5	93149116	On the afternoon outing	5252708025	
New York	[91801527, 2369991, 2459115, 12589335, 2347591, 12761719, 23424977, 56043648]	http://www.flickr.com/photos/24013640@N02/5253320236/		Brooklyn Heights artist	False	http://farm6.staticflickr.com/5010/5253320236_3475d68d16.jpg	15	d4d4dff9fb94ace6fdcf12de5b3f55b	jpg	Steve Guttman NYC	United States	2010-12-12T03:40:31Z	Attribution-NonCommercial-NoDerivs License	2010-12-11T15:28:45Z	OLYMPUS IMAGING CORP. E-5	61124159	On the afternoon outing	5253320236	
New York	[91801527, 56204448, 91982379, 2459115, 12589335, 2347591, 12761719, 23424977, 56043648]	http://www.flickr.com/photos/24013640@N02/5252681941/		The dogs getting some attention in Brooklyn Heights. 115 Montague Street, NY 11201.	False	http://farm6.staticflickr.com/5169/5252681941_835d279bd0.jpg	15	91b1942f4ef21b9ce1b4d6fd58272	jpg	Steve Guttman NYC	United States	2010-12-12T03:26:45Z	Attribution-NonCommercial-NoDerivs License	2010-12-11T15:38:04Z	OLYMPUS IMAGING CORP. E-520	64757188	On the afternoon outing	5252681941	
New York	[91801527, 2369991, 2459115, 12589335, 2347591, 12761719, 23424977, 56043648]	http://www.flickr.com/photos/24013640@N02/5253322652/		Brooklyn Heights	False	http://farm6.staticflickr.com/5283/5253322652_b619f94b36.jpg	15	575bc8d2a1386342e977ff812fe63cef	jpg	Steve Guttman NYC	United States	2010-12-12T03:41:44Z	Attribution-NonCommercial-NoDerivs License	2010-12-11T15:41:54Z	OLYMPUS IMAGING CORP. E-5	66342801	Brooklyn Bridge	5253322652	
New York	[91801527, 2369991, 2459115, 12589335, 2347591, 12761719, 23424977, 56043648]	http://www.flickr.com/photos/24013640@N02/5252714213/		View of lower Manhattan from Brooklyn Heights	False	http://farm6.staticflickr.com/5088/5252714213_0665377e6c.jpg	15	aa99702c24d89b71b8d6257908cc6a	jpg	Steve Guttman NYC	United States	2010-12-12T03:42:45Z	Attribution-NonCommercial-NoDerivs License	2010-12-11T15:42:11Z	OLYMPUS IMAGING CORP. E-5	73029257	On the afternoon outing	5252714213	
New York	[28751217, 91801527, 91982379, 2459115, 12589335, 2347591, 12761719, 23424977, 56043648]	http://www.flickr.com/photos/24013640@N02/5252719005/		Manhattan-bound	False	http://farm6.staticflickr.com/5244/5252719005_4175b8f18d.jpg	15	17da0d56b3cf6847cf84774849788e9	jpg	Steve Guttman NYC	United States	2010-12-12T03:45:05Z	Attribution-NonCommercial-NoDerivs License	2010-12-11T15:58:03Z	OLYMPUS IMAGING CORP. E-5	8976658	Brooklyn Bridge	5252719005	
New York	[23677849, 2459115, 12589335, 2347591, 23424977, 56043648]	http://www.flickr.com/photos/24013640@N02/5252721941/		Brooklyn Bridge, Manhattan-bound	False	http://farm6.staticflickr.com/5286/5252721941_4f66903b0f.jpg	15	36ae5ec952d8955b19ce31e2942735be	jpg	Steve Guttman NYC	United States	2010-12-12T03:46:35Z	Attribution-NonCommercial-NoDerivs License	2010-12-11T15:58:19Z	OLYMPUS IMAGING CORP. E-5	82311336	On the afternoon outing	5252721941	
New York	[91801527, 2459115, 12589335, 2347591, 12761719, 23424977, 91563864, 56043648]	http://www.flickr.com/photos/24013640@N02/5253336156/		Brooklyn Heights: <a href="http://brooklynicecreamfactory.com/" rel="nofollow">brooklynicecreamfactory.com/</a>	False	http://farm6.staticflickr.com/5083/5253336156_b334edf4f0.jpg	16	fbe9e528d877f1ceaf7bc3f2372637	jpg	Steve Guttman NYC	United States	2010-12-12T03:48:22Z	Attribution-NonCommercial-NoDerivs License	2010-12-11T16:36:10Z	OLYMPUS IMAGING CORP. E-520	92280667	Brooklyn Ice Cream Factory	5253336156	
New York	[28751260, 91801527, 2459115, 12589335, 2347591, 12761719, 23424977, 56043648]	http://www.flickr.com/photos/24013640@N02/5253339376/		from Brooklyn Heights	False	http://farm6.staticflickr.com/5285/5253339376_4af4715f22.jpg	16	48fbd38e772c81e19bd9af5e2b11f7	jpg	Steve Guttman NYC	United States	2010-12-12T03:49:59Z	Attribution-NonCommercial-NoDerivs License	2010-12-11T16:37:11Z	OLYMPUS IMAGING CORP. E-520	94310192	Brooklyn Bridge	5253339376	
