town_s	woe_is	urlpage_s	machine_ss	desc_ws	video_b	url_s	hour_i	hash_s	ext_s	user_s	country_s	upload_dt	license_s	taken_dt	device_s	line_i	title_s	id	tag_ss
New York	[2459115, 12589342, 2347591, 12761364, 23424977, 56043648]	http://www.flickr.com/photos/24013640@N02/9424372601/		Friday morning, Inwood Hill Park, New York	False	http://farm4.staticflickr.com/3688/9424372601_b09a61546a.jpg	7	8687b83fd84eebe6f16764a914568	jpg	Steve Guttman NYC	United States	2013-08-03T03:11:12Z	Attribution-NonCommercial-NoDerivs License	2013-08-02T07:31:41Z	OLYMPUS IMAGING CORP. E-5	34832869	P8021656_041c5	9424372601	
New York	[2459115, 12589342, 2347591, 12761365, 23424977, 56043648]	http://www.flickr.com/photos/24013640@N02/9424367059/		Friday morning, Inwood Hill Park, New York	False	http://farm6.staticflickr.com/5490/9424367059_961a9b1139.jpg	7	2cb72606697b29515a5bf9234518bed	jpg	Steve Guttman NYC	United States	2013-08-03T03:09:46Z	Attribution-NonCommercial-NoDerivs License	2013-08-02T07:35:33Z	SONY DSC-RX100M2	1732274	Hibiscus	9424367059	
New York	[2459115, 12589342, 2347591, 12761365, 23424977, 56043648]	http://www.flickr.com/photos/24013640@N02/9427133770/		Friday morning, Inwood Hill Park, New York	False	http://farm4.staticflickr.com/3744/9427133770_0eafea5dbc.jpg	7	9e2634c9026cb67adfeb538cce1e151	jpg	Steve Guttman NYC	United States	2013-08-03T03:09:09Z	Attribution-NonCommercial-NoDerivs License	2013-08-02T07:35:42Z	SONY DSC-RX100M2	73620769	Hibiscus	9427133770	
New York	[2459115, 12589342, 2347591, 12761365, 23424977, 56043648]	http://www.flickr.com/photos/24013640@N02/9424251983/		HDR tonemapped.	False	http://farm4.staticflickr.com/3687/9424251983_976f4c62d5.jpg	7	62ec3ae3fb6a82b8548d175d33c1c999	jpg	Steve Guttman NYC	United States	2013-08-03T02:41:09Z	Attribution-NonCommercial-NoDerivs License	2013-08-02T07:36:16Z	DSC-RX100M2	83553647	Friday morning, Inwood Hill Park, New York.	9424251983	
New York	[2459115, 12589342, 2347591, 12761365, 23424977, 56043648]	http://www.flickr.com/photos/24013640@N02/9427128062/		Friday morning, Inwood Hill Park, New York	False	http://farm8.staticflickr.com/7352/9427128062_cf3847cd6e.jpg	8	bf8849e097229f46d87b3e98d3d01587	jpg	Steve Guttman NYC	United States	2013-08-03T03:07:42Z	Attribution-NonCommercial-NoDerivs License	2013-08-02T08:06:36Z	SONY DSC-RX100M2	73809201	Under the HHB	9427128062	
New York	[91982434, 55992068, 2459115, 12589314, 2347591, 23424977, 56043648]	http://www.flickr.com/photos/24013640@N02/9427123248/		Friday morning, Inwood Hill Park, New York	False	http://farm6.staticflickr.com/5544/9427123248_538d862ae2.jpg	8	a4ad4418b9348475c014a1aabbfefd	jpg	Steve Guttman NYC	United States	2013-08-03T03:06:31Z	Attribution-NonCommercial-NoDerivs License	2013-08-02T08:10:12Z	SONY DSC-RX100M2	76650032	View descending Inwood Hill on the Chippequa trail	9427123248	
New York	[55992068, 91982434, 2459115, 12589314, 2347591, 23424977, 56043648]	http://www.flickr.com/photos/24013640@N02/9427117638/		Friday morning, Inwood Hill Park, New York. HDR tonemapped.	False	http://farm8.staticflickr.com/7360/9427117638_30b0c1d2bc.jpg	8	56242cf912266ae1806cfc99581b16b	jpg	Steve Guttman NYC	United States	2013-08-03T03:05:03Z	Attribution-NonCommercial-NoDerivs License	2013-08-02T08:10:49Z	DSC-RX100M2	95415241	View descending Inwood Hill on the Chippequa trail	9427117638	
New York	[2459115, 12589342, 2347591, 12761364, 23424977, 56043648]	http://www.flickr.com/photos/24013640@N02/9427110834/		Friday morning, Inwood Hill Park, New York	False	http://farm4.staticflickr.com/3804/9427110834_651ae62923.jpg	8	7d6ffef61e49c91ecc4670dd84ef6a5a	jpg	Steve Guttman NYC	United States	2013-08-03T03:03:24Z	Attribution-NonCommercial-NoDerivs License	2013-08-02T08:13:13Z	OLYMPUS IMAGING CORP. E-5	66444842	View descending Inwood Hill on the Chippequa trail	9427110834	
New York	[2459115, 12589342, 2347591, 12761365, 23424977, 56043648]	http://www.flickr.com/photos/24013640@N02/9424337739/			False	http://farm6.staticflickr.com/5462/9424337739_573513ea0e.jpg	8	3aff4b905ab36b2bdebe63dba6b45f3	jpg	Steve Guttman NYC	United States	2013-08-03T03:02:25Z	Attribution-NonCommercial-NoDerivs License	2013-08-02T08:18:12Z	SONY DSC-RX100M2	79366868	Friday morning, Inwood Hill Park, New York	9424337739	
New York	[2459115, 12589342, 2347591, 12761365, 23424977, 56043648]	http://www.flickr.com/photos/24013640@N02/9424331379/		Friday morning, Inwood Hill Park, New York	False	http://farm4.staticflickr.com/3712/9424331379_dca458fd81.jpg	8	fd2b702372355c6381c8d8bea51c33ea	jpg	Steve Guttman NYC	United States	2013-08-03T03:00:47Z	Attribution-NonCommercial-NoDerivs License	2013-08-02T08:21:53Z	SONY DSC-RX100M2	66425254	With our friend Sunny	9424331379	
New York	[2459115, 12589342, 2347591, 12761365, 23424977, 56043648]	http://www.flickr.com/photos/24013640@N02/9424324955/		Friday morning, Inwood Hill Park, New York	False	http://farm4.staticflickr.com/3833/9424324955_59d3ac9fca.jpg	8	219ef133e5fb9634aa26874d9350e2	jpg	Steve Guttman NYC	United States	2013-08-03T02:59:09Z	Attribution-NonCommercial-NoDerivs License	2013-08-02T08:22:46Z	SONY DSC-RX100M2	61233003	Chucho and Sunny	9424324955	
New York	[56256857, 2459115, 12589342, 2347591, 23424977, 56043648]	http://www.flickr.com/photos/24013640@N02/9424315951/		Friday morning	False	http://farm4.staticflickr.com/3787/9424315951_9c6effaf11.jpg	9	3e42a7cb2e99c743ab7ebe1cda7f289	jpg	Steve Guttman NYC	United States	2013-08-03T02:56:44Z	Attribution-NonCommercial-NoDerivs License	2013-08-02T09:58:25Z	SONY DSC-RX100M2	77611462	On Waverly Place	9424315951	
New York	[56256857, 2459115, 12589342, 2347591, 23424977, 56043648]	http://www.flickr.com/photos/24013640@N02/9424311175/		Friday morning	False	http://farm8.staticflickr.com/7431/9424311175_bbf3167531.jpg	10	e8456429453734ae83529a17a87dd1e	jpg	Steve Guttman NYC	United States	2013-08-03T02:55:28Z	Attribution-NonCommercial-NoDerivs License	2013-08-02T10:03:04Z	SONY DSC-RX100M2	62809384	On Sixth Ave.	9424311175	
New York	[56256857, 2459115, 12589342, 2347591, 23424977, 56043648]	http://www.flickr.com/photos/24013640@N02/9427077304/		Friday morning	False	http://farm4.staticflickr.com/3754/9427077304_446845094f.jpg	10	14fb9cadf811c9e211e1ac4264931014	jpg	Steve Guttman NYC	United States	2013-08-03T02:54:45Z	Attribution-NonCommercial-NoDerivs License	2013-08-02T10:03:26Z	SONY DSC-RX100M2	81681585	On Sixth Ave.	9427077304	
New York	[56064091, 55864586, 2459115, 12589342, 2347591, 12761343, 23424977, 56043648]	http://www.flickr.com/photos/24013640@N02/9427075016/		Friday morning	False	http://farm4.staticflickr.com/3685/9427075016_165af0815e.jpg	10	6bb9f96e1d84795cdd098d9a0974a	jpg	Steve Guttman NYC	United States	2013-08-03T02:54:09Z	Attribution-NonCommercial-NoDerivs License	2013-08-02T10:03:37Z	SONY DSC-RX100M2	93315411	On Sixth Ave.	9427075016	
New York	[56256857, 2459115, 12589342, 2347591, 23424977, 56043648]	http://www.flickr.com/photos/24013640@N02/9424305025/		Friday morning	False	http://farm4.staticflickr.com/3829/9424305025_15b747e96c.jpg	10	37b25446e62b3050eb733ac2336514cd	jpg	Steve Guttman NYC	United States	2013-08-03T02:53:51Z	Attribution-NonCommercial-NoDerivs License	2013-08-02T10:04:00Z	SONY DSC-RX100M2	63404529	On Sixth Ave.	9424305025	
New York	[23617686, 55864586, 2459115, 12589342, 2347591, 12761343, 23424977, 56043648]	http://www.flickr.com/photos/24013640@N02/9427071364/		Friday morning	False	http://farm8.staticflickr.com/7293/9427071364_3539c93f19.jpg	10	767f19231c6562cd57667d7107d1817	jpg	Steve Guttman NYC	United States	2013-08-03T02:53:08Z	Attribution-NonCommercial-NoDerivs License	2013-08-02T10:07:02Z	SONY DSC-RX100M2	96510011	On W. 10th St.	9427071364	
New York	[23617686, 55864586, 2459115, 12589342, 2347591, 12761343, 23424977, 56043648]	http://www.flickr.com/photos/24013640@N02/9424300807/		Friday morning	False	http://farm6.staticflickr.com/5495/9424300807_fc306a42c6.jpg	10	d11820c34ce7144767fb4da8402a5b	jpg	Steve Guttman NYC	United States	2013-08-03T02:52:44Z	Attribution-NonCommercial-NoDerivs License	2013-08-02T10:07:45Z	SONY DSC-RX100M2	72327257	On W. 10th St.	9424300807	
New York	[56064091, 55864586, 2459115, 12589342, 2347591, 12761343, 23424977, 56043648]	http://www.flickr.com/photos/24013640@N02/9427061608/		Friday after work	False	http://farm8.staticflickr.com/7398/9427061608_6ec9d50889.jpg	17	ffaac642b1017ea627f9a44c369c2cb	jpg	Steve Guttman NYC	United States	2013-08-03T02:50:43Z	Attribution-NonCommercial-NoDerivs License	2013-08-02T17:08:22Z	SONY DSC-RX100M2	4751697	On Sixth Ave.	9427061608	
New York	[56256857, 2459115, 12589342, 2347591, 23424977, 56043648]	http://www.flickr.com/photos/24013640@N02/9427059724/		Friday after work	False	http://farm4.staticflickr.com/3694/9427059724_741e247cf5.jpg	17	fc4fb9593d5944feef99b74c5336d7	jpg	Steve Guttman NYC	United States	2013-08-03T02:50:17Z	Attribution-NonCommercial-NoDerivs License	2013-08-02T17:18:40Z	SONY DSC-RX100M2	91917390	On Sixth Ave.	9427059724	
New York	[56256857, 2459115, 12589342, 2347591, 23424977, 56043648]	http://www.flickr.com/photos/24013640@N02/9427056900/		Friday after work. P/S Dry Brush.	False	http://farm8.staticflickr.com/7317/9427056900_5926dfe30d.jpg	17	6d3dee7d342c171b27ed773d7cac1ab	jpg	Steve Guttman NYC	United States	2013-08-03T02:49:36Z	Attribution-NonCommercial-NoDerivs License	2013-08-02T17:19:00Z	SONY DSC-RX100M2	10098450	On Sixth Ave.	9427056900	
New York	[56256857, 2459115, 12589342, 2347591, 23424977, 56043648]	http://www.flickr.com/photos/24013640@N02/9427052922/		Friday after work	False	http://farm8.staticflickr.com/7382/9427052922_cdca716a82.jpg	17	8fb8453b140eb9c793f832d79badeff	jpg	Steve Guttman NYC	United States	2013-08-03T02:48:37Z	Attribution-NonCommercial-NoDerivs License	2013-08-02T17:19:08Z	SONY DSC-RX100M2	77126326	On W. 10th St. at Sixth Ave.	9427052922	
New York	[56256857, 2459115, 12589342, 2347591, 23424977, 56043648]	http://www.flickr.com/photos/24013640@N02/9427049522/		Friday after work	False	http://farm3.staticflickr.com/2829/9427049522_808abc46f1.jpg	17	1c847cfa0d5bfae33a45eb6e5ee6b7	jpg	Steve Guttman NYC	United States	2013-08-03T02:47:50Z	Attribution-NonCommercial-NoDerivs License	2013-08-02T17:19:44Z	SONY DSC-RX100M2	98532788	On W. 10th St.	9427049522	
New York	[56256857, 2459115, 12589342, 2347591, 23424977, 56043648]	http://www.flickr.com/photos/24013640@N02/9424278537/		Friday after work	False	http://farm3.staticflickr.com/2828/9424278537_867b5a527e.jpg	17	bd6375c4aaca3604f9152a9517af9e	jpg	Steve Guttman NYC	United States	2013-08-03T02:47:35Z	Attribution-NonCommercial-NoDerivs License	2013-08-02T17:19:57Z	SONY DSC-RX100M2	81348110	On W. 10th St.	9424278537	
New York	[56256857, 2459115, 12589342, 2347591, 23424977, 56043648]	http://www.flickr.com/photos/24013640@N02/9427046284/		Friday after work	False	http://farm8.staticflickr.com/7362/9427046284_b40a24aa93.jpg	17	14a2e8dd53dee2582e6e48784a45d5f	jpg	Steve Guttman NYC	United States	2013-08-03T02:47:04Z	Attribution-NonCommercial-NoDerivs License	2013-08-02T17:20:46Z	SONY DSC-RX100M2	77234793	On Greenwich Ave.	9427046284	
New York	[56256857, 2459115, 12589342, 2347591, 23424977, 56043648]	http://www.flickr.com/photos/24013640@N02/9427044948/		Friday after work	False	http://farm8.staticflickr.com/7315/9427044948_6db5dd7db5.jpg	17	f33f0382d2333e3324852cd4d8624a7	jpg	Steve Guttman NYC	United States	2013-08-03T02:46:46Z	Attribution-NonCommercial-NoDerivs License	2013-08-02T17:21:00Z	SONY DSC-RX100M2	11712416	On Greenwich Ave.	9427044948	
New York	[56256857, 2459115, 12589342, 2347591, 23424977, 56043648]	http://www.flickr.com/photos/24013640@N02/9427043686/		Friday after work	False	http://farm4.staticflickr.com/3818/9427043686_ba508933f8.jpg	17	c1e24d2594e832e46347e2b627506c	jpg	Steve Guttman NYC	United States	2013-08-03T02:46:27Z	Attribution-NonCommercial-NoDerivs License	2013-08-02T17:21:18Z	SONY DSC-RX100M2	98406285	On Greenwich Ave.	9427043686	
New York	[56256857, 2459115, 12589342, 2347591, 23424977, 56043648]	http://www.flickr.com/photos/24013640@N02/9427041096/		Friday after work	False	http://farm4.staticflickr.com/3825/9427041096_8181f8f0ab.jpg	17	78268878c5101c746ba9c12c84de3af	jpg	Steve Guttman NYC	United States	2013-08-03T02:45:49Z	Attribution-NonCommercial-NoDerivs License	2013-08-02T17:21:27Z	SONY DSC-RX100M2	72458711	On Greenwich Ave.	9427041096	
New York	[56256857, 2459115, 12589342, 2347591, 23424977, 56043648]	http://www.flickr.com/photos/24013640@N02/9424269261/		Friday after work	False	http://farm8.staticflickr.com/7305/9424269261_afd52bf626.jpg	17	1beab113147338c0bb5325fdbe5a46	jpg	Steve Guttman NYC	United States	2013-08-03T02:45:19Z	Attribution-NonCommercial-NoDerivs License	2013-08-02T17:21:37Z	SONY DSC-RX100M2	82566691	On Greenwich Ave.	9424269261	
New York	[56256857, 2459115, 12589342, 2347591, 23424977, 56043648]	http://www.flickr.com/photos/24013640@N02/9427030132/		Friday after work	False	http://farm4.staticflickr.com/3681/9427030132_45df1bc119.jpg	17	d5a872cfc565d82711f2f4c6bf0f3f8	jpg	Steve Guttman NYC	United States	2013-08-03T02:43:07Z	Attribution-NonCommercial-NoDerivs License	2013-08-02T17:21:53Z	SONY DSC-RX100M2	77127162	On Greenwich Ave.	9427030132	
New York	[56256857, 2459115, 12589342, 2347591, 23424977, 56043648]	http://www.flickr.com/photos/24013640@N02/9424256253/		Friday after work	False	http://farm8.staticflickr.com/7393/9424256253_4c5daa4177.jpg	17	2ed1533efc76ad6fcb7561ad67fe0	jpg	Steve Guttman NYC	United States	2013-08-03T02:42:12Z	Attribution-NonCommercial-NoDerivs License	2013-08-02T17:21:58Z	SONY DSC-RX100M2	98611964	On Greenwich Ave.	9424256253	
New York	[56256857, 2459115, 12589342, 2347591, 23424977, 56043648]	http://www.flickr.com/photos/24013640@N02/9427027818/		Friday after work	False	http://farm8.staticflickr.com/7458/9427027818_5e43374610.jpg	17	eeaec23fcd245340714f4977816426	jpg	Steve Guttman NYC	United States	2013-08-03T02:42:34Z	Attribution-NonCommercial-NoDerivs License	2013-08-02T17:22:10Z	SONY DSC-RX100M2	89945521	On Greenwich Ave.	9427027818	
