town_s	woe_is	urlpage_s	machine_ss	desc_ws	video_b	url_s	hour_i	hash_s	ext_s	user_s	country_s	upload_dt	license_s	taken_dt	device_s	line_i	title_s	id	tag_ss
New York	[28746217, 2459115, 12589335, 2347591, 23424977, 91570101, 56043648]	http://www.flickr.com/photos/17373191@N00/6373635483/	[u'taxonomy:binomial=turdus migratorius']		False	http://farm7.staticflickr.com/6106/6373635483_65e3ea076e.jpg	12	fe42981d3d97d50985bd54e84a5485	jpg	HorsePunchKid	United States	2011-11-21T02:16:58Z	Attribution-NonCommercial-ShareAlike License	2011-11-20T12:58:07Z	NIKON CORPORATION NIKON D300	89696493	Bird Stare	6373635483	[u'brooklyn botanic garden']
New York	[28746217, 2459115, 12589335, 2347591, 23424977, 91570101, 56043648]	http://www.flickr.com/photos/17373191@N00/6373636583/	[u'taxonomy:family=sciuridae']		False	http://farm7.staticflickr.com/6019/6373636583_d77ffc593d.jpg	13	a8aded9673f39cbc9ec79869edb5c0	jpg	HorsePunchKid	United States	2011-11-21T02:17:10Z	Attribution-NonCommercial-ShareAlike License	2011-11-20T13:02:48Z	NIKON CORPORATION NIKON D300	98439291	Fat Squirrel	6373636583	[u'brooklyn botanic garden']
New York	[28746217, 2459115, 12589335, 2347591, 23424977, 91570101, 56043648]	http://www.flickr.com/photos/17373191@N00/6373635783/	[u'taxonomy:identified=0']		False	http://farm7.staticflickr.com/6104/6373635783_3eb810805d.jpg	13	7933533c367fed1dd9df44c4bdfcecd	jpg	HorsePunchKid	United States	2011-11-21T02:17:02Z	Attribution-NonCommercial-ShareAlike License	2011-11-20T13:04:23Z	NIKON CORPORATION NIKON D300	76679407	Red Berry Tree	6373635783	[u'brooklyn botanic garden']
New York	[28746217, 2459115, 12589335, 2347591, 23424977, 91570101, 56043648]	http://www.flickr.com/photos/17373191@N00/6373637375/	[u'taxonomy:binomial=acer buergerianum']		False	http://farm7.staticflickr.com/6103/6373637375_8e363d2c09.jpg	13	af2c91723616a3e97c2fe1f8bc38741f	jpg	HorsePunchKid	United States	2011-11-21T02:17:19Z	Attribution-NonCommercial-ShareAlike License	2011-11-20T13:08:09Z	NIKON CORPORATION NIKON D300	60519441	Bare Trident Maple	6373637375	[u'brooklyn botanic garden']
New York	[28746217, 2459115, 12589335, 2347591, 23424977, 91570101, 56043648]	http://www.flickr.com/photos/17373191@N00/6373638411/	[u'taxonomy:binomial=albizia julibrissin']		False	http://farm7.staticflickr.com/6041/6373638411_70ca13ab24.jpg	13	e78d501631a384e85f31d164539a3f	jpg	HorsePunchKid	United States	2011-11-21T02:17:30Z	Attribution-NonCommercial-ShareAlike License	2011-11-20T13:12:49Z	NIKON CORPORATION NIKON D300	62928435	Persian Silk Bonsai	6373638411	[u'brooklyn botanic garden']
New York	[28746217, 2459115, 12589335, 2347591, 23424977, 91570101, 56043648]	http://www.flickr.com/photos/17373191@N00/6373639233/	[u'clade:acer=palmatum', u'clade:aceraceae=acer', u'clade:magnoliophyta=magnoliopsida', u'clade:magnoliopsida=sapindales', u'clade:plantae=magnoliophyta', u'clade:sapindales=aceraceae', u'taxonomy:binomial=acer palmatum', u'taxonomy:claderoot=plantae', u'taxonomy:family=sapindaceae', u'taxonomy:genus=acer', u'taxonomy:kingdom=plantae', u'taxonomy:order=sapindales', u'taxonomy:phylum=magnoliophyta']		False	http://farm7.staticflickr.com/6239/6373639233_8ee3bdd1e4.jpg	13	f3fbab401f1516428988f2914d31a8f0	jpg	HorsePunchKid	United States	2011-11-21T02:17:38Z	Attribution-NonCommercial-ShareAlike License	2011-11-20T13:13:27Z	NIKON CORPORATION NIKON D300	44063903	Autumn Japanese Maple	6373639233	[u'brooklyn botanic garden']
New York	[28746217, 2459115, 12589335, 2347591, 23424977, 91570101, 56043648]	http://www.flickr.com/photos/17373191@N00/6373640217/		I had the whole greenhouse to myself for several minutes. Unprecedented!	False	http://farm7.staticflickr.com/6059/6373640217_69c9293715.jpg	13	fa7435fc761d92f957d0a5bf153872a7	jpg	HorsePunchKid	United States	2011-11-21T02:17:48Z	Attribution-NonCommercial-ShareAlike License	2011-11-20T13:13:49Z	NIKON CORPORATION NIKON D300	66305722	BBG Bonsai Museum	6373640217	[u'bonsai museum', u'brooklyn botanic garden']
New York	[28746217, 2459115, 12589335, 2347591, 23424977, 91570101, 56043648]	http://www.flickr.com/photos/17373191@N00/6373640989/	[u'taxonomy:binomial=acer palmatum']		False	http://farm7.staticflickr.com/6212/6373640989_b027c5ec39.jpg	13	11dfbf6b8f82cda3a673b1292642170	jpg	HorsePunchKid	United States	2011-11-21T02:17:56Z	Attribution-NonCommercial-ShareAlike License	2011-11-20T13:14:18Z	NIKON CORPORATION NIKON D300	95718045	Fall Bonsai Maples	6373640989	[u'brooklyn botanic garden', u'gothamist']
New York	[28746217, 2459115, 12589335, 2347591, 23424977, 91570101, 56043648]	http://www.flickr.com/photos/17373191@N00/6373641767/	[u'clade:acer=palmatum', u'clade:aceraceae=acer', u'clade:magnoliophyta=magnoliopsida', u'clade:magnoliopsida=sapindales', u'clade:plantae=magnoliophyta', u'clade:sapindales=aceraceae', u'taxonomy:binomial=acer palmatum', u'taxonomy:claderoot=plantae', u'taxonomy:family=sapindaceae', u'taxonomy:genus=acer', u'taxonomy:kingdom=plantae', u'taxonomy:order=sapindales', u'taxonomy:phylum=magnoliophyta']	<em>Acer palmatum</em> in the Bonsai Museum at the Brooklyn Botanic Garden. Uploaded desktop-sized.	False	http://farm7.staticflickr.com/6211/6373641767_7a90ef3ed3.jpg	13	3b9bb2923aa6c1cb68b1751e47f4154	jpg	HorsePunchKid	United States	2011-11-21T02:18:04Z	Attribution-NonCommercial-ShareAlike License	2011-11-20T13:16:24Z	NIKON CORPORATION NIKON D300	61990908	Japanese Maple Bonsai	6373641767	[u'1920x1200', u'bbg-cal-bonsai', u'bbg-cal-fall', u'bbg-cal-maples', u'bbg-cal-november', u'bbg-selection', u'bonsai museum', u'brooklyn botanic garden', u'desktop', u'wallpaper']
New York	[28746217, 2459115, 12589335, 2347591, 23424977, 91570101, 56043648]	http://www.flickr.com/photos/17373191@N00/6373642235/	[u'clade:magnoliophyta=magnoliopsida', u'clade:magnoliopsida=nymphaeales', u'clade:nymphaeales=nymphaeaceae', u'clade:plantae=magnoliophyta', u'taxonomy:claderoot=plantae', u'taxonomy:family=nymphaeaceae', u'taxonomy:kingdom=plantae', u'taxonomy:order=nymphaeales', u'taxonomy:phylum=magnoliophyta']	Maybe <em>Victoria sp.</em>?	False	http://farm7.staticflickr.com/6060/6373642235_3bef5839ec.jpg	13	b02db840d1488af9cc788976c597665	jpg	HorsePunchKid	United States	2011-11-21T02:18:09Z	Attribution-NonCommercial-ShareAlike License	2011-11-20T13:20:34Z	NIKON CORPORATION NIKON D300	96059604	Aquatic Platter Leaf	6373642235	[u'brooklyn botanic garden']
New York	[28746217, 2459115, 12589335, 2347591, 23424977, 91570101, 56043648]	http://www.flickr.com/photos/17373191@N00/6373642847/	[u'clade:asparagales=orchidaceae', u'clade:grammatophyllum=speciosum', u'clade:liliopsida=asparagales', u'clade:magnoliophyta=liliopsida', u'clade:orchidaceae=grammatophyllum', u'clade:plantae=magnoliophyta', u'taxonomy:binomial=grammatophyllum speciosum', u'taxonomy:claderoot=plantae', u'taxonomy:family=orchidaceae', u'taxonomy:genus=grammatophyllum', u'taxonomy:kingdom=plantae', u'taxonomy:order=asparagales', u'taxonomy:phylum=magnoliophyta']	A <b>huge</b> tiger orchid (<em>Grammatophyllum speciosum</em>) in the Aquatic House at the Brooklyn Botanic Garden. The raceme across the top of the photo is probably over two feet long. The whole plant is around twelve feet across and weighs hundreds of pounds!	False	http://farm7.staticflickr.com/6114/6373642847_986fc23e2f.jpg	13	f601014c8c690c5d16e2521b3b8b8f3	jpg	HorsePunchKid	United States	2011-11-21T02:18:16Z	Attribution-NonCommercial-ShareAlike License	2011-11-20T13:22:22Z	NIKON CORPORATION NIKON D300	60584475	Massive Tiger Orchid	6373642847	[u'brooklyn botanic garden']
New York	[28746217, 2459115, 12589335, 2347591, 23424977, 91570101, 56043648]	http://www.flickr.com/photos/17373191@N00/6373643695/	[u'clade:plantae=psilophyta', u'clade:psilophyta=psilopsida', u'clade:psilopsida=psilotales', u'clade:psilotaceae=psilotum', u'clade:psilotales=psilotaceae', u'clade:psilotum=nudum', u'taxonomy:binomial=psilotum nudum', u'taxonomy:claderoot=plantae', u'taxonomy:class=psilotopsida', u'taxonomy:family=psilotaceae', u'taxonomy:genus=psilotum', u'taxonomy:kingdom=plantae', u'taxonomy:order=psilotales', u'taxonomy:phylum=pteridophyta']		False	http://farm7.staticflickr.com/6053/6373643695_e39a61fed1.jpg	13	6c4d43b2112e4227b435ba66687f9db	jpg	HorsePunchKid	United States	2011-11-21T02:18:24Z	Attribution-NonCommercial-ShareAlike License	2011-11-20T13:27:06Z	NIKON CORPORATION NIKON D300	86575000	Whisk Fern	6373643695	[u'brooklyn botanic garden']
New York	[28746217, 2459115, 12589335, 2347591, 23424977, 91570101, 56043648]	http://www.flickr.com/photos/17373191@N00/6373644321/	[u'taxonomy:binomial=araucaria araucana']		False	http://farm7.staticflickr.com/6111/6373644321_57ae331f40.jpg	13	a185de5255316885845740ba91e7dc	jpg	HorsePunchKid	United States	2011-11-21T02:18:30Z	Attribution-NonCommercial-ShareAlike License	2011-11-20T13:42:03Z	NIKON CORPORATION NIKON D300	92473114	Monkey Puzzle Tree in Fall	6373644321	[u'brooklyn botanic garden']
New York	[28746217, 2459115, 12589335, 2347591, 23424977, 91570101, 56043648]	http://www.flickr.com/photos/17373191@N00/6373645085/	[u'taxonomy:binomial=buteo jamaicensis']		False	http://farm7.staticflickr.com/6048/6373645085_698825f417.jpg	13	93446e1d4ad97889a86050dc8aeadc67	jpg	HorsePunchKid	United States	2011-11-21T02:18:38Z	Attribution-NonCommercial-ShareAlike License	2011-11-20T13:47:16Z	NIKON CORPORATION NIKON D300	97744069	Hawk Over the Koi Pond	6373645085	[u'brooklyn botanic garden', u'japanese hill-and-pond garden']
New York	[28746217, 2459115, 12589335, 2347591, 23424977, 91570101, 56043648]	http://www.flickr.com/photos/17373191@N00/6373646859/	[u'clade:accipitridae=buteo', u'clade:animalia=chordata', u'clade:aves=ciconiiformes', u'clade:buteo=jamaicensis', u'clade:chordata=aves', u'clade:ciconiiformes=accipitridae', u'taxonomy:binomial=buteo jamaicensis', u'taxonomy:claderoot=animalia', u'taxonomy:class=aves', u'taxonomy:family=accipitridae', u'taxonomy:genus=buteo', u'taxonomy:kingdom=animalia', u'taxonomy:order=falconiformes', u'taxonomy:phylum=chordata']		False	http://farm7.staticflickr.com/6055/6373646859_f128f11c4a.jpg	13	c81f179cf4854a83befe12f14f68ff	jpg	HorsePunchKid	United States	2011-11-21T02:18:56Z	Attribution-NonCommercial-ShareAlike License	2011-11-20T13:47:37Z	NIKON CORPORATION NIKON D300	97098065	Hawk Over the Koi Pond	6373646859	[u'brooklyn botanic garden', u'japanese hill-and-pond garden']
New York	[28746217, 2459115, 12589335, 2347591, 23424977, 91570101, 56043648]	http://www.flickr.com/photos/17373191@N00/6373648933/			False	http://farm7.staticflickr.com/6055/6373648933_a00deeb965.jpg	13	4fe1b15958f0a8f4b5181715b7429e7	jpg	HorsePunchKid	United States	2011-11-21T02:19:17Z	Attribution-NonCommercial-ShareAlike License	2011-11-20T13:56:16Z	NIKON CORPORATION NIKON D300	63779809	Fall at the Koi Pond	6373648933	[u'brooklyn botanic garden', u'japanese hill-and-pond garden']
New York	[28746217, 2459115, 12589335, 2347591, 23424977, 91570101, 56043648]	http://www.flickr.com/photos/17373191@N00/6373649735/	[u'clade:magnoliophyta=magnoliopsida', u'clade:magnoliopsida=theales', u'clade:plantae=magnoliophyta', u'clade:theaceae=camellia', u'clade:theales=theaceae', u'taxonomy:claderoot=plantae', u'taxonomy:family=theaceae', u'taxonomy:genus=camellia', u'taxonomy:kingdom=plantae', u'taxonomy:order=ericales', u'taxonomy:phylum=magnoliophyta']	A fly having a snack at one of the camellias by the koi pond at the Brooklyn Botanic Garden	False	http://farm7.staticflickr.com/6232/6373649735_913960cf98.jpg	13	f7a45ed4a1b0e3eb2143ded338ed1457	jpg	HorsePunchKid	United States	2011-11-21T02:19:25Z	Attribution-NonCommercial-ShareAlike License	2011-11-20T13:58:51Z	NIKON CORPORATION NIKON D300	77265424	Late Pollinator	6373649735	[u'brooklyn botanic garden', u'japanese hill-and-pond garden']
New York	[28746217, 2459115, 12589335, 2347591, 23424977, 91570101, 56043648]	http://www.flickr.com/photos/17373191@N00/6373650789/		Strewn with ginkgo leaves, stairs lead down past a toro (Japanese stone lantern) toward the koi pond at the Brooklyn Botanic Garden.	False	http://farm7.staticflickr.com/6096/6373650789_549a1e5067.jpg	14	429723616a4056f7c841352d1c1f4e9	jpg	HorsePunchKid	United States	2011-11-21T02:19:35Z	Attribution-NonCommercial-ShareAlike License	2011-11-20T14:07:25Z	NIKON CORPORATION NIKON D300	66958818	Toro Path	6373650789	[u'bbg-cal-fall', u'bbg-cal-november', u'bbg-cal-structures', u'brooklyn botanic garden', u'japanese hill-and-pond garden']
New York	[28746217, 2459115, 12589335, 2347591, 23424977, 91570101, 56043648]	http://www.flickr.com/photos/17373191@N00/6373651905/			False	http://farm7.staticflickr.com/6221/6373651905_c00317c5d4.jpg	14	b3492ed57384374064ead9c382b7de	jpg	HorsePunchKid	United States	2011-11-21T02:19:46Z	Attribution-NonCommercial-ShareAlike License	2011-11-20T14:08:43Z	NIKON CORPORATION NIKON D300	62220675	Koi Pond Colors	6373651905	[u'brooklyn botanic garden', u'gothamist', u'japanese hill-and-pond garden']
New York	[28746217, 2459115, 12589335, 2347591, 23424977, 91570101, 56043648]	http://www.flickr.com/photos/17373191@N00/6373652469/	[u'clade:acer=palmatum', u'clade:aceraceae=acer', u'clade:magnoliophyta=magnoliopsida', u'clade:magnoliopsida=sapindales', u'clade:plantae=magnoliophyta', u'clade:sapindales=aceraceae', u'taxonomy:binomial=acer palmatum', u'taxonomy:claderoot=plantae', u'taxonomy:family=sapindaceae', u'taxonomy:genus=acer', u'taxonomy:kingdom=plantae', u'taxonomy:order=sapindales', u'taxonomy:phylum=magnoliophyta']		False	http://farm7.staticflickr.com/6045/6373652469_9414064127.jpg	14	2ec892516e24ef52bbb9465477d834e	jpg	HorsePunchKid	United States	2011-11-21T02:19:52Z	Attribution-NonCommercial-ShareAlike License	2011-11-20T14:14:55Z	NIKON CORPORATION NIKON D300	53056139	Koi Pond Maple	6373652469	[u'bbg-cal-fall', u'bbg-cal-maples', u'bbg-cal-november', u'brooklyn botanic garden', u'japanese hill-and-pond garden']
New York	[28746217, 2459115, 12589335, 2347591, 23424977, 91570101, 56043648]	http://www.flickr.com/photos/17373191@N00/6373653209/	[u'taxonomy:binomial=pinus wallichiana']		False	http://farm7.staticflickr.com/6044/6373653209_1ba4ffe303.jpg	14	86ed8c4bf9cb1aa6bcb7d6877504c31	jpg	HorsePunchKid	United States	2011-11-21T02:20:00Z	Attribution-NonCommercial-ShareAlike License	2011-11-20T14:39:54Z	NIKON CORPORATION NIKON D300	65468439	Himalayan Pine	6373653209	[u'brooklyn botanic garden']
New York	[28746217, 2459115, 12589335, 2347591, 23424977, 91570101, 56043648]	http://www.flickr.com/photos/17373191@N00/6373653799/	[u'clade:acer=palmatum', u'clade:magnoliopsida=sapindales', u'clade:plantae=tracheophyta', u'clade:sapindaceae=acer', u'clade:sapindales=sapindaceae', u'clade:tracheophyta=magnoliopsida', u'taxonomy:binomial=acer palmatum', u'taxonomy:claderoot=plantae', u'taxonomy:common=japanese maple', u'taxonomy:eolid=596824', u'taxonomy:family=sapindaceae', u'taxonomy:genus=acer', u'taxonomy:kingdom=plantae', u'taxonomy:order=sapindales', u'taxonomy:phylum=magnoliophyta']		False	http://farm7.staticflickr.com/6093/6373653799_53668ae207.jpg	14	5726c52a4c252443d730b1dfb9d0f4c7	jpg	HorsePunchKid	United States	2011-11-21T02:20:06Z	Attribution-NonCommercial-ShareAlike License	2011-11-20T14:40:21Z	NIKON CORPORATION NIKON D300	61198164	Scolopendrifolium Maple	6373653799	[u'brooklyn botanic garden', u'japanese hill-and-pond garden']
New York	[28746217, 2459115, 12589335, 2347591, 23424977, 91570101, 56043648]	http://www.flickr.com/photos/17373191@N00/6373655239/			False	http://farm7.staticflickr.com/6094/6373655239_51543be7ec.jpg	14	5fe7ad3db172e292c2e84aecf8cf52a	jpg	HorsePunchKid	United States	2011-11-21T02:20:21Z	Attribution-NonCommercial-ShareAlike License	2011-11-20T14:47:50Z	NIKON CORPORATION NIKON D300	67784503	Fall in the Magnolia Plaza	6373655239	[u'brooklyn botanic garden']
New York	[28746217, 2459115, 12589335, 2347591, 23424977, 91570101, 56043648]	http://www.flickr.com/photos/17373191@N00/6373655689/			False	http://farm7.staticflickr.com/6091/6373655689_4f685673bc.jpg	14	b531bd3ac391698940d2203d2345f8ac	jpg	HorsePunchKid	United States	2011-11-21T02:20:26Z	Attribution-NonCommercial-ShareAlike License	2011-11-20T14:49:00Z	NIKON CORPORATION NIKON D300	76093555	Compass Pedestal	6373655689	[u'brooklyn botanic garden']
New York	[28746217, 2459115, 12589335, 2347591, 23424977, 91570101, 56043648]	http://www.flickr.com/photos/17373191@N00/6373656721/		This little rock-lined stream at the Brooklyn Botanic Garden is inundated with fallen ginkgo leaves.	False	http://farm7.staticflickr.com/6108/6373656721_03a0e6b78e.jpg	14	30b19288f8870c69189e7534cf148d3	jpg	HorsePunchKid	United States	2011-11-21T02:20:37Z	Attribution-NonCommercial-ShareAlike License	2011-11-20T14:51:42Z	NIKON CORPORATION NIKON D300	96176672	Ginkgo Leaf Stream	6373656721	[u'brooklyn botanic garden', u'japanese hill-and-pond garden']
New York	[28746217, 2459115, 12589335, 2347591, 23424977, 91570101, 56043648]	http://www.flickr.com/photos/17373191@N00/6373657745/			False	http://farm7.staticflickr.com/6052/6373657745_47d8a5511a.jpg	14	45a0624b3652a696b75cc2e4479070f6	jpg	HorsePunchKid	United States	2011-11-21T02:20:47Z	Attribution-NonCommercial-ShareAlike License	2011-11-20T14:55:22Z	NIKON CORPORATION NIKON D300	93989218	Gopher Geometers?	6373657745	[u'brooklyn botanic garden']
New York	[28746217, 2459115, 12589335, 2347591, 23424977, 91570101, 56043648]	http://www.flickr.com/photos/17373191@N00/6373659035/			False	http://farm7.staticflickr.com/6212/6373659035_3f28eb469f.jpg	14	5614692547b2e55484b3493161c7f2e	jpg	HorsePunchKid	United States	2011-11-21T02:21:01Z	Attribution-NonCommercial-ShareAlike License	2011-11-20T14:58:22Z	NIKON CORPORATION NIKON D300	997676	Fall in the Cherry Esplanade	6373659035	[u'brooklyn botanic garden']
New York	[28746217, 2459115, 12589335, 2347591, 23424977, 91570101, 56043648]	http://www.flickr.com/photos/17373191@N00/6373659403/	[u'clade:magnoliophyta=magnoliopsida', u'clade:magnoliopsida=rosales', u'clade:plantae=magnoliophyta', u'clade:rosaceae=rosa', u'clade:rosales=rosaceae', u'taxonomy:claderoot=plantae', u'taxonomy:family=rosaceae', u'taxonomy:genus=rosa', u'taxonomy:kingdom=plantae', u'taxonomy:order=rosales', u'taxonomy:phylum=magnoliophyta']	In the Cranford Rose Garden at the Brooklyn Botanic Garden	False	http://farm7.staticflickr.com/6095/6373659403_c839fb2a97.jpg	15	3d342340bb79a75b7a10324b10dc4519	jpg	HorsePunchKid	United States	2011-11-21T02:21:04Z	Attribution-NonCommercial-ShareAlike License	2011-11-20T15:05:15Z	NIKON CORPORATION NIKON D300	53551101	Late-Blooming Rose	6373659403	[u'brooklyn botanic garden']
New York	[28746217, 2459115, 12589335, 2347591, 23424977, 91570101, 56043648]	http://www.flickr.com/photos/17373191@N00/6373660045/	[u'clade:acer=palmatum', u'clade:aceraceae=acer', u'clade:magnoliophyta=magnoliopsida', u'clade:magnoliopsida=sapindales', u'clade:plantae=magnoliophyta', u'clade:sapindales=aceraceae', u'taxonomy:binomial=acer palmatum', u'taxonomy:claderoot=plantae', u'taxonomy:family=sapindaceae', u'taxonomy:genus=acer', u'taxonomy:kingdom=plantae', u'taxonomy:order=sapindales', u'taxonomy:phylum=magnoliophyta']		False	http://farm7.staticflickr.com/6045/6373660045_dc62fec515.jpg	15	2daccd4436e88c84bd52a2a7341cc978	jpg	HorsePunchKid	United States	2011-11-21T02:21:12Z	Attribution-NonCommercial-ShareAlike License	2011-11-20T15:09:23Z	NIKON CORPORATION NIKON D300	63221186	Japanese Maple Spectrum	6373660045	[u'brooklyn botanic garden']
New York	[28746217, 2459115, 12589335, 2347591, 23424977, 91570101, 56043648]	http://www.flickr.com/photos/17373191@N00/6373660443/			False	http://farm7.staticflickr.com/6037/6373660443_269fa7eeca.jpg	15	8d94d611d126e55101aba88ee223e8	jpg	HorsePunchKid	United States	2011-11-21T02:21:15Z	Attribution-NonCommercial-ShareAlike License	2011-11-20T15:21:15Z	NIKON CORPORATION NIKON D300	64837573	Oak Parasite	6373660443	[u'brooklyn botanic garden']
New York	[28746217, 2459115, 12589335, 2347591, 23424977, 91570101, 56043648]	http://www.flickr.com/photos/17373191@N00/6373661147/	[u'taxonomy:binomial=buteo jamaicensis']		False	http://farm7.staticflickr.com/6057/6373661147_7cebe33b25.jpg	15	111dc73915c8d3e340ac98bed0f4caee	jpg	HorsePunchKid	United States	2011-11-21T02:21:23Z	Attribution-NonCommercial-ShareAlike License	2011-11-20T15:27:56Z	NIKON CORPORATION NIKON D300	34849998	Hawk in Tree	6373661147	[u'brooklyn botanic garden']
New York	[28746217, 2459115, 12589335, 2347591, 23424977, 91570101, 56043648]	http://www.flickr.com/photos/17373191@N00/6373662789/			False	http://farm7.staticflickr.com/6220/6373662789_1bb425feff.jpg	15	6035f3dd529cade292f1b1d5dfcab6d	jpg	HorsePunchKid	United States	2011-11-21T02:21:41Z	Attribution-NonCommercial-ShareAlike License	2011-11-20T15:36:29Z	NIKON CORPORATION NIKON D300	92051364	Fall in the Rose Garden	6373662789	[u'brooklyn botanic garden']
New York	[28746217, 2459115, 12589335, 2347591, 23424977, 91570101, 56043648]	http://www.flickr.com/photos/17373191@N00/6373661787/	[u'taxonomy:binomial=quercus coccinea']	Scarlet oak trees (<em>Quercus coccinea</em>) along the Cherry Esplanade at the Brooklyn Botanic Garden	False	http://farm7.staticflickr.com/6120/6373661787_255a181d14.jpg	15	8d67e6da229e888e12bd2ec289b72326	jpg	HorsePunchKid	United States	2011-11-21T02:21:30Z	Attribution-NonCommercial-ShareAlike License	2011-11-20T15:43:24Z	NIKON CORPORATION NIKON D300	62689078	Fall Oak Leaves	6373661787	[u'brooklyn botanic garden']
New York	[28746217, 2459115, 12589335, 2347591, 23424977, 91570101, 56043648]	http://www.flickr.com/photos/17373191@N00/6373661283/	[u'taxonomy:binomial=prunus serrulata']	Bare branch of a Japanese cherry (<em>Prunus serrulata<em> "Kanzan") on the Cherry Esplanade</em></em>	False	http://farm7.staticflickr.com/6216/6373661283_7e31296d58.jpg	15	84e39bd52ffbdf627d41702adcafb38b	jpg	HorsePunchKid	United States	2011-11-21T02:21:25Z	Attribution-NonCommercial-ShareAlike License	2011-11-20T15:45:31Z	NIKON CORPORATION NIKON D300	97227888	Cherry Trident	6373661283	[u'b&w', u'brooklyn botanic garden']
New York	[28746217, 2459115, 12589335, 2347591, 23424977, 91570101, 56043648]	http://www.flickr.com/photos/17373191@N00/6373633871/	[u'clade:animalia=chordata', u'clade:chordata=mammalia', u'clade:mammalia=chiroptera', u'taxonomy:claderoot=animalia', u'taxonomy:class=mammalia', u'taxonomy:kingdom=animalia', u'taxonomy:order=chiroptera', u'taxonomy:phylum=chordata']		False	http://farm7.staticflickr.com/6094/6373633871_01c0378cde.jpg	16	d810732b3e95c72ad28b8b30dab7edd9	jpg	HorsePunchKid	United States	2011-11-21T02:16:42Z	Attribution-NonCommercial-ShareAlike License	2011-11-20T16:02:37Z	NIKON CORPORATION NIKON D300	79002531	Bat Against Trees	6373633871	[u'brooklyn botanic garden']
New York	[28746217, 2459115, 12589335, 2347591, 23424977, 91570101, 56043648]	http://www.flickr.com/photos/17373191@N00/6373633319/	[u'clade:animalia=chordata', u'clade:chordata=mammalia', u'clade:mammalia=chiroptera', u'taxonomy:claderoot=animalia', u'taxonomy:class=mammalia', u'taxonomy:kingdom=animalia', u'taxonomy:order=chiroptera', u'taxonomy:phylum=chordata']	Hunting insects in the dusk light at the Brooklyn Botanic Garden	False	http://farm7.staticflickr.com/6106/6373633319_c5bcfb8b55.jpg	16	47baf66c8bedbd8c87dc8316d7f66eb	jpg	HorsePunchKid	United States	2011-11-21T02:16:36Z	Attribution-NonCommercial-ShareAlike License	2011-11-20T16:03:29Z	NIKON CORPORATION NIKON D300	98728234	Bat in Flight	6373633319	[u'brooklyn botanic garden']
New York	[28746217, 2459115, 12589335, 2347591, 23424977, 91570101, 56043648]	http://www.flickr.com/photos/17373191@N00/6373634077/	[u'clade:animalia=chordata', u'clade:chordata=mammalia', u'clade:mammalia=chiroptera', u'taxonomy:claderoot=animalia', u'taxonomy:class=mammalia', u'taxonomy:kingdom=animalia', u'taxonomy:order=chiroptera', u'taxonomy:phylum=chordata']	Probably one of the more technically difficult photography subjects, this bat was hunting insects at the Brooklyn Botanic Garden.	False	http://farm7.staticflickr.com/6096/6373634077_4ab1750eee.jpg	16	a287787cc6822e9443f970ab616115e5	jpg	HorsePunchKid	United States	2011-11-21T02:16:44Z	Attribution-NonCommercial-ShareAlike License	2011-11-20T16:04:36Z	NIKON CORPORATION NIKON D300	44574978	Bat in Flight	6373634077	[u'brooklyn botanic garden']
New York	[28746217, 2459115, 12589335, 2347591, 23424977, 91570101, 56043648]	http://www.flickr.com/photos/17373191@N00/6373634681/	[u'clade:callicarpa=japonica', u'clade:lamiales=verbenaceae', u'clade:magnoliophyta=magnoliopsida', u'clade:magnoliopsida=lamiales', u'clade:plantae=magnoliophyta', u'clade:verbenaceae=callicarpa', u'taxonomy:binomial=callicarpa japonica', u'taxonomy:claderoot=plantae', u'taxonomy:family=verbenaceae', u'taxonomy:genus=callicarpa', u'taxonomy:kingdom=plantae', u'taxonomy:order=lamiales', u'taxonomy:phylum=magnoliophyta']	Japanese beautyberry at the Brooklyn Botanic Garden	False	http://farm7.staticflickr.com/6220/6373634681_6cd0b6b385.jpg	16	4964ca61b0e06b574cd8386e731fe5e	jpg	HorsePunchKid	United States	2011-11-21T02:16:50Z	Attribution-NonCommercial-ShareAlike License	2011-11-20T16:11:12Z	NIKON CORPORATION NIKON D300	93729890	Purple Berry Bush	6373634681	[u'bbg-cal-fall', u'bbg-cal-november', u'bbg-selection', u'brooklyn botanic garden']
