town_s	woe_is	urlpage_s	machine_ss	desc_ws	video_b	url_s	hour_i	hash_s	ext_s	user_s	country_s	upload_dt	license_s	taken_dt	device_s	line_i	title_s	id	tag_ss
New York	[23682662, 91801527, 28746217, 2459115, 12589335, 2347591, 12761748, 23424977, 56043648]	http://www.flickr.com/photos/25547975@N06/4467062723/			False	http://farm3.staticflickr.com/2781/4467062723_791873957e.jpg	8	2533a3769c3534735dd5ad2ab37d45a2	jpg	Treetop Mom	United States	2010-03-27T18:37:00Z	Attribution-NonCommercial-NoDerivs License	2010-03-17T08:37:36Z	Canon PowerShot A570 IS	82269737	Kentile Sign from Smith-9th 7	4467062723	[u'nyc', u'words']
New York	[23682662, 91801527, 28746217, 2459115, 12589335, 2347591, 12761748, 23424977, 56043648]	http://www.flickr.com/photos/25547975@N06/4467837734/			False	http://farm5.staticflickr.com/4026/4467837734_cf99cc93cb.jpg	8	3212698b3fc9ff102e1f22e0bd17a69	jpg	Treetop Mom	United States	2010-03-27T18:37:07Z	Attribution-NonCommercial-NoDerivs License	2010-03-17T08:37:47Z	Canon PowerShot A570 IS	95616722	Kentile Sign from Smith-9th 6	4467837734	[u'nyc', u'words']
New York	[23682662, 91801527, 28746217, 2459115, 12589335, 2347591, 12761748, 23424977, 56043648]	http://www.flickr.com/photos/25547975@N06/4467837982/			False	http://farm3.staticflickr.com/2731/4467837982_d73b5f65ea.jpg	8	67886fcdbcb3b9865ba3e74417328	jpg	Treetop Mom	United States	2010-03-27T18:37:14Z	Attribution-NonCommercial-NoDerivs License	2010-03-17T08:38:04Z	Canon PowerShot A570 IS	44098219	Kentile Sign from Smith-9th 5	4467837982	[u'nyc', u'words']
New York	[23682662, 91801527, 28746217, 2459115, 12589335, 2347591, 12761748, 23424977, 56043648]	http://www.flickr.com/photos/25547975@N06/4467838230/			False	http://farm5.staticflickr.com/4012/4467838230_66c7b90cbd.jpg	8	e6b81542a55b98f7d1c4c8837e96a1c	jpg	Treetop Mom	United States	2010-03-27T18:37:21Z	Attribution-NonCommercial-NoDerivs License	2010-03-17T08:38:14Z	Canon PowerShot A570 IS	86972005	Kentile Sign from Smith-9th 4	4467838230	[u'nyc', u'words']
New York	[23682662, 91801527, 28746217, 2459115, 12589335, 2347591, 12761748, 23424977, 56043648]	http://www.flickr.com/photos/25547975@N06/4467063839/			False	http://farm5.staticflickr.com/4020/4467063839_87ee2fe75a.jpg	8	687a36b59dd2f48fc33b711edcb92c	jpg	Treetop Mom	United States	2010-03-27T18:37:28Z	Attribution-NonCommercial-NoDerivs License	2010-03-17T08:38:51Z	Canon PowerShot A570 IS	66409270	Smith-9th View #18	4467063839	[u'nyc']
New York	[91801527, 23682662, 28746217, 2459115, 12589335, 2347591, 12761748, 23424977, 56043648]	http://www.flickr.com/photos/25547975@N06/4467838772/			False	http://farm3.staticflickr.com/2683/4467838772_ff3e4a6cd5.jpg	8	acd2935beeb6c3252c23993561a4559	jpg	Treetop Mom	United States	2010-03-27T18:37:35Z	Attribution-NonCommercial-NoDerivs License	2010-03-17T08:41:24Z	Canon PowerShot A570 IS	62911948	Smith-9th View #17	4467838772	[u'nyc']
New York	[23682662, 91801527, 28746217, 2459115, 12589335, 2347591, 12761748, 23424977, 56043648]	http://www.flickr.com/photos/25547975@N06/4467064491/			False	http://farm3.staticflickr.com/2790/4467064491_5579acfcd5.jpg	8	569e9546feea835b525a41dda0ad9723	jpg	Treetop Mom	United States	2010-03-27T18:37:43Z	Attribution-NonCommercial-NoDerivs License	2010-03-17T08:41:45Z	Canon PowerShot A570 IS	67223508	IMG_2895	4467064491	[u'nyc']
New York	[91801527, 23682662, 28746217, 2459115, 12589335, 2347591, 12761748, 23424977, 56043648]	http://www.flickr.com/photos/25547975@N06/4467064795/			False	http://farm5.staticflickr.com/4043/4467064795_1f318832c2.jpg	8	80b355de8f6d9e32db868bad8113ca8d	jpg	Treetop Mom	United States	2010-03-27T18:37:50Z	Attribution-NonCommercial-NoDerivs License	2010-03-17T08:42:01Z	Canon PowerShot A570 IS	78851988	IMG_2896	4467064795	[u'nyc']
New York	[23682662, 91801527, 28746217, 2459115, 12589335, 2347591, 12761748, 23424977, 56043648]	http://www.flickr.com/photos/25547975@N06/4467839660/			False	http://farm5.staticflickr.com/4055/4467839660_052928085f.jpg	8	87c4235b9046e84af4a06280d55d2e44	jpg	Treetop Mom	United States	2010-03-27T18:37:58Z	Attribution-NonCommercial-NoDerivs License	2010-03-17T08:42:14Z	Canon PowerShot A570 IS	95246471	Smith-9th Looking West	4467839660	[u'nyc']
New York	[23682662, 91801527, 28746217, 2459115, 12589335, 2347591, 12761748, 23424977, 56043648]	http://www.flickr.com/photos/25547975@N06/4467839906/			False	http://farm3.staticflickr.com/2684/4467839906_73c0d59202.jpg	8	55f3b712c7eca3f5ca4f2564791cac4f	jpg	Treetop Mom	United States	2010-03-27T18:38:05Z	Attribution-NonCommercial-NoDerivs License	2010-03-17T08:42:49Z	Canon PowerShot A570 IS	57478586	Smith-9th View #16	4467839906	[u'nyc']
New York	[23682662, 91801527, 28746217, 2459115, 12589335, 2347591, 12761748, 23424977, 56043648]	http://www.flickr.com/photos/25547975@N06/4467065705/			False	http://farm3.staticflickr.com/2690/4467065705_90544e5c90.jpg	8	b23f8caa316cffcdc5f9d57894bc1ee4	jpg	Treetop Mom	United States	2010-03-27T18:38:15Z	Attribution-NonCommercial-NoDerivs License	2010-03-17T08:43:05Z	Canon PowerShot A570 IS	13405134	Smith-9th View #15	4467065705	[u'nyc']
New York	[91801527, 23682662, 28746217, 2459115, 12589335, 2347591, 12761748, 23424977, 56043648]	http://www.flickr.com/photos/25547975@N06/4467840544/			False	http://farm5.staticflickr.com/4005/4467840544_79fd2b4f0b.jpg	8	73968e1697501759ff91e06d78ad93a	jpg	Treetop Mom	United States	2010-03-27T18:38:23Z	Attribution-NonCommercial-NoDerivs License	2010-03-17T08:43:16Z	Canon PowerShot A570 IS	42114432	Smith-9th View #14	4467840544	[u'nyc']
New York	[91801527, 23682662, 28746217, 2459115, 12589335, 2347591, 12761748, 23424977, 56043648]	http://www.flickr.com/photos/25547975@N06/4467841194/			False	http://farm3.staticflickr.com/2214/4467841194_dc888bd135.jpg	8	61192a71d444e1172829a8981f16ce	jpg	Treetop Mom	United States	2010-03-27T18:38:39Z	Attribution-NonCommercial-NoDerivs License	2010-03-17T08:48:10Z	Canon PowerShot A570 IS	87863221	Smith-9th View 13	4467841194	[u'nyc']
New York	[23682662, 91801527, 28746217, 2459115, 12589335, 2347591, 12761748, 23424977, 56043648]	http://www.flickr.com/photos/25547975@N06/4467841438/			False	http://farm5.staticflickr.com/4037/4467841438_cbb2a8a112.jpg	8	8697447dd2ebc34cc915bc9e19384ed2	jpg	Treetop Mom	United States	2010-03-27T18:38:45Z	Attribution-NonCommercial-NoDerivs License	2010-03-17T08:48:25Z	Canon PowerShot A570 IS	73003116	Kentile Sign from Smith-9th 3	4467841438	[u'nyc', u'words']
New York	[91801527, 23682662, 28746217, 2459115, 12589335, 2347591, 12761748, 23424977, 56043648]	http://www.flickr.com/photos/25547975@N06/4467841652/			False	http://farm5.staticflickr.com/4021/4467841652_5e45038fb5.jpg	8	42278992acb8bc33f4ad76499438e842	jpg	Treetop Mom	United States	2010-03-27T18:38:51Z	Attribution-NonCommercial-NoDerivs License	2010-03-17T08:48:37Z	Canon PowerShot A570 IS	75701476	Kentile Sign from Smith-9th 2	4467841652	[u'nyc', u'words']
New York	[91801527, 23682662, 28746217, 2459115, 12589335, 2347591, 12761748, 23424977, 56043648]	http://www.flickr.com/photos/25547975@N06/4467841876/			False	http://farm3.staticflickr.com/2703/4467841876_698b44553c.jpg	8	bd3d746184cd4fa42996b3aace93838e	jpg	Treetop Mom	United States	2010-03-27T18:38:56Z	Attribution-NonCommercial-NoDerivs License	2010-03-17T08:49:04Z	Canon PowerShot A570 IS	35643632	Kentile Sign from Smith-9th	4467841876	[u'nyc', u'words']
New York	[91801527, 23682662, 28746217, 2459115, 12589335, 2347591, 12761748, 23424977, 56043648]	http://www.flickr.com/photos/25547975@N06/4467842586/			False	http://farm3.staticflickr.com/2686/4467842586_6df4ddc480.jpg	8	2e1b763425b51350a5d9c3371e7112a0	jpg	Treetop Mom	United States	2010-03-27T18:39:15Z	Attribution-NonCommercial-NoDerivs License	2010-03-17T08:50:17Z	Canon PowerShot A570 IS	88840428	Smith-9th View 12	4467842586	[u'nyc']
New York	[91801527, 23682662, 28746217, 2459115, 12589335, 2347591, 12761748, 23424977, 56043648]	http://www.flickr.com/photos/25547975@N06/4467842830/			False	http://farm5.staticflickr.com/4053/4467842830_ceb2282399.jpg	8	9e9f12a77e9e65ac9b5c375a4e50	jpg	Treetop Mom	United States	2010-03-27T18:39:21Z	Attribution-NonCommercial-NoDerivs License	2010-03-17T08:50:32Z	Canon PowerShot A570 IS	49306787	Smith-9th View 11	4467842830	[u'nyc']
New York	[23682662, 91801527, 28746217, 2459115, 12589335, 2347591, 12761748, 23424977, 56043648]	http://www.flickr.com/photos/25547975@N06/4467843504/			False	http://farm5.staticflickr.com/4017/4467843504_f509cf2dc1.jpg	8	a3dddf2a2f7d3d4e14b18315ec6ec5	jpg	Treetop Mom	United States	2010-03-27T18:39:38Z	Attribution-NonCommercial-NoDerivs License	2010-03-17T08:51:33Z	Canon PowerShot A570 IS	85100828	Smith-9th View 10	4467843504	[u'nyc']
New York	[23682662, 91801527, 28746217, 2459115, 12589335, 2347591, 12761748, 23424977, 56043648]	http://www.flickr.com/photos/25547975@N06/4467843790/			False	http://farm5.staticflickr.com/4040/4467843790_8005b8e98b.jpg	8	7ab54f105b3ef86a8aba0da88458dcf	jpg	Treetop Mom	United States	2010-03-27T18:39:46Z	Attribution-NonCommercial-NoDerivs License	2010-03-17T08:52:25Z	Canon PowerShot A570 IS	63130564	Smith-9th Station Sign	4467843790	[u'nyc', u'words']
New York	[91801527, 23682662, 28746217, 2459115, 12589335, 2347591, 12761748, 23424977, 56043648]	http://www.flickr.com/photos/25547975@N06/4467844340/			False	http://farm3.staticflickr.com/2762/4467844340_fc18eee262.jpg	8	b23d9382cd3ba37be8e15a75255ea2f	jpg	Treetop Mom	United States	2010-03-27T18:40:01Z	Attribution-NonCommercial-NoDerivs License	2010-03-17T08:52:56Z	Canon PowerShot A570 IS	75586799	Smith-9th View #1	4467844340	[u'brooklyn', u'nyc', u'words']
New York	[23682662, 91801527, 28746217, 2459115, 12589335, 2347591, 12761748, 23424977, 56043648]	http://www.flickr.com/photos/25547975@N06/4467070147/			False	http://farm5.staticflickr.com/4013/4467070147_1d9168c722.jpg	8	f2929fffa810accd78052d42faafaf8	jpg	Treetop Mom	United States	2010-03-27T18:40:10Z	Attribution-NonCommercial-NoDerivs License	2010-03-17T08:53:48Z	Canon PowerShot A570 IS	67376858	Smith-9th Station	4467070147	[u'nyc', u'words']
New York	[91801527, 23682662, 28746217, 2459115, 12589335, 2347591, 12761748, 23424977, 56043648]	http://www.flickr.com/photos/25547975@N06/4467070395/			False	http://farm5.staticflickr.com/4024/4467070395_332ffef991.jpg	8	87b4bf26d0e0f9665b7f9d5aff65fd0	jpg	Treetop Mom	United States	2010-03-27T18:40:18Z	Attribution-NonCommercial-NoDerivs License	2010-03-17T08:53:58Z	Canon PowerShot A570 IS	68784019	Kentile Sign from Smith-9th	4467070395	[u'brooklyn', u'nyc', u'words']
New York	[23682662, 91801527, 28746217, 2459115, 12589335, 2347591, 12761748, 23424977, 56043648]	http://www.flickr.com/photos/25547975@N06/4467845088/			False	http://farm5.staticflickr.com/4065/4467845088_48bfd075ef.jpg	8	81b2ad36f6fd52afef9d8ddd9c359f7	jpg	Treetop Mom	United States	2010-03-27T18:40:24Z	Attribution-NonCommercial-NoDerivs License	2010-03-17T08:54:10Z	Canon PowerShot A570 IS	79705236	Smith-9th View 8	4467845088	[u'nyc']
New York	[23682662, 91801527, 28746217, 2459115, 12589335, 2347591, 12761748, 23424977, 56043648]	http://www.flickr.com/photos/25547975@N06/4467845342/			False	http://farm3.staticflickr.com/2780/4467845342_7a0dc57727.jpg	8	fd59451e3aff1e79fa5e1a28e29bdd0	jpg	Treetop Mom	United States	2010-03-27T18:40:32Z	Attribution-NonCommercial-NoDerivs License	2010-03-17T08:54:25Z	Canon PowerShot A570 IS	87514603	Smith-9th Tracks	4467845342	[u'nyc']
New York	[91801527, 23682662, 28746217, 2459115, 12589335, 2347591, 12761748, 23424977, 56043648]	http://www.flickr.com/photos/25547975@N06/4467845606/			False	http://farm5.staticflickr.com/4036/4467845606_96f5660cb2.jpg	8	fac18eea1f7e62da86b0bfd5718b5e98	jpg	Treetop Mom	United States	2010-03-27T18:40:40Z	Attribution-NonCommercial-NoDerivs License	2010-03-17T08:54:38Z	Canon PowerShot A570 IS	64495451	Smith-9th View 7	4467845606	[u'nyc']
New York	[23682662, 91801527, 28746217, 2459115, 12589335, 2347591, 12761748, 23424977, 56043648]	http://www.flickr.com/photos/25547975@N06/4467845878/			False	http://farm5.staticflickr.com/4003/4467845878_265ee4131a.jpg	8	079485821ceb331d3af146a6bac6b6	jpg	Treetop Mom	United States	2010-03-27T18:40:48Z	Attribution-NonCommercial-NoDerivs License	2010-03-17T08:56:36Z	Canon PowerShot A570 IS	75491299	Smith-9th View 6	4467845878	[u'nyc']
New York	[23682662, 91801527, 28746217, 2459115, 12589335, 2347591, 12761748, 23424977, 56043648]	http://www.flickr.com/photos/25547975@N06/4467071805/			False	http://farm5.staticflickr.com/4017/4467071805_24a990bcfa.jpg	8	d267c419428fb262136395bea815f	jpg	Treetop Mom	United States	2010-03-27T18:40:59Z	Attribution-NonCommercial-NoDerivs License	2010-03-17T08:57:00Z	Canon PowerShot A570 IS	81416628	Smith-9th View 5	4467071805	[u'nyc']
New York	[91801527, 23682662, 28746217, 2459115, 12589335, 2347591, 12761748, 23424977, 56043648]	http://www.flickr.com/photos/25547975@N06/4467072101/			False	http://farm5.staticflickr.com/4010/4467072101_7d24ca15d8.jpg	8	cc95b41cbc5919e90733b398a8666e	jpg	Treetop Mom	United States	2010-03-27T18:41:07Z	Attribution-NonCommercial-NoDerivs License	2010-03-17T08:57:18Z	Canon PowerShot A570 IS	74651255	Smith-9th View #4	4467072101	[u'nyc']
New York	[91801527, 23682662, 28746217, 2459115, 12589335, 2347591, 12761748, 23424977, 56043648]	http://www.flickr.com/photos/25547975@N06/4467072383/			False	http://farm5.staticflickr.com/4042/4467072383_3742a47150.jpg	8	eefe1d8bb59e9de7ae66f9fb26039e8	jpg	Treetop Mom	United States	2010-03-27T18:41:16Z	Attribution-NonCommercial-NoDerivs License	2010-03-17T08:59:37Z	Canon PowerShot A570 IS	746855	Smith-9th View #3	4467072383	[u'nyc']
New York	[91801527, 23682662, 28746217, 2459115, 12589335, 2347591, 12761748, 23424977, 56043648]	http://www.flickr.com/photos/25547975@N06/4467847220/			False	http://farm3.staticflickr.com/2692/4467847220_c68ed20ac2.jpg	8	1011abd86dfdb6187e5fe8b2a07a9	jpg	Treetop Mom	United States	2010-03-27T18:41:25Z	Attribution-NonCommercial-NoDerivs License	2010-03-17T08:59:47Z	Canon PowerShot A570 IS	82044775	Smith-9th View 2	4467847220	[u'nyc']
New York	[23682662, 91801527, 28746217, 2459115, 12589335, 2347591, 12761748, 23424977, 56043648]	http://www.flickr.com/photos/25547975@N06/4467072995/			False	http://farm5.staticflickr.com/4004/4467072995_f9012d4a72.jpg	9	a3ea439bad2d309646fcfd0eb9e843	jpg	Treetop Mom	United States	2010-03-27T18:41:32Z	Attribution-NonCommercial-NoDerivs License	2010-03-17T09:00:22Z	Canon PowerShot A570 IS	90236918	Smith-9th View #1	4467072995	[u'nyc']
New York	[91801527, 23682662, 28746217, 2459115, 12589335, 2347591, 12761748, 23424977, 56043648]	http://www.flickr.com/photos/25547975@N06/4467073271/			False	http://farm3.staticflickr.com/2704/4467073271_d10290d99d.jpg	9	c1eb50b1264d6c1b7fdaa54b55c2a9c	jpg	Treetop Mom	United States	2010-03-27T18:41:40Z	Attribution-NonCommercial-NoDerivs License	2010-03-17T09:01:42Z	Canon PowerShot A570 IS	91922569	At Smith-9th Station	4467073271	[u'nyc', u'words']
New York	[91801527, 23682662, 28746217, 2459115, 12589335, 2347591, 12761748, 23424977, 56043648]	http://www.flickr.com/photos/25547975@N06/4467073617/			False	http://farm5.staticflickr.com/4050/4467073617_4215966a02.jpg	9	5880ca77d5103eaaaf0f4581882386	jpg	Treetop Mom	United States	2010-03-27T18:41:48Z	Attribution-NonCommercial-NoDerivs License	2010-03-17T09:01:57Z	Canon PowerShot A570 IS	3595831	Subway Sign	4467073617	[u'nyc', u'words']
New York	[91801527, 28746217, 2459115, 12589335, 2347591, 12761748, 23424977, 56204656, 56043648]	http://www.flickr.com/photos/25547975@N06/4467073991/			False	http://farm3.staticflickr.com/2699/4467073991_0833cc7a9e.jpg	16	a05ec31949f7f51577844e1226e78d91	jpg	Treetop Mom	United States	2010-03-27T18:41:57Z	Attribution-NonCommercial-NoDerivs License	2010-03-17T16:45:52Z	Canon PowerShot A570 IS	65043358	Spring Buds 5	4467073991	[u'flowers', u'nature', u'nyc']
New York	[91801527, 28746217, 2459115, 12589335, 2347591, 12761748, 23424977, 56204656, 56043648]	http://www.flickr.com/photos/25547975@N06/4467074329/			False	http://farm5.staticflickr.com/4046/4467074329_1461efd54e.jpg	16	f1e21f59f06022d813a2ce4b5b6849ab	jpg	Treetop Mom	United States	2010-03-27T18:42:04Z	Attribution-NonCommercial-NoDerivs License	2010-03-17T16:46:03Z	Canon PowerShot A570 IS	66269935	Spring Buds 4	4467074329	[u'flowers', u'nature', u'nyc']
New York	[91801527, 28746217, 2459115, 12589335, 2347591, 12761748, 23424977, 56204656, 56043648]	http://www.flickr.com/photos/25547975@N06/4467074671/			False	http://farm5.staticflickr.com/4025/4467074671_668d327367.jpg	16	ee45f30fd1163a4ff4960bc85b22794	jpg	Treetop Mom	United States	2010-03-27T18:42:13Z	Attribution-NonCommercial-NoDerivs License	2010-03-17T16:46:49Z	Canon PowerShot A570 IS	96742816	Spring Buds 3	4467074671	[u'flowers', u'nature', u'nyc']
New York	[91801527, 28746217, 2459115, 12589335, 2347591, 12761748, 23424977, 56204656, 56043648]	http://www.flickr.com/photos/25547975@N06/4467849338/			False	http://farm5.staticflickr.com/4064/4467849338_ebc8397977.jpg	16	681550569a4d5493142678682d8ab61	jpg	Treetop Mom	United States	2010-03-27T18:42:21Z	Attribution-NonCommercial-NoDerivs License	2010-03-17T16:46:58Z	Canon PowerShot A570 IS	81029885	Spring Buds 2	4467849338	[u'flowers', u'nature', u'nyc']
New York	[91801527, 28746217, 2459115, 12589335, 2347591, 12761748, 23424977, 56204656, 56043648]	http://www.flickr.com/photos/25547975@N06/4467075265/			False	http://farm3.staticflickr.com/2800/4467075265_587376e10f.jpg	16	a6eb0f8babcb73aa5bebebaca6a3	jpg	Treetop Mom	United States	2010-03-27T18:42:30Z	Attribution-NonCommercial-NoDerivs License	2010-03-17T16:47:07Z	Canon PowerShot A570 IS	82093968	Spring Buds 1	4467075265	[u'flowers', u'nature', u'nyc']
New York	[91801527, 28746217, 2459115, 12589335, 2347591, 12761748, 23424977, 56204656, 56043648]	http://www.flickr.com/photos/25547975@N06/4467075587/			False	http://farm5.staticflickr.com/4004/4467075587_4a94c73f69.jpg	16	adbef97221a57dc6ed9b101f499aa6f6	jpg	Treetop Mom	United States	2010-03-27T18:42:38Z	Attribution-NonCommercial-NoDerivs License	2010-03-17T16:48:13Z	Canon PowerShot A570 IS	70345455	You Go Girl 3	4467075587	[u'graffiti', u'nyc', u'words']
New York	[91801527, 28746217, 2459115, 12589335, 2347591, 12761748, 23424977, 56204656, 56043648]	http://www.flickr.com/photos/25547975@N06/4467075881/			False	http://farm5.staticflickr.com/4040/4467075881_17e5688d59.jpg	16	9abc8b19ecb9557386af6cda1df45610	jpg	Treetop Mom	United States	2010-03-27T18:42:46Z	Attribution-NonCommercial-NoDerivs License	2010-03-17T16:48:40Z	Canon PowerShot A570 IS	28260707	You Go Girl 2	4467075881	[u'graffiti', u'nyc', u'words']
New York	[91801527, 28746217, 2459115, 12589335, 2347591, 12761748, 23424977, 56204656, 56043648]	http://www.flickr.com/photos/25547975@N06/4467850578/		Red Hook soccer field	False	http://farm5.staticflickr.com/4002/4467850578_3a5028f314.jpg	16	ecb54f514be326659eed8e956af7cad	jpg	Treetop Mom	United States	2010-03-27T18:42:55Z	Attribution-NonCommercial-NoDerivs License	2010-03-17T16:48:59Z	Canon PowerShot A570 IS	95947461	You Go Girl!	4467850578	[u'graffiti', u'nyc', u'words']
