town_s	woe_is	urlpage_s	machine_ss	desc_ws	video_b	url_s	hour_i	hash_s	ext_s	user_s	country_s	upload_dt	license_s	taken_dt	device_s	line_i	title_s	id	tag_ss
New York	[91801527, 56204357, 2459115, 12589335, 2347591, 12761736, 23424977, 56043648]	http://www.flickr.com/photos/27122088@N00/4523957765/			False	http://farm5.staticflickr.com/4005/4523957765_2b93531e07.jpg	15	c7558229bca23671d4884427ac31431	jpg	lostinbrooklyn	United States	2010-04-15T23:06:26Z	Attribution-NonCommercial-NoDerivs License	2010-04-14T15:26:33Z	Canon EOS 50D	75734418	IMG_8172	4523957765	[u'2010', u'brooklyn', u' ny', u'cemetery', u'flowering trees', u'green-wood', u'green-wood cemetery', u'new york', u'spring', u'statuary']
New York	[91801527, 56204357, 2459115, 12589335, 2347591, 12761736, 23424977, 56043648]	http://www.flickr.com/photos/27122088@N00/4524587570/			False	http://farm5.staticflickr.com/4031/4524587570_d610dfe21d.jpg	15	f93030a116e0494259b581c7ea0761f	jpg	lostinbrooklyn	United States	2010-04-15T23:06:31Z	Attribution-NonCommercial-NoDerivs License	2010-04-14T15:27:18Z	Canon EOS 50D	65346860	IMG_8179	4524587570	[u'2010', u'brooklyn', u' ny', u'cemetery', u'flowering trees', u'green-wood', u'green-wood cemetery', u'new york', u'spring', u'statuary']
New York	[56204357, 91801527, 2459115, 12589335, 2347591, 12761736, 23424977, 56043648]	http://www.flickr.com/photos/27122088@N00/4523958069/			False	http://farm5.staticflickr.com/4064/4523958069_144c38c4d0.jpg	15	2a1790f5e24a5b4477fb1fa8ca1ab9c4	jpg	lostinbrooklyn	United States	2010-04-15T23:06:37Z	Attribution-NonCommercial-NoDerivs License	2010-04-14T15:27:42Z	Canon EOS 50D	66897168	IMG_8180	4523958069	[u'2010', u'brooklyn', u' ny', u'cemetery', u'flowering trees', u'green-wood', u'green-wood cemetery', u'new york', u'spring', u'statuary']
New York	[56204357, 91801527, 2459115, 12589335, 2347591, 12761736, 23424977, 56043648]	http://www.flickr.com/photos/27122088@N00/4523959057/			False	http://farm5.staticflickr.com/4038/4523959057_2bc7dcab85.jpg	15	1ce976c05dbe7d29a743f286f73c6c3e	jpg	lostinbrooklyn	United States	2010-04-15T23:07:12Z	Attribution-NonCommercial-NoDerivs License	2010-04-14T15:29:44Z	Canon EOS 50D	65285827	IMG_8189	4523959057	[u'2010', u'brooklyn', u' ny', u'cemetery', u'flowering trees', u'green-wood', u'green-wood cemetery', u'new york', u'spring', u'statuary']
New York	[91801527, 56204357, 2459115, 12589335, 2347591, 12761736, 23424977, 56043648]	http://www.flickr.com/photos/27122088@N00/4523959153/			False	http://farm5.staticflickr.com/4050/4523959153_c9729a0cfc.jpg	15	70d475b0c4c81e46a02c93e295865ee6	jpg	lostinbrooklyn	United States	2010-04-15T23:07:15Z	Attribution-NonCommercial-NoDerivs License	2010-04-14T15:32:35Z	Canon EOS 50D	42671471	IMG_8194	4523959153	[u'2010', u'brooklyn', u' ny', u'cemetery', u'flowering trees', u'green-wood', u'green-wood cemetery', u'new york', u'spring', u'statuary']
New York	[56204357, 91801527, 2459115, 12589335, 2347591, 12761736, 23424977, 56043648]	http://www.flickr.com/photos/27122088@N00/4524589044/			False	http://farm5.staticflickr.com/4006/4524589044_0bd0ff5005.jpg	15	f18063e173496c93b795a13d5bd0e8	jpg	lostinbrooklyn	United States	2010-04-15T23:07:18Z	Attribution-NonCommercial-NoDerivs License	2010-04-14T15:33:27Z	Canon EOS 50D	71977555	IMG_8196	4524589044	[u'2010', u'brooklyn', u' ny', u'cemetery', u'flowering trees', u'green-wood', u'green-wood cemetery', u'new york', u'spring', u'statuary']
New York	[91801527, 56204357, 2459115, 12589335, 2347591, 12761736, 23424977, 56043648]	http://www.flickr.com/photos/27122088@N00/4523957499/			False	http://farm5.staticflickr.com/4031/4523957499_80ba58e86e.jpg	15	a42870c4c23132c479256afe5a577c	jpg	lostinbrooklyn	United States	2010-04-15T23:06:19Z	Attribution-NonCommercial-NoDerivs License	2010-04-14T15:34:00Z	Canon EOS 50D	79038619	IMG_8199	4523957499	[u'2010', u'brooklyn', u' ny', u'cemetery', u'flowering trees', u'green-wood', u'green-wood cemetery', u'new york', u'spring', u'statuary']
New York	[56204357, 91801527, 2459115, 12589335, 2347591, 12761736, 23424977, 56043648]	http://www.flickr.com/photos/27122088@N00/4524589158/			False	http://farm5.staticflickr.com/4023/4524589158_f03bb03ffa.jpg	15	4624c4b0c29581418572a49fd0931615	jpg	lostinbrooklyn	United States	2010-04-15T23:07:22Z	Attribution-NonCommercial-NoDerivs License	2010-04-14T15:34:14Z	Canon EOS 50D	99766746	IMG_8201	4524589158	[u'2010', u'brooklyn', u' ny', u'cemetery', u'flowering trees', u'green-wood', u'green-wood cemetery', u'new york', u'spring', u'statuary']
New York	[56204357, 91801527, 2459115, 12589335, 2347591, 12761736, 23424977, 56043648]	http://www.flickr.com/photos/27122088@N00/4524589294/			False	http://farm5.staticflickr.com/4007/4524589294_3977744573.jpg	15	aced935ab2fea77eee65ffa5d9cd955	jpg	lostinbrooklyn	United States	2010-04-15T23:07:27Z	Attribution-NonCommercial-NoDerivs License	2010-04-14T15:35:10Z	Canon EOS 50D	61318026	IMG_8202	4524589294	[u'2010', u'brooklyn', u' ny', u'cemetery', u'flowering trees', u'green-wood', u'green-wood cemetery', u'new york', u'spring', u'statuary']
New York	[56204357, 91801527, 2459115, 12589335, 2347591, 12761736, 23424977, 56043648]	http://www.flickr.com/photos/27122088@N00/4523959653/			False	http://farm5.staticflickr.com/4003/4523959653_05e816f74f.jpg	15	cb544294c9a64163a49cecd6eb98f	jpg	lostinbrooklyn	United States	2010-04-15T23:07:32Z	Attribution-NonCommercial-NoDerivs License	2010-04-14T15:36:04Z	Canon EOS 50D	88614488	IMG_8205	4523959653	[u'2010', u'brooklyn', u' ny', u'cemetery', u'flowering trees', u'green-wood', u'green-wood cemetery', u'new york', u'spring', u'statuary']
New York	[56204357, 91801527, 2459115, 12589335, 2347591, 12761736, 23424977, 56043648]	http://www.flickr.com/photos/27122088@N00/4524589622/			False	http://farm5.staticflickr.com/4038/4524589622_da0749a2d4.jpg	15	31ae2d70e6a9b2adb26d19eefc512926	jpg	lostinbrooklyn	United States	2010-04-15T23:07:38Z	Attribution-NonCommercial-NoDerivs License	2010-04-14T15:37:17Z	Canon EOS 50D	23806730	IMG_8208	4524589622	[u'2010', u'brooklyn', u' ny', u'cemetery', u'flowering trees', u'green-wood', u'green-wood cemetery', u'new york', u'spring', u'statuary']
New York	[91801527, 56204357, 2459115, 12589335, 2347591, 12761736, 23424977, 56043648]	http://www.flickr.com/photos/27122088@N00/4524589740/			False	http://farm5.staticflickr.com/4017/4524589740_bc38b8d46c.jpg	15	9aa68beadcf0a14d52c3f970d3e7990	jpg	lostinbrooklyn	United States	2010-04-15T23:07:42Z	Attribution-NonCommercial-NoDerivs License	2010-04-14T15:38:23Z	Canon EOS 50D	99297681	IMG_8210	4524589740	[u'2010', u'brooklyn', u' ny', u'cemetery', u'flowering trees', u'green-wood', u'green-wood cemetery', u'new york', u'spring', u'statuary']
New York	[56204357, 91801527, 2459115, 12589335, 2347591, 12761736, 23424977, 56043648]	http://www.flickr.com/photos/27122088@N00/4523960073/			False	http://farm5.staticflickr.com/4024/4523960073_fb0d16d5f6.jpg	15	5e2cf0e4868de29dbfc1779a6ac162	jpg	lostinbrooklyn	United States	2010-04-15T23:07:48Z	Attribution-NonCommercial-NoDerivs License	2010-04-14T15:39:29Z	Canon EOS 50D	84332319	IMG_8217	4523960073	[u'2010', u'brooklyn', u' ny', u'cemetery', u'flowering trees', u'green-wood', u'green-wood cemetery', u'new york', u'spring', u'statuary']
New York	[56204357, 91801527, 2459115, 12589335, 2347591, 12761736, 23424977, 56043648]	http://www.flickr.com/photos/27122088@N00/4524590058/			False	http://farm5.staticflickr.com/4053/4524590058_d405d8a63d.jpg	15	4d6c1cadc6dea4d3e28bd383a24a736	jpg	lostinbrooklyn	United States	2010-04-15T23:07:53Z	Attribution-NonCommercial-NoDerivs License	2010-04-14T15:39:54Z	Canon EOS 50D	51946689	IMG_8219	4524590058	[u'2010', u'brooklyn', u' ny', u'cemetery', u'flowering trees', u'green-wood', u'green-wood cemetery', u'new york', u'spring', u'statuary']
New York	[56204357, 91801527, 2459115, 12589335, 2347591, 12761736, 23424977, 56043648]	http://www.flickr.com/photos/27122088@N00/4524590172/			False	http://farm5.staticflickr.com/4071/4524590172_58cbb3a3c5.jpg	15	95d53da93ec7b2ec243b126ab06746f	jpg	lostinbrooklyn	United States	2010-04-15T23:07:57Z	Attribution-NonCommercial-NoDerivs License	2010-04-14T15:41:23Z	Canon EOS 50D	81693299	IMG_8221	4524590172	[u'2010', u'brooklyn', u' ny', u'cemetery', u'flowering trees', u'green-wood', u'green-wood cemetery', u'new york', u'spring', u'statuary']
New York	[91801527, 56204357, 2459115, 12589335, 2347591, 12761736, 23424977, 56043648]	http://www.flickr.com/photos/27122088@N00/4524590274/			False	http://farm5.staticflickr.com/4064/4524590274_808115c3b2.jpg	15	fe33f16531b78b2865eece51ab1bfe1	jpg	lostinbrooklyn	United States	2010-04-15T23:08:01Z	Attribution-NonCommercial-NoDerivs License	2010-04-14T15:41:54Z	Canon EOS 50D	77108443	IMG_8222	4524590274	[u'2010', u'brooklyn', u' ny', u'cemetery', u'flowering trees', u'green-wood', u'green-wood cemetery', u'new york', u'spring', u'statuary']
New York	[91801527, 56204357, 2459115, 12589335, 2347591, 12761736, 23424977, 56043648]	http://www.flickr.com/photos/27122088@N00/4524590434/			False	http://farm5.staticflickr.com/4020/4524590434_300dae7245.jpg	15	79dc5882fbaa182cb5c22571ae7a7c8b	jpg	lostinbrooklyn	United States	2010-04-15T23:08:06Z	Attribution-NonCommercial-NoDerivs License	2010-04-14T15:42:42Z	Canon EOS 50D	87134776	IMG_8227	4524590434	[u'2010', u'brooklyn', u' ny', u'cemetery', u'flowering trees', u'green-wood', u'green-wood cemetery', u'new york', u'spring', u'statuary']
New York	[56204357, 91801527, 2459115, 12589335, 2347591, 12761736, 23424977, 56043648]	http://www.flickr.com/photos/27122088@N00/4524590588/			False	http://farm5.staticflickr.com/4019/4524590588_9b13bcf788.jpg	15	3987b2a722626b4a4e39d43d131bdf	jpg	lostinbrooklyn	United States	2010-04-15T23:08:11Z	Attribution-NonCommercial-NoDerivs License	2010-04-14T15:44:05Z	Canon EOS 50D	74319621	IMG_8229	4524590588	[u'2010', u'brooklyn', u' ny', u'cemetery', u'flowering trees', u'green-wood', u'green-wood cemetery', u'new york', u'spring', u'statuary']
New York	[91801527, 56204357, 2459115, 12589335, 2347591, 12761736, 23424977, 56043648]	http://www.flickr.com/photos/27122088@N00/4524590648/			False	http://farm5.staticflickr.com/4029/4524590648_7319c58b2b.jpg	15	5b93b4dba1e3611b4f5a11a613c6b1e1	jpg	lostinbrooklyn	United States	2010-04-15T23:08:13Z	Attribution-NonCommercial-NoDerivs License	2010-04-14T15:44:49Z	Canon EOS 50D	80026209	IMG_8232	4524590648	[u'2010', u'brooklyn', u' ny', u'cemetery', u'flowering trees', u'green-wood', u'green-wood cemetery', u'new york', u'spring', u'statuary']
New York	[91801527, 56204357, 2459115, 12589335, 2347591, 12761736, 23424977, 56043648]	http://www.flickr.com/photos/27122088@N00/4523960855/			False	http://farm5.staticflickr.com/4022/4523960855_82f41a0c76.jpg	15	2f2bc765446e9bf29c011c774ce5e34	jpg	lostinbrooklyn	United States	2010-04-15T23:08:16Z	Attribution-NonCommercial-NoDerivs License	2010-04-14T15:46:25Z	Canon EOS 50D	86113429	IMG_8239	4523960855	[u'2010', u'brooklyn', u' ny', u'cemetery', u'flowering trees', u'green-wood', u'green-wood cemetery', u'new york', u'spring', u'statuary']
New York	[56204357, 91801527, 2459115, 12589335, 2347591, 12761736, 23424977, 56043648]	http://www.flickr.com/photos/27122088@N00/4524590806/			False	http://farm5.staticflickr.com/4028/4524590806_dd8c12e7f1.jpg	15	94e7fb4d124af9ff2f841272168d5c2c	jpg	lostinbrooklyn	United States	2010-04-15T23:08:19Z	Attribution-NonCommercial-NoDerivs License	2010-04-14T15:47:28Z	Canon EOS 50D	62575448	IMG_8240	4524590806	[u'2010', u'brooklyn', u' ny', u'cemetery', u'flowering trees', u'green-wood', u'green-wood cemetery', u'new york', u'spring', u'statuary']
New York	[91801527, 56204357, 2459115, 12589335, 2347591, 12761736, 23424977, 56043648]	http://www.flickr.com/photos/27122088@N00/4523961077/			False	http://farm5.staticflickr.com/4047/4523961077_3d98c520fc.jpg	15	f91a12d4c5ceae5f342eb0486ca242b5	jpg	lostinbrooklyn	United States	2010-04-15T23:08:25Z	Attribution-NonCommercial-NoDerivs License	2010-04-14T15:48:46Z	Canon EOS 50D	18928948	IMG_8242	4523961077	[u'2010', u'brooklyn', u' ny', u'cemetery', u'flowering trees', u'green-wood', u'green-wood cemetery', u'new york', u'spring', u'statuary']
New York	[91801527, 56204357, 2459115, 12589335, 2347591, 12761736, 23424977, 56043648]	http://www.flickr.com/photos/27122088@N00/4524591088/			False	http://farm5.staticflickr.com/4022/4524591088_6feb2e17dd.jpg	15	6b439bd93a391b712cffabe754369c5a	jpg	lostinbrooklyn	United States	2010-04-15T23:08:28Z	Attribution-NonCommercial-NoDerivs License	2010-04-14T15:49:40Z	Canon EOS 50D	63188682	IMG_8245	4524591088	[u'2010', u'brooklyn', u' ny', u'cemetery', u'flowering trees', u'green-wood', u'green-wood cemetery', u'new york', u'spring', u'statuary']
New York	[91801527, 56204357, 2459115, 12589335, 2347591, 12761736, 23424977, 56043648]	http://www.flickr.com/photos/27122088@N00/4523961279/			False	http://farm5.staticflickr.com/4007/4523961279_5881d6b011.jpg	15	4d4e77b8e77cc51ffc8878c2858775	jpg	lostinbrooklyn	United States	2010-04-15T23:08:31Z	Attribution-NonCommercial-NoDerivs License	2010-04-14T15:50:26Z	Canon EOS 50D	66015594	IMG_8246	4523961279	[u'2010', u'brooklyn', u' ny', u'cemetery', u'flowering trees', u'green-wood', u'green-wood cemetery', u'new york', u'spring', u'statuary']
New York	[56204357, 91801527, 2459115, 12589335, 2347591, 12761736, 23424977, 56043648]	http://www.flickr.com/photos/27122088@N00/4524591284/			False	http://farm5.staticflickr.com/4046/4524591284_f7aa742087.jpg	15	65851b5a4c1b6648efc612a72138b8f4	jpg	lostinbrooklyn	United States	2010-04-15T23:08:35Z	Attribution-NonCommercial-NoDerivs License	2010-04-14T15:52:26Z	Canon EOS 50D	95894292	IMG_8252	4524591284	[u'2010', u'brooklyn', u' ny', u'cemetery', u'flowering trees', u'green-wood', u'green-wood cemetery', u'new york', u'spring', u'statuary']
New York	[56204357, 91801527, 2459115, 12589335, 2347591, 12761736, 23424977, 56043648]	http://www.flickr.com/photos/27122088@N00/4524591374/			False	http://farm5.staticflickr.com/4031/4524591374_51e2e8b079.jpg	15	bd34aad141c40d8e89a2487ec8ed84a	jpg	lostinbrooklyn	United States	2010-04-15T23:08:39Z	Attribution-NonCommercial-NoDerivs License	2010-04-14T15:52:52Z	Canon EOS 50D	64555282	IMG_8256	4524591374	[u'2010', u'brooklyn', u' ny', u'cemetery', u'flowering trees', u'green-wood', u'green-wood cemetery', u'new york', u'spring', u'statuary']
New York	[56204357, 91801527, 2459115, 12589335, 2347591, 12761736, 23424977, 56043648]	http://www.flickr.com/photos/27122088@N00/4524591494/			False	http://farm5.staticflickr.com/4071/4524591494_0fc58ed931.jpg	15	5f888fca97e5ff75c3697ddcd6a4d4a	jpg	lostinbrooklyn	United States	2010-04-15T23:08:44Z	Attribution-NonCommercial-NoDerivs License	2010-04-14T15:53:23Z	Canon EOS 50D	69809432	IMG_8258	4524591494	[u'2010', u'brooklyn', u' ny', u'cemetery', u'flowering trees', u'green-wood', u'green-wood cemetery', u'new york', u'spring', u'statuary']
New York	[91801527, 56204357, 2459115, 12589335, 2347591, 12761736, 23424977, 56043648]	http://www.flickr.com/photos/27122088@N00/4524591636/			False	http://farm5.staticflickr.com/4048/4524591636_cbd21ddd8e.jpg	15	ac574bdb8c87a4a9a83bdec4e7182	jpg	lostinbrooklyn	United States	2010-04-15T23:08:49Z	Attribution-NonCommercial-NoDerivs License	2010-04-14T15:54:42Z	Canon EOS 50D	68058856	IMG_8260	4524591636	[u'2010', u'brooklyn', u' ny', u'cemetery', u'flowering trees', u'green-wood', u'green-wood cemetery', u'new york', u'spring', u'statuary']
New York	[91801527, 56204357, 2459115, 12589335, 2347591, 12761736, 23424977, 56043648]	http://www.flickr.com/photos/27122088@N00/4524591922/			False	http://farm5.staticflickr.com/4010/4524591922_2d58a0ec5f.jpg	15	4b7cc0c6dcd2b6af302233ebdc83941f	jpg	lostinbrooklyn	United States	2010-04-15T23:09:01Z	Attribution-NonCommercial-NoDerivs License	2010-04-14T15:55:55Z	Canon EOS 50D	72719205	IMG_8261	4524591922	[u'2010', u'brooklyn', u' ny', u'cemetery', u'flowering trees', u'green-wood', u'green-wood cemetery', u'new york', u'spring', u'statuary']
New York	[91801527, 56204357, 2459115, 12589335, 2347591, 12761736, 23424977, 56043648]	http://www.flickr.com/photos/27122088@N00/4524592074/			False	http://farm5.staticflickr.com/4060/4524592074_ea78d6d51d.jpg	15	16f91e287f364c3d9f4c56b2f998be65	jpg	lostinbrooklyn	United States	2010-04-15T23:09:06Z	Attribution-NonCommercial-NoDerivs License	2010-04-14T15:58:22Z	Canon EOS 50D	44035392	IMG_8263	4524592074	[u'2010', u'brooklyn', u' ny', u'cemetery', u'flowering trees', u'green-wood', u'green-wood cemetery', u'new york', u'spring', u'statuary']
New York	[56204357, 91801527, 2459115, 12589335, 2347591, 12761736, 23424977, 56043648]	http://www.flickr.com/photos/27122088@N00/4523962361/			False	http://farm5.staticflickr.com/4036/4523962361_94bbcefbbb.jpg	16	aa4b392239564026aa38a783a625faee	jpg	lostinbrooklyn	United States	2010-04-15T23:09:11Z	Attribution-NonCommercial-NoDerivs License	2010-04-14T16:00:10Z	Canon EOS 50D	53157967	IMG_8268	4523962361	[u'2010', u'brooklyn', u' ny', u'cemetery', u'flowering trees', u'green-wood', u'green-wood cemetery', u'new york', u'spring', u'statuary']
New York	[91801527, 56204357, 2459115, 12589335, 2347591, 12761736, 23424977, 56043648]	http://www.flickr.com/photos/27122088@N00/4523962443/			False	http://farm5.staticflickr.com/4011/4523962443_006bc2d761.jpg	16	cabc962f16685c3e415ef42d82c7aedf	jpg	lostinbrooklyn	United States	2010-04-15T23:09:16Z	Attribution-NonCommercial-NoDerivs License	2010-04-14T16:03:24Z	Canon EOS 50D	82800932	IMG_8278	4523962443	[u'2010', u'brooklyn', u' ny', u'cemetery', u'flowering trees', u'green-wood', u'green-wood cemetery', u'new york', u'spring', u'statuary']
New York	[91801527, 56204357, 2459115, 12589335, 2347591, 12761736, 23424977, 56043648]	http://www.flickr.com/photos/27122088@N00/4523962559/			False	http://farm5.staticflickr.com/4067/4523962559_0a8b5fbae0.jpg	16	fcc593293a74baa16340d7b14194fb3f	jpg	lostinbrooklyn	United States	2010-04-15T23:09:21Z	Attribution-NonCommercial-NoDerivs License	2010-04-14T16:03:58Z	Canon EOS 50D	75341719	IMG_8282	4523962559	[u'2010', u'brooklyn', u' ny', u'cemetery', u'flowering trees', u'green-wood', u'green-wood cemetery', u'new york', u'spring', u'statuary']
New York	[56204357, 91801527, 2459115, 12589335, 2347591, 12761736, 23424977, 56043648]	http://www.flickr.com/photos/27122088@N00/4523962679/			False	http://farm5.staticflickr.com/4067/4523962679_cd0480a121.jpg	16	5580a756fea6f3bebf7b3c437a7f3bee	jpg	lostinbrooklyn	United States	2010-04-15T23:09:25Z	Attribution-NonCommercial-NoDerivs License	2010-04-14T16:06:12Z	Canon EOS 50D	69600832	IMG_8290	4523962679	[u'2010', u'brooklyn', u' ny', u'cemetery', u'flowering trees', u'green-wood', u'green-wood cemetery', u'new york', u'spring', u'statuary']
New York	[56204357, 91801527, 2459115, 12589335, 2347591, 12761736, 23424977, 56043648]	http://www.flickr.com/photos/27122088@N00/4523962809/			False	http://farm5.staticflickr.com/4020/4523962809_71eb4f6c6d.jpg	16	e94b8acb2c3c0522816cfe4247a2d	jpg	lostinbrooklyn	United States	2010-04-15T23:09:31Z	Attribution-NonCommercial-NoDerivs License	2010-04-14T16:07:09Z	Canon EOS 50D	82560606	IMG_8296	4523962809	[u'2010', u'brooklyn', u' ny', u'cemetery', u'flowering trees', u'green-wood', u'green-wood cemetery', u'new york', u'spring', u'statuary']
New York	[91801527, 56204357, 2459115, 12589335, 2347591, 12761736, 23424977, 56043648]	http://www.flickr.com/photos/27122088@N00/4523962925/			False	http://farm5.staticflickr.com/4065/4523962925_d7ccd104df.jpg	16	8d49c0be38f7514c34c2f9fae7ae47	jpg	lostinbrooklyn	United States	2010-04-15T23:09:35Z	Attribution-NonCommercial-NoDerivs License	2010-04-14T16:07:32Z	Canon EOS 50D	79640558	IMG_8297	4523962925	[u'2010', u'brooklyn', u' ny', u'cemetery', u'flowering trees', u'green-wood', u'green-wood cemetery', u'new york', u'spring', u'statuary']
New York	[56204357, 91801527, 2459115, 12589335, 2347591, 12761736, 23424977, 56043648]	http://www.flickr.com/photos/27122088@N00/4524592998/			False	http://farm5.staticflickr.com/4060/4524592998_dd3857f42a.jpg	16	5ff575289e1f570a9b06ca6165e0a7	jpg	lostinbrooklyn	United States	2010-04-15T23:09:44Z	Attribution-NonCommercial-NoDerivs License	2010-04-14T16:07:55Z	Canon EOS 50D	70769850	IMG_8299	4524592998	[u'2010', u'brooklyn', u' ny', u'cemetery', u'flowering trees', u'green-wood', u'green-wood cemetery', u'new york', u'spring', u'statuary']
New York	[56204357, 91801527, 2459115, 12589335, 2347591, 12761736, 23424977, 56043648]	http://www.flickr.com/photos/27122088@N00/4524593110/			False	http://farm5.staticflickr.com/4016/4524593110_4fbda1013a.jpg	16	39476e391f29cdd12d6fe9c209f164e	jpg	lostinbrooklyn	United States	2010-04-15T23:09:48Z	Attribution-NonCommercial-NoDerivs License	2010-04-14T16:08:44Z	Canon EOS 50D	70915613	IMG_8304	4524593110	[u'2010', u'brooklyn', u' ny', u'cemetery', u'flowering trees', u'green-wood', u'green-wood cemetery', u'new york', u'spring', u'statuary']
New York	[91801527, 56204357, 2459115, 12589335, 2347591, 12761736, 23424977, 56043648]	http://www.flickr.com/photos/27122088@N00/4524593224/			False	http://farm5.staticflickr.com/4042/4524593224_b328f054f7.jpg	16	4118d6d22e836686e9fc23a32551863	jpg	lostinbrooklyn	United States	2010-04-15T23:09:53Z	Attribution-NonCommercial-NoDerivs License	2010-04-14T16:09:26Z	Canon EOS 50D	66384364	IMG_8308	4524593224	[u'2010', u'brooklyn', u' ny', u'cemetery', u'flowering trees', u'green-wood', u'green-wood cemetery', u'new york', u'spring', u'statuary']
New York	[91801527, 56204357, 2459115, 12589335, 2347591, 12761736, 23424977, 56043648]	http://www.flickr.com/photos/27122088@N00/4523963519/			False	http://farm5.staticflickr.com/4072/4523963519_129b0bd032.jpg	16	3948435127e7ad6e23821ba9d3a0e8	jpg	lostinbrooklyn	United States	2010-04-15T23:09:57Z	Attribution-NonCommercial-NoDerivs License	2010-04-14T16:10:40Z	Canon EOS 50D	65190365	IMG_8310	4523963519	[u'2010', u'brooklyn', u' ny', u'cemetery', u'flowering trees', u'green-wood', u'green-wood cemetery', u'new york', u'spring', u'statuary']
New York	[56204357, 91801527, 2459115, 12589335, 2347591, 12761736, 23424977, 56043648]	http://www.flickr.com/photos/27122088@N00/4523963639/			False	http://farm5.staticflickr.com/4072/4523963639_5b0c05fc15.jpg	16	87d4a5ace92c15790b7c90962ec879	jpg	lostinbrooklyn	United States	2010-04-15T23:10:02Z	Attribution-NonCommercial-NoDerivs License	2010-04-14T16:11:45Z	Canon EOS 50D	84910919	IMG_8313	4523963639	[u'2010', u'brooklyn', u' ny', u'cemetery', u'flowering trees', u'green-wood', u'green-wood cemetery', u'new york', u'spring', u'statuary']
