town_s	woe_is	urlpage_s	machine_ss	desc_ws	video_b	url_s	hour_i	hash_s	ext_s	user_s	country_s	upload_dt	license_s	taken_dt	device_s	line_i	title_s	id	tag_ss
New York	[91801527, 28746217, 55992193, 2459115, 12589335, 2347591, 12761733, 23424977, 56043648]	http://www.flickr.com/photos/27122088@N00/4768625078/			False	http://farm5.staticflickr.com/4102/4768625078_b53c8f044e.jpg	16	be23e2fd7b5c588194bda6f863e14fb7	jpg	lostinbrooklyn	United States	2010-07-06T17:25:30Z	Attribution-NonCommercial-NoDerivs License	2010-07-01T16:43:55Z	Canon EOS 50D	89030159	IMG_9147	4768625078	[u'2010', u'brooklyn', u' ny', u'cemetery', u'green-wood', u'green-wood cemetery', u'greenwood heights', u' brooklyn', u'new york', u'outside', u'summer']
New York	[91801527, 28746217, 55992193, 2459115, 12589335, 2347591, 12761733, 23424977, 56043648]	http://www.flickr.com/photos/27122088@N00/4768625270/			False	http://farm5.staticflickr.com/4097/4768625270_505fcbe463.jpg	16	7dec42d5f38789232723f29d96b5ff98	jpg	lostinbrooklyn	United States	2010-07-06T17:25:33Z	Attribution-NonCommercial-NoDerivs License	2010-07-01T16:45:04Z	Canon EOS 50D	65586558	IMG_9153	4768625270	[u'2010', u'brooklyn', u' ny', u'cemetery', u'green-wood', u'green-wood cemetery', u'greenwood heights', u' brooklyn', u'new york', u'outside', u'sky', u'summer']
New York	[91801527, 55992193, 28746217, 2459115, 12589335, 2347591, 12761733, 23424977, 56043648]	http://www.flickr.com/photos/27122088@N00/4768625576/			False	http://farm5.staticflickr.com/4098/4768625576_18750dc284.jpg	16	924771f9c5af9e977244f4a1fc78b98d	jpg	lostinbrooklyn	United States	2010-07-06T17:25:39Z	Attribution-NonCommercial-NoDerivs License	2010-07-01T16:50:27Z	Canon EOS 50D	63607868	IMG_9157	4768625576	[u'2010', u'brooklyn', u' ny', u'cemetery', u'green-wood', u'green-wood cemetery', u'greenwood heights', u' brooklyn', u'groundhog', u'new york', u'outside', u'summer']
New York	[91801527, 28746217, 55992193, 2459115, 12589335, 2347591, 12761733, 23424977, 56043648]	http://www.flickr.com/photos/27122088@N00/4768625730/			False	http://farm5.staticflickr.com/4102/4768625730_d493edda1c.jpg	16	f572205e952326b664806f6f409663db	jpg	lostinbrooklyn	United States	2010-07-06T17:25:41Z	Attribution-NonCommercial-NoDerivs License	2010-07-01T16:54:06Z	Canon EOS 50D	25312683	IMG_9165	4768625730	[u'2010', u'brooklyn', u' ny', u'cemetery', u'green-wood', u'green-wood cemetery', u'greenwood heights', u' brooklyn', u'new york', u'outside', u'sky', u'summer']
New York	[91801527, 28746217, 55992193, 2459115, 12589335, 2347591, 12761733, 23424977, 56043648]	http://www.flickr.com/photos/27122088@N00/4767987311/			False	http://farm5.staticflickr.com/4099/4767987311_47127fc863.jpg	16	31b0a59638d91aec4d6a7627c8fc7e4d	jpg	lostinbrooklyn	United States	2010-07-06T17:25:47Z	Attribution-NonCommercial-NoDerivs License	2010-07-01T16:55:52Z	Canon EOS 50D	65612938	IMG_9167	4767987311	[u'2010', u'brooklyn', u' ny', u'cemetery', u'green-wood', u'green-wood cemetery', u'greenwood heights', u' brooklyn', u'new york', u'outside', u'summer']
New York	[91801527, 28746217, 55992193, 2459115, 12589335, 2347591, 12761733, 23424977, 56043648]	http://www.flickr.com/photos/27122088@N00/4768626436/			False	http://farm5.staticflickr.com/4076/4768626436_2e353cda2a.jpg	16	1b5e85995575335fd69b54b569952fe4	jpg	lostinbrooklyn	United States	2010-07-06T17:25:55Z	Attribution-NonCommercial-NoDerivs License	2010-07-01T16:56:03Z	Canon EOS 50D	81532030	IMG_9168	4768626436	[u'2010', u'brooklyn', u' ny', u'cemetery', u'green-wood', u'green-wood cemetery', u'greenwood heights', u' brooklyn', u'new york', u'outside', u'summer']
New York	[91801527, 28746217, 55992193, 2459115, 12589335, 2347591, 12761733, 23424977, 56043648]	http://www.flickr.com/photos/27122088@N00/4767988135/			False	http://farm5.staticflickr.com/4134/4767988135_a1a7ac88ca.jpg	16	72382e5470c783df39dbd4be4df5470	jpg	lostinbrooklyn	United States	2010-07-06T17:26:03Z	Attribution-NonCommercial-NoDerivs License	2010-07-01T16:58:15Z	Canon EOS 50D	99685486	IMG_9172	4767988135	[u'2010', u'brooklyn', u' ny', u'cemetery', u'green-wood', u'green-wood cemetery', u'greenwood heights', u' brooklyn', u'new york', u'outside', u'summer']
New York	[91801527, 28746217, 55992193, 2459115, 12589335, 2347591, 12761733, 23424977, 56043648]	http://www.flickr.com/photos/27122088@N00/4768627074/			False	http://farm5.staticflickr.com/4101/4768627074_e9ba8ff274.jpg	16	79a9c95914db1d2713a24ff5fdd915b6	jpg	lostinbrooklyn	United States	2010-07-06T17:26:07Z	Attribution-NonCommercial-NoDerivs License	2010-07-01T16:58:43Z	Canon EOS 50D	82755404	IMG_9174	4768627074	[u'2010', u'brooklyn', u' ny', u'cemetery', u'green-wood', u'green-wood cemetery', u'greenwood heights', u' brooklyn', u'new york', u'outside', u'summer']
New York	[91801527, 55992193, 28746217, 2459115, 12589335, 2347591, 12761733, 23424977, 56043648]	http://www.flickr.com/photos/27122088@N00/4767988555/			False	http://farm5.staticflickr.com/4098/4767988555_10e71a2ccb.jpg	17	8accb6b7109a47ce374db0c46754d21b	jpg	lostinbrooklyn	United States	2010-07-06T17:26:11Z	Attribution-NonCommercial-NoDerivs License	2010-07-01T17:00:11Z	Canon EOS 50D	9270697	IMG_9178	4767988555	[u'2010', u'brooklyn', u' ny', u'cemetery', u'green-wood', u'green-wood cemetery', u'greenwood heights', u' brooklyn', u'new york', u'outside', u'sky', u'summer']
New York	[91801527, 55992193, 28746217, 2459115, 12589335, 2347591, 12761733, 23424977, 56043648]	http://www.flickr.com/photos/27122088@N00/4767988797/			False	http://farm5.staticflickr.com/4101/4767988797_567d6bbcce.jpg	17	a28a80a3a671f88358902a3852cc4a7b	jpg	lostinbrooklyn	United States	2010-07-06T17:26:16Z	Attribution-NonCommercial-NoDerivs License	2010-07-01T17:00:43Z	Canon EOS 50D	61784348	IMG_9182	4767988797	[u'2010', u'brooklyn', u' ny', u'cemetery', u'green-wood', u'green-wood cemetery', u'greenwood heights', u' brooklyn', u'new york', u'outside', u'summer']
New York	[91801527, 28746217, 55992193, 2459115, 12589335, 2347591, 12761733, 23424977, 56043648]	http://www.flickr.com/photos/27122088@N00/4768627692/			False	http://farm5.staticflickr.com/4080/4768627692_31fc734cf8.jpg	17	f7471b1586d792bfb5c96599a914a	jpg	lostinbrooklyn	United States	2010-07-06T17:26:20Z	Attribution-NonCommercial-NoDerivs License	2010-07-01T17:01:16Z	Canon EOS 50D	9077783	IMG_9184	4768627692	[u'2010', u'brooklyn', u' ny', u'cemetery', u'green-wood', u'green-wood cemetery', u'greenwood heights', u' brooklyn', u'new york', u'outside', u'sky', u'summer']
New York	[91801527, 55992193, 28746217, 2459115, 12589335, 2347591, 12761733, 23424977, 56043648]	http://www.flickr.com/photos/27122088@N00/4767989225/			False	http://farm5.staticflickr.com/4082/4767989225_9786ce4b97.jpg	17	afe3d144aab38051a934f3bf699540b2	jpg	lostinbrooklyn	United States	2010-07-06T17:26:25Z	Attribution-NonCommercial-NoDerivs License	2010-07-01T17:02:14Z	Canon EOS 50D	19255534	IMG_9186	4767989225	[u'2010', u'brooklyn', u' ny', u'cemetery', u'green-wood', u'green-wood cemetery', u'greenwood heights', u' brooklyn', u'new york', u'outside', u'summer']
New York	[91801527, 55992193, 28746217, 2459115, 12589335, 2347591, 12761733, 23424977, 56043648]	http://www.flickr.com/photos/27122088@N00/4768628104/			False	http://farm5.staticflickr.com/4079/4768628104_12fc42a4d1.jpg	17	5c5895758dd9487982142396df68d6ed	jpg	lostinbrooklyn	United States	2010-07-06T17:26:29Z	Attribution-NonCommercial-NoDerivs License	2010-07-01T17:05:40Z	Canon EOS 50D	71869080	IMG_9188	4768628104	[u'2010', u'brooklyn', u' ny', u'cemetery', u'green-wood', u'green-wood cemetery', u'greenwood heights', u' brooklyn', u'new york', u'outside', u'summer']
New York	[91801527, 28746217, 55992193, 2459115, 12589335, 2347591, 12761733, 23424977, 56043648]	http://www.flickr.com/photos/27122088@N00/4768628410/			False	http://farm5.staticflickr.com/4119/4768628410_604625dc0f.jpg	17	f9c7ed1da2378ddd58e652e56cdeaaf	jpg	lostinbrooklyn	United States	2010-07-06T17:26:34Z	Attribution-NonCommercial-NoDerivs License	2010-07-01T17:07:45Z	Canon EOS 50D	70658338	IMG_9193	4768628410	[u'2010', u'bird', u'brooklyn', u' ny', u'cemetery', u'green-wood', u'green-wood cemetery', u'greenwood heights', u' brooklyn', u'new york', u'outside', u'summer']
New York	[91801527, 55992193, 28746217, 2459115, 12589335, 2347591, 12761733, 23424977, 56043648]	http://www.flickr.com/photos/27122088@N00/4767989819/			False	http://farm5.staticflickr.com/4139/4767989819_541e2b03d4.jpg	17	baa4a261f7c066b214e66c90d9458861	jpg	lostinbrooklyn	United States	2010-07-06T17:26:37Z	Attribution-NonCommercial-NoDerivs License	2010-07-01T17:07:58Z	Canon EOS 50D	45239888	IMG_9195	4767989819	[u'2010', u'brooklyn', u' ny', u'cemetery', u'green-wood', u'green-wood cemetery', u'greenwood heights', u' brooklyn', u'new york', u'outside', u'sky', u'summer']
New York	[91801527, 55992193, 28746217, 2459115, 12589335, 2347591, 12761733, 23424977, 56043648]	http://www.flickr.com/photos/27122088@N00/4767990107/			False	http://farm5.staticflickr.com/4078/4767990107_3733f7fbc0.jpg	17	e1fe9b459a56d5aac15a53501ae55097	jpg	lostinbrooklyn	United States	2010-07-06T17:26:42Z	Attribution-NonCommercial-NoDerivs License	2010-07-01T17:10:09Z	Canon EOS 50D	85447256	IMG_9202	4767990107	[u'2010', u'brooklyn', u' ny', u'cemetery', u'green-wood', u'green-wood cemetery', u'greenwood heights', u' brooklyn', u'new york', u'outside', u'summer']
New York	[91801527, 28746217, 55992193, 2459115, 12589335, 2347591, 12761733, 23424977, 56043648]	http://www.flickr.com/photos/27122088@N00/4768629202/			False	http://farm5.staticflickr.com/4115/4768629202_3df89cc8da.jpg	17	577f3770aba090fbce34f8a55a7e24ce	jpg	lostinbrooklyn	United States	2010-07-06T17:26:49Z	Attribution-NonCommercial-NoDerivs License	2010-07-01T17:10:31Z	Canon EOS 50D	98288907	IMG_9204	4768629202	[u'2010', u'brooklyn', u' ny', u'cemetery', u'green-wood', u'green-wood cemetery', u'greenwood heights', u' brooklyn', u'new york', u'outside', u'summer']
New York	[91801527, 28746217, 55992193, 2459115, 12589335, 2347591, 12761733, 23424977, 56043648]	http://www.flickr.com/photos/27122088@N00/4768629426/			False	http://farm5.staticflickr.com/4137/4768629426_c862ca5ddd.jpg	17	87d6a4e121bc8f3ee77a3be535bfee9e	jpg	lostinbrooklyn	United States	2010-07-06T17:26:53Z	Attribution-NonCommercial-NoDerivs License	2010-07-01T17:11:16Z	Canon EOS 50D	98927048	IMG_9206	4768629426	[u'2010', u'brooklyn', u' ny', u'cemetery', u'green-wood', u'green-wood cemetery', u'greenwood heights', u' brooklyn', u'new york', u'outside', u'summer']
New York	[91801527, 55992193, 28746217, 2459115, 12589335, 2347591, 12761733, 23424977, 56043648]	http://www.flickr.com/photos/27122088@N00/4768629626/			False	http://farm5.staticflickr.com/4082/4768629626_1a31b88108.jpg	17	97187971d5b1148d62a92444d1a6de69	jpg	lostinbrooklyn	United States	2010-07-06T17:26:57Z	Attribution-NonCommercial-NoDerivs License	2010-07-01T17:13:26Z	Canon EOS 50D	80505179	IMG_9210	4768629626	[u'2010', u'brooklyn', u' ny', u'cemetery', u'green-wood', u'green-wood cemetery', u'greenwood heights', u' brooklyn', u'new york', u'outside', u'summer']
New York	[91801527, 55992193, 28746217, 2459115, 12589335, 2347591, 12761733, 23424977, 56043648]	http://www.flickr.com/photos/27122088@N00/4768629844/			False	http://farm5.staticflickr.com/4074/4768629844_1867396bea.jpg	17	a0293cb76d44cf359a3a367b3d7563ac	jpg	lostinbrooklyn	United States	2010-07-06T17:27:01Z	Attribution-NonCommercial-NoDerivs License	2010-07-01T17:14:26Z	Canon EOS 50D	89906742	IMG_9211	4768629844	[u'2010', u'brooklyn', u' ny', u'cemetery', u'green-wood', u'green-wood cemetery', u'greenwood heights', u' brooklyn', u'new york', u'outside', u'summer']
New York	[91801527, 28746217, 55992193, 2459115, 12589335, 2347591, 12761733, 23424977, 56043648]	http://www.flickr.com/photos/27122088@N00/4767991369/			False	http://farm5.staticflickr.com/4081/4767991369_5bb01df703.jpg	17	736c56e614f6963bd5fdc9ebe3e2aad	jpg	lostinbrooklyn	United States	2010-07-06T17:27:06Z	Attribution-NonCommercial-NoDerivs License	2010-07-01T17:16:13Z	Canon EOS 50D	70582026	IMG_9215	4767991369	[u'2010', u'brooklyn', u' ny', u'cemetery', u'green-wood', u'green-wood cemetery', u'greenwood heights', u' brooklyn', u'new york', u'outside', u'summer']
New York	[91801527, 55992193, 28746217, 2459115, 12589335, 2347591, 12761733, 23424977, 56043648]	http://www.flickr.com/photos/27122088@N00/4767991617/			False	http://farm5.staticflickr.com/4075/4767991617_aa24af0dc4.jpg	17	d86f64db93938875d4f394972b251fbe	jpg	lostinbrooklyn	United States	2010-07-06T17:27:11Z	Attribution-NonCommercial-NoDerivs License	2010-07-01T17:18:41Z	Canon EOS 50D	10861118	IMG_9221	4767991617	[u'2010', u'brooklyn', u' ny', u'cemetery', u'green-wood', u'green-wood cemetery', u'greenwood heights', u' brooklyn', u'new york', u'outside', u'summer']
New York	[91801527, 55992193, 28746217, 2459115, 12589335, 2347591, 12761733, 23424977, 56043648]	http://www.flickr.com/photos/27122088@N00/4767991949/			False	http://farm5.staticflickr.com/4073/4767991949_95d3d6358d.jpg	17	1799b9330abb7bf511f9682d329fd	jpg	lostinbrooklyn	United States	2010-07-06T17:27:16Z	Attribution-NonCommercial-NoDerivs License	2010-07-01T17:19:38Z	Canon EOS 50D	78189603	IMG_9225	4767991949	[u'2010', u'brooklyn', u' ny', u'cemetery', u'green-wood', u'green-wood cemetery', u'greenwood heights', u' brooklyn', u'new york', u'outside', u'summer']
New York	[91801527, 55992193, 28746217, 2459115, 12589335, 2347591, 12761733, 23424977, 56043648]	http://www.flickr.com/photos/27122088@N00/4768630900/			False	http://farm5.staticflickr.com/4076/4768630900_6daf79ecbe.jpg	17	78298c3a3a5917ed94b2e45d8cac589	jpg	lostinbrooklyn	United States	2010-07-06T17:27:21Z	Attribution-NonCommercial-NoDerivs License	2010-07-01T17:20:17Z	Canon EOS 50D	58242662	IMG_9227	4768630900	[u'2010', u'brooklyn', u' ny', u'cemetery', u'green-wood', u'green-wood cemetery', u'greenwood heights', u' brooklyn', u'new york', u'outside', u'summer']
New York	[91801527, 28746217, 55992193, 2459115, 12589335, 2347591, 12761733, 23424977, 56043648]	http://www.flickr.com/photos/27122088@N00/4768631258/			False	http://farm5.staticflickr.com/4077/4768631258_57af88aa74.jpg	17	1278b23e4725974737db0c2f4c85ca0	jpg	lostinbrooklyn	United States	2010-07-06T17:27:28Z	Attribution-NonCommercial-NoDerivs License	2010-07-01T17:20:46Z	Canon EOS 50D	99099014	IMG_9229	4768631258	[u'2010', u'brooklyn', u' ny', u'cemetery', u'green-wood', u'green-wood cemetery', u'greenwood heights', u' brooklyn', u'new york', u'outside', u'summer']
New York	[91801527, 55992193, 28746217, 2459115, 12589335, 2347591, 12761733, 23424977, 56043648]	http://www.flickr.com/photos/27122088@N00/4767992857/			False	http://farm5.staticflickr.com/4081/4767992857_99378fbfe2.jpg	17	625c6eedc85fd3f174df2723825ed417	jpg	lostinbrooklyn	United States	2010-07-06T17:27:32Z	Attribution-NonCommercial-NoDerivs License	2010-07-01T17:23:44Z	Canon EOS 50D	74759456	IMG_9235	4767992857	[u'2010', u'brooklyn', u' ny', u'cemetery', u'green-wood', u'green-wood cemetery', u'greenwood heights', u' brooklyn', u'new york', u'outside', u'sky', u'summer']
New York	[91801527, 28746217, 55992193, 2459115, 12589335, 2347591, 12761733, 23424977, 56043648]	http://www.flickr.com/photos/27122088@N00/4768631748/			False	http://farm5.staticflickr.com/4122/4768631748_23a286fd67.jpg	17	6c42a789fb0726161f2618d6c89	jpg	lostinbrooklyn	United States	2010-07-06T17:27:37Z	Attribution-NonCommercial-NoDerivs License	2010-07-01T17:24:23Z	Canon EOS 50D	46747237	IMG_9237	4768631748	[u'2010', u'brooklyn', u' ny', u'cemetery', u'green-wood', u'green-wood cemetery', u'greenwood heights', u' brooklyn', u'new york', u'outside', u'summer']
New York	[91801527, 28746217, 55992193, 2459115, 12589335, 2347591, 12761733, 23424977, 56043648]	http://www.flickr.com/photos/27122088@N00/4767993371/			False	http://farm5.staticflickr.com/4073/4767993371_a6ae7c9c37.jpg	17	42fd4f3ac5f0cda31b959ab0f9308e99	jpg	lostinbrooklyn	United States	2010-07-06T17:27:42Z	Attribution-NonCommercial-NoDerivs License	2010-07-01T17:24:52Z	Canon EOS 50D	19835452	IMG_9238	4767993371	[u'2010', u'brooklyn', u' ny', u'cemetery', u'green-wood', u'green-wood cemetery', u'greenwood heights', u' brooklyn', u'new york', u'outside', u'summer']
New York	[91801527, 55992193, 28746217, 2459115, 12589335, 2347591, 12761733, 23424977, 56043648]	http://www.flickr.com/photos/27122088@N00/4768632148/			False	http://farm5.staticflickr.com/4076/4768632148_08945e1973.jpg	17	b84a2b3f1adc4a665e859d779472b92	jpg	lostinbrooklyn	United States	2010-07-06T17:27:45Z	Attribution-NonCommercial-NoDerivs License	2010-07-01T17:26:13Z	Canon EOS 50D	41022598	IMG_9241	4768632148	[u'2010', u'brooklyn', u' ny', u'cemetery', u'green-wood', u'green-wood cemetery', u'greenwood heights', u' brooklyn', u'new york', u'outside', u'summer']
New York	[91801527, 55992193, 28746217, 2459115, 12589335, 2347591, 12761733, 23424977, 56043648]	http://www.flickr.com/photos/27122088@N00/4767993819/			False	http://farm5.staticflickr.com/4075/4767993819_d0edd69829.jpg	17	ae5cebf26059b21178d8cc50d4358377	jpg	lostinbrooklyn	United States	2010-07-06T17:27:51Z	Attribution-NonCommercial-NoDerivs License	2010-07-01T17:28:43Z	Canon EOS 50D	94143928	IMG_9245	4767993819	[u'2010', u'bird', u'brooklyn', u' ny', u'cemetery', u'green-wood', u'green-wood cemetery', u'greenwood heights', u' brooklyn', u'new york', u'outside', u'summer']
New York	[91801527, 55992193, 28746217, 2459115, 12589335, 2347591, 12761733, 23424977, 56043648]	http://www.flickr.com/photos/27122088@N00/4767994185/			False	http://farm5.staticflickr.com/4120/4767994185_0307538ce0.jpg	17	95efff652a408f674437f7b58996f	jpg	lostinbrooklyn	United States	2010-07-06T17:27:57Z	Attribution-NonCommercial-NoDerivs License	2010-07-01T17:29:03Z	Canon EOS 50D	77318856	IMG_9248	4767994185	[u'2010', u'bird', u'brooklyn', u' ny', u'cemetery', u'green-wood', u'green-wood cemetery', u'greenwood heights', u' brooklyn', u'new york', u'outside', u'summer']
New York	[91801527, 55992193, 28746217, 2459115, 12589335, 2347591, 12761733, 23424977, 56043648]	http://www.flickr.com/photos/27122088@N00/4767994299/			False	http://farm5.staticflickr.com/4114/4767994299_326a6b15cb.jpg	17	1bdce43eba63387c832cb8ca87d6488	jpg	lostinbrooklyn	United States	2010-07-06T17:27:59Z	Attribution-NonCommercial-NoDerivs License	2010-07-01T17:32:13Z	Canon EOS 50D	59373083	IMG_9252	4767994299	[u'2010', u'brooklyn', u' ny', u'cemetery', u'fish', u'green-wood', u'green-wood cemetery', u'greenwood heights', u' brooklyn', u'new york', u'outside', u'summer']
New York	[91801527, 28746217, 55992193, 2459115, 12589335, 2347591, 12761733, 23424977, 56043648]	http://www.flickr.com/photos/27122088@N00/4768633114/			False	http://farm5.staticflickr.com/4095/4768633114_8895f95ede.jpg	17	81ba0e8f5ca4a35c96f265a8a7b713a	jpg	lostinbrooklyn	United States	2010-07-06T17:28:02Z	Attribution-NonCommercial-NoDerivs License	2010-07-01T17:32:58Z	Canon EOS 50D	77627254	IMG_9257	4768633114	[u'2010', u'brooklyn', u' ny', u'cemetery', u'fish', u'green-wood', u'green-wood cemetery', u'greenwood heights', u' brooklyn', u'new york', u'outside', u'summer']
New York	[91801527, 55992193, 28746217, 2459115, 12589335, 2347591, 12761733, 23424977, 56043648]	http://www.flickr.com/photos/27122088@N00/4768633268/			False	http://farm5.staticflickr.com/4119/4768633268_bfce7330d3.jpg	17	c0b67dccd81ab9248c063dd3af5abec	jpg	lostinbrooklyn	United States	2010-07-06T17:28:05Z	Attribution-NonCommercial-NoDerivs License	2010-07-01T17:35:07Z	Canon EOS 50D	91228186	IMG_9264	4768633268	[u'2010', u'brooklyn', u' ny', u'cemetery', u'fish', u'green-wood', u'green-wood cemetery', u'greenwood heights', u' brooklyn', u'new york', u'outside', u'summer']
New York	[91801527, 55992193, 28746217, 2459115, 12589335, 2347591, 12761733, 23424977, 56043648]	http://www.flickr.com/photos/27122088@N00/4767994871/			False	http://farm5.staticflickr.com/4098/4767994871_5205be65bd.jpg	17	116ae1ec83c44c4c7470be2fe6ac999b	jpg	lostinbrooklyn	United States	2010-07-06T17:28:09Z	Attribution-NonCommercial-NoDerivs License	2010-07-01T17:43:22Z	Canon EOS 50D	86297430	IMG_9274	4767994871	[u'2010', u'brooklyn', u' ny', u'cemetery', u'green-wood', u'green-wood cemetery', u'greenwood heights', u' brooklyn', u'new york', u'outside', u'summer']
