town_s	woe_is	urlpage_s	machine_ss	desc_ws	video_b	url_s	hour_i	hash_s	ext_s	user_s	country_s	upload_dt	license_s	taken_dt	device_s	line_i	title_s	id	tag_ss
New York	[91801527, 56204357, 2459115, 12589335, 2347591, 12761736, 23424977, 56043648]	http://www.flickr.com/photos/27122088@N00/5687921511/			False	http://farm6.staticflickr.com/5024/5687921511_f17368be5c.jpg	11	6ee0f9a5cf4649bd3849f0d29bb915b5	jpg	lostinbrooklyn	United States	2011-05-04T21:30:48Z	Attribution-NonCommercial-NoDerivs License	2011-05-01T11:58:16Z	Canon EOS 50D	83280176	IMG_2264	5687921511	[u'2011', u'brooklyn', u' ny', u'cemetery', u'flowering trees', u'green-wood', u'green-wood cemetery', u'greenwood heights', u' brooklyn', u'spring', u'tree']
New York	[56204357, 91801527, 2459115, 12589335, 2347591, 12761736, 23424977, 56043648]	http://www.flickr.com/photos/27122088@N00/5687921921/			False	http://farm6.staticflickr.com/5026/5687921921_6c13868708.jpg	11	daf2f7d8b179c7a23533fb3b0b46554	jpg	lostinbrooklyn	United States	2011-05-04T21:30:56Z	Attribution-NonCommercial-NoDerivs License	2011-05-01T11:59:34Z	Canon EOS 50D	61234576	IMG_2267	5687921921	[u'2011', u'brooklyn', u' ny', u'cemetery', u'flowering trees', u'green-wood', u'green-wood cemetery', u'greenwood heights', u' brooklyn', u'spring', u'tree']
New York	[91801527, 56204357, 2459115, 12589335, 2347591, 12761736, 23424977, 56043648]	http://www.flickr.com/photos/27122088@N00/5688491934/			False	http://farm6.staticflickr.com/5309/5688491934_61cd0fd815.jpg	12	6c8b9c9442ee3d0aaf8429fe6206038	jpg	lostinbrooklyn	United States	2011-05-04T21:31:07Z	Attribution-NonCommercial-NoDerivs License	2011-05-01T12:00:04Z	Canon EOS 50D	28747483	IMG_2271	5688491934	[u'2011', u'brooklyn', u' ny', u'cemetery', u'flowering trees', u'green-wood', u'green-wood cemetery', u'greenwood heights', u' brooklyn', u'spring', u'tree']
New York	[91801527, 56204357, 2459115, 12589335, 2347591, 12761736, 23424977, 56043648]	http://www.flickr.com/photos/27122088@N00/5687923007/			False	http://farm6.staticflickr.com/5306/5687923007_e14f96d7eb.jpg	12	7e5c93e17a420a37c5641129cb57a57	jpg	lostinbrooklyn	United States	2011-05-04T21:31:19Z	Attribution-NonCommercial-NoDerivs License	2011-05-01T12:01:49Z	Canon EOS 50D	70286110	IMG_2274	5687923007	[u'2011', u'brooklyn', u' ny', u'cemetery', u'flowering trees', u'green-wood', u'green-wood cemetery', u'greenwood heights', u' brooklyn', u'spring', u'tree']
New York	[56204357, 91801527, 2459115, 12589335, 2347591, 12761736, 23424977, 56043648]	http://www.flickr.com/photos/27122088@N00/5688492752/			False	http://farm6.staticflickr.com/5230/5688492752_137a511a01.jpg	12	4e38ca10aa1a52d6c9ddd923d172c4b	jpg	lostinbrooklyn	United States	2011-05-04T21:31:26Z	Attribution-NonCommercial-NoDerivs License	2011-05-01T12:02:27Z	Canon EOS 50D	73340416	IMG_2277	5688492752	[u'2011', u'brooklyn', u' ny', u'cemetery', u'flowering trees', u'green-wood', u'green-wood cemetery', u'greenwood heights', u' brooklyn', u'spring', u'tree']
New York	[91801527, 56204357, 2459115, 12589335, 2347591, 12761736, 23424977, 56043648]	http://www.flickr.com/photos/27122088@N00/5688493202/			False	http://farm6.staticflickr.com/5288/5688493202_dbaf7466f9.jpg	12	8bdf9d8786947077127d3421ab6cf187	jpg	lostinbrooklyn	United States	2011-05-04T21:31:36Z	Attribution-NonCommercial-NoDerivs License	2011-05-01T12:03:27Z	Canon EOS 50D	67421909	IMG_2281	5688493202	[u'2011', u'brooklyn', u' ny', u'cemetery', u'flowering trees', u'green-wood', u'green-wood cemetery', u'greenwood heights', u' brooklyn', u'spring', u'tree']
New York	[91801527, 56204357, 2459115, 12589335, 2347591, 12761736, 23424977, 56043648]	http://www.flickr.com/photos/27122088@N00/5688493832/			False	http://farm6.staticflickr.com/5222/5688493832_cc5f90c994.jpg	12	8f3f674dff5823bc892d253eaa3161	jpg	lostinbrooklyn	United States	2011-05-04T21:31:50Z	Attribution-NonCommercial-NoDerivs License	2011-05-01T12:04:13Z	Canon EOS 50D	98306498	IMG_2283	5688493832	[u'2011', u'brooklyn', u' ny', u'cemetery', u'flowering trees', u'green-wood', u'green-wood cemetery', u'greenwood heights', u' brooklyn', u'spring', u'tree']
New York	[91801527, 56204357, 2459115, 12589335, 2347591, 12761736, 23424977, 56043648]	http://www.flickr.com/photos/27122088@N00/5687924867/			False	http://farm6.staticflickr.com/5185/5687924867_34f12a1bd9.jpg	12	47115ee48c9931be8bb7525ded8276a	jpg	lostinbrooklyn	United States	2011-05-04T21:32:00Z	Attribution-NonCommercial-NoDerivs License	2011-05-01T12:06:31Z	Canon EOS 50D	97546195	IMG_2287	5687924867	[u'2011', u'brooklyn', u' ny', u'cemetery', u'flowering trees', u'green-wood', u'green-wood cemetery', u'greenwood heights', u' brooklyn', u'spring', u'tree']
New York	[91801527, 56204357, 2459115, 12589335, 2347591, 12761736, 23424977, 56043648]	http://www.flickr.com/photos/27122088@N00/5688494734/			False	http://farm6.staticflickr.com/5306/5688494734_ae32344eee.jpg	12	fcde9658f28517975864bc97cac66fa7	jpg	lostinbrooklyn	United States	2011-05-04T21:32:12Z	Attribution-NonCommercial-NoDerivs License	2011-05-01T12:09:42Z	Canon EOS 50D	72471075	IMG_2290	5688494734	[u'2011', u'brooklyn', u' ny', u'cemetery', u'flowering trees', u'green-wood', u'green-wood cemetery', u'greenwood heights', u' brooklyn', u'spring', u'tree']
New York	[56204357, 91801527, 2459115, 12589335, 2347591, 12761736, 23424977, 56043648]	http://www.flickr.com/photos/27122088@N00/5687925975/			False	http://farm6.staticflickr.com/5263/5687925975_4977f491a0.jpg	12	401b98593024162b2aa462c691dd32	jpg	lostinbrooklyn	United States	2011-05-04T21:32:23Z	Attribution-NonCommercial-NoDerivs License	2011-05-01T12:13:13Z	Canon EOS 50D	89083818	IMG_2294	5687925975	[u'2011', u'brooklyn', u' ny', u'cemetery', u'flowering trees', u'green-wood', u'green-wood cemetery', u'greenwood heights', u' brooklyn', u'spring', u'tree']
New York	[56204357, 91801527, 2459115, 12589335, 2347591, 12761736, 23424977, 56043648]	http://www.flickr.com/photos/27122088@N00/5687926441/			False	http://farm6.staticflickr.com/5066/5687926441_194c288aac.jpg	12	ef3c43ea39d5376820f4822e8971ae	jpg	lostinbrooklyn	United States	2011-05-04T21:32:34Z	Attribution-NonCommercial-NoDerivs License	2011-05-01T12:13:40Z	Canon EOS 50D	95646467	IMG_2298	5687926441	[u'2011', u'brooklyn', u' ny', u'cemetery', u'flowering trees', u'green-wood', u'green-wood cemetery', u'greenwood heights', u' brooklyn', u'spring', u'tree']
New York	[56204357, 91801527, 2459115, 12589335, 2347591, 12761736, 23424977, 56043648]	http://www.flickr.com/photos/27122088@N00/5687926837/			False	http://farm6.staticflickr.com/5266/5687926837_19888d01d0.jpg	12	c3b121e9517a329e5765b94f74b0eb46	jpg	lostinbrooklyn	United States	2011-05-04T21:32:42Z	Attribution-NonCommercial-NoDerivs License	2011-05-01T12:13:58Z	Canon EOS 50D	77702796	IMG_2299	5687926837	[u'2011', u'brooklyn', u' ny', u'cemetery', u'flowering trees', u'green-wood', u'green-wood cemetery', u'greenwood heights', u' brooklyn', u'spring', u'tree']
New York	[91801527, 56204357, 2459115, 12589335, 2347591, 12761736, 23424977, 56043648]	http://www.flickr.com/photos/27122088@N00/5688496564/			False	http://farm6.staticflickr.com/5245/5688496564_0283fccb52.jpg	12	e214ffe5711a8af73fe21578b64ad649	jpg	lostinbrooklyn	United States	2011-05-04T21:32:51Z	Attribution-NonCommercial-NoDerivs License	2011-05-01T12:15:08Z	Canon EOS 50D	80334077	IMG_2301	5688496564	[u'2011', u'brooklyn', u' ny', u'cemetery', u'flowering trees', u'green-wood', u'green-wood cemetery', u'greenwood heights', u' brooklyn', u'spring', u'tree']
New York	[56204357, 91801527, 2459115, 12589335, 2347591, 12761736, 23424977, 56043648]	http://www.flickr.com/photos/27122088@N00/5687927789/			False	http://farm6.staticflickr.com/5281/5687927789_56653617e6.jpg	12	b0d2a42bf93986e2746334a38601b81	jpg	lostinbrooklyn	United States	2011-05-04T21:33:04Z	Attribution-NonCommercial-NoDerivs License	2011-05-01T12:18:09Z	Canon EOS 50D	24909630	IMG_2304	5687927789	[u'2011', u'brooklyn', u' ny', u'cemetery', u'flowering trees', u'green-wood', u'green-wood cemetery', u'greenwood heights', u' brooklyn', u'spring', u'tree']
New York	[91801527, 56204357, 2459115, 12589335, 2347591, 12761736, 23424977, 56043648]	http://www.flickr.com/photos/27122088@N00/5688497742/			False	http://farm6.staticflickr.com/5301/5688497742_2afcf3de78.jpg	12	5b0268f76e911848ab224e6883d5bf	jpg	lostinbrooklyn	United States	2011-05-04T21:33:16Z	Attribution-NonCommercial-NoDerivs License	2011-05-01T12:19:33Z	Canon EOS 50D	95595967	IMG_2305	5688497742	[u'2011', u'brooklyn', u' ny', u'cemetery', u'flowering trees', u'green-wood', u'green-wood cemetery', u'greenwood heights', u' brooklyn', u'spring', u'tree']
New York	[56204357, 91801527, 2459115, 12589335, 2347591, 12761736, 23424977, 56043648]	http://www.flickr.com/photos/27122088@N00/5688498246/			False	http://farm6.staticflickr.com/5029/5688498246_884dcd7e78.jpg	12	37dd6949cda4e87eaa31a55dc493514d	jpg	lostinbrooklyn	United States	2011-05-04T21:33:26Z	Attribution-NonCommercial-NoDerivs License	2011-05-01T12:19:47Z	Canon EOS 50D	86099285	IMG_2307	5688498246	[u'2011', u'brooklyn', u' ny', u'cemetery', u'flowering trees', u'green-wood', u'green-wood cemetery', u'greenwood heights', u' brooklyn', u'spring', u'tree']
New York	[56204357, 91801527, 2459115, 12589335, 2347591, 12761736, 23424977, 56043648]	http://www.flickr.com/photos/27122088@N00/5687929267/			False	http://farm6.staticflickr.com/5307/5687929267_4c17d8e0d6.jpg	12	905ceb2f258fabd45daf7d87f287d3ae	jpg	lostinbrooklyn	United States	2011-05-04T21:33:36Z	Attribution-NonCommercial-NoDerivs License	2011-05-01T12:20:59Z	Canon EOS 50D	93456745	IMG_2313	5687929267	[u'2011', u'brooklyn', u' ny', u'cemetery', u'flowering trees', u'green-wood', u'green-wood cemetery', u'greenwood heights', u' brooklyn', u'spring', u'tree']
New York	[56204357, 91801527, 2459115, 12589335, 2347591, 12761736, 23424977, 56043648]	http://www.flickr.com/photos/27122088@N00/5687929855/			False	http://farm6.staticflickr.com/5150/5687929855_87e5711b68.jpg	12	139b12ff3dc925a889bde23573d65a0	jpg	lostinbrooklyn	United States	2011-05-04T21:33:48Z	Attribution-NonCommercial-NoDerivs License	2011-05-01T12:21:14Z	Canon EOS 50D	13497933	IMG_2314	5687929855	[u'2011', u'brooklyn', u' ny', u'cemetery', u'flowering trees', u'green-wood', u'green-wood cemetery', u'greenwood heights', u' brooklyn', u'spring', u'tree']
New York	[91801527, 56204357, 2459115, 12589335, 2347591, 12761736, 23424977, 56043648]	http://www.flickr.com/photos/27122088@N00/5688499922/			False	http://farm6.staticflickr.com/5182/5688499922_4160ff3e2c.jpg	12	aefb86ab40466671cc02ae3df8b95c4	jpg	lostinbrooklyn	United States	2011-05-04T21:34:00Z	Attribution-NonCommercial-NoDerivs License	2011-05-01T12:22:46Z	Canon EOS 50D	75389716	IMG_2317	5688499922	[u'2011', u'brooklyn', u' ny', u'cemetery', u'flowering trees', u'green-wood', u'green-wood cemetery', u'greenwood heights', u' brooklyn', u'spring', u'tree']
New York	[91801527, 56204357, 2459115, 12589335, 2347591, 12761736, 23424977, 56043648]	http://www.flickr.com/photos/27122088@N00/5687930915/			False	http://farm6.staticflickr.com/5223/5687930915_0e1f818e39.jpg	12	24dda0f2d8a9bbff675dbb95eab6588	jpg	lostinbrooklyn	United States	2011-05-04T21:34:11Z	Attribution-NonCommercial-NoDerivs License	2011-05-01T12:23:42Z	Canon EOS 50D	66069831	IMG_2319	5687930915	[u'2011', u'brooklyn', u' ny', u'cemetery', u'flowering trees', u'green-wood', u'green-wood cemetery', u'greenwood heights', u' brooklyn', u'spring', u'tree']
New York	[56204357, 91801527, 2459115, 12589335, 2347591, 12761736, 23424977, 56043648]	http://www.flickr.com/photos/27122088@N00/5687931489/			False	http://farm6.staticflickr.com/5185/5687931489_186b57c146.jpg	12	a76c3790634b7f552198ec64fab2b73	jpg	lostinbrooklyn	United States	2011-05-04T21:34:22Z	Attribution-NonCommercial-NoDerivs License	2011-05-01T12:24:08Z	Canon EOS 50D	98546625	IMG_2320	5687931489	[u'2011', u'brooklyn', u' ny', u'cemetery', u'flowering trees', u'green-wood', u'green-wood cemetery', u'greenwood heights', u' brooklyn', u'spring', u'tree']
New York	[56204357, 91801527, 2459115, 12589335, 2347591, 12761736, 23424977, 56043648]	http://www.flickr.com/photos/27122088@N00/5688501484/			False	http://farm6.staticflickr.com/5308/5688501484_65fa0d34cc.jpg	12	35fa20d3ed1b79e5acb9efc4376d55	jpg	lostinbrooklyn	United States	2011-05-04T21:34:34Z	Attribution-NonCommercial-NoDerivs License	2011-05-01T12:25:10Z	Canon EOS 50D	10303446	IMG_2322	5688501484	[u'2011', u'brooklyn', u' ny', u'cemetery', u'flowering trees', u'green-wood', u'green-wood cemetery', u'greenwood heights', u' brooklyn', u'spring', u'tree']
New York	[56204357, 91801527, 2459115, 12589335, 2347591, 12761736, 23424977, 56043648]	http://www.flickr.com/photos/27122088@N00/5687932663/			False	http://farm6.staticflickr.com/5025/5687932663_fc79434bc1.jpg	12	a3a47724411cb5f25f757a806dadb2d	jpg	lostinbrooklyn	United States	2011-05-04T21:34:46Z	Attribution-NonCommercial-NoDerivs License	2011-05-01T12:26:10Z	Canon EOS 50D	5276598	IMG_2325	5687932663	[u'2011', u'brooklyn', u' ny', u'cemetery', u'flowering trees', u'green-wood', u'green-wood cemetery', u'greenwood heights', u' brooklyn', u'spring', u'tree']
New York	[56204357, 91801527, 2459115, 12589335, 2347591, 12761736, 23424977, 56043648]	http://www.flickr.com/photos/27122088@N00/5688502674/			False	http://farm6.staticflickr.com/5242/5688502674_6b07854cd6.jpg	12	55b85ed9cfa7b51012c8e32b1a8f5f83	jpg	lostinbrooklyn	United States	2011-05-04T21:34:58Z	Attribution-NonCommercial-NoDerivs License	2011-05-01T12:27:56Z	Canon EOS 50D	99752109	IMG_2328	5688502674	[u'2011', u'brooklyn', u' ny', u'cemetery', u'flowering trees', u'green-wood', u'green-wood cemetery', u'greenwood heights', u' brooklyn', u'spring', u'tree']
New York	[56204357, 91801527, 2459115, 12589335, 2347591, 12761736, 23424977, 56043648]	http://www.flickr.com/photos/27122088@N00/5687933645/			False	http://farm6.staticflickr.com/5283/5687933645_a518daa139.jpg	12	44a9606dac467af3f637c62eac1dc3	jpg	lostinbrooklyn	United States	2011-05-04T21:35:08Z	Attribution-NonCommercial-NoDerivs License	2011-05-01T12:30:04Z	Canon EOS 50D	94023045	IMG_2333	5687933645	[u'2011', u'brooklyn', u' ny', u'cemetery', u'flowering trees', u'green-wood', u'green-wood cemetery', u'greenwood heights', u' brooklyn', u'spring', u'tree']
New York	[91801527, 56204357, 2459115, 12589335, 2347591, 12761736, 23424977, 56043648]	http://www.flickr.com/photos/27122088@N00/5688503722/			False	http://farm6.staticflickr.com/5290/5688503722_47b4161a7c.jpg	12	eb6a3b7d782335e694999722dcd03ca8	jpg	lostinbrooklyn	United States	2011-05-04T21:35:19Z	Attribution-NonCommercial-NoDerivs License	2011-05-01T12:30:53Z	Canon EOS 50D	5895498	IMG_2337	5688503722	[u'2011', u'brooklyn', u' ny', u'cemetery', u'flowering trees', u'green-wood', u'green-wood cemetery', u'greenwood heights', u' brooklyn', u'spring', u'tree']
New York	[91801527, 56204357, 2459115, 12589335, 2347591, 12761736, 23424977, 56043648]	http://www.flickr.com/photos/27122088@N00/5688504206/			False	http://farm6.staticflickr.com/5282/5688504206_84079ed292.jpg	12	be52e736a857b480316474f632a8d9de	jpg	lostinbrooklyn	United States	2011-05-04T21:35:28Z	Attribution-NonCommercial-NoDerivs License	2011-05-01T12:33:01Z	Canon EOS 50D	63518439	IMG_2339	5688504206	[u'2011', u'brooklyn', u' ny', u'cemetery', u'flowering trees', u'green-wood', u'green-wood cemetery', u'greenwood heights', u' brooklyn', u'spring', u'tree']
New York	[56204357, 91801527, 2459115, 12589335, 2347591, 12761736, 23424977, 56043648]	http://www.flickr.com/photos/27122088@N00/5687935371/			False	http://farm6.staticflickr.com/5269/5687935371_5fd0fcf3c4.jpg	12	420b313cc37677b7c4af15dd3914cdc	jpg	lostinbrooklyn	United States	2011-05-04T21:35:45Z	Attribution-NonCommercial-NoDerivs License	2011-05-01T12:33:27Z	Canon EOS 50D	66716494	IMG_2340	5687935371	[u'2011', u'brooklyn', u' ny', u'cemetery', u'flowering trees', u'green-wood', u'green-wood cemetery', u'greenwood heights', u' brooklyn', u'spring', u'tree']
New York	[56204357, 91801527, 2459115, 12589335, 2347591, 12761736, 23424977, 56043648]	http://www.flickr.com/photos/27122088@N00/5687935885/			False	http://farm6.staticflickr.com/5310/5687935885_0b1d7abc4d.jpg	12	1f4c32e6bfec718b0aea6b8f02df59	jpg	lostinbrooklyn	United States	2011-05-04T21:35:55Z	Attribution-NonCommercial-NoDerivs License	2011-05-01T12:34:27Z	Canon EOS 50D	70146724	IMG_2342	5687935885	[u'2011', u'brooklyn', u' ny', u'cemetery', u'flowering trees', u'green-wood', u'green-wood cemetery', u'greenwood heights', u' brooklyn', u'spring', u'tree']
New York	[91801527, 56204357, 2459115, 12589335, 2347591, 12761736, 23424977, 56043648]	http://www.flickr.com/photos/27122088@N00/5687936311/			False	http://farm6.staticflickr.com/5066/5687936311_dff871acde.jpg	12	a697802ac0aa451f398a73e8a4c8f2e3	jpg	lostinbrooklyn	United States	2011-05-04T21:36:04Z	Attribution-NonCommercial-NoDerivs License	2011-05-01T12:42:16Z	Canon EOS 50D	79998862	IMG_2347	5687936311	[u'2011', u'brooklyn', u' ny', u'cemetery', u'flowering trees', u'green-wood', u'green-wood cemetery', u'greenwood heights', u' brooklyn', u'spring', u'tree']
New York	[91801527, 56204357, 2459115, 12589335, 2347591, 12761736, 23424977, 56043648]	http://www.flickr.com/photos/27122088@N00/5687936895/			False	http://farm6.staticflickr.com/5282/5687936895_f05df90b92.jpg	12	21af29373c4a5b25962fc5a2d94ff9e	jpg	lostinbrooklyn	United States	2011-05-04T21:36:17Z	Attribution-NonCommercial-NoDerivs License	2011-05-01T12:47:55Z	Canon EOS 50D	88685064	IMG_2351	5687936895	[u'2011', u'brooklyn', u' ny', u'cemetery', u'flowering trees', u'green-wood', u'green-wood cemetery', u'greenwood heights', u' brooklyn', u'spring', u'tree']
New York	[56204357, 91801527, 2459115, 12589335, 2347591, 12761736, 23424977, 56043648]	http://www.flickr.com/photos/27122088@N00/5687937451/			False	http://farm6.staticflickr.com/5106/5687937451_139209c862.jpg	12	1d50eb80e3f8c5d132e2c2f14ec122af	jpg	lostinbrooklyn	United States	2011-05-04T21:36:29Z	Attribution-NonCommercial-NoDerivs License	2011-05-01T12:55:32Z	Canon EOS 50D	93897746	IMG_2354	5687937451	[u'2011', u'brooklyn', u' ny', u'cemetery', u'flowering trees', u'green-wood', u'green-wood cemetery', u'greenwood heights', u' brooklyn', u'spring', u'tree']
New York	[91801527, 56204357, 2459115, 12589335, 2347591, 12761736, 23424977, 56043648]	http://www.flickr.com/photos/27122088@N00/5688507524/			False	http://farm6.staticflickr.com/5188/5688507524_15a7a6bd9b.jpg	13	20eff2948cdde6b1ebd2ea66decdb3	jpg	lostinbrooklyn	United States	2011-05-04T21:36:41Z	Attribution-NonCommercial-NoDerivs License	2011-05-01T13:11:26Z	Canon EOS 50D	60312552	IMG_2359	5688507524	[u'2011', u'brooklyn', u' ny', u'cemetery', u'flowering trees', u'green-wood', u'green-wood cemetery', u'greenwood heights', u' brooklyn', u'spring', u'tree']
New York	[91801527, 56204357, 2459115, 12589335, 2347591, 12761736, 23424977, 56043648]	http://www.flickr.com/photos/27122088@N00/5688508072/			False	http://farm6.staticflickr.com/5103/5688508072_70d2daca2e.jpg	13	231da58da35737b501be7635ca784f9	jpg	lostinbrooklyn	United States	2011-05-04T21:36:52Z	Attribution-NonCommercial-NoDerivs License	2011-05-01T13:12:23Z	Canon EOS 50D	67753439	IMG_2360	5688508072	[u'2011', u'brooklyn', u' ny', u'cemetery', u'flowering trees', u'green-wood', u'green-wood cemetery', u'greenwood heights', u' brooklyn', u'spring', u'tree']
New York	[91801527, 56204357, 2459115, 12589335, 2347591, 12761736, 23424977, 56043648]	http://www.flickr.com/photos/27122088@N00/5687938785/			False	http://farm6.staticflickr.com/5068/5687938785_296706fa91.jpg	13	622d52266666ba5056e32a6d9494c049	jpg	lostinbrooklyn	United States	2011-05-04T21:37:01Z	Attribution-NonCommercial-NoDerivs License	2011-05-01T13:13:07Z	Canon EOS 50D	30818057	IMG_2362	5687938785	[u'2011', u'brooklyn', u' ny', u'cemetery', u'flowering trees', u'green-wood', u'green-wood cemetery', u'greenwood heights', u' brooklyn', u'spring', u'tree']
New York	[56204357, 91801527, 2459115, 12589335, 2347591, 12761736, 23424977, 56043648]	http://www.flickr.com/photos/27122088@N00/5687939125/			False	http://farm6.staticflickr.com/5270/5687939125_545288315a.jpg	13	5c916c5bdc9cc2ca4aa24bf2446e989	jpg	lostinbrooklyn	United States	2011-05-04T21:37:08Z	Attribution-NonCommercial-NoDerivs License	2011-05-01T13:13:51Z	Canon EOS 50D	72789972	IMG_2369	5687939125	[u'2011', u'brooklyn', u' ny', u'cemetery', u'flowering trees', u'green-wood', u'green-wood cemetery', u'greenwood heights', u' brooklyn', u'spring', u'tree']
New York	[56204357, 91801527, 2459115, 12589335, 2347591, 12761736, 23424977, 56043648]	http://www.flickr.com/photos/27122088@N00/5687939627/			False	http://farm6.staticflickr.com/5108/5687939627_85ee8cb854.jpg	13	ebc1a061f69f98caf511476fa2717dca	jpg	lostinbrooklyn	United States	2011-05-04T21:37:19Z	Attribution-NonCommercial-NoDerivs License	2011-05-01T13:14:29Z	Canon EOS 50D	77223210	IMG_2374	5687939627	[u'2011', u'brooklyn', u' ny', u'cemetery', u'flowering trees', u'green-wood', u'green-wood cemetery', u'greenwood heights', u' brooklyn', u'spring', u'tree']
New York	[56204357, 91801527, 2459115, 12589335, 2347591, 12761736, 23424977, 56043648]	http://www.flickr.com/photos/27122088@N00/5687940079/			False	http://farm6.staticflickr.com/5249/5687940079_ffd8801531.jpg	13	3ce463fecc92d08f40e71cf29fe33dc	jpg	lostinbrooklyn	United States	2011-05-04T21:37:30Z	Attribution-NonCommercial-NoDerivs License	2011-05-01T13:14:58Z	Canon EOS 50D	89561692	IMG_2376	5687940079	[u'2011', u'brooklyn', u' ny', u'cemetery', u'flowering trees', u'green-wood', u'green-wood cemetery', u'greenwood heights', u' brooklyn', u'spring', u'tree']
New York	[91801527, 56204357, 2459115, 12589335, 2347591, 12761736, 23424977, 56043648]	http://www.flickr.com/photos/27122088@N00/5687940535/			False	http://farm6.staticflickr.com/5221/5687940535_183a840094.jpg	13	eded6d9313eedd4b92cf8733ec6775f	jpg	lostinbrooklyn	United States	2011-05-04T21:37:41Z	Attribution-NonCommercial-NoDerivs License	2011-05-01T13:15:24Z	Canon EOS 50D	73613734	IMG_2377	5687940535	[u'2011', u'brooklyn', u' ny', u'cemetery', u'flowering trees', u'green-wood', u'green-wood cemetery', u'greenwood heights', u' brooklyn', u'spring', u'tree']
