town_s	woe_is	urlpage_s	machine_ss	desc_ws	video_b	url_s	hour_i	hash_s	ext_s	user_s	country_s	upload_dt	license_s	taken_dt	device_s	line_i	title_s	id	tag_ss
New York	[23682902, 28751381, 2459115, 12589342, 2347591, 12761367, 23424977, 56043648]	http://www.flickr.com/photos/44925192@N00/7450871664/			False	http://farm9.staticflickr.com/8152/7450871664_31cb2f79f7.jpg	7	a4b9e761a21af06837f3b6d1a4b1888	jpg	David, Bergin, Emmett and Elliott	United States	2012-06-26T22:37:31Z	Attribution License	2012-06-26T07:36:55Z	Apple iPhone 4S	4428187	IMG_3979.JPG	7450871664	
New York	[23617045, 28751381, 2459115, 12589342, 2347591, 12761367, 23424977, 56043648]	http://www.flickr.com/photos/44925192@N00/7450876614/			False	http://farm9.staticflickr.com/8004/7450876614_a07109bf78.jpg	7	d3ace4156b8225dc111972cd1afbb7f3	jpg	David, Bergin, Emmett and Elliott	United States	2012-06-26T22:38:27Z	Attribution License	2012-06-26T07:37:05Z	Apple iPhone 4S	92093905	IMG_3978.JPG	7450876614	
New York	[56256857, 2459115, 12589342, 2347591, 23424977, 56043648]	http://www.flickr.com/photos/44925192@N00/7450860584/			False	http://farm8.staticflickr.com/7134/7450860584_de2d252ffa.jpg	12	96836f2029cc2fff9ecc4825126ea52	jpg	David, Bergin, Emmett and Elliott	United States	2012-06-26T22:35:22Z	Attribution License	2012-06-26T12:33:25Z	Apple iPhone 4S	84232398	IMG_4017.JPG	7450860584	
New York	[28751516, 2459115, 12589342, 2347591, 12761349, 23424977, 56043648]	http://www.flickr.com/photos/44925192@N00/7450864000/			False	http://farm8.staticflickr.com/7274/7450864000_c22e1b9736.jpg	12	788b47699bf1a62b24392b47d93c5cc	jpg	David, Bergin, Emmett and Elliott	United States	2012-06-26T22:36:03Z	Attribution License	2012-06-26T12:59:14Z	Apple iPhone 4S	96526619	IMG_4014.JPG	7450864000	
New York	[28751516, 2459115, 12589342, 2347591, 12761349, 23424977, 56043648]	http://www.flickr.com/photos/44925192@N00/7450855684/			False	http://farm9.staticflickr.com/8010/7450855684_a0b6f529df.jpg	12	ede2bcddbf9b5d241cd2195444303f	jpg	David, Bergin, Emmett and Elliott	United States	2012-06-26T22:34:23Z	Attribution License	2012-06-26T12:59:34Z	Apple iPhone 4S	60838285	IMG_4018.JPG	7450855684	
New York	[23677893, 2459115, 12589342, 2347591, 12761351, 23424977, 56043648]	http://www.flickr.com/photos/44925192@N00/7449086744/			False	http://farm9.staticflickr.com/8021/7449086744_c9d92be136.jpg	13	6a3355dfbdf5c01ff8fd734b45f4358	jpg	David, Bergin, Emmett and Elliott	United States	2012-06-26T17:40:26Z	Attribution License	2012-06-26T13:10:38Z	Apple iPhone 4S	24058023	IMG_4019.JPG	7449086744	
New York	[23677893, 2459115, 12589342, 2347591, 12761351, 23424977, 56043648]	http://www.flickr.com/photos/44925192@N00/7449067868/			False	http://farm9.staticflickr.com/8168/7449067868_0a11857123.jpg	13	bad3e5f37d53a9fb5591d163e6c69ff	jpg	David, Bergin, Emmett and Elliott	United States	2012-06-26T17:37:23Z	Attribution License	2012-06-26T13:11:34Z	Apple iPhone 4S	23380693	IMG_4020.JPG	7449067868	
New York	[56388878, 2459115, 12589342, 2347591, 12761351, 23424977, 56043648]	http://www.flickr.com/photos/44925192@N00/7450867154/			False	http://farm9.staticflickr.com/8150/7450867154_6d17265a81.jpg	13	3354edcc5be687b12d9e58212c68f20	jpg	David, Bergin, Emmett and Elliott	United States	2012-06-26T22:36:39Z	Attribution License	2012-06-26T13:11:54Z	Apple iPhone 4S	73152987	IMG_4012.JPG	7450867154	
New York	[92121306, 28751381, 2459115, 12589342, 2347591, 12761397, 23424977, 56043648]	http://www.flickr.com/photos/44925192@N00/7449059666/			False	http://farm8.staticflickr.com/7136/7449059666_ec0e19553f.jpg	13	26d4d784b8d59d1ed763445069916fbd	jpg	David, Bergin, Emmett and Elliott	United States	2012-06-26T17:35:59Z	Attribution License	2012-06-26T13:12:05Z	Apple iPhone 4S	61102906	IMG_4021.JPG	7449059666	
New York	[23677893, 2459115, 12589342, 2347591, 12761351, 23424977, 56043648]	http://www.flickr.com/photos/44925192@N00/7450837010/			False	http://farm9.staticflickr.com/8017/7450837010_107b9ce9e8.jpg	13	94ced65e5b3c2b8cdb71979e5d8781	jpg	David, Bergin, Emmett and Elliott	United States	2012-06-26T22:30:40Z	Attribution License	2012-06-26T13:21:07Z	Apple iPhone 4S	63906619	IMG_4126.JPG	7450837010	
New York	[23617045, 28751381, 2459115, 12589342, 2347591, 12761367, 23424977, 56043648]	http://www.flickr.com/photos/44925192@N00/7447766916/	[u'foursquare:venue=49b7ed6df964a52030531fe3', u'uploaded:by=instagram']		False	http://farm8.staticflickr.com/7260/7447766916_34721b6c53.jpg	14	c87295b51bae712cfa67a65fc7c2c99a	jpg	David, Bergin, Emmett and Elliott	United States	2012-06-26T13:51:43Z	Attribution License	2012-06-26T14:51:43Z		31066682	Oh dear! Elmo + brown paper bag in Times Square	7447766916	[u'instagram app', u'iphoneography', u'rise', u'square', u'square format']
New York	[56388402, 2459115, 12589342, 2347591, 12761350, 23424977, 56043648]	http://www.flickr.com/photos/44925192@N00/7450830340/			False	http://farm8.staticflickr.com/7132/7450830340_1f08e8a2a2.jpg	16	4c35e3561bb16231e7937de88256cf	jpg	David, Bergin, Emmett and Elliott	United States	2012-06-26T22:29:19Z	Attribution License	2012-06-26T16:10:40Z	Apple iPhone 4S	90889751	IMG_4128.JPG	7450830340	
New York	[23682897, 28751381, 2459115, 12589342, 2347591, 12761351, 23424977, 56043648]	http://www.flickr.com/photos/44925192@N00/7450834012/			False	http://farm9.staticflickr.com/8168/7450834012_f98bf905cf.jpg	16	dcb932a7616b2f6cd44c8d2b600d921	jpg	David, Bergin, Emmett and Elliott	United States	2012-06-26T22:30:05Z	Attribution License	2012-06-26T16:11:42Z	Apple iPhone 4S	61020611	IMG_4127.JPG	7450834012	
New York	[56388402, 2459115, 12589342, 2347591, 12761350, 23424977, 56043648]	http://www.flickr.com/photos/44925192@N00/7450845762/			False	http://farm9.staticflickr.com/8013/7450845762_5c26c77e09.jpg	16	3268591c727ecb8656239111fc8488b1	jpg	David, Bergin, Emmett and Elliott	United States	2012-06-26T22:32:20Z	Attribution License	2012-06-26T16:21:55Z	Apple iPhone 4S	98344950	IMG_4038.JPG	7450845762	
New York	[56388402, 2459115, 12589342, 2347591, 12761350, 23424977, 56043648]	http://www.flickr.com/photos/44925192@N00/7450847556/			False	http://farm9.staticflickr.com/8016/7450847556_832bb828b1.jpg	16	ecdea7cf47aeadccf54454f94f5f67	jpg	David, Bergin, Emmett and Elliott	United States	2012-06-26T22:32:42Z	Attribution License	2012-06-26T16:24:35Z	Apple iPhone 4S	52548533	IMG_4037.JPG	7450847556	
New York	[56388402, 2459115, 12589342, 2347591, 12761350, 23424977, 56043648]	http://www.flickr.com/photos/44925192@N00/7450826370/			False	http://farm9.staticflickr.com/8167/7450826370_6bd66e0faf.jpg	16	1730b17f769842e4ef057e33b1417c9	jpg	David, Bergin, Emmett and Elliott	United States	2012-06-26T22:28:32Z	Attribution License	2012-06-26T16:28:15Z	Apple iPhone 4S	84852654	IMG_4129.JPG	7450826370	
New York	[56388402, 2459115, 12589342, 2347591, 12761350, 23424977, 56043648]	http://www.flickr.com/photos/44925192@N00/7450840940/			False	http://farm9.staticflickr.com/8153/7450840940_8f8855b8d4.jpg	16	5c8736bb55f48d3d030eed9b6dd7c	jpg	David, Bergin, Emmett and Elliott	United States	2012-06-26T22:31:26Z	Attribution License	2012-06-26T16:29:05Z		83401642	IMG_4040.JPG	7450840940	
New York	[56388402, 2459115, 12589342, 2347591, 12761350, 23424977, 56043648]	http://www.flickr.com/photos/44925192@N00/7450839740/			False	http://farm9.staticflickr.com/8145/7450839740_91d7bed291.jpg	16	85e8b695175180ef5ff5032319ae324	jpg	David, Bergin, Emmett and Elliott	United States	2012-06-26T22:31:12Z	Attribution License	2012-06-26T16:29:33Z	Apple iPhone 4S	73599135	IMG_4101.JPG	7450839740	
New York	[56388402, 2459115, 12589342, 2347591, 12761350, 23424977, 56043648]	http://www.flickr.com/photos/44925192@N00/7450838358/			False	http://farm8.staticflickr.com/7122/7450838358_eaee21e273.jpg	16	44d24cdd952adf0aed2f96e7331bf3	jpg	David, Bergin, Emmett and Elliott	United States	2012-06-26T22:30:56Z	Attribution License	2012-06-26T16:29:33Z	Apple iPhone 4S	94480621	IMG_4102.JPG	7450838358	
New York	[91649170, 28751381, 2459115, 12589342, 2347591, 12761350, 23424977, 56043648]	http://www.flickr.com/photos/44925192@N00/7450825262/			False	http://farm8.staticflickr.com/7136/7450825262_b3225c6801.jpg	16	8eb7a4f7a7477606663245cb4f9b7f4	jpg	David, Bergin, Emmett and Elliott	United States	2012-06-26T22:28:20Z	Attribution License	2012-06-26T16:30:48Z	Apple iPhone 4S	63947251	IMG_4130.JPG	7450825262	
New York	[91649170, 28751381, 2459115, 12589342, 2347591, 12761350, 23424977, 56043648]	http://www.flickr.com/photos/44925192@N00/7450823356/			False	http://farm9.staticflickr.com/8162/7450823356_3d0ca8f980.jpg	16	d5577696d72f1f69aec9f9587f79f689	jpg	David, Bergin, Emmett and Elliott	United States	2012-06-26T22:27:59Z	Attribution License	2012-06-26T16:30:57Z	Apple iPhone 4S	66657661	IMG_4131.JPG	7450823356	
New York	[91554754, 2459115, 12589342, 2347591, 12761350, 23424977, 56043648]	http://www.flickr.com/photos/44925192@N00/7450817232/			False	http://farm9.staticflickr.com/8150/7450817232_6dc72cebf9.jpg	16	f2fd5333cf455aa18f2828fd3b96f12	jpg	David, Bergin, Emmett and Elliott	United States	2012-06-26T22:26:49Z	Attribution License	2012-06-26T16:36:31Z	Apple iPhone 4S	61367642	IMG_4133.JPG	7450817232	
New York	[91556712, 2459115, 12589342, 2347591, 12761350, 23424977, 56043648]	http://www.flickr.com/photos/44925192@N00/7450820370/			False	http://farm8.staticflickr.com/7272/7450820370_fdcfd70b0f.jpg	16	211668eda55c67a7de16b521bca8ea6	jpg	David, Bergin, Emmett and Elliott	United States	2012-06-26T22:27:25Z	Attribution License	2012-06-26T16:37:03Z	Apple iPhone 4S	62025818	IMG_4132.JPG	7450820370	
New York	[92120095, 28751381, 2459115, 12589342, 2347591, 12761391, 23424977, 56043648]	http://www.flickr.com/photos/44925192@N00/7450815504/			False	http://farm8.staticflickr.com/7134/7450815504_a5c4c49baf.jpg	16	f57cdc62169e38588fd3d621c233fa6	jpg	David, Bergin, Emmett and Elliott	United States	2012-06-26T22:26:30Z	Attribution License	2012-06-26T16:38:12Z	Apple iPhone 4S	15364505	IMG_4134.JPG	7450815504	
New York	[91559473, 28751381, 2459115, 12589342, 2347591, 12761350, 23424977, 56043648]	http://www.flickr.com/photos/44925192@N00/7450810468/			False	http://farm8.staticflickr.com/7126/7450810468_45132a97c8.jpg	16	ac210356214bb49bb8feed1b4cbe	jpg	David, Bergin, Emmett and Elliott	United States	2012-06-26T22:25:35Z	Attribution License	2012-06-26T16:40:35Z	Apple iPhone 4S	87956829	IMG_4135.JPG	7450810468	
New York	[91588057, 2459115, 12589342, 2347591, 12761353, 23424977, 56043648]	http://www.flickr.com/photos/44925192@N00/7450804434/			False	http://farm8.staticflickr.com/7130/7450804434_fc3a65456c.jpg	16	82b7af7b9db7576c4d5ddbfb1c69a5	jpg	David, Bergin, Emmett and Elliott	United States	2012-06-26T22:24:29Z	Attribution License	2012-06-26T16:47:43Z	Apple iPhone 4S	1754142	IMG_4137.JPG	7450804434	
New York	[91588057, 2459115, 12589342, 2347591, 12761353, 23424977, 56043648]	http://www.flickr.com/photos/44925192@N00/7450806812/			False	http://farm9.staticflickr.com/8007/7450806812_d6f22e9807.jpg	16	1e8223267887b82bdcfc1fc63156	jpg	David, Bergin, Emmett and Elliott	United States	2012-06-26T22:24:54Z	Attribution License	2012-06-26T16:47:47Z	Apple iPhone 4S	96689135	IMG_4136.JPG	7450806812	
New York	[91587813, 55864590, 2459115, 12589342, 2347591, 12761353, 23424977, 56043648]	http://www.flickr.com/photos/44925192@N00/7450800060/			False	http://farm8.staticflickr.com/7261/7450800060_f22f8e9e91.jpg	16	fbc3354e75aa99419b5f3ff5e1ca29fe	jpg	David, Bergin, Emmett and Elliott	United States	2012-06-26T22:23:41Z	Attribution License	2012-06-26T16:49:07Z	Apple iPhone 4S	87234429	IMG_4138.JPG	7450800060	
New York	[91587813, 55864590, 2459115, 12589342, 2347591, 12761353, 23424977, 56043648]	http://www.flickr.com/photos/44925192@N00/7450793612/			False	http://farm9.staticflickr.com/8161/7450793612_c5b5b5f70c.jpg	16	9d2691f8204015963ecf7beec55e3967	jpg	David, Bergin, Emmett and Elliott	United States	2012-06-26T22:22:28Z	Attribution License	2012-06-26T16:49:16Z	Apple iPhone 4S	97192312	IMG_4139.JPG	7450793612	
New York	[91587813, 55864590, 2459115, 12589342, 2347591, 12761353, 23424977, 56043648]	http://www.flickr.com/photos/44925192@N00/7450788820/			False	http://farm9.staticflickr.com/8161/7450788820_1bd152bb6d.jpg	16	e4f35d2c2cd22ba24962652b9563c5e1	jpg	David, Bergin, Emmett and Elliott	United States	2012-06-26T22:21:37Z	Attribution License	2012-06-26T16:49:58Z	Apple iPhone 4S	87091532	IMG_4140.JPG	7450788820	
New York	[91587813, 55864590, 2459115, 12589342, 2347591, 12761353, 23424977, 56043648]	http://www.flickr.com/photos/44925192@N00/7450784758/			False	http://farm9.staticflickr.com/8002/7450784758_9c436df3a4.jpg	16	4974298c7f74725d89605e50efaf2ed7	jpg	David, Bergin, Emmett and Elliott	United States	2012-06-26T22:20:54Z	Attribution License	2012-06-26T16:51:03Z	Apple iPhone 4S	62258391	IMG_4141.JPG	7450784758	
New York	[91587813, 55864590, 2459115, 12589342, 2347591, 12761353, 23424977, 56043648]	http://www.flickr.com/photos/44925192@N00/7450780890/			False	http://farm8.staticflickr.com/7129/7450780890_e6ccb6df70.jpg	16	b952fe46020dc80c95b9494327afece	jpg	David, Bergin, Emmett and Elliott	United States	2012-06-26T22:20:14Z	Attribution License	2012-06-26T16:51:12Z	Apple iPhone 4S	70331733	IMG_4142.JPG	7450780890	
New York	[91587813, 55864590, 2459115, 12589342, 2347591, 12761353, 23424977, 56043648]	http://www.flickr.com/photos/44925192@N00/7450695970/			False	http://farm9.staticflickr.com/8004/7450695970_62bf0a3029.jpg	16	69bd94bd3b92cd2ffd4917ed7a13d30	jpg	David, Bergin, Emmett and Elliott	United States	2012-06-26T22:05:11Z	Attribution License	2012-06-26T16:51:15Z	Apple iPhone 4S	61198981	IMG_4161.JPG	7450695970	
New York	[91587813, 55864590, 2459115, 12589342, 2347591, 12761353, 23424977, 56043648]	http://www.flickr.com/photos/44925192@N00/7450749784/			False	http://farm8.staticflickr.com/7275/7450749784_1414c229f8.jpg	16	e6be75959d95a3ef1d53dcba17ccd0	jpg	David, Bergin, Emmett and Elliott	United States	2012-06-26T22:14:43Z	Attribution License	2012-06-26T16:51:15Z	Apple iPhone 4S	70906656	IMG_4149.JPG	7450749784	
New York	[91587813, 55864590, 2459115, 12589342, 2347591, 12761353, 23424977, 56043648]	http://www.flickr.com/photos/44925192@N00/7450754598/			False	http://farm9.staticflickr.com/8165/7450754598_2ec859aa7d.jpg	16	366626a826bf3e43c119cdb98424afa6	jpg	David, Bergin, Emmett and Elliott	United States	2012-06-26T22:15:32Z	Attribution License	2012-06-26T16:51:18Z	Apple iPhone 4S	86601293	IMG_4148.JPG	7450754598	
New York	[91587813, 55864590, 2459115, 12589342, 2347591, 12761353, 23424977, 56043648]	http://www.flickr.com/photos/44925192@N00/7450776434/			False	http://farm9.staticflickr.com/8159/7450776434_c870f76b50.jpg	16	c07cc97f9265d7fd469f8fdbc1421b5	jpg	David, Bergin, Emmett and Elliott	United States	2012-06-26T22:19:24Z	Attribution License	2012-06-26T16:51:24Z	Apple iPhone 4S	3660189	IMG_4143.JPG	7450776434	
New York	[91587813, 55864590, 2459115, 12589342, 2347591, 12761353, 23424977, 56043648]	http://www.flickr.com/photos/44925192@N00/7450700402/			False	http://farm9.staticflickr.com/8162/7450700402_1f906ecee5.jpg	16	a4887bac78f3599a2e17bece2b7ded	jpg	David, Bergin, Emmett and Elliott	United States	2012-06-26T22:05:57Z	Attribution License	2012-06-26T16:51:24Z	Apple iPhone 4S	37872332	IMG_4160.JPG	7450700402	
New York	[91587813, 55864590, 2459115, 12589342, 2347591, 12761353, 23424977, 56043648]	http://www.flickr.com/photos/44925192@N00/7450758816/			False	http://farm8.staticflickr.com/7256/7450758816_9584c5280d.jpg	16	fb967c1d88aa9d4926fc33a3e81dd0a8	jpg	David, Bergin, Emmett and Elliott	United States	2012-06-26T22:16:15Z	Attribution License	2012-06-26T16:51:24Z	Apple iPhone 4S	82742452	IMG_4147.JPG	7450758816	
New York	[91587813, 55864590, 2459115, 12589342, 2347591, 12761353, 23424977, 56043648]	http://www.flickr.com/photos/44925192@N00/7450704316/			False	http://farm8.staticflickr.com/7124/7450704316_0249a13cd4.jpg	16	1c7b661359f7eebf08d7a9c4d396b40	jpg	David, Bergin, Emmett and Elliott	United States	2012-06-26T22:06:40Z	Attribution License	2012-06-26T16:51:49Z	Apple iPhone 4S	92316913	IMG_4159.JPG	7450704316	
New York	[91587813, 55864590, 2459115, 12589342, 2347591, 12761353, 23424977, 56043648]	http://www.flickr.com/photos/44925192@N00/7450763288/			False	http://farm9.staticflickr.com/8151/7450763288_a2e3465ff4.jpg	16	6c9a47d4644bab64aa5a3a793acbf8bc	jpg	David, Bergin, Emmett and Elliott	United States	2012-06-26T22:17:01Z	Attribution License	2012-06-26T16:51:49Z	Apple iPhone 4S	98414709	IMG_4146.JPG	7450763288	
New York	[91587813, 55864590, 2459115, 12589342, 2347591, 12761353, 23424977, 56043648]	http://www.flickr.com/photos/44925192@N00/7450708602/			False	http://farm9.staticflickr.com/8149/7450708602_90be032dab.jpg	16	756150f1646d7738b6cd9d716e2c9de	jpg	David, Bergin, Emmett and Elliott	United States	2012-06-26T22:07:26Z	Attribution License	2012-06-26T16:51:57Z	Apple iPhone 4S	75909862	IMG_4158.JPG	7450708602	
New York	[91587813, 55864590, 2459115, 12589342, 2347591, 12761353, 23424977, 56043648]	http://www.flickr.com/photos/44925192@N00/7450767464/			False	http://farm9.staticflickr.com/8011/7450767464_00a80f7a23.jpg	16	8c967847c62ce646ffcaba4be834353	jpg	David, Bergin, Emmett and Elliott	United States	2012-06-26T22:17:45Z	Attribution License	2012-06-26T16:51:57Z	Apple iPhone 4S	96469099	IMG_4145.JPG	7450767464	
New York	[91587813, 55864590, 2459115, 12589342, 2347591, 12761353, 23424977, 56043648]	http://www.flickr.com/photos/44925192@N00/7450772282/			False	http://farm9.staticflickr.com/8023/7450772282_652d255786.jpg	16	9da79f27cf808531de95af24e552b	jpg	David, Bergin, Emmett and Elliott	United States	2012-06-26T22:18:36Z	Attribution License	2012-06-26T16:52:04Z	Apple iPhone 4S	4165402	IMG_4144.JPG	7450772282	
New York	[91587813, 55864590, 2459115, 12589342, 2347591, 12761353, 23424977, 56043648]	http://www.flickr.com/photos/44925192@N00/7450745214/			False	http://farm8.staticflickr.com/7131/7450745214_891f1e0c43.jpg	17	bf577a1baec8b774b1ea331bd9dd167	jpg	David, Bergin, Emmett and Elliott	United States	2012-06-26T22:13:56Z	Attribution License	2012-06-26T17:16:01Z	Apple iPhone 4S	92180423	IMG_4150.JPG	7450745214	
New York	[55864590, 2459115, 12589342, 2347591, 55805620, 23424977, 55836267, 56043648]	http://www.flickr.com/photos/44925192@N00/7450741086/			False	http://farm8.staticflickr.com/7134/7450741086_241301706f.jpg	17	2187feaf6c2ab13be5c7bb2312505175	jpg	David, Bergin, Emmett and Elliott	United States	2012-06-26T22:13:12Z	Attribution License	2012-06-26T17:16:10Z	Apple iPhone 4S	81403379	IMG_4151.JPG	7450741086	
New York	[91587813, 55864590, 2459115, 12589342, 2347591, 12761353, 23424977, 56043648]	http://www.flickr.com/photos/44925192@N00/7450737028/			False	http://farm9.staticflickr.com/8146/7450737028_ede5477ca2.jpg	17	9327ca8764ee21d39a9611ef166796	jpg	David, Bergin, Emmett and Elliott	United States	2012-06-26T22:12:29Z	Attribution License	2012-06-26T17:16:37Z	Apple iPhone 4S	93588010	IMG_4152.JPG	7450737028	
New York	[91587813, 55864590, 2459115, 12589342, 2347591, 12761353, 23424977, 56043648]	http://www.flickr.com/photos/44925192@N00/7450732976/			False	http://farm9.staticflickr.com/8002/7450732976_12ae36f4e2.jpg	17	6173da5ce9e2a8bcd917f6d3721a17a	jpg	David, Bergin, Emmett and Elliott	United States	2012-06-26T22:11:45Z	Attribution License	2012-06-26T17:16:45Z	Apple iPhone 4S	99990228	IMG_4153.JPG	7450732976	
New York	[91587813, 55864590, 2459115, 12589342, 2347591, 12761353, 23424977, 56043648]	http://www.flickr.com/photos/44925192@N00/7450727930/			False	http://farm8.staticflickr.com/7263/7450727930_5d81480cdf.jpg	17	f41f3d6e1ae24cb9d0561d41791c9449	jpg	David, Bergin, Emmett and Elliott	United States	2012-06-26T22:10:50Z	Attribution License	2012-06-26T17:16:56Z	Apple iPhone 4S	52925769	IMG_4154.JPG	7450727930	
New York	[55864590, 2459115, 12589342, 2347591, 55805620, 23424977, 55836267, 56043648]	http://www.flickr.com/photos/44925192@N00/7450723274/			False	http://farm8.staticflickr.com/7135/7450723274_84837e76eb.jpg	17	ff493bd4ee139fcdcadf6570ff66ce58	jpg	David, Bergin, Emmett and Elliott	United States	2012-06-26T22:10:02Z	Attribution License	2012-06-26T17:24:48Z	Apple iPhone 4S	95671841	IMG_4155.JPG	7450723274	
New York	[91586137, 55864590, 2459115, 12589342, 2347591, 12761352, 23424977, 56043648]	http://www.flickr.com/photos/44925192@N00/7450721110/			False	http://farm8.staticflickr.com/7248/7450721110_eb4e12da5a.jpg	17	0ab15826d324bf57ef5db379e7322	jpg	David, Bergin, Emmett and Elliott	United States	2012-06-26T22:09:38Z	Attribution License	2012-06-26T17:34:23Z	Apple iPhone 4S	88006211	IMG_4156.JPG	7450721110	
New York	[91586137, 55864590, 2459115, 12589342, 2347591, 12761352, 23424977, 56043648]	http://www.flickr.com/photos/44925192@N00/7450714134/			False	http://farm8.staticflickr.com/7269/7450714134_f04be340f3.jpg	17	46f62eb9d5ada5a8075971f86a2ba8	jpg	David, Bergin, Emmett and Elliott	United States	2012-06-26T22:08:24Z	Attribution License	2012-06-26T17:34:47Z	Apple iPhone 4S	80319776	IMG_4157.JPG	7450714134	
New York	[56388928, 28751381, 2459115, 12589342, 2347591, 12761404, 23424977, 56043648]	http://www.flickr.com/photos/44925192@N00/7450848878/			False	http://farm9.staticflickr.com/8024/7450848878_26dfce56fb.jpg	23	a1c11e498f2a584f8f4a7cd73f559f8	jpg	David, Bergin, Emmett and Elliott	United States	2012-06-26T22:32:58Z	Attribution License	2012-06-26T23:32:58Z		50269733	IMG_4022.JPG	7450848878	
