town_s	woe_is	urlpage_s	machine_ss	desc_ws	video_b	url_s	hour_i	hash_s	ext_s	user_s	country_s	upload_dt	license_s	taken_dt	device_s	line_i	title_s	id	tag_ss
New York	[2459115, 12589342, 2347591, 12761352, 23424977, 56204747, 56043648]	http://www.flickr.com/photos/44925192@N00/9623946127/	[u'flickriosapp:filter=nofilter', u'uploaded:by=flickr_mobile']		False	http://farm4.staticflickr.com/3748/9623946127_2e159756ce.jpg	16	dd9e7bad9498d9340452f677fedf2c8	jpg	David, Bergin, Emmett and Elliott	United States	2013-08-30T02:24:21Z	Attribution License	2013-08-28T16:07:18Z	Apple iPhone 5	34785967		9623946127	
New York	[55864590, 2459115, 12589342, 2347591, 55805620, 23424977, 55836267, 56043648]	http://www.flickr.com/photos/44925192@N00/9627183752/	[u'flickriosapp:filter=nofilter', u'uploaded:by=flickr_mobile']		False	http://farm4.staticflickr.com/3794/9627183752_7e7facfd28.jpg	16	b35cae2446223b511b9bbd7374793c43	jpg	David, Bergin, Emmett and Elliott	United States	2013-08-30T02:24:48Z	Attribution License	2013-08-28T16:41:04Z	Apple iPhone 5	91401329		9627183752	
New York	[55864590, 2459115, 12589342, 2347591, 55805620, 23424977, 55836267, 56043648]	http://www.flickr.com/photos/44925192@N00/9627176796/	[u'flickriosapp:filter=nofilter', u'uploaded:by=flickr_mobile']		False	http://farm8.staticflickr.com/7450/9627176796_a02167a615.jpg	16	b017817c4f192294a947ace3691a91eb	jpg	David, Bergin, Emmett and Elliott	United States	2013-08-30T02:23:16Z	Attribution License	2013-08-28T16:41:28Z	Apple iPhone 5	85882143		9627176796	
New York	[55864590, 2459115, 12589342, 2347591, 55805620, 23424977, 55836267, 56043648]	http://www.flickr.com/photos/44925192@N00/9627178804/	[u'flickriosapp:filter=nofilter', u'uploaded:by=flickr_mobile']		False	http://farm8.staticflickr.com/7372/9627178804_c1023bf124.jpg	16	68f01883a2633abda78d8ce94331d	jpg	David, Bergin, Emmett and Elliott	United States	2013-08-30T02:23:42Z	Attribution License	2013-08-28T16:46:21Z	Apple iPhone 5	65934964		9627178804	
New York	[55864590, 2459115, 12589342, 2347591, 55805620, 23424977, 55836267, 56043648]	http://www.flickr.com/photos/44925192@N00/9627180004/	[u'flickriosapp:filter=nofilter', u'uploaded:by=flickr_mobile']		False	http://farm4.staticflickr.com/3820/9627180004_874b3b1f60.jpg	16	dd27527583ed78b3c181f77cff24d5f	jpg	David, Bergin, Emmett and Elliott	United States	2013-08-30T02:23:57Z	Attribution License	2013-08-28T16:46:58Z	Apple iPhone 5	89153588		9627180004	
New York	[55864590, 2459115, 12589342, 2347591, 55805620, 23424977, 55836267, 56043648]	http://www.flickr.com/photos/44925192@N00/9627177800/	[u'flickriosapp:filter=nofilter', u'uploaded:by=flickr_mobile']		False	http://farm6.staticflickr.com/5455/9627177800_6b781f93b4.jpg	16	cead136ea4228968c2fa36da8c9e50a2	jpg	David, Bergin, Emmett and Elliott	United States	2013-08-30T02:23:28Z	Attribution License	2013-08-28T16:48:59Z	Apple iPhone 5	86461589		9627177800	
New York	[23677893, 2459115, 12589342, 2347591, 12761351, 23424977, 56043648]	http://www.flickr.com/photos/44925192@N00/9627174600/	[u'flickriosapp:filter=nofilter', u'uploaded:by=flickr_mobile']		False	http://farm6.staticflickr.com/5455/9627174600_bf51c2ab5e.jpg	17	44722e75cea72156ab189127ab8c36	jpg	David, Bergin, Emmett and Elliott	United States	2013-08-30T02:22:44Z	Attribution License	2013-08-28T17:19:31Z	Apple iPhone 5	74276236		9627174600	
New York	[23617702, 28751381, 2459115, 12589342, 2347591, 12761351, 23424977, 56043648]	http://www.flickr.com/photos/44925192@N00/9627172856/	[u'flickriosapp:filter=nofilter', u'uploaded:by=flickr_mobile']		False	http://farm6.staticflickr.com/5498/9627172856_740351d5e5.jpg	17	28fcf157c83d36f9c95d6952c6e8d4	jpg	David, Bergin, Emmett and Elliott	United States	2013-08-30T02:22:19Z	Attribution License	2013-08-28T17:30:27Z	Apple iPhone 5	88342156		9627172856	
New York	[92121306, 28751381, 2459115, 12589342, 2347591, 12761397, 23424977, 56043648]	http://www.flickr.com/photos/44925192@N00/9627171996/	[u'flickriosapp:filter=nofilter', u'uploaded:by=flickr_mobile']		False	http://farm3.staticflickr.com/2851/9627171996_60c46cd5e8.jpg	17	418b4954ee85a61ef51e3180f35cb83	jpg	David, Bergin, Emmett and Elliott	United States	2013-08-30T02:22:06Z	Attribution License	2013-08-28T17:32:50Z	Apple iPhone	54411248		9627171996	
New York	[92121306, 28751381, 2459115, 12589342, 2347591, 12761397, 23424977, 56043648]	http://www.flickr.com/photos/44925192@N00/9623938085/	[u'flickriosapp:filter=nofilter', u'uploaded:by=flickr_mobile']		False	http://farm8.staticflickr.com/7448/9623938085_770c2f0d0b.jpg	17	7f34b2539f76338465e58e9ed65fa464	jpg	David, Bergin, Emmett and Elliott	United States	2013-08-30T02:22:33Z	Attribution License	2013-08-28T17:33:48Z	Apple iPhone 5	64706900		9623938085	
New York	[23677893, 2459115, 12589342, 2347591, 12761351, 23424977, 56043648]	http://www.flickr.com/photos/44925192@N00/9627175558/	[u'flickriosapp:filter=nofilter', u'uploaded:by=flickr_mobile']		False	http://farm3.staticflickr.com/2827/9627175558_2f8a554546.jpg	17	722e824f23a83bcf4c51e60f0357453	jpg	David, Bergin, Emmett and Elliott	United States	2013-08-30T02:22:58Z	Attribution License	2013-08-28T17:40:08Z	Apple iPhone 5	74302226		9627175558	
New York	[23677893, 2459115, 12589342, 2347591, 12761351, 23424977, 56043648]	http://www.flickr.com/photos/44925192@N00/9627170576/	[u'flickriosapp:filter=nofilter', u'uploaded:by=flickr_mobile']		False	http://farm6.staticflickr.com/5340/9627170576_374d0f541a.jpg	17	2de63697e596fbfda894d8d0267bf4c7	jpg	David, Bergin, Emmett and Elliott	United States	2013-08-30T02:21:45Z	Attribution License	2013-08-28T17:40:29Z	Apple iPhone 5	42441368		9627170576	
New York	[23677893, 2459115, 12589342, 2347591, 12761351, 23424977, 56043648]	http://www.flickr.com/photos/44925192@N00/9625791142/	[u'flickriosapp:filter=nofilter', u'uploaded:by=flickr_mobile']		False	http://farm6.staticflickr.com/5323/9625791142_bb8f4daefa.jpg	17	4777a2f5b989235d7b0ceb06e2f1c81	jpg	David, Bergin, Emmett and Elliott	United States	2013-08-29T21:18:22Z	Attribution License	2013-08-28T17:40:29Z	Apple iPhone 5	88930508		9625791142	
New York	[23677893, 2459115, 12589342, 2347591, 12761351, 23424977, 56043648]	http://www.flickr.com/photos/44925192@N00/9622552455/	[u'flickriosapp:filter=nofilter', u'uploaded:by=flickr_mobile']		False	http://farm8.staticflickr.com/7417/9622552455_af7533b00b.jpg	17	675c1bf6151c3bb414ace8cbe82993f	jpg	David, Bergin, Emmett and Elliott	United States	2013-08-29T21:17:51Z	Attribution License	2013-08-28T17:40:52Z	Apple iPhone 5	54177984		9622552455	
New York	[91560744, 2459115, 12589342, 2347591, 12761350, 23424977, 56043648]	http://www.flickr.com/photos/44925192@N00/9625789834/	[u'flickriosapp:filter=nofilter', u'uploaded:by=flickr_mobile']		False	http://farm6.staticflickr.com/5499/9625789834_9fbb90470f.jpg	17	2410c9f1d7a42210eb90432e409dcb3c	jpg	David, Bergin, Emmett and Elliott	United States	2013-08-29T21:18:09Z	Attribution License	2013-08-28T17:42:03Z	Apple iPhone 5	93460129		9625789834	
New York	[91653213, 28751381, 2459115, 12589342, 2347591, 12761351, 23424977, 56043648]	http://www.flickr.com/photos/44925192@N00/9625784896/	[u'flickriosapp:filter=nofilter', u'uploaded:by=flickr_mobile']		False	http://farm8.staticflickr.com/7344/9625784896_cdb50e54bd.jpg	17	632854e5069b039ebb75c1c12639385	jpg	David, Bergin, Emmett and Elliott	United States	2013-08-29T21:17:19Z	Attribution License	2013-08-28T17:44:50Z	Apple iPhone 5	78399381		9625784896	
New York	[91653213, 28751381, 2459115, 12589342, 2347591, 12761351, 23424977, 56043648]	http://www.flickr.com/photos/44925192@N00/9622547725/	[u'flickriosapp:filter=nofilter', u'uploaded:by=flickr_mobile']		False	http://farm8.staticflickr.com/7332/9622547725_462c3cd0d2.jpg	17	c28fabdbb4be4796d18acb463cf127c	jpg	David, Bergin, Emmett and Elliott	United States	2013-08-29T21:17:07Z	Attribution License	2013-08-28T17:44:52Z	Apple iPhone	84161907		9622547725	
New York	[23677893, 2459115, 12589342, 2347591, 12761351, 23424977, 56043648]	http://www.flickr.com/photos/44925192@N00/9622550757/	[u'flickriosapp:filter=nofilter', u'uploaded:by=flickr_mobile']		False	http://farm3.staticflickr.com/2855/9622550757_3645004e14.jpg	17	9bea8aad8cb49ef8f51c23718d39aba	jpg	David, Bergin, Emmett and Elliott	United States	2013-08-29T21:17:35Z	Attribution License	2013-08-28T17:46:35Z	Apple iPhone 5	78911395		9622550757	
New York	[23677893, 2459115, 12589342, 2347591, 12761351, 23424977, 56043648]	http://www.flickr.com/photos/44925192@N00/9622545641/	[u'flickriosapp:filter=nofilter', u'uploaded:by=flickr_mobile']		False	http://farm8.staticflickr.com/7317/9622545641_728fb00a59.jpg	17	ad8a5f5df479f3e2112e589b542cd9	jpg	David, Bergin, Emmett and Elliott	United States	2013-08-29T21:16:44Z	Attribution License	2013-08-28T17:54:17Z	Apple iPhone 5	73923246		9622545641	
New York	[23677893, 2459115, 12589342, 2347591, 12761351, 23424977, 56043648]	http://www.flickr.com/photos/44925192@N00/9625777406/	[u'flickriosapp:filter=nofilter', u'uploaded:by=flickr_mobile']		False	http://farm8.staticflickr.com/7329/9625777406_4076ba1821.jpg	18	2de7abef20edf07f3df6f4317f359992	jpg	David, Bergin, Emmett and Elliott	United States	2013-08-29T21:16:01Z	Attribution License	2013-08-28T18:10:31Z	Apple iPhone 5	12922631		9625777406	
New York	[23677893, 2459115, 12589342, 2347591, 12761351, 23424977, 56043648]	http://www.flickr.com/photos/44925192@N00/9622537959/	[u'flickriosapp:filter=nofilter', u'uploaded:by=flickr_mobile']		False	http://farm6.staticflickr.com/5501/9622537959_7c2ca5c536.jpg	18	5fafb02de449203bbaca2531225d8c2b	jpg	David, Bergin, Emmett and Elliott	United States	2013-08-29T21:15:23Z	Attribution License	2013-08-28T18:11:09Z	Apple iPhone 5	48678477		9622537959	
New York	[23677893, 2459115, 12589342, 2347591, 12761351, 23424977, 56043648]	http://www.flickr.com/photos/44925192@N00/9625775992/	[u'flickriosapp:filter=nofilter', u'uploaded:by=flickr_mobile']		False	http://farm4.staticflickr.com/3742/9625775992_5c24f5ac83.jpg	18	6340ba64c84a63c2855d52ca298175e	jpg	David, Bergin, Emmett and Elliott	United States	2013-08-29T21:15:47Z	Attribution License	2013-08-28T18:11:25Z	Apple iPhone 5	98869222		9625775992	
New York	[23677893, 2459115, 12589342, 2347591, 12761351, 23424977, 56043648]	http://www.flickr.com/photos/44925192@N00/9625780228/	[u'flickriosapp:filter=nofilter', u'uploaded:by=flickr_mobile']		False	http://farm8.staticflickr.com/7358/9625780228_95c16b4fde.jpg	18	e6b1bf735795f867b4fafc89dae7ecd7	jpg	David, Bergin, Emmett and Elliott	United States	2013-08-29T21:16:31Z	Attribution License	2013-08-28T18:12:06Z	Apple iPhone 5	78672063		9625780228	
New York	[92121306, 28751381, 2459115, 12589342, 2347591, 12761397, 23424977, 56043648]	http://www.flickr.com/photos/44925192@N00/9622534877/	[u'flickriosapp:filter=nofilter', u'uploaded:by=flickr_mobile']		False	http://farm3.staticflickr.com/2886/9622534877_6c0a0c6b1f.jpg	18	863c201895d171de31abd7b91197328d	jpg	David, Bergin, Emmett and Elliott	United States	2013-08-29T21:14:51Z	Attribution License	2013-08-28T18:14:23Z	Apple iPhone 5	78865763		9622534877	
New York	[23677893, 2459115, 12589342, 2347591, 12761351, 23424977, 56043648]	http://www.flickr.com/photos/44925192@N00/9625733704/	[u'flickriosapp:filter=nofilter', u'uploaded:by=flickr_mobile']		False	http://farm6.staticflickr.com/5330/9625733704_30c32ca58c.jpg	18	f44113d63a8a427b7ca856b3509c63e4	jpg	David, Bergin, Emmett and Elliott	United States	2013-08-29T21:08:16Z	Attribution License	2013-08-28T18:15:30Z	Apple iPhone 5	82049018		9625733704	
New York	[23677893, 2459115, 12589342, 2347591, 12761351, 23424977, 56043648]	http://www.flickr.com/photos/44925192@N00/9622533145/	[u'flickriosapp:filter=nofilter', u'uploaded:by=flickr_mobile']		False	http://farm3.staticflickr.com/2868/9622533145_12587842bf.jpg	18	ad2009ba43f18a80c061f9e5eb7b	jpg	David, Bergin, Emmett and Elliott	United States	2013-08-29T21:14:32Z	Attribution License	2013-08-28T18:15:44Z	Apple iPhone	83197294		9622533145	
New York	[23677893, 2459115, 12589342, 2347591, 12761351, 23424977, 56043648]	http://www.flickr.com/photos/44925192@N00/9625772168/	[u'flickriosapp:filter=nofilter', u'uploaded:by=flickr_mobile']		False	http://farm6.staticflickr.com/5485/9625772168_bff4cd76e6.jpg	18	1da3383d5e1eb3f9912e8843fea73b2	jpg	David, Bergin, Emmett and Elliott	United States	2013-08-29T21:15:06Z	Attribution License	2013-08-28T18:22:24Z	Apple iPhone 5	86117886		9625772168	
New York	[28751381, 2459115, 12589342, 2347591, 12761351, 23424977, 56204738, 56043648]	http://www.flickr.com/photos/44925192@N00/9622485753/	[u'flickriosapp:filter=nofilter', u'uploaded:by=flickr_mobile']		False	http://farm8.staticflickr.com/7359/9622485753_6fe6c5f2cb.jpg	18	9180d82adeed0a57d47e378f69c85	jpg	David, Bergin, Emmett and Elliott	United States	2013-08-29T21:06:12Z	Attribution License	2013-08-28T18:26:28Z	Apple iPhone 5	79100780		9622485753	
New York	[91592520, 2459115, 12589342, 2347591, 12761348, 23424977, 56043648]	http://www.flickr.com/photos/44925192@N00/9625724166/	[u'flickriosapp:filter=nofilter', u'uploaded:by=flickr_mobile']		False	http://farm8.staticflickr.com/7395/9625724166_906ef80a98.jpg	18	98a83cb5c9961b6325de63c058838ee	jpg	David, Bergin, Emmett and Elliott	United States	2013-08-29T21:06:38Z	Attribution License	2013-08-28T18:57:08Z	Apple iPhone 5	97344937		9625724166	
New York	[91562653, 2459115, 12589342, 2347591, 12761348, 23424977, 56043648]	http://www.flickr.com/photos/44925192@N00/9622490313/	[u'flickriosapp:filter=nofilter', u'uploaded:by=flickr_mobile']		False	http://farm8.staticflickr.com/7450/9622490313_b60f892bbb.jpg	19	4de0bd476d4a32d2bc6cd617bb5454b	jpg	David, Bergin, Emmett and Elliott	United States	2013-08-29T21:06:57Z	Attribution License	2013-08-28T19:22:19Z	Apple iPhone 5	94239404		9622490313	
New York	[91562653, 2459115, 12589342, 2347591, 12761348, 23424977, 56043648]	http://www.flickr.com/photos/44925192@N00/9625722682/	[u'flickriosapp:filter=nofilter', u'uploaded:by=flickr_mobile']		False	http://farm4.staticflickr.com/3684/9625722682_f5c7cc058d.jpg	19	7efa70b2a368c54cc5eb9b0ac32fa54	jpg	David, Bergin, Emmett and Elliott	United States	2013-08-29T21:06:24Z	Attribution License	2013-08-28T19:22:27Z	Apple iPhone 5	22727866		9625722682	
New York	[91562653, 2459115, 12589342, 2347591, 12761348, 23424977, 56043648]	http://www.flickr.com/photos/44925192@N00/9622481739/	[u'flickriosapp:filter=nofilter', u'uploaded:by=flickr_mobile']		False	http://farm3.staticflickr.com/2838/9622481739_785f6197a2.jpg	19	2b9491571070fb4aeccca1b7c4752bbd	jpg	David, Bergin, Emmett and Elliott	United States	2013-08-29T21:05:30Z	Attribution License	2013-08-28T19:22:42Z	Apple iPhone 5	96151903		9622481739	
New York	[91562653, 2459115, 12589342, 2347591, 12761348, 23424977, 56043648]	http://www.flickr.com/photos/44925192@N00/9622480673/	[u'flickriosapp:filter=nofilter', u'uploaded:by=flickr_mobile']		False	http://farm3.staticflickr.com/2810/9622480673_045e209a41.jpg	19	c3ea74a42cf35ac4d664b6ba87f6bc30	jpg	David, Bergin, Emmett and Elliott	United States	2013-08-29T21:05:19Z	Attribution License	2013-08-28T19:26:45Z	Apple iPhone 5	91311860		9622480673	
New York	[56204562, 2459115, 12589335, 2347591, 23424977, 56043648]	http://www.flickr.com/photos/44925192@N00/9622483185/	[u'flickriosapp:filter=nofilter', u'uploaded:by=flickr_mobile']		False	http://farm6.staticflickr.com/5532/9622483185_c3290dab19.jpg	22	5d12c3a6787b29cfd6f1796bdda88e4	jpg	David, Bergin, Emmett and Elliott	United States	2013-08-29T21:05:46Z	Attribution License	2013-08-28T22:12:32Z	Apple iPhone 5	95806628		9622483185	
New York	[56204562, 2459115, 12589335, 2347591, 23424977, 56043648]	http://www.flickr.com/photos/44925192@N00/9622484203/	[u'flickriosapp:filter=nofilter', u'uploaded:by=flickr_mobile']		False	http://farm8.staticflickr.com/7350/9622484203_8ed444a8a4.jpg	22	b73c1d1ab6b9af11cfea8ab5556661e9	jpg	David, Bergin, Emmett and Elliott	United States	2013-08-29T21:05:57Z	Attribution License	2013-08-28T22:12:46Z	Apple iPhone 5	75927780		9622484203	
New York	[56204562, 2459115, 12589335, 2347591, 23424977, 56043648]	http://www.flickr.com/photos/44925192@N00/9622479589/	[u'flickriosapp:filter=nofilter', u'uploaded:by=flickr_mobile']		False	http://farm4.staticflickr.com/3792/9622479589_fb9765baa0.jpg	22	7ef955ca54bb50dc444954d467515953	jpg	David, Bergin, Emmett and Elliott	United States	2013-08-29T21:05:07Z	Attribution License	2013-08-28T22:13:34Z	Apple iPhone 5	30065401		9622479589	
