town_s	woe_is	urlpage_s	machine_ss	desc_ws	video_b	url_s	hour_i	hash_s	ext_s	user_s	country_s	upload_dt	license_s	taken_dt	device_s	line_i	title_s	id	tag_ss
New York	[2444424, 2383085, 2459115, 12589352, 2347591, 12761773, 23424977, 23500476, 56043648]	http://www.flickr.com/photos/37029314@N00/3228026005/		Photo Taken By: Ryan Miccio	False	http://farm4.staticflickr.com/3314/3228026005_d3232869e0.jpg	0	1b4b6e81a9878d61928ac64916da5f4d	jpg	Hetx	United States	2009-01-26T14:43:33Z	Attribution-NonCommercial-NoDerivs License	2008-11-30T00:00:04Z	Canon EOS DIGITAL REBEL XT	99132421	IMG_4737	3228026005	[u'collegepoint', u'new york city', u'newyork', u'nyc', u'queens']
New York	[2383085, 2444424, 2459115, 12589352, 2347591, 12761773, 23424977, 23500476, 56043648]	http://www.flickr.com/photos/37029314@N00/3228878982/		Photo Taken By: Ryan Miccio	False	http://farm4.staticflickr.com/3388/3228878982_9278cbe226.jpg	0	e742e473ff62d75108b12a0dc6320a9	jpg	Hetx	United States	2009-01-26T14:43:55Z	Attribution-NonCommercial-NoDerivs License	2008-11-30T00:00:18Z	Canon EOS DIGITAL REBEL XT	73454419	IMG_4738	3228878982	[u'collegepoint', u'new york city', u'newyork', u'nyc', u'queens']
New York	[2444424, 2383085, 2459115, 12589352, 2347591, 12761773, 23424977, 23500476, 56043648]	http://www.flickr.com/photos/37029314@N00/3228027393/		Photo Taken By: Ryan Miccio	False	http://farm4.staticflickr.com/3426/3228027393_7d499155c1.jpg	0	38a0719377be043293c15cff4f53457	jpg	Hetx	United States	2009-01-26T14:44:18Z	Attribution-NonCommercial-NoDerivs License	2008-11-30T00:02:05Z	Canon EOS DIGITAL REBEL XT	99768705	IMG_4739	3228027393	[u'collegepoint', u'new york city', u'newyork', u'nyc', u'queens']
New York	[2383085, 2444424, 2459115, 12589352, 2347591, 12761773, 23424977, 23500476, 56043648]	http://www.flickr.com/photos/37029314@N00/3228880926/		Photo Taken By: Ryan Miccio	False	http://farm4.staticflickr.com/3489/3228880926_75f4e8bcd6.jpg	0	e03498557cd8b2a2bc3b6dff59bf87	jpg	Hetx	United States	2009-01-26T14:44:54Z	Attribution-NonCommercial-NoDerivs License	2008-11-30T00:02:48Z	Canon EOS DIGITAL REBEL XT	93966784	IMG_4740	3228880926	[u'collegepoint', u'new york city', u'newyork', u'nyc', u'queens']
New York	[2444424, 2383085, 2459115, 12589352, 2347591, 12761773, 23424977, 23500476, 56043648]	http://www.flickr.com/photos/37029314@N00/3228881832/		Photo Taken By: Ryan Miccio	False	http://farm4.staticflickr.com/3353/3228881832_33a606e4dc.jpg	0	c96a5088c22ba9eff96c30929d8c6	jpg	Hetx	United States	2009-01-26T14:45:21Z	Attribution-NonCommercial-NoDerivs License	2008-11-30T00:03:08Z	Canon EOS DIGITAL REBEL XT	92088280	IMG_4741	3228881832	[u'collegepoint', u'new york city', u'newyork', u'nyc', u'queens']
New York	[2383085, 2444424, 2459115, 12589352, 2347591, 12761773, 23424977, 23500476, 56043648]	http://www.flickr.com/photos/37029314@N00/3228882692/		Photo Taken By: Ryan Miccio	False	http://farm4.staticflickr.com/3456/3228882692_9d815126cc.jpg	0	4f2db8b01a1d0907313875155b212fa	jpg	Hetx	United States	2009-01-26T14:45:48Z	Attribution-NonCommercial-NoDerivs License	2008-11-30T00:03:19Z	Canon EOS DIGITAL REBEL XT	71482472	IMG_4742	3228882692	[u'collegepoint', u'new york city', u'newyork', u'nyc', u'queens']
New York	[2383085, 2444424, 2459115, 12589352, 2347591, 12761773, 23424977, 23500476, 56043648]	http://www.flickr.com/photos/37029314@N00/3228030963/		Photo Taken By: Ryan Miccio	False	http://farm4.staticflickr.com/3434/3228030963_ffd653519e.jpg	0	eed8c3a45d23be968a6b0d34f4de13c	jpg	Hetx	United States	2009-01-26T14:46:12Z	Attribution-NonCommercial-NoDerivs License	2008-11-30T00:03:29Z	Canon EOS DIGITAL REBEL XT	52109417	IMG_4743	3228030963	[u'collegepoint', u'new york city', u'newyork', u'nyc', u'queens']
New York	[2383085, 2444424, 2459115, 12589352, 2347591, 12761773, 23424977, 23500476, 56043648]	http://www.flickr.com/photos/37029314@N00/3228031759/		Photo Taken By: Ryan Miccio	False	http://farm4.staticflickr.com/3448/3228031759_11f628ab3c.jpg	0	e14ec9f7a3745846590e127fda87dce	jpg	Hetx	United States	2009-01-26T14:46:37Z	Attribution-NonCommercial-NoDerivs License	2008-11-30T00:04:57Z	Canon EOS DIGITAL REBEL XT	82688779	IMG_4744	3228031759	[u'collegepoint', u'new york city', u'newyork', u'nyc', u'queens']
New York	[2383085, 2444424, 2459115, 12589352, 2347591, 12761773, 23424977, 23500476, 56043648]	http://www.flickr.com/photos/37029314@N00/3228033771/		Photo Taken By: Ryan Miccio	False	http://farm4.staticflickr.com/3507/3228033771_d08407b687.jpg	0	452682ee1dbd69f89a371fce88aba883	jpg	Hetx	United States	2009-01-26T14:47:41Z	Attribution-NonCommercial-NoDerivs License	2008-11-30T00:05:37Z	Canon EOS DIGITAL REBEL XT	84645903	IMG_4746	3228033771	[u'collegepoint', u'new york city', u'newyork', u'nyc', u'queens']
New York	[2444424, 2383085, 2459115, 12589352, 2347591, 12761773, 23424977, 23500476, 56043648]	http://www.flickr.com/photos/37029314@N00/3228034803/		Photo Taken By: Ryan Miccio	False	http://farm4.staticflickr.com/3331/3228034803_18a1472162.jpg	0	243d81d5797df19e2e5f622b86f83be	jpg	Hetx	United States	2009-01-26T14:48:14Z	Attribution-NonCommercial-NoDerivs License	2008-11-30T00:05:58Z	Canon EOS DIGITAL REBEL XT	86088523	IMG_4747	3228034803	[u'collegepoint', u'new york city', u'newyork', u'nyc', u'queens']
New York	[2444424, 2383085, 2459115, 12589352, 2347591, 12761773, 23424977, 23500476, 56043648]	http://www.flickr.com/photos/37029314@N00/3228035799/		Photo Taken By: Ryan Miccio	False	http://farm4.staticflickr.com/3095/3228035799_bba18d8f3c.jpg	0	18c6c77e33014da9cb8b4feec1e13f5	jpg	Hetx	United States	2009-01-26T14:48:48Z	Attribution-NonCommercial-NoDerivs License	2008-11-30T00:06:28Z	Canon EOS DIGITAL REBEL XT	73220130	IMG_4748	3228035799	[u'collegepoint', u'new york city', u'newyork', u'nyc', u'queens']
New York	[2383085, 2444424, 2459115, 12589352, 2347591, 12761773, 23424977, 23500476, 56043648]	http://www.flickr.com/photos/37029314@N00/3228036899/		Photo Taken By: Ryan Miccio	False	http://farm4.staticflickr.com/3321/3228036899_88cb29df1c.jpg	0	cc5961a429d9d9936c3449c3ef51bc1	jpg	Hetx	United States	2009-01-26T14:49:22Z	Attribution-NonCommercial-NoDerivs License	2008-11-30T00:07:49Z	Canon EOS DIGITAL REBEL XT	60472912	IMG_4749	3228036899	[u'collegepoint', u'new york city', u'newyork', u'nyc', u'queens']
New York	[2444424, 2383085, 2459115, 12589352, 2347591, 12761773, 23424977, 23500476, 56043648]	http://www.flickr.com/photos/37029314@N00/3228889814/		Photo Taken By: Ryan Miccio	False	http://farm4.staticflickr.com/3468/3228889814_68d781a1e5.jpg	0	a5770e8113188f3e3847218e1f712	jpg	Hetx	United States	2009-01-26T14:49:39Z	Attribution-NonCommercial-NoDerivs License	2008-11-30T00:07:55Z	Canon EOS DIGITAL REBEL XT	95715028	IMG_4750	3228889814	[u'collegepoint', u'new york city', u'newyork', u'nyc', u'queens']
New York	[2444424, 2383085, 2459115, 12589352, 2347591, 12761773, 23424977, 23500476, 56043648]	http://www.flickr.com/photos/37029314@N00/3228890704/		Photo Taken By: Ryan Miccio	False	http://farm4.staticflickr.com/3387/3228890704_e643791b3b.jpg	0	399cdda6ac9d403995b9a23311e29ecd	jpg	Hetx	United States	2009-01-26T14:50:07Z	Attribution-NonCommercial-NoDerivs License	2008-11-30T00:08:16Z	Canon EOS DIGITAL REBEL XT	84115571	IMG_4751	3228890704	[u'collegepoint', u'new york city', u'newyork', u'nyc', u'queens']
New York	[2383085, 2444424, 2459115, 12589352, 2347591, 12761773, 23424977, 23500476, 56043648]	http://www.flickr.com/photos/37029314@N00/3228891368/		Photo Taken By: Ryan Miccio	False	http://farm4.staticflickr.com/3503/3228891368_edcd4a6f66.jpg	0	5cc6b846ca73ed569b834e5c108fc7b5	jpg	Hetx	United States	2009-01-26T14:50:29Z	Attribution-NonCommercial-NoDerivs License	2008-11-30T00:08:30Z	Canon EOS DIGITAL REBEL XT	93184144	IMG_4752	3228891368	[u'collegepoint', u'new york city', u'newyork', u'nyc', u'queens']
New York	[2444424, 2383085, 2459115, 12589352, 2347591, 12761773, 23424977, 23500476, 56043648]	http://www.flickr.com/photos/37029314@N00/3228039793/		Photo Taken By: Ryan Miccio	False	http://farm4.staticflickr.com/3369/3228039793_3eb8d13ef8.jpg	0	217a95f45c9b6fb552fa6936471b64e1	jpg	Hetx	United States	2009-01-26T14:51:02Z	Attribution-NonCommercial-NoDerivs License	2008-11-30T00:09:09Z	Canon EOS DIGITAL REBEL XT	75356002	IMG_4753	3228039793	[u'collegepoint', u'new york city', u'newyork', u'nyc', u'queens']
New York	[2383085, 2444424, 2459115, 12589352, 2347591, 12761773, 23424977, 23500476, 56043648]	http://www.flickr.com/photos/37029314@N00/3228040715/		Photo Taken By: Ryan Miccio	False	http://farm4.staticflickr.com/3499/3228040715_24ea475d4d.jpg	0	83725dcb52c4b9ac924cdc5691865e33	jpg	Hetx	United States	2009-01-26T14:51:31Z	Attribution-NonCommercial-NoDerivs License	2008-11-30T00:09:19Z	Canon EOS DIGITAL REBEL XT	48356926	IMG_4754	3228040715	[u'collegepoint', u'new york city', u'newyork', u'nyc', u'queens']
New York	[2444424, 2383085, 2459115, 12589352, 2347591, 12761773, 23424977, 23500476, 56043648]	http://www.flickr.com/photos/37029314@N00/3228894052/		Photo Taken By: Ryan Miccio	False	http://farm4.staticflickr.com/3472/3228894052_8ebb9ecee4.jpg	0	37c4cc73c1963df72b3d33c6975a4b6c	jpg	Hetx	United States	2009-01-26T14:51:55Z	Attribution-NonCommercial-NoDerivs License	2008-11-30T00:09:23Z	Canon EOS DIGITAL REBEL XT	99509630	IMG_4755	3228894052	[u'collegepoint', u'new york city', u'newyork', u'nyc', u'queens']
New York	[2383085, 2444424, 2459115, 12589352, 2347591, 12761773, 23424977, 23500476, 56043648]	http://www.flickr.com/photos/37029314@N00/3228894920/		Photo Taken By: Ryan Miccio	False	http://farm4.staticflickr.com/3316/3228894920_444b285a45.jpg	0	7481b6df1fed99ff99933a6e22ecb365	jpg	Hetx	United States	2009-01-26T14:52:23Z	Attribution-NonCommercial-NoDerivs License	2008-11-30T00:10:01Z	Canon EOS DIGITAL REBEL XT	72207824	IMG_4756	3228894920	[u'collegepoint', u'new york city', u'newyork', u'nyc', u'queens']
New York	[2383085, 2444424, 2459115, 12589352, 2347591, 12761773, 23424977, 23500476, 56043648]	http://www.flickr.com/photos/37029314@N00/3228895618/		Photo Taken By: Ryan Miccio	False	http://farm4.staticflickr.com/3419/3228895618_1b49091551.jpg	0	d9a825605078b5c7be392ae9519bf2	jpg	Hetx	United States	2009-01-26T14:52:45Z	Attribution-NonCommercial-NoDerivs License	2008-11-30T00:10:15Z	Canon EOS DIGITAL REBEL XT	71486374	IMG_4757	3228895618	[u'collegepoint', u'new york city', u'newyork', u'nyc', u'queens']
New York	[2383085, 2444424, 2459115, 12589352, 2347591, 12761773, 23424977, 23500476, 56043648]	http://www.flickr.com/photos/37029314@N00/3228043667/		Photo Taken By: Ryan Miccio	False	http://farm4.staticflickr.com/3325/3228043667_60fc91b48a.jpg	0	44293c3c578632bbbb8d28722e8306a	jpg	Hetx	United States	2009-01-26T14:53:07Z	Attribution-NonCommercial-NoDerivs License	2008-11-30T00:12:04Z	Canon EOS DIGITAL REBEL XT	86575334	IMG_4758	3228043667	[u'collegepoint', u'new york city', u'newyork', u'nyc', u'queens']
New York	[2383085, 2444424, 2459115, 12589352, 2347591, 12761773, 23424977, 23500476, 56043648]	http://www.flickr.com/photos/37029314@N00/3228044393/		Photo Taken By: Ryan Miccio	False	http://farm4.staticflickr.com/3313/3228044393_c7c909726d.jpg	0	3ebd9991377646d7e1c945f046ca8d	jpg	Hetx	United States	2009-01-26T14:53:29Z	Attribution-NonCommercial-NoDerivs License	2008-11-30T00:13:15Z	Canon EOS DIGITAL REBEL XT	67532699	IMG_4759	3228044393	[u'collegepoint', u'new york city', u'newyork', u'nyc', u'queens']
New York	[2383085, 2444424, 2459115, 12589352, 2347591, 12761773, 23424977, 23500476, 56043648]	http://www.flickr.com/photos/37029314@N00/3228045171/		Photo Taken By: Ryan Miccio	False	http://farm4.staticflickr.com/3413/3228045171_4e2692a791.jpg	0	92825719b3ec361c96191c61d07bce	jpg	Hetx	United States	2009-01-26T14:53:55Z	Attribution-NonCommercial-NoDerivs License	2008-11-30T00:13:37Z	Canon EOS DIGITAL REBEL XT	50098012	IMG_4760	3228045171	[u'collegepoint', u'new york city', u'newyork', u'nyc', u'queens']
New York	[2383085, 2444424, 2459115, 12589352, 2347591, 12761773, 23424977, 23500476, 56043648]	http://www.flickr.com/photos/37029314@N00/3228898430/		Photo Taken By: Ryan Miccio	False	http://farm4.staticflickr.com/3427/3228898430_435f24cbe3.jpg	0	56992c5fe476e18162421e9b489496	jpg	Hetx	United States	2009-01-26T14:54:15Z	Attribution-NonCommercial-NoDerivs License	2008-11-30T00:14:28Z	Canon EOS DIGITAL REBEL XT	94581135	IMG_4761	3228898430	[u'collegepoint', u'new york city', u'newyork', u'nyc', u'queens']
New York	[2444424, 2383085, 2459115, 12589352, 2347591, 12761773, 23424977, 23500476, 56043648]	http://www.flickr.com/photos/37029314@N00/3228898940/		Photo Taken By: Ryan Miccio	False	http://farm4.staticflickr.com/3518/3228898940_2420e1846c.jpg	0	fef8fa4fc445c3bcbbd1fe9a2ea9c62	jpg	Hetx	United States	2009-01-26T14:54:32Z	Attribution-NonCommercial-NoDerivs License	2008-11-30T00:14:41Z	Canon EOS DIGITAL REBEL XT	22133586	IMG_4762	3228898940	[u'collegepoint', u'new york city', u'newyork', u'nyc', u'queens']
New York	[2444424, 2383085, 2459115, 12589352, 2347591, 12761773, 23424977, 23500476, 56043648]	http://www.flickr.com/photos/37029314@N00/3228899828/		Photo Taken By: Ryan Miccio	False	http://farm4.staticflickr.com/3298/3228899828_cf867e2d55.jpg	0	606ff5fce3f9fd693447e69397828d36	jpg	Hetx	United States	2009-01-26T14:55:02Z	Attribution-NonCommercial-NoDerivs License	2008-11-30T00:16:09Z	Canon EOS DIGITAL REBEL XT	31304167	IMG_4763	3228899828	[u'collegepoint', u'new york city', u'newyork', u'nyc', u'queens']
New York	[2383085, 2444424, 2459115, 12589352, 2347591, 12761773, 23424977, 23500476, 56043648]	http://www.flickr.com/photos/37029314@N00/3228900614/		Photo Taken By: Ryan Miccio	False	http://farm4.staticflickr.com/3467/3228900614_9ef5e33379.jpg	0	e3971bb1fbb27178bb9dbf2cab317757	jpg	Hetx	United States	2009-01-26T14:55:27Z	Attribution-NonCommercial-NoDerivs License	2008-11-30T00:17:03Z	Canon EOS DIGITAL REBEL XT	66452431	IMG_4764	3228900614	[u'collegepoint', u'new york city', u'newyork', u'nyc', u'queens']
New York	[2383085, 2444424, 2459115, 12589352, 2347591, 12761773, 23424977, 23500476, 56043648]	http://www.flickr.com/photos/37029314@N00/3228901710/		Photo Taken By: Ryan Miccio	False	http://farm4.staticflickr.com/3330/3228901710_b19a696068.jpg	0	a5cfc2e84e748c361114f5b411cd	jpg	Hetx	United States	2009-01-26T14:55:58Z	Attribution-NonCommercial-NoDerivs License	2008-11-30T00:17:18Z	Canon EOS DIGITAL REBEL XT	80241916	IMG_4765	3228901710	[u'collegepoint', u'new york city', u'newyork', u'nyc', u'queens']
New York	[2444424, 2383085, 2459115, 12589352, 2347591, 12761773, 23424977, 23500476, 56043648]	http://www.flickr.com/photos/37029314@N00/3228902946/		Photo Taken By: Ryan Miccio	False	http://farm4.staticflickr.com/3262/3228902946_b78b7ce1af.jpg	0	7535b6ad2074bad1b2abb875f48475ca	jpg	Hetx	United States	2009-01-26T14:56:35Z	Attribution-NonCommercial-NoDerivs License	2008-11-30T00:18:14Z	Canon EOS DIGITAL REBEL XT	72527289	IMG_4766	3228902946	[u'collegepoint', u'new york city', u'newyork', u'nyc', u'queens']
New York	[2383085, 2444424, 2459115, 12589352, 2347591, 12761773, 23424977, 23500476, 56043648]	http://www.flickr.com/photos/37029314@N00/3228903938/		Photo Taken By: Ryan Miccio	False	http://farm4.staticflickr.com/3354/3228903938_2aaa942bcb.jpg	0	913cc348d6eebd99e27b77d193cef993	jpg	Hetx	United States	2009-01-26T14:57:05Z	Attribution-NonCommercial-NoDerivs License	2008-11-30T00:18:34Z	Canon EOS DIGITAL REBEL XT	77202063	IMG_4767	3228903938	[u'collegepoint', u'new york city', u'newyork', u'nyc', u'queens']
New York	[2444424, 2383085, 2459115, 12589352, 2347591, 12761773, 23424977, 23500476, 56043648]	http://www.flickr.com/photos/37029314@N00/3228904720/		Photo Taken By: Ryan Miccio	False	http://farm4.staticflickr.com/3397/3228904720_50b497c3f6.jpg	0	1b3ed2ffb601664d8ee1863605acfd	jpg	Hetx	United States	2009-01-26T14:57:29Z	Attribution-NonCommercial-NoDerivs License	2008-11-30T00:18:50Z	Canon EOS DIGITAL REBEL XT	22257616	IMG_4768	3228904720	[u'collegepoint', u'new york city', u'newyork', u'nyc', u'queens']
New York	[91842387, 91982926, 2383085, 2459115, 12589352, 2347591, 12761773, 23424977, 56043648]	http://www.flickr.com/photos/37029314@N00/3228053699/		Photo Taken By: Ryan Miccio	False	http://farm4.staticflickr.com/3453/3228053699_9e510207c8.jpg	0	544ff364acc2b91d4cf1675315cad9	jpg	Hetx	United States	2009-01-26T14:58:07Z	Attribution-NonCommercial-NoDerivs License	2008-11-30T00:19:44Z	Canon EOS DIGITAL REBEL XT	65847003	IMG_4769	3228053699	[u'collegepoint', u'new york city', u'newyork', u'nyc', u'queens']
New York	[2383085, 2444424, 2459115, 12589352, 2347591, 12761773, 23424977, 23500476, 56043648]	http://www.flickr.com/photos/37029314@N00/3228054657/		Photo Taken By: Ryan Miccio	False	http://farm4.staticflickr.com/3268/3228054657_f55c5d521b.jpg	0	5c1a62b666ee50531cc1d1b6b446285e	jpg	Hetx	United States	2009-01-26T14:58:38Z	Attribution-NonCommercial-NoDerivs License	2008-11-30T00:20:40Z	Canon EOS DIGITAL REBEL XT	90164134	IMG_4770	3228054657	[u'collegepoint', u'new york city', u'newyork', u'nyc', u'queens']
New York	[2383085, 2444424, 2459115, 12589352, 2347591, 12761773, 23424977, 23500476, 56043648]	http://www.flickr.com/photos/37029314@N00/3228907980/		Photo Taken By: Ryan Miccio	False	http://farm4.staticflickr.com/3394/3228907980_c5e3c4ba1e.jpg	0	367b2274e0f96dbca3c6dbd39c22b3d	jpg	Hetx	United States	2009-01-26T14:59:03Z	Attribution-NonCommercial-NoDerivs License	2008-11-30T00:21:01Z	Canon EOS DIGITAL REBEL XT	59915167	IMG_4771	3228907980	[u'collegepoint', u'new york city', u'newyork', u'nyc', u'queens']
New York	[2383085, 2444424, 2459115, 12589352, 2347591, 12761773, 23424977, 23500476, 56043648]	http://www.flickr.com/photos/37029314@N00/3228908756/		Photo Taken By: Ryan Miccio	False	http://farm4.staticflickr.com/3316/3228908756_613b79a13e.jpg	0	8cac7797a38bb571cb96203bddb0b15b	jpg	Hetx	United States	2009-01-26T14:59:26Z	Attribution-NonCommercial-NoDerivs License	2008-11-30T00:21:09Z	Canon EOS DIGITAL REBEL XT	85042466	IMG_4772	3228908756	[u'collegepoint', u'new york city', u'newyork', u'nyc', u'queens']
New York	[2444424, 2383085, 2459115, 12589352, 2347591, 12761773, 23424977, 23500476, 56043648]	http://www.flickr.com/photos/37029314@N00/3228909334/		Photo Taken By: Ryan Miccio	False	http://farm4.staticflickr.com/3530/3228909334_0dae856d4b.jpg	0	9c4623143249d6d43c7113a4557f23c	jpg	Hetx	United States	2009-01-26T14:59:41Z	Attribution-NonCommercial-NoDerivs License	2008-11-30T00:21:20Z	Canon EOS DIGITAL REBEL XT	60725809	IMG_4773	3228909334	[u'collegepoint', u'new york city', u'newyork', u'nyc', u'queens']
New York	[2383085, 2444424, 2459115, 12589352, 2347591, 12761773, 23424977, 23500476, 56043648]	http://www.flickr.com/photos/37029314@N00/3228057807/		Photo Taken By: Ryan Miccio	False	http://farm4.staticflickr.com/3116/3228057807_91cf0b34d8.jpg	0	4e819f0d83e48ff06eead3642eb4	jpg	Hetx	United States	2009-01-26T15:00:04Z	Attribution-NonCommercial-NoDerivs License	2008-11-30T00:22:04Z	Canon EOS DIGITAL REBEL XT	41666618	IMG_4774	3228057807	[u'collegepoint', u'new york city', u'newyork', u'nyc', u'queens']
New York	[2444424, 2383085, 2459115, 12589352, 2347591, 12761773, 23424977, 23500476, 56043648]	http://www.flickr.com/photos/37029314@N00/3228059001/		Photo Taken By: Ryan Miccio	False	http://farm4.staticflickr.com/3486/3228059001_82511e56f4.jpg	0	6081841679ded281aa491d6bb3c57d3	jpg	Hetx	United States	2009-01-26T15:00:37Z	Attribution-NonCommercial-NoDerivs License	2008-11-30T00:22:21Z	Canon EOS DIGITAL REBEL XT	52232603	IMG_4775	3228059001	[u'collegepoint', u'new york city', u'newyork', u'nyc', u'queens']
New York	[2444424, 2383085, 2459115, 12589352, 2347591, 12761773, 23424977, 23500476, 56043648]	http://www.flickr.com/photos/37029314@N00/3228912022/		Photo Taken By: Ryan Miccio	False	http://farm4.staticflickr.com/3428/3228912022_1ee86d5891.jpg	0	e271966c2a7f69ccaf2686d72b9e22c	jpg	Hetx	United States	2009-01-26T15:00:56Z	Attribution-NonCommercial-NoDerivs License	2008-11-30T00:22:50Z	Canon EOS DIGITAL REBEL XT	68520695	IMG_4776	3228912022	[u'collegepoint', u'new york city', u'newyork', u'nyc', u'queens']
New York	[2444424, 2383085, 2459115, 12589352, 2347591, 12761773, 23424977, 23500476, 56043648]	http://www.flickr.com/photos/37029314@N00/3228913398/		Photo Taken By: Ryan Miccio	False	http://farm4.staticflickr.com/3094/3228913398_fc42626f61.jpg	0	9f8abf98e85db87fc76e68355c00c2	jpg	Hetx	United States	2009-01-26T15:01:42Z	Attribution-NonCommercial-NoDerivs License	2008-11-30T00:23:03Z	Canon EOS DIGITAL REBEL XT	82238261	IMG_4777	3228913398	[u'collegepoint', u'new york city', u'newyork', u'nyc', u'queens']
New York	[2444424, 2383085, 2459115, 12589352, 2347591, 12761773, 23424977, 23500476, 56043648]	http://www.flickr.com/photos/37029314@N00/3228062141/		Photo Taken By: Ryan Miccio	False	http://farm4.staticflickr.com/3509/3228062141_afd05b06eb.jpg	0	7465725f812cec587d61fb3c6691df8	jpg	Hetx	United States	2009-01-26T15:02:11Z	Attribution-NonCommercial-NoDerivs License	2008-11-30T00:23:30Z	Canon EOS DIGITAL REBEL XT	60626724	IMG_4778	3228062141	[u'collegepoint', u'new york city', u'newyork', u'nyc', u'queens']
New York	[2444424, 2383085, 2459115, 12589352, 2347591, 12761773, 23424977, 23500476, 56043648]	http://www.flickr.com/photos/37029314@N00/3228063129/		Photo Taken By: Ryan Miccio	False	http://farm4.staticflickr.com/3095/3228063129_4a5c283fd2.jpg	0	8b7fa1aca2e42c26742c85e33d82b6	jpg	Hetx	United States	2009-01-26T15:02:39Z	Attribution-NonCommercial-NoDerivs License	2008-11-30T00:24:35Z	Canon EOS DIGITAL REBEL XT	62860614	IMG_4779	3228063129	[u'collegepoint', u'new york city', u'newyork', u'nyc', u'queens']
New York	[2444424, 2383085, 2459115, 12589352, 2347591, 12761773, 23424977, 23500476, 56043648]	http://www.flickr.com/photos/37029314@N00/3228064239/		Photo Taken By: Ryan Miccio	False	http://farm4.staticflickr.com/3373/3228064239_54fd594f6a.jpg	0	dd8ecc379d90283c422198b12b4e143b	jpg	Hetx	United States	2009-01-26T15:03:11Z	Attribution-NonCommercial-NoDerivs License	2008-11-30T00:25:19Z	Canon EOS DIGITAL REBEL XT	84575357	IMG_4780	3228064239	[u'collegepoint', u'new york city', u'newyork', u'nyc', u'queens']
New York	[2383085, 2444424, 2459115, 12589352, 2347591, 12761773, 23424977, 23500476, 56043648]	http://www.flickr.com/photos/37029314@N00/3228917568/		Photo Taken By: Ryan Miccio	False	http://farm4.staticflickr.com/3355/3228917568_8785d5e214.jpg	0	398318681cad7ab5a49d933a08390bb	jpg	Hetx	United States	2009-01-26T15:03:45Z	Attribution-NonCommercial-NoDerivs License	2008-11-30T00:25:39Z	Canon EOS DIGITAL REBEL XT	83202186	IMG_4781	3228917568	[u'collegepoint', u'new york city', u'newyork', u'nyc', u'queens']
New York	[2444424, 2383085, 2459115, 12589352, 2347591, 12761773, 23424977, 23500476, 56043648]	http://www.flickr.com/photos/37029314@N00/3228066353/		Photo Taken By: Ryan Miccio	False	http://farm4.staticflickr.com/3317/3228066353_46d3e5ca2f.jpg	0	94774a37299ec2bd519f2cd57753f13	jpg	Hetx	United States	2009-01-26T15:04:13Z	Attribution-NonCommercial-NoDerivs License	2008-11-30T00:26:00Z	Canon EOS DIGITAL REBEL XT	28695261	IMG_4782	3228066353	[u'collegepoint', u'new york city', u'newyork', u'nyc', u'queens']
New York	[2444424, 2383085, 2459115, 12589352, 2347591, 12761773, 23424977, 23500476, 56043648]	http://www.flickr.com/photos/37029314@N00/3228067251/		Photo Taken By: Ryan Miccio	False	http://farm4.staticflickr.com/3127/3228067251_7b92c3965b.jpg	0	20af59348b6ef315b7a893521e7c7cb	jpg	Hetx	United States	2009-01-26T15:04:40Z	Attribution-NonCommercial-NoDerivs License	2008-11-30T00:26:41Z	Canon EOS DIGITAL REBEL XT	80345399	IMG_4783	3228067251	[u'collegepoint', u'new york city', u'newyork', u'nyc', u'queens']
New York	[2444424, 2383085, 2459115, 12589352, 2347591, 12761773, 23424977, 23500476, 56043648]	http://www.flickr.com/photos/37029314@N00/3228920118/		Photo Taken By: Ryan Miccio	False	http://farm4.staticflickr.com/3446/3228920118_f48e238950.jpg	0	57d8d22c3dc27be92a29237413a406	jpg	Hetx	United States	2009-01-26T15:05:01Z	Attribution-NonCommercial-NoDerivs License	2008-11-30T00:27:22Z	Canon EOS DIGITAL REBEL XT	66210967	IMG_4784	3228920118	[u'collegepoint', u'new york city', u'newyork', u'nyc', u'queens']
New York	[2383085, 2444424, 2459115, 12589352, 2347591, 12761773, 23424977, 23500476, 56043648]	http://www.flickr.com/photos/37029314@N00/3228920964/		Photo Taken By: Ryan Miccio	False	http://farm4.staticflickr.com/3459/3228920964_3f83ab277e.jpg	0	7225d4a99f74c98d7efa2d869ed469f5	jpg	Hetx	United States	2009-01-26T15:05:24Z	Attribution-NonCommercial-NoDerivs License	2008-11-30T00:27:29Z	Canon EOS DIGITAL REBEL XT	82588987	IMG_4785	3228920964	[u'collegepoint', u'new york city', u'newyork', u'nyc', u'queens']
New York	[2444424, 2383085, 2459115, 12589352, 2347591, 12761773, 23424977, 23500476, 56043648]	http://www.flickr.com/photos/37029314@N00/3228922014/		Photo Taken By: Ryan Miccio	False	http://farm4.staticflickr.com/3372/3228922014_104d115327.jpg	0	5367c55368bba1da16fc161fcb2c878	jpg	Hetx	United States	2009-01-26T15:05:51Z	Attribution-NonCommercial-NoDerivs License	2008-11-30T00:28:08Z	Canon EOS DIGITAL REBEL XT	94867587	IMG_4786	3228922014	[u'collegepoint', u'new york city', u'newyork', u'nyc', u'queens']
New York	[2383085, 2444424, 2459115, 12589352, 2347591, 12761773, 23424977, 23500476, 56043648]	http://www.flickr.com/photos/37029314@N00/3228070993/		Photo Taken By: Ryan Miccio	False	http://farm4.staticflickr.com/3264/3228070993_d6606e03c1.jpg	0	9a0584f17d78148c742d793a992a6a8	jpg	Hetx	United States	2009-01-26T15:06:26Z	Attribution-NonCommercial-NoDerivs License	2008-11-30T00:28:53Z	Canon EOS DIGITAL REBEL XT	91732396	IMG_4787	3228070993	[u'collegepoint', u'new york city', u'newyork', u'nyc', u'queens']
New York	[2444424, 2383085, 2459115, 12589352, 2347591, 12761773, 23424977, 23500476, 56043648]	http://www.flickr.com/photos/37029314@N00/3228072331/		Photo Taken By: Ryan Miccio	False	http://farm4.staticflickr.com/3526/3228072331_8c012f72f7.jpg	0	d38dde6ee07aa1bc8d84302faca6c8e	jpg	Hetx	United States	2009-01-26T15:07:03Z	Attribution-NonCommercial-NoDerivs License	2008-11-30T00:29:16Z	Canon EOS DIGITAL REBEL XT	78227630	IMG_4788	3228072331	[u'collegepoint', u'new york city', u'newyork', u'nyc', u'queens']
New York	[2383085, 2444424, 2459115, 12589352, 2347591, 12761773, 23424977, 23500476, 56043648]	http://www.flickr.com/photos/37029314@N00/3228073531/		Photo Taken By: Ryan Miccio	False	http://farm4.staticflickr.com/3085/3228073531_25de7d6aaf.jpg	0	b18d3acb59ac2d18ca104a12d5442862	jpg	Hetx	United States	2009-01-26T15:07:40Z	Attribution-NonCommercial-NoDerivs License	2008-11-30T00:29:19Z	Canon EOS DIGITAL REBEL XT	77370893	IMG_4789	3228073531	[u'collegepoint', u'new york city', u'newyork', u'nyc', u'queens']
New York	[2444424, 2383085, 2459115, 12589352, 2347591, 12761773, 23424977, 23500476, 56043648]	http://www.flickr.com/photos/37029314@N00/3228926836/		Photo Taken By: Ryan Miccio	False	http://farm4.staticflickr.com/3337/3228926836_364ae41989.jpg	0	793745dc39cc7b5bbdd2fcba1e907fbd	jpg	Hetx	United States	2009-01-26T15:08:09Z	Attribution-NonCommercial-NoDerivs License	2008-11-30T00:30:17Z	Canon EOS DIGITAL REBEL XT	96217671	IMG_4790	3228926836	[u'collegepoint', u'new york city', u'newyork', u'nyc', u'queens']
New York	[2444424, 2383085, 2459115, 12589352, 2347591, 12761773, 23424977, 23500476, 56043648]	http://www.flickr.com/photos/37029314@N00/3228075403/		Photo Taken By: Ryan Miccio	False	http://farm4.staticflickr.com/3476/3228075403_d2dc116737.jpg	0	aabea3e2f6afc2d6cdec19d2b8d44a28	jpg	Hetx	United States	2009-01-26T15:08:38Z	Attribution-NonCommercial-NoDerivs License	2008-11-30T00:30:21Z	Canon EOS DIGITAL REBEL XT	81627282	IMG_4791	3228075403	[u'collegepoint', u'new york city', u'newyork', u'nyc', u'queens']
New York	[2383085, 2444424, 2459115, 12589352, 2347591, 12761773, 23424977, 23500476, 56043648]	http://www.flickr.com/photos/37029314@N00/3228076339/		Photo Taken By: Ryan Miccio	False	http://farm4.staticflickr.com/3391/3228076339_59d6ed4dcb.jpg	0	433aa08baa101b5157a369bb3537be88	jpg	Hetx	United States	2009-01-26T15:09:08Z	Attribution-NonCommercial-NoDerivs License	2008-11-30T00:30:54Z	Canon EOS DIGITAL REBEL XT	48987146	IMG_4793	3228076339	[u'collegepoint', u'new york city', u'newyork', u'nyc', u'queens']
New York	[2383085, 2444424, 2459115, 12589352, 2347591, 12761773, 23424977, 23500476, 56043648]	http://www.flickr.com/photos/37029314@N00/3228077639/		Photo Taken By: Ryan Miccio	False	http://farm4.staticflickr.com/3132/3228077639_e768253353.jpg	0	bbc8822a786c879b47f3c52f32f141c0	jpg	Hetx	United States	2009-01-26T15:09:43Z	Attribution-NonCommercial-NoDerivs License	2008-11-30T00:31:04Z	Canon EOS DIGITAL REBEL XT	59907383	IMG_4794	3228077639	[u'collegepoint', u'new york city', u'newyork', u'nyc', u'queens']
New York	[2444424, 2383085, 2459115, 12589352, 2347591, 12761773, 23424977, 23500476, 56043648]	http://www.flickr.com/photos/37029314@N00/3228078579/		Photo Taken By: Ryan Miccio	False	http://farm4.staticflickr.com/3378/3228078579_e58ae2ddb9.jpg	0	3f72b1c68177b7f5ac38f14ea58259b4	jpg	Hetx	United States	2009-01-26T15:10:12Z	Attribution-NonCommercial-NoDerivs License	2008-11-30T00:31:12Z	Canon EOS DIGITAL REBEL XT	96815236	IMG_4795	3228078579	[u'collegepoint', u'new york city', u'newyork', u'nyc', u'queens']
New York	[2444424, 2383085, 2459115, 12589352, 2347591, 12761773, 23424977, 23500476, 56043648]	http://www.flickr.com/photos/37029314@N00/3228932068/		Photo Taken By: Ryan Miccio	False	http://farm4.staticflickr.com/3533/3228932068_94faa61790.jpg	0	ff68ea6bed8fdae53b5c28be1a5cee16	jpg	Hetx	United States	2009-01-26T15:10:40Z	Attribution-NonCommercial-NoDerivs License	2008-11-30T00:32:05Z	Canon EOS DIGITAL REBEL XT	90847278	IMG_4796	3228932068	[u'collegepoint', u'new york city', u'newyork', u'nyc', u'queens']
New York	[2383085, 2444424, 2459115, 12589352, 2347591, 12761773, 23424977, 23500476, 56043648]	http://www.flickr.com/photos/37029314@N00/3228932676/		Photo Taken By: Ryan Miccio	False	http://farm4.staticflickr.com/3122/3228932676_6bac96842f.jpg	0	c7386a96a9b79171435f2d379173d	jpg	Hetx	United States	2009-01-26T15:10:58Z	Attribution-NonCommercial-NoDerivs License	2008-11-30T00:32:21Z	Canon EOS DIGITAL REBEL XT	69145941	IMG_4797	3228932676	[u'collegepoint', u'new york city', u'newyork', u'nyc', u'queens']
New York	[2383085, 2444424, 2459115, 12589352, 2347591, 12761773, 23424977, 23500476, 56043648]	http://www.flickr.com/photos/37029314@N00/3228081167/		Photo Taken By: Ryan Miccio	False	http://farm4.staticflickr.com/3115/3228081167_d50e27ace5.jpg	0	582544e8d43db8e86fac9a8f2450b05f	jpg	Hetx	United States	2009-01-26T15:11:24Z	Attribution-NonCommercial-NoDerivs License	2008-11-30T00:33:19Z	Canon EOS DIGITAL REBEL XT	84716258	IMG_4798	3228081167	[u'collegepoint', u'new york city', u'newyork', u'nyc', u'queens']
New York	[2383085, 2444424, 2459115, 12589352, 2347591, 12761773, 23424977, 23500476, 56043648]	http://www.flickr.com/photos/37029314@N00/3228934764/		Photo Taken By: Ryan Miccio	False	http://farm4.staticflickr.com/3320/3228934764_9d2df4099a.jpg	0	196847470ff7c69e31e525be21bedc3	jpg	Hetx	United States	2009-01-26T15:11:58Z	Attribution-NonCommercial-NoDerivs License	2008-11-30T00:34:18Z	Canon EOS DIGITAL REBEL XT	99896109	IMG_4799	3228934764	[u'collegepoint', u'new york city', u'newyork', u'nyc', u'queens']
New York	[2383085, 2444424, 2459115, 12589352, 2347591, 12761773, 23424977, 23500476, 56043648]	http://www.flickr.com/photos/37029314@N00/3228935664/		Photo Taken By: Ryan Miccio	False	http://farm4.staticflickr.com/3102/3228935664_03d2707b80.jpg	0	c6d5b9cd447e261edb5266e2f8781f41	jpg	Hetx	United States	2009-01-26T15:12:22Z	Attribution-NonCommercial-NoDerivs License	2008-11-30T00:34:24Z	Canon EOS DIGITAL REBEL XT	89666203	IMG_4800	3228935664	[u'collegepoint', u'new york city', u'newyork', u'nyc', u'queens']
New York	[2383085, 2444424, 2459115, 12589352, 2347591, 12761773, 23424977, 23500476, 56043648]	http://www.flickr.com/photos/37029314@N00/3228936722/		Photo Taken By: Ryan Miccio	False	http://farm4.staticflickr.com/3385/3228936722_6737ac8c90.jpg	0	b62bb3fc162e7bd9b4b4d3d8ee581d2	jpg	Hetx	United States	2009-01-26T15:12:54Z	Attribution-NonCommercial-NoDerivs License	2008-11-30T00:35:01Z	Canon EOS DIGITAL REBEL XT	85504730	IMG_4801	3228936722	[u'collegepoint', u'new york city', u'newyork', u'nyc', u'queens']
New York	[2444424, 2383085, 2459115, 12589352, 2347591, 12761773, 23424977, 23500476, 56043648]	http://www.flickr.com/photos/37029314@N00/3228937488/		Photo Taken By: Ryan Miccio	False	http://farm4.staticflickr.com/3413/3228937488_c61411c59b.jpg	0	e37afb382cf03ad35a2bcad5e5ff7d5f	jpg	Hetx	United States	2009-01-26T15:13:16Z	Attribution-NonCommercial-NoDerivs License	2008-11-30T00:35:16Z	Canon EOS DIGITAL REBEL XT	82916032	IMG_4802	3228937488	[u'collegepoint', u'new york city', u'newyork', u'nyc', u'queens']
New York	[2383085, 2444424, 2459115, 12589352, 2347591, 12761773, 23424977, 23500476, 56043648]	http://www.flickr.com/photos/37029314@N00/3228938456/		Photo Taken By: Ryan Miccio	False	http://farm4.staticflickr.com/3449/3228938456_ec2d5951f4.jpg	0	f569b747841d75b7a8cb33f2c8ddd62	jpg	Hetx	United States	2009-01-26T15:13:44Z	Attribution-NonCommercial-NoDerivs License	2008-11-30T00:35:26Z	Canon EOS DIGITAL REBEL XT	24479043	IMG_4803	3228938456	[u'collegepoint', u'new york city', u'newyork', u'nyc', u'queens']
New York	[2383085, 2459115, 12589352, 2347591, 12761773, 23424977, 56043648]	http://www.flickr.com/photos/37029314@N00/3228940786/		Photo Taken By: Ryan Miccio	False	http://farm4.staticflickr.com/3306/3228940786_9764fbd99c.jpg	0	8cbd46a8535c22d9d82118ade42da87f	jpg	Hetx	United States	2009-01-26T15:14:54Z	Attribution-NonCommercial-NoDerivs License	2008-11-30T00:37:18Z	Canon EOS DIGITAL REBEL XT	70112380	IMG_4805	3228940786	[u'collegepoint', u'new york city', u'newyork', u'nyc', u'queens']
New York	[2383085, 2459115, 12589352, 2347591, 12761773, 23424977, 56043648]	http://www.flickr.com/photos/37029314@N00/3228941860/		Photo Taken By: Ryan Miccio	False	http://farm4.staticflickr.com/3374/3228941860_6fe6b218d4.jpg	0	3dc3e11068b213c37536c84ff16224d	jpg	Hetx	United States	2009-01-26T15:15:23Z	Attribution-NonCommercial-NoDerivs License	2008-11-30T00:37:20Z	Canon EOS DIGITAL REBEL XT	98829918	IMG_4806	3228941860	[u'collegepoint', u'new york city', u'newyork', u'nyc', u'queens']
New York	[2444424, 2383085, 2459115, 12589352, 2347591, 12761773, 23424977, 23500476, 56043648]	http://www.flickr.com/photos/37029314@N00/3228942788/		Photo Taken By: Ryan Miccio	False	http://farm4.staticflickr.com/3326/3228942788_a6656cde91.jpg	0	90d6522d6378bcea515b4b91d44b4095	jpg	Hetx	United States	2009-01-26T15:15:48Z	Attribution-NonCommercial-NoDerivs License	2008-11-30T00:37:37Z	Canon EOS DIGITAL REBEL XT	68017337	IMG_4807	3228942788	[u'collegepoint', u'new york city', u'newyork', u'nyc', u'queens']
New York	[2444424, 2383085, 2459115, 12589352, 2347591, 12761773, 23424977, 23500476, 56043648]	http://www.flickr.com/photos/37029314@N00/3228091411/		Photo Taken By: Ryan Miccio	False	http://farm4.staticflickr.com/3327/3228091411_ac2527d52d.jpg	0	5eebfe77d263391ce4c8f652bb288787	jpg	Hetx	United States	2009-01-26T15:16:13Z	Attribution-NonCommercial-NoDerivs License	2008-11-30T00:37:54Z	Canon EOS DIGITAL REBEL XT	70762916	IMG_4808	3228091411	[u'collegepoint', u'new york city', u'newyork', u'nyc', u'queens']
New York	[2383085, 2444424, 2459115, 12589352, 2347591, 12761773, 23424977, 23500476, 56043648]	http://www.flickr.com/photos/37029314@N00/3228944468/		Photo Taken By: Ryan Miccio	False	http://farm4.staticflickr.com/3508/3228944468_fdc7073582.jpg	0	71bac48f22e538d5d6da71104ed11b	jpg	Hetx	United States	2009-01-26T15:16:37Z	Attribution-NonCommercial-NoDerivs License	2008-11-30T00:38:00Z	Canon EOS DIGITAL REBEL XT	49028010	IMG_4809	3228944468	[u'collegepoint', u'new york city', u'newyork', u'nyc', u'queens']
New York	[2444424, 2383085, 2459115, 12589352, 2347591, 12761773, 23424977, 23500476, 56043648]	http://www.flickr.com/photos/37029314@N00/3228093229/		Photo Taken By: Ryan Miccio	False	http://farm4.staticflickr.com/3339/3228093229_f235f55db2.jpg	0	38c18c37d7b1a2455ad9d398be589d0	jpg	Hetx	United States	2009-01-26T15:17:06Z	Attribution-NonCommercial-NoDerivs License	2008-11-30T00:38:19Z	Canon EOS DIGITAL REBEL XT	98332284	IMG_4810	3228093229	[u'collegepoint', u'new york city', u'newyork', u'nyc', u'queens']
New York	[2383085, 2444424, 2459115, 12589352, 2347591, 12761773, 23424977, 23500476, 56043648]	http://www.flickr.com/photos/37029314@N00/3228094453/		Photo Taken By: Ryan Miccio	False	http://farm4.staticflickr.com/3438/3228094453_3a513066dc.jpg	0	896ffbdbae7ca42554aea78282098db	jpg	Hetx	United States	2009-01-26T15:17:40Z	Attribution-NonCommercial-NoDerivs License	2008-11-30T00:38:22Z	Canon EOS DIGITAL REBEL XT	59160201	IMG_4811	3228094453	[u'collegepoint', u'new york city', u'newyork', u'nyc', u'queens']
New York	[2444424, 2383085, 2459115, 12589352, 2347591, 12761773, 23424977, 23500476, 56043648]	http://www.flickr.com/photos/37029314@N00/3228948232/		Photo Taken By: Ryan Miccio	False	http://farm4.staticflickr.com/3484/3228948232_e4a1b8a022.jpg	0	525ddd54b256383ed3c431b9c98fddf5	jpg	Hetx	United States	2009-01-26T15:18:22Z	Attribution-NonCommercial-NoDerivs License	2008-11-30T00:39:10Z	Canon EOS DIGITAL REBEL XT	18306570	IMG_4812	3228948232	[u'collegepoint', u'new york city', u'newyork', u'nyc', u'queens']
New York	[2383085, 2444424, 2459115, 12589352, 2347591, 12761773, 23424977, 23500476, 56043648]	http://www.flickr.com/photos/37029314@N00/3228949078/		Photo Taken By: Ryan Miccio	False	http://farm4.staticflickr.com/3095/3228949078_1852ba85fe.jpg	0	bcb0975a437deaa4b45d3aaa6df7c48	jpg	Hetx	United States	2009-01-26T15:18:48Z	Attribution-NonCommercial-NoDerivs License	2008-11-30T00:39:30Z	Canon EOS DIGITAL REBEL XT	81845942	IMG_4813	3228949078	[u'collegepoint', u'new york city', u'newyork', u'nyc', u'queens']
New York	[2444424, 2383085, 2459115, 12589352, 2347591, 12761773, 23424977, 23500476, 56043648]	http://www.flickr.com/photos/37029314@N00/3228098211/		Photo Taken By: Ryan Miccio	False	http://farm4.staticflickr.com/3307/3228098211_63f693f4fd.jpg	0	5c3c792ec663ee70cd867e3c78ee4c2e	jpg	Hetx	United States	2009-01-26T15:19:26Z	Attribution-NonCommercial-NoDerivs License	2008-11-30T00:40:10Z	Canon EOS DIGITAL REBEL XT	78875129	IMG_4814	3228098211	[u'collegepoint', u'new york city', u'newyork', u'nyc', u'queens']
New York	[2444424, 2383085, 2459115, 12589352, 2347591, 12761773, 23424977, 23500476, 56043648]	http://www.flickr.com/photos/37029314@N00/3228951824/		Photo Taken By: Ryan Miccio	False	http://farm4.staticflickr.com/3443/3228951824_d1921e3760.jpg	0	4d7421b4d6e1cffe44aa8baff444876e	jpg	Hetx	United States	2009-01-26T15:20:02Z	Attribution-NonCommercial-NoDerivs License	2008-11-30T00:41:04Z	Canon EOS DIGITAL REBEL XT	66681512	IMG_4815	3228951824	[u'collegepoint', u'new york city', u'newyork', u'nyc', u'queens']
New York	[2444424, 2383085, 2459115, 12589352, 2347591, 12761773, 23424977, 23500476, 56043648]	http://www.flickr.com/photos/37029314@N00/3228953374/		Photo Taken By: Ryan Miccio	False	http://farm4.staticflickr.com/3379/3228953374_9d69488ee6.jpg	0	2a10d460984180f7eee3c1cd22e57fe4	jpg	Hetx	United States	2009-01-26T15:20:46Z	Attribution-NonCommercial-NoDerivs License	2008-11-30T00:41:27Z	Canon EOS DIGITAL REBEL XT	66880355	IMG_4816	3228953374	[u'collegepoint', u'new york city', u'newyork', u'nyc', u'queens']
New York	[2444424, 2383085, 2459115, 12589352, 2347591, 12761773, 23424977, 23500476, 56043648]	http://www.flickr.com/photos/37029314@N00/3228102505/		Photo Taken By: Ryan Miccio	False	http://farm4.staticflickr.com/3418/3228102505_e14b728441.jpg	0	4b52a76e1156a25b95962acfdbaaf5c7	jpg	Hetx	United States	2009-01-26T15:21:20Z	Attribution-NonCommercial-NoDerivs License	2008-11-30T00:41:53Z	Canon EOS DIGITAL REBEL XT	87879073	IMG_4817	3228102505	[u'collegepoint', u'new york city', u'newyork', u'nyc', u'queens']
New York	[2444424, 2383085, 2459115, 12589352, 2347591, 12761773, 23424977, 23500476, 56043648]	http://www.flickr.com/photos/37029314@N00/3228103627/		Photo Taken By: Ryan Miccio	False	http://farm4.staticflickr.com/3309/3228103627_41c782f63d.jpg	0	6c8ce72556a9d875adb0fa951501c	jpg	Hetx	United States	2009-01-26T15:21:51Z	Attribution-NonCommercial-NoDerivs License	2008-11-30T00:42:21Z	Canon EOS DIGITAL REBEL XT	81049773	IMG_4818	3228103627	[u'collegepoint', u'new york city', u'newyork', u'nyc', u'queens']
New York	[2383085, 2444424, 2459115, 12589352, 2347591, 12761773, 23424977, 23500476, 56043648]	http://www.flickr.com/photos/37029314@N00/3228956892/		Photo Taken By: Ryan Miccio	False	http://farm4.staticflickr.com/3298/3228956892_eb207d6092.jpg	0	2442389998c8c7ae5a318bbeab98ee8f	jpg	Hetx	United States	2009-01-26T15:22:19Z	Attribution-NonCommercial-NoDerivs License	2008-11-30T00:42:29Z	Canon EOS DIGITAL REBEL XT	73896555	IMG_4819	3228956892	[u'collegepoint', u'new york city', u'newyork', u'nyc', u'queens']
New York	[2383085, 2444424, 2459115, 12589352, 2347591, 12761773, 23424977, 23500476, 56043648]	http://www.flickr.com/photos/37029314@N00/3228959524/		Photo Taken By: Ryan Miccio	False	http://farm4.staticflickr.com/3503/3228959524_73083b6f2d.jpg	0	741de51e53376a291330e969277f4d6a	jpg	Hetx	United States	2009-01-26T15:23:34Z	Attribution-NonCommercial-NoDerivs License	2008-11-30T00:43:09Z	Canon EOS DIGITAL REBEL XT	85042456	IMG_4821	3228959524	[u'collegepoint', u'new york city', u'newyork', u'nyc', u'queens']
New York	[2444424, 2383085, 2459115, 12589352, 2347591, 12761773, 23424977, 23500476, 56043648]	http://www.flickr.com/photos/37029314@N00/3228108069/		Photo Taken By: Ryan Miccio	False	http://farm4.staticflickr.com/3505/3228108069_58457698c7.jpg	0	42ab8d54be1c317cfb9471ca55314e	jpg	Hetx	United States	2009-01-26T15:23:55Z	Attribution-NonCommercial-NoDerivs License	2008-11-30T00:43:34Z	Canon EOS DIGITAL REBEL XT	65042074	IMG_4822	3228108069	[u'collegepoint', u'new york city', u'newyork', u'nyc', u'queens']
New York	[2383085, 2444424, 2459115, 12589352, 2347591, 12761773, 23424977, 23500476, 56043648]	http://www.flickr.com/photos/37029314@N00/3228960990/		Photo Taken By: Ryan Miccio	False	http://farm4.staticflickr.com/3268/3228960990_10aa083545.jpg	0	c1ddcba70b46c7f449da6ece53c8	jpg	Hetx	United States	2009-01-26T15:24:18Z	Attribution-NonCommercial-NoDerivs License	2008-11-30T00:43:55Z	Canon EOS DIGITAL REBEL XT	73955977	IMG_4824	3228960990	[u'collegepoint', u'new york city', u'newyork', u'nyc', u'queens']
New York	[2383085, 2444424, 2459115, 12589352, 2347591, 12761773, 23424977, 23500476, 56043648]	http://www.flickr.com/photos/37029314@N00/3228110323/		Photo Taken By: Ryan Miccio	False	http://farm4.staticflickr.com/3259/3228110323_32722e156a.jpg	0	934c4783466fe202cc21935f6ee7a8d	jpg	Hetx	United States	2009-01-26T15:24:56Z	Attribution-NonCommercial-NoDerivs License	2008-11-30T00:44:14Z	Canon EOS DIGITAL REBEL XT	53978294	IMG_4825	3228110323	[u'collegepoint', u'new york city', u'newyork', u'nyc', u'queens']
New York	[2383085, 2444424, 2459115, 12589352, 2347591, 12761773, 23424977, 23500476, 56043648]	http://www.flickr.com/photos/37029314@N00/3228963224/		Photo Taken By: Ryan Miccio	False	http://farm4.staticflickr.com/3128/3228963224_2120cdc903.jpg	0	8e3b20e7615815694435f248b6757a12	jpg	Hetx	United States	2009-01-26T15:25:18Z	Attribution-NonCommercial-NoDerivs License	2008-11-30T00:44:40Z	Canon EOS DIGITAL REBEL XT	61767588	IMG_4826	3228963224	[u'collegepoint', u'new york city', u'newyork', u'nyc', u'queens']
New York	[2383085, 2444424, 2459115, 12589352, 2347591, 12761773, 23424977, 23500476, 56043648]	http://www.flickr.com/photos/37029314@N00/3228964678/		Photo Taken By: Ryan Miccio	False	http://farm4.staticflickr.com/3312/3228964678_7d93c3b931.jpg	0	3232181774823671a2fa781d7561d64	jpg	Hetx	United States	2009-01-26T15:25:55Z	Attribution-NonCommercial-NoDerivs License	2008-11-30T00:45:08Z	Canon EOS DIGITAL REBEL XT	78069060	IMG_4827	3228964678	[u'collegepoint', u'new york city', u'newyork', u'nyc', u'queens']
New York	[2383085, 2444424, 2459115, 12589352, 2347591, 12761773, 23424977, 23500476, 56043648]	http://www.flickr.com/photos/37029314@N00/3228965842/		Photo Taken By: Ryan Miccio	False	http://farm4.staticflickr.com/3509/3228965842_97c6aa33cc.jpg	0	7c8d19efc48825e2ca425757d7ebd299	jpg	Hetx	United States	2009-01-26T15:26:25Z	Attribution-NonCommercial-NoDerivs License	2008-11-30T00:45:24Z	Canon EOS DIGITAL REBEL XT	70468188	IMG_4828	3228965842	[u'collegepoint', u'new york city', u'newyork', u'nyc', u'queens']
New York	[2444424, 2383085, 2459115, 12589352, 2347591, 12761773, 23424977, 23500476, 56043648]	http://www.flickr.com/photos/37029314@N00/3228967004/		Photo Taken By: Ryan Miccio	False	http://farm4.staticflickr.com/3108/3228967004_738890c0cc.jpg	0	4ee6b9d1e0c8612d6bd9b27060d0b56d	jpg	Hetx	United States	2009-01-26T15:26:58Z	Attribution-NonCommercial-NoDerivs License	2008-11-30T00:45:49Z	Canon EOS DIGITAL REBEL XT	30983669	IMG_4829	3228967004	[u'collegepoint', u'new york city', u'newyork', u'nyc', u'queens']
New York	[2444424, 2383085, 2459115, 12589352, 2347591, 12761773, 23424977, 23500476, 56043648]	http://www.flickr.com/photos/37029314@N00/3228115939/		Photo Taken By: Ryan Miccio	False	http://farm4.staticflickr.com/3268/3228115939_b489ed874d.jpg	0	854a6bcb8f095abdacdce4fb573194	jpg	Hetx	United States	2009-01-26T15:27:31Z	Attribution-NonCommercial-NoDerivs License	2008-11-30T00:46:40Z	Canon EOS DIGITAL REBEL XT	85247551	IMG_4830	3228115939	[u'collegepoint', u'new york city', u'newyork', u'nyc', u'queens']
New York	[2383085, 2444424, 2459115, 12589352, 2347591, 12761773, 23424977, 23500476, 56043648]	http://www.flickr.com/photos/37029314@N00/3228968904/		Photo Taken By: Ryan Miccio	False	http://farm4.staticflickr.com/3338/3228968904_4db26493c4.jpg	0	d9ae43b29586bb2bc93041dcdccdce	jpg	Hetx	United States	2009-01-26T15:27:52Z	Attribution-NonCommercial-NoDerivs License	2008-11-30T00:46:51Z	Canon EOS DIGITAL REBEL XT	92536683	IMG_4831	3228968904	[u'collegepoint', u'new york city', u'newyork', u'nyc', u'queens']
New York	[2444424, 2383085, 2459115, 12589352, 2347591, 12761773, 23424977, 23500476, 56043648]	http://www.flickr.com/photos/37029314@N00/3228969722/		Photo Taken By: Ryan Miccio	False	http://farm4.staticflickr.com/3436/3228969722_69a28cd94b.jpg	0	356ed813df65cb43103414b07599edc0	jpg	Hetx	United States	2009-01-26T15:28:17Z	Attribution-NonCommercial-NoDerivs License	2008-11-30T00:48:08Z	Canon EOS DIGITAL REBEL XT	81306254	IMG_4832	3228969722	[u'collegepoint', u'new york city', u'newyork', u'nyc', u'queens']
New York	[2383085, 2444424, 2459115, 12589352, 2347591, 12761773, 23424977, 23500476, 56043648]	http://www.flickr.com/photos/37029314@N00/3228118559/		Photo Taken By: Ryan Miccio	False	http://farm4.staticflickr.com/3104/3228118559_458e120a36.jpg	0	4b3ee547debd258686f456d33d5e14	jpg	Hetx	United States	2009-01-26T15:28:51Z	Attribution-NonCommercial-NoDerivs License	2008-11-30T00:49:07Z	Canon EOS DIGITAL REBEL XT	45234059	IMG_4833	3228118559	[u'collegepoint', u'new york city', u'newyork', u'nyc', u'queens']
New York	[2383085, 2444424, 2459115, 12589352, 2347591, 12761773, 23424977, 23500476, 56043648]	http://www.flickr.com/photos/37029314@N00/3228119491/		Photo Taken By: Ryan Miccio	False	http://farm4.staticflickr.com/3451/3228119491_ba9ce8a366.jpg	0	1afd7d5130d078b5dce97cae541198c	jpg	Hetx	United States	2009-01-26T15:29:17Z	Attribution-NonCommercial-NoDerivs License	2008-11-30T00:49:52Z	Canon EOS DIGITAL REBEL XT	63094249	IMG_4834	3228119491	[u'collegepoint', u'new york city', u'newyork', u'nyc', u'queens']
New York	[2383085, 2444424, 2459115, 12589352, 2347591, 12761773, 23424977, 23500476, 56043648]	http://www.flickr.com/photos/37029314@N00/3228120645/		Photo Taken By: Ryan Miccio	False	http://farm4.staticflickr.com/3119/3228120645_fa94379b85.jpg	0	95e85fe06a4cab4284758323e92911ae	jpg	Hetx	United States	2009-01-26T15:29:50Z	Attribution-NonCommercial-NoDerivs License	2008-11-30T00:50:14Z	Canon EOS DIGITAL REBEL XT	64340269	IMG_4835	3228120645	[u'collegepoint', u'new york city', u'newyork', u'nyc', u'queens']
New York	[2383085, 2444424, 2459115, 12589352, 2347591, 12761773, 23424977, 23500476, 56043648]	http://www.flickr.com/photos/37029314@N00/3228121721/		Photo Taken By: Ryan Miccio	False	http://farm4.staticflickr.com/3413/3228121721_7b4882cae4.jpg	0	92cfd2af1f24be1552c21813ab441cf6	jpg	Hetx	United States	2009-01-26T15:30:22Z	Attribution-NonCommercial-NoDerivs License	2008-11-30T00:50:19Z	Canon EOS DIGITAL REBEL XT	92754254	IMG_4836	3228121721	[u'collegepoint', u'new york city', u'newyork', u'nyc', u'queens']
New York	[2383085, 2444424, 2459115, 12589352, 2347591, 12761773, 23424977, 23500476, 56043648]	http://www.flickr.com/photos/37029314@N00/3228122807/		Photo Taken By: Ryan Miccio	False	http://farm4.staticflickr.com/3319/3228122807_44eabda213.jpg	0	de1f6365ba2f51a0cd7b182290599d22	jpg	Hetx	United States	2009-01-26T15:30:51Z	Attribution-NonCommercial-NoDerivs License	2008-11-30T00:50:24Z	Canon EOS DIGITAL REBEL XT	64379272	IMG_4837	3228122807	[u'collegepoint', u'new york city', u'newyork', u'nyc', u'queens']
New York	[2383085, 2444424, 2459115, 12589352, 2347591, 12761773, 23424977, 23500476, 56043648]	http://www.flickr.com/photos/37029314@N00/3228123899/		Photo Taken By: Ryan Miccio	False	http://farm4.staticflickr.com/3369/3228123899_1a1695f328.jpg	0	24d6c2698a5c793fde11343ec9234b9	jpg	Hetx	United States	2009-01-26T15:31:23Z	Attribution-NonCommercial-NoDerivs License	2008-11-30T00:51:52Z	Canon EOS DIGITAL REBEL XT	74679578	IMG_4838	3228123899	[u'collegepoint', u'new york city', u'newyork', u'nyc', u'queens']
New York	[2383085, 2444424, 2459115, 12589352, 2347591, 12761773, 23424977, 23500476, 56043648]	http://www.flickr.com/photos/37029314@N00/3228125407/		Photo Taken By: Ryan Miccio	False	http://farm4.staticflickr.com/3401/3228125407_f9a53ffff3.jpg	0	c170470a929d2db36901b43715ff4f9	jpg	Hetx	United States	2009-01-26T15:32:07Z	Attribution-NonCommercial-NoDerivs License	2008-11-30T00:52:12Z	Canon EOS DIGITAL REBEL XT	89347199	IMG_4839	3228125407	[u'collegepoint', u'new york city', u'newyork', u'nyc', u'queens']
New York	[2383085, 2459115, 12589352, 2347591, 12761773, 23424977, 56043648]	http://www.flickr.com/photos/37029314@N00/3228126521/		Photo Taken By: Ryan Miccio	False	http://farm4.staticflickr.com/3425/3228126521_0d37574a0e.jpg	0	e69272e1d91c51a0447f595fd255a187	jpg	Hetx	United States	2009-01-26T15:32:37Z	Attribution-NonCommercial-NoDerivs License	2008-11-30T00:53:53Z	Canon EOS DIGITAL REBEL XT	32131244	Malba Bay Estates - Entryway Sign	3228126521	[u'collegepoint', u'new york city', u'newyork', u'nyc', u'queens']
New York	[2383085, 2459115, 12589352, 2347591, 12761773, 23424977, 56043648]	http://www.flickr.com/photos/37029314@N00/3228127431/		Photo Taken By: Ryan Miccio	False	http://farm4.staticflickr.com/3392/3228127431_cfacc52312.jpg	0	ce859d1aef94669b9bfdfeb26ad3576	jpg	Hetx	United States	2009-01-26T15:33:03Z	Attribution-NonCommercial-NoDerivs License	2008-11-30T00:54:17Z	Canon EOS DIGITAL REBEL XT	8990257	Malba Bay Estates - Parking Area	3228127431	[u'collegepoint', u'new york city', u'newyork', u'nyc', u'queens']
New York	[2383085, 2459115, 12589352, 2347591, 12761773, 23424977, 56043648]	http://www.flickr.com/photos/37029314@N00/3228980608/		Photo Taken By: Ryan Miccio	False	http://farm4.staticflickr.com/3410/3228980608_09cd41c13f.jpg	0	f4ab7383c4264b57cd565d5aab3874c1	jpg	Hetx	United States	2009-01-26T15:33:27Z	Attribution-NonCommercial-NoDerivs License	2008-11-30T00:55:18Z	Canon EOS DIGITAL REBEL XT	77766997	Malba Bay Estates - Backyard	3228980608	[u'collegepoint', u'new york city', u'newyork', u'nyc', u'queens']
New York	[2383085, 2459115, 12589352, 2347591, 12761773, 23424977, 56043648]	http://www.flickr.com/photos/37029314@N00/3228981608/		Photo Taken By: Ryan Miccio	False	http://farm4.staticflickr.com/3075/3228981608_77210159fc.jpg	0	f0c64efb3981f9c5cb80c0be57e3a1a	jpg	Hetx	United States	2009-01-26T15:33:58Z	Attribution-NonCommercial-NoDerivs License	2008-11-30T00:55:31Z	Canon EOS DIGITAL REBEL XT	74141668	IMG_4843	3228981608	[u'collegepoint', u'new york city', u'newyork', u'nyc', u'queens']
New York	[2383085, 2459115, 12589352, 2347591, 12761773, 23424977, 56043648]	http://www.flickr.com/photos/37029314@N00/3228130231/		Photo Taken By: Ryan Miccio	False	http://farm4.staticflickr.com/3328/3228130231_1fb46a2347.jpg	0	ddd32380cda649d3ce74e6dd4fb194	jpg	Hetx	United States	2009-01-26T15:34:25Z	Attribution-NonCommercial-NoDerivs License	2008-11-30T00:55:39Z	Canon EOS DIGITAL REBEL XT	80188825	IMG_4844	3228130231	[u'collegepoint', u'new york city', u'newyork', u'nyc', u'queens']
New York	[2383085, 2459115, 12589352, 2347591, 12761773, 23424977, 56043648]	http://www.flickr.com/photos/37029314@N00/3228131519/		Photo Taken By: Ryan Miccio	False	http://farm4.staticflickr.com/3470/3228131519_06ed0b7d00.jpg	0	ee88edd4ae21197913b2ce5b2c116e1	jpg	Hetx	United States	2009-01-26T15:35:01Z	Attribution-NonCommercial-NoDerivs License	2008-11-30T00:57:12Z	Canon EOS DIGITAL REBEL XT	69398698	IMG_4845	3228131519	[u'collegepoint', u'new york city', u'newyork', u'nyc', u'queens']
New York	[2383085, 2459115, 12589352, 2347591, 12761773, 23424977, 56043648]	http://www.flickr.com/photos/37029314@N00/3228132385/		Photo Taken By: Ryan Miccio	False	http://farm4.staticflickr.com/3257/3228132385_1088872134.jpg	0	92a63a56efeea79d6b0eda315b7f1f3	jpg	Hetx	United States	2009-01-26T15:35:25Z	Attribution-NonCommercial-NoDerivs License	2008-11-30T00:58:06Z	Canon EOS DIGITAL REBEL XT	88764009	IMG_4846	3228132385	[u'collegepoint', u'new york city', u'newyork', u'nyc', u'queens']
New York	[2383085, 2459115, 12589352, 2347591, 12761773, 23424977, 56043648]	http://www.flickr.com/photos/37029314@N00/3228985256/		Photo Taken By: Ryan Miccio	False	http://farm4.staticflickr.com/3487/3228985256_a2138c37b1.jpg	0	ded27942e49b2e29794f9d133f696ca	jpg	Hetx	United States	2009-01-26T15:35:43Z	Attribution-NonCommercial-NoDerivs License	2008-11-30T00:58:18Z	Canon EOS DIGITAL REBEL XT	94557904	IMG_4847	3228985256	[u'collegepoint', u'new york city', u'newyork', u'nyc', u'queens']
New York	[2383085, 2459115, 12589352, 2347591, 12761773, 23424977, 56043648]	http://www.flickr.com/photos/37029314@N00/3228986254/		Photo Taken By: Ryan Miccio	False	http://farm4.staticflickr.com/3114/3228986254_91d157bde2.jpg	0	f6226cac0a12b4b6581153fc5fcd4	jpg	Hetx	United States	2009-01-26T15:36:11Z	Attribution-NonCommercial-NoDerivs License	2008-11-30T00:59:00Z	Canon EOS DIGITAL REBEL XT	69547680	IMG_4848	3228986254	[u'collegepoint', u'new york city', u'newyork', u'nyc', u'queens']
New York	[2383085, 2459115, 12589352, 2347591, 12761773, 23424977, 56043648]	http://www.flickr.com/photos/37029314@N00/3228135187/		Photo Taken By: Ryan Miccio	False	http://farm4.staticflickr.com/3396/3228135187_9ed73e1d71.jpg	0	fa56749f80dde0f1a6c5f4b7e772bee	jpg	Hetx	United States	2009-01-26T15:36:40Z	Attribution-NonCommercial-NoDerivs License	2008-11-30T00:59:32Z	Canon EOS DIGITAL REBEL XT	26599529	IMG_4849	3228135187	[u'collegepoint', u'new york city', u'newyork', u'nyc', u'queens']
New York	[2383085, 2459115, 12589352, 2347591, 12761773, 23424977, 56043648]	http://www.flickr.com/photos/37029314@N00/3229005658/		Photo Taken By: Ryan Miccio	False	http://farm4.staticflickr.com/3447/3229005658_37c4dbf593.jpg	1	8059f536ffe9894faadd891c115f24e	jpg	Hetx	United States	2009-01-26T15:44:37Z	Attribution-NonCommercial-NoDerivs License	2008-11-30T01:02:01Z	Canon EOS DIGITAL REBEL XT	20052987	IMG_4853	3229005658	[u'collegepoint', u'new york city', u'newyork', u'nyc', u'queens']
New York	[2383085, 2459115, 12589352, 2347591, 12761773, 23424977, 56043648]	http://www.flickr.com/photos/37029314@N00/3228156307/		Photo Taken By: Ryan Miccio	False	http://farm4.staticflickr.com/3267/3228156307_1487d1e34a.jpg	1	bed439725548733cd26143d874b93dd3	jpg	Hetx	United States	2009-01-26T15:45:32Z	Attribution-NonCommercial-NoDerivs License	2008-11-30T01:09:53Z	Canon EOS DIGITAL REBEL XT	36394187	IMG_4855	3228156307	[u'collegepoint', u'new york city', u'newyork', u'nyc', u'queens']
New York	[2383085, 2459115, 12589352, 2347591, 12761773, 23424977, 56043648]	http://www.flickr.com/photos/37029314@N00/3228157071/		Photo Taken By: Ryan Miccio	False	http://farm4.staticflickr.com/3374/3228157071_9a9a541beb.jpg	1	6bc2e08c9e94ef6f15fb6465ee287b	jpg	Hetx	United States	2009-01-26T15:45:56Z	Attribution-NonCommercial-NoDerivs License	2008-11-30T01:10:08Z	Canon EOS DIGITAL REBEL XT	89515224	IMG_4856	3228157071	[u'collegepoint', u'new york city', u'newyork', u'nyc', u'queens']
New York	[2383085, 2459115, 12589352, 2347591, 12761773, 23424977, 56043648]	http://www.flickr.com/photos/37029314@N00/3229009462/		Photo Taken By: Ryan Miccio	False	http://farm4.staticflickr.com/3535/3229009462_d5d58b973a.jpg	1	58cd78cff6ddece6669965d748e4e7	jpg	Hetx	United States	2009-01-26T15:46:20Z	Attribution-NonCommercial-NoDerivs License	2008-11-30T01:10:17Z	Canon EOS DIGITAL REBEL XT	62941444	IMG_4857	3229009462	[u'collegepoint', u'new york city', u'newyork', u'nyc', u'queens']
New York	[2383085, 2459115, 12589352, 2347591, 12761773, 23424977, 56043648]	http://www.flickr.com/photos/37029314@N00/3228158975/		Photo Taken By: Ryan Miccio	False	http://farm4.staticflickr.com/3523/3228158975_0eaeb9035a.jpg	1	9cebc4ed83fbc9d6817175d3e9867349	jpg	Hetx	United States	2009-01-26T15:46:50Z	Attribution-NonCommercial-NoDerivs License	2008-11-30T01:10:36Z	Canon EOS DIGITAL REBEL XT	80292516	IMG_4858	3228158975	[u'collegepoint', u'new york city', u'newyork', u'nyc', u'queens']
New York	[2383085, 2459115, 12589352, 2347591, 12761773, 23424977, 56043648]	http://www.flickr.com/photos/37029314@N00/3228159811/		Photo Taken By: Ryan Miccio	False	http://farm4.staticflickr.com/3472/3228159811_64bf05beb7.jpg	1	e4fea3e312a835bf539d2f25971271c	jpg	Hetx	United States	2009-01-26T15:47:13Z	Attribution-NonCommercial-NoDerivs License	2008-11-30T01:10:57Z	Canon EOS DIGITAL REBEL XT	78435488	IMG_4859	3228159811	[u'collegepoint', u'new york city', u'newyork', u'nyc', u'queens']
New York	[2383085, 2459115, 12589352, 2347591, 12761773, 23424977, 56043648]	http://www.flickr.com/photos/37029314@N00/3229012336/		Photo Taken By: Ryan Miccio	False	http://farm4.staticflickr.com/3262/3229012336_a9674481d7.jpg	1	867bdcc21d2bad4a3a4ddd91932596	jpg	Hetx	United States	2009-01-26T15:47:40Z	Attribution-NonCommercial-NoDerivs License	2008-11-30T01:11:02Z	Canon EOS DIGITAL REBEL XT	71321298	IMG_4860	3229012336	[u'collegepoint', u'new york city', u'newyork', u'nyc', u'queens']
New York	[2383085, 2459115, 12589352, 2347591, 12761773, 23424977, 56043648]	http://www.flickr.com/photos/37029314@N00/3228161659/		Photo Taken By: Ryan Miccio	False	http://farm4.staticflickr.com/3316/3228161659_5d80fc627e.jpg	1	3b5e221c4c86b68714dfb7427583e5c	jpg	Hetx	United States	2009-01-26T15:48:00Z	Attribution-NonCommercial-NoDerivs License	2008-11-30T01:12:31Z	Canon EOS DIGITAL REBEL XT	6081151	IMG_4861	3228161659	[u'collegepoint', u'new york city', u'newyork', u'nyc', u'queens']
New York	[2383085, 2459115, 12589352, 2347591, 12761773, 23424977, 56043648]	http://www.flickr.com/photos/37029314@N00/3228162435/		Photo Taken By: Ryan Miccio	False	http://farm4.staticflickr.com/3498/3228162435_3ae91f0b9f.jpg	1	5ba9176e7c76933727dcd30a8939eaa	jpg	Hetx	United States	2009-01-26T15:48:21Z	Attribution-NonCommercial-NoDerivs License	2008-11-30T01:12:50Z	Canon EOS DIGITAL REBEL XT	66209705	IMG_4862	3228162435	[u'collegepoint', u'new york city', u'newyork', u'nyc', u'queens']
New York	[2383085, 2459115, 12589352, 2347591, 12761773, 23424977, 56043648]	http://www.flickr.com/photos/37029314@N00/3228163039/		Photo Taken By: Ryan Miccio	False	http://farm4.staticflickr.com/3493/3228163039_b9d8b436df.jpg	1	c95bf41747161d03c8ea9806bce2397	jpg	Hetx	United States	2009-01-26T15:48:37Z	Attribution-NonCommercial-NoDerivs License	2008-11-30T01:13:16Z	Canon EOS DIGITAL REBEL XT	99329032	IMG_4863	3228163039	[u'collegepoint', u'new york city', u'newyork', u'nyc', u'queens']
New York	[2383085, 2459115, 12589352, 2347591, 12761773, 23424977, 56043648]	http://www.flickr.com/photos/37029314@N00/3229015366/		Photo Taken By: Ryan Miccio	False	http://farm4.staticflickr.com/3469/3229015366_089546eb6b.jpg	1	877c401cdee871deba6641af4f5bead	jpg	Hetx	United States	2009-01-26T15:49:03Z	Attribution-NonCommercial-NoDerivs License	2008-11-30T01:14:15Z	Canon EOS DIGITAL REBEL XT	46047213	IMG_4864	3229015366	[u'collegepoint', u'new york city', u'newyork', u'nyc', u'queens']
New York	[2383085, 2459115, 12589352, 2347591, 12761773, 23424977, 56043648]	http://www.flickr.com/photos/37029314@N00/3228165077/		Photo Taken By: Ryan Miccio	False	http://farm4.staticflickr.com/3316/3228165077_f98e8331be.jpg	1	68cb5a2af483765381a78ea1f790c7	jpg	Hetx	United States	2009-01-26T15:49:32Z	Attribution-NonCommercial-NoDerivs License	2008-11-30T01:15:15Z	Canon EOS DIGITAL REBEL XT	91584598	IMG_4865	3228165077	[u'collegepoint', u'new york city', u'newyork', u'nyc', u'queens']
New York	[2383085, 2459115, 12589352, 2347591, 12761773, 23424977, 56043648]	http://www.flickr.com/photos/37029314@N00/3229017550/		Photo Taken By: Ryan Miccio	False	http://farm4.staticflickr.com/3488/3229017550_34bdbb37f1.jpg	1	ebf67a5dadd384f77cd69d1341b8fe5	jpg	Hetx	United States	2009-01-26T15:50:02Z	Attribution-NonCommercial-NoDerivs License	2008-11-30T01:15:38Z	Canon EOS DIGITAL REBEL XT	8303812	IMG_4866	3229017550	[u'collegepoint', u'new york city', u'newyork', u'nyc', u'queens']
New York	[2383085, 2459115, 12589352, 2347591, 12761773, 23424977, 56043648]	http://www.flickr.com/photos/37029314@N00/3228167161/		Photo Taken By: Ryan Miccio	False	http://farm4.staticflickr.com/3498/3228167161_8a8fdd0815.jpg	1	41201c61aaef5090e25c8a9dd13ad9f1	jpg	Hetx	United States	2009-01-26T15:50:25Z	Attribution-NonCommercial-NoDerivs License	2008-11-30T01:16:29Z	Canon EOS DIGITAL REBEL XT	70231557	IMG_4867	3228167161	[u'collegepoint', u'new york city', u'newyork', u'nyc', u'queens']
New York	[2383085, 2459115, 12589352, 2347591, 12761773, 23424977, 56043648]	http://www.flickr.com/photos/37029314@N00/3229019396/		Photo Taken By: Ryan Miccio	False	http://farm4.staticflickr.com/3477/3229019396_ea2b05c40d.jpg	1	d1bf28aa7fc92e1cf54fd5e7c149c5b4	jpg	Hetx	United States	2009-01-26T15:50:49Z	Attribution-NonCommercial-NoDerivs License	2008-11-30T01:16:34Z	Canon EOS DIGITAL REBEL XT	19564070	IMG_4868	3229019396	[u'collegepoint', u'new york city', u'newyork', u'nyc', u'queens']
New York	[2383085, 2459115, 12589352, 2347591, 12761773, 23424977, 56043648]	http://www.flickr.com/photos/37029314@N00/3228169221/		Photo Taken By: Ryan Miccio	False	http://farm4.staticflickr.com/3464/3228169221_2042ddea91.jpg	1	3df16f7a441afdafa7f8a2f01e1e115	jpg	Hetx	United States	2009-01-26T15:51:16Z	Attribution-NonCommercial-NoDerivs License	2008-11-30T01:16:59Z	Canon EOS DIGITAL REBEL XT	67735042	IMG_4869	3228169221	[u'collegepoint', u'new york city', u'newyork', u'nyc', u'queens']
New York	[2383085, 2459115, 12589352, 2347591, 12761773, 23424977, 56043648]	http://www.flickr.com/photos/37029314@N00/3228170423/		Photo Taken By: Ryan Miccio	False	http://farm4.staticflickr.com/3500/3228170423_02b49a5a50.jpg	1	6ed889376eaec8d334226b9da4c439cb	jpg	Hetx	United States	2009-01-26T15:51:50Z	Attribution-NonCommercial-NoDerivs License	2008-11-30T01:17:30Z	Canon EOS DIGITAL REBEL XT	36787661	IMG_4872	3228170423	[u'collegepoint', u'new york city', u'newyork', u'nyc', u'queens']
New York	[2383085, 2459115, 12589352, 2347591, 12761773, 23424977, 56043648]	http://www.flickr.com/photos/37029314@N00/3229022466/		Photo Taken By: Ryan Miccio	False	http://farm4.staticflickr.com/3470/3229022466_80fdabeedf.jpg	1	9f76bab19e8e48c5d40a6b23c6b2538	jpg	Hetx	United States	2009-01-26T15:52:15Z	Attribution-NonCommercial-NoDerivs License	2008-11-30T01:17:45Z	Canon EOS DIGITAL REBEL XT	72464296	IMG_4873	3229022466	[u'collegepoint', u'new york city', u'newyork', u'nyc', u'queens']
New York	[2383085, 2459115, 12589352, 2347591, 12761773, 23424977, 56043648]	http://www.flickr.com/photos/37029314@N00/3229024076/		Photo Taken By: Ryan Miccio	False	http://farm4.staticflickr.com/3478/3229024076_d124ce31eb.jpg	1	375fa6ba34296f5d2bc093405a4f8a4c	jpg	Hetx	United States	2009-01-26T15:52:56Z	Attribution-NonCommercial-NoDerivs License	2008-11-30T01:18:21Z	Canon EOS DIGITAL REBEL XT	73391871	IMG_4875	3229024076	[u'collegepoint', u'new york city', u'newyork', u'nyc', u'queens']
New York	[2383085, 2459115, 12589352, 2347591, 12761773, 23424977, 56043648]	http://www.flickr.com/photos/37029314@N00/3228173799/		Photo Taken By: Ryan Miccio	False	http://farm4.staticflickr.com/3104/3228173799_fc2a459de2.jpg	1	71e3ec7fdef7b38aab6d482dcf2a6da	jpg	Hetx	United States	2009-01-26T15:53:23Z	Attribution-NonCommercial-NoDerivs License	2008-11-30T01:18:29Z	Canon EOS DIGITAL REBEL XT	77276978	IMG_4876	3228173799	[u'collegepoint', u'new york city', u'newyork', u'nyc', u'queens']
New York	[2444424, 2383085, 2459115, 12589352, 2347591, 12761773, 23424977, 55836685, 56043648]	http://www.flickr.com/photos/37029314@N00/3228174925/		Photo Taken By: Ryan Miccio	False	http://farm4.staticflickr.com/3425/3228174925_b6fb2239e0.jpg	1	8069edb2d46241f14f8ac15f6c6daa1	jpg	Hetx	United States	2009-01-26T15:53:52Z	Attribution-NonCommercial-NoDerivs License	2008-11-30T01:23:14Z	Canon EOS DIGITAL REBEL XT	12802413	IMG_4878	3228174925	[u'collegepoint', u'new york city', u'newyork', u'nyc', u'queens']
New York	[2383085, 2444424, 2459115, 12589352, 2347591, 12761773, 23424977, 55836685, 56043648]	http://www.flickr.com/photos/37029314@N00/3228175533/		Photo Taken By: Ryan Miccio	False	http://farm4.staticflickr.com/3299/3228175533_b639b51a21.jpg	1	bd5ad85d6bb97be4f1881b2d727dcca	jpg	Hetx	United States	2009-01-26T15:54:11Z	Attribution-NonCommercial-NoDerivs License	2008-11-30T01:23:26Z	Canon EOS DIGITAL REBEL XT	69613838	IMG_4879	3228175533	[u'collegepoint', u'new york city', u'newyork', u'nyc', u'queens']
New York	[2383085, 2444424, 2459115, 12589352, 2347591, 12761773, 23424977, 55836685, 56043648]	http://www.flickr.com/photos/37029314@N00/3228176539/		Photo Taken By: Ryan Miccio	False	http://farm4.staticflickr.com/3327/3228176539_c0c10da813.jpg	1	3c4ff91966bbe38cd4ad8a1d69228eb2	jpg	Hetx	United States	2009-01-26T15:54:38Z	Attribution-NonCommercial-NoDerivs License	2008-11-30T01:24:17Z	Canon EOS DIGITAL REBEL XT	76439650	IMG_4880	3228176539	[u'collegepoint', u'new york city', u'newyork', u'nyc', u'queens']
New York	[2444424, 2383085, 2459115, 12589352, 2347591, 12761773, 23424977, 55836685, 56043648]	http://www.flickr.com/photos/37029314@N00/3228178669/		Photo Taken By: Ryan Miccio	False	http://farm4.staticflickr.com/3381/3228178669_33c74ba643.jpg	1	f213cfd9d54124a4dc4fd67bdf6f20e2	jpg	Hetx	United States	2009-01-26T15:55:36Z	Attribution-NonCommercial-NoDerivs License	2008-11-30T01:26:22Z	Canon EOS DIGITAL REBEL XT	89956567	IMG_4882	3228178669	[u'collegepoint', u'new york city', u'newyork', u'nyc', u'queens']
New York	[2444424, 2383085, 2459115, 12589352, 2347591, 12761773, 23424977, 55836685, 56043648]	http://www.flickr.com/photos/37029314@N00/3229031310/		Photo Taken By: Ryan Miccio	False	http://farm4.staticflickr.com/3362/3229031310_fcefc131eb.jpg	1	ddfd50f9c512979119d42fc198c9257	jpg	Hetx	United States	2009-01-26T15:56:12Z	Attribution-NonCommercial-NoDerivs License	2008-11-30T01:27:21Z	Canon EOS DIGITAL REBEL XT	96186071	IMG_4883	3229031310	[u'collegepoint', u'new york city', u'newyork', u'nyc', u'queens']
New York	[2444424, 2383085, 2459115, 12589352, 2347591, 12761773, 23424977, 55836685, 56043648]	http://www.flickr.com/photos/37029314@N00/3228181439/		Photo Taken By: Ryan Miccio	False	http://farm4.staticflickr.com/3503/3228181439_437bdf9d5f.jpg	1	dab4593d5dbef77f4a7fa83ca5ebbf74	jpg	Hetx	United States	2009-01-26T15:56:57Z	Attribution-NonCommercial-NoDerivs License	2008-11-30T01:27:51Z	Canon EOS DIGITAL REBEL XT	88458824	IMG_4884	3228181439	[u'collegepoint', u'new york city', u'newyork', u'nyc', u'queens']
New York	[2383085, 2444424, 2459115, 12589352, 2347591, 12761773, 23424977, 55836685, 56043648]	http://www.flickr.com/photos/37029314@N00/3229034158/		Photo Taken By: Ryan Miccio	False	http://farm4.staticflickr.com/3497/3229034158_c697541e46.jpg	1	c6afcef8795d8dc283a785aee9089	jpg	Hetx	United States	2009-01-26T15:57:33Z	Attribution-NonCommercial-NoDerivs License	2008-11-30T01:28:46Z	Canon EOS DIGITAL REBEL XT	19559285	IMG_4885	3229034158	[u'collegepoint', u'new york city', u'newyork', u'nyc', u'queens']
New York	[2444424, 2383085, 2459115, 12589352, 2347591, 12761773, 23424977, 55836685, 56043648]	http://www.flickr.com/photos/37029314@N00/3228184127/		Photo Taken By: Ryan Miccio	False	http://farm4.staticflickr.com/3524/3228184127_a6fc71eb66.jpg	1	7aa31d2289e074be777ca7c774a1a98e	jpg	Hetx	United States	2009-01-26T15:58:08Z	Attribution-NonCommercial-NoDerivs License	2008-11-30T01:29:33Z	Canon EOS DIGITAL REBEL XT	79399040	IMG_4886	3228184127	[u'collegepoint', u'new york city', u'newyork', u'nyc', u'queens']
New York	[2383085, 2444424, 2459115, 12589352, 2347591, 12761773, 23424977, 55836685, 56043648]	http://www.flickr.com/photos/37029314@N00/3228185195/		Photo Taken By: Ryan Miccio	False	http://farm4.staticflickr.com/3514/3228185195_d9b7f32af8.jpg	1	a94f4e75aa765154878221d441824	jpg	Hetx	United States	2009-01-26T15:58:39Z	Attribution-NonCommercial-NoDerivs License	2008-11-30T01:32:05Z	Canon EOS DIGITAL REBEL XT	99683452	IMG_4887	3228185195	[u'collegepoint', u'new york city', u'newyork', u'nyc', u'queens']
New York	[2444424, 2383085, 2459115, 12589352, 2347591, 12761773, 23424977, 55836685, 56043648]	http://www.flickr.com/photos/37029314@N00/3228151549/		Photo Taken By: Ryan Miccio	False	http://farm4.staticflickr.com/3132/3228151549_7decaecdf8.jpg	1	21bb943074abe6659af2ed5f59d8f6	jpg	Hetx	United States	2009-01-26T15:43:25Z	Attribution-NonCommercial-NoDerivs License	2008-11-30T01:34:07Z	Canon EOS DIGITAL REBEL XT	68805621	IMG_4888	3228151549	[u'collegepoint', u'new york city', u'newyork', u'nyc', u'queens']
