town_s	woe_is	urlpage_s	machine_ss	desc_ws	video_b	url_s	hour_i	hash_s	ext_s	user_s	country_s	upload_dt	license_s	taken_dt	device_s	line_i	title_s	id	tag_ss
New York	[2356876, 23511860, 2459115, 12589352, 2347591, 12761716, 23424977, 56043648]	http://www.flickr.com/photos/34325628@N05/3317007595/			False	http://farm4.staticflickr.com/3588/3317007595_5e08d874fd.jpg	14	d9f7993b1d7be47554e763e6addcbaa	jpg	ChrisGoldNY	United States	2009-03-01T00:16:07Z	Attribution-NonCommercial License	2009-02-28T14:42:56Z	Canon PowerShot SD750	95560494	Yellow Car, Astoria 2	3317007595	[u'album cover', u'america', u'astoria', u'book cover', u'cars', u'chris goldberg', u'chrisgold', u'chrisgoldny', u'chrisgoldphoto', u'chrisgoldphotos', u'for sale', u'gothamist', u'new york', u'newyorkcity', u'nyc', u'qns', u'queens', u'usa', u'yellow']
New York	[23511860, 2356876, 2459115, 12589352, 2347591, 12761716, 23424977, 56043648]	http://www.flickr.com/photos/34325628@N05/3317008845/			False	http://farm4.staticflickr.com/3584/3317008845_47a87521b8.jpg	14	cbab83c62322c2c2dd7ba565339a44	jpg	ChrisGoldNY	United States	2009-03-01T00:16:43Z	Attribution-NonCommercial License	2009-02-28T14:42:58Z	Canon PowerShot SD750	63447977	Yellow Car, Astoria 1	3317008845	[u'album cover', u'america', u'astoria', u'book cover', u'cars', u'chris goldberg', u'chrisgold', u'chrisgoldny', u'chrisgoldphoto', u'chrisgoldphotos', u'for sale', u'gothamist', u'new york', u'newyorkcity', u'nyc', u'qns', u'queens', u'usa', u'yellow']
New York	[2356876, 2459115, 12589352, 2347591, 12761716, 23424977, 56043648]	http://www.flickr.com/photos/34325628@N05/3317887566/		Thanks to Shecky's.com for using this picture in their story on Astoria nightlife.	False	http://farm4.staticflickr.com/3573/3317887566_ba4af8a227.jpg	14	d4ac54eab01c91d666e28f9ebb5936d	jpg	ChrisGoldNY	United States	2009-03-01T00:40:56Z	Attribution-NonCommercial License	2009-02-28T14:49:19Z	Canon PowerShot SD750	83370480	Cafe Bar Mona Lisa, Astoria	3317887566	[u'album cover', u'america', u'astoria', u'bars', u'book cover', u'cafebar', u'cafes', u'chris goldberg', u'chrisgold', u'chrisgoldny', u'chrisgoldphoto', u'chrisgoldphotos', u'for sale', u'gothamist', u'new york', u'newyorkcity', u'nyc', u'qns', u'queens', u'restaurants', u'usa']
New York	[2356876, 2459115, 12589352, 2347591, 12761716, 23424977, 56043648]	http://www.flickr.com/photos/34325628@N05/3317888598/			False	http://farm4.staticflickr.com/3604/3317888598_815575cb7c.jpg	15	68b3b760ee473c784a9c81a0cb5119e	jpg	ChrisGoldNY	United States	2009-03-01T00:41:26Z	Attribution-NonCommercial License	2009-02-28T15:03:50Z	Canon PowerShot SD750	49314882	Cafe Bar Astoria Window	3317888598	[u'album cover', u'america', u'astoria', u'bars', u'book cover', u'cafebar', u'cafes', u'chris goldberg', u'chrisgold', u'chrisgoldny', u'chrisgoldphoto', u'chrisgoldphotos', u'for sale', u'gothamist', u'lights', u'new york', u'newyorkcity', u'nyc', u'qns', u'queens', u'restaurants', u'usa', u'windows']
New York	[2356876, 2459115, 12589352, 2347591, 12761716, 23424977, 56043648]	http://www.flickr.com/photos/34325628@N05/3317010421/			False	http://farm4.staticflickr.com/3519/3317010421_66148d6b52.jpg	15	7d9dc6c1d53dc6935f85b6691553fa7	jpg	ChrisGoldNY	United States	2009-03-01T00:17:28Z	Attribution-NonCommercial License	2009-02-28T15:04:16Z	Canon PowerShot SD750	37097431	Cafe Bar Astoria Scene 4	3317010421	[u'album cover', u'america', u'astoria', u'bars', u'book cover', u'cafes', u'chris goldberg', u'chrisgold', u'chrisgoldny', u'chrisgoldphoto', u'chrisgoldphotos', u'for sale', u'gothamist', u'new york', u'newyorkcity', u'nyc', u'qns', u'queens', u'restaurants', u'usa']
New York	[2356876, 2459115, 12589352, 2347591, 12761716, 23424977, 56043648]	http://www.flickr.com/photos/34325628@N05/3317838876/			False	http://farm4.staticflickr.com/3485/3317838876_f8cc3463eb.jpg	15	59eed2a3917f5c4c3ec98ee75e48976f	jpg	ChrisGoldNY	United States	2009-03-01T00:18:15Z	Attribution-NonCommercial License	2009-02-28T15:04:57Z	Canon PowerShot SD750	81691891	Cafe Bar Astoria Scene 3	3317838876	[u'album cover', u'america', u'astoria', u'bars', u'book cover', u'cafes', u'chris goldberg', u'chrisgold', u'chrisgoldny', u'chrisgoldphoto', u'chrisgoldphotos', u'for sale', u'gothamist', u'new york', u'newyorkcity', u'nyc', u'qns', u'queens', u'restaurants', u'usa']
New York	[2356876, 2459115, 12589352, 2347591, 12761716, 23424977, 56043648]	http://www.flickr.com/photos/34325628@N05/3317840248/			False	http://farm4.staticflickr.com/3369/3317840248_1a8773a342.jpg	15	a1b314e7387e22cefdb3014cebaf2b	jpg	ChrisGoldNY	United States	2009-03-01T00:18:50Z	Attribution-NonCommercial License	2009-02-28T15:05:33Z	Canon PowerShot SD750	65426788	Cafe Bar Astoria Scene 2	3317840248	[u'album cover', u'america', u'astoria', u'bars', u'book cover', u'cafes', u'chris goldberg', u'chrisgold', u'chrisgoldny', u'chrisgoldphoto', u'chrisgoldphotos', u'for sale', u'gothamist', u'new york', u'newyorkcity', u'nyc', u'qns', u'queens', u'restaurants', u'usa']
New York	[2356876, 2459115, 12589352, 2347591, 12761716, 23424977, 56043648]	http://www.flickr.com/photos/34325628@N05/3317015395/			False	http://farm4.staticflickr.com/3369/3317015395_2f43e1e998.jpg	15	762b261946941d8b66b2f184fbce8e92	jpg	ChrisGoldNY	United States	2009-03-01T00:19:35Z	Attribution-NonCommercial License	2009-02-28T15:05:44Z	Canon PowerShot SD750	67544951	Cafe Bar Astoria Scene	3317015395	[u'album cover', u'america', u'astoria', u'bars', u'book cover', u'cafes', u'chris goldberg', u'chrisgold', u'chrisgoldny', u'chrisgoldphoto', u'chrisgoldphotos', u'for sale', u'gothamist', u'new york', u'newyorkcity', u'nyc', u'qns', u'queens', u'restaurants', u'usa']
New York	[2356876, 2459115, 12589352, 2347591, 12761716, 23424977, 56043648]	http://www.flickr.com/photos/34325628@N05/3317843590/			False	http://farm4.staticflickr.com/3424/3317843590_3243be8108.jpg	15	3453dedd2c441a12aff131e1d4412d	jpg	ChrisGoldNY	United States	2009-03-01T00:20:10Z	Attribution-NonCommercial License	2009-02-28T15:06:13Z	Canon PowerShot SD750	61169648	Cafe Bar Astoria Sign Again	3317843590	[u'album cover', u'america', u'astoria', u'book cover', u'cafebar', u'chris goldberg', u'chrisgold', u'chrisgoldny', u'chrisgoldphoto', u'chrisgoldphotos', u'for sale', u'gothamist', u'neon', u'new york', u'newyorkcity', u'nyc', u'qns', u'queens', u'signs', u'usa']
New York	[2441564, 28751457, 2459115, 12589352, 2347591, 12761711, 23424977, 56043648]	http://www.flickr.com/photos/34325628@N05/3317017791/		Thanks to Shecky's.com for using this picture in their story on Astoria nightlife!	False	http://farm4.staticflickr.com/3508/3317017791_6c1710c26a.jpg	15	77ff89b613aaf99a9969ce15157da9e	jpg	ChrisGoldNY	United States	2009-03-01T00:20:38Z	Attribution-NonCommercial License	2009-02-28T15:10:29Z	Canon PowerShot SD750	68862183	Omonia, Astoria 2	3317017791	[u'album cover', u'america', u'astoria', u'book cover', u'cafes', u'chris goldberg', u'chrisgold', u'chrisgoldny', u'chrisgoldphoto', u'chrisgoldphotos', u'for sale', u'gothamist', u'new york', u'newyorkcity', u'nyc', u'qns', u'queens', u'restaurants', u'usa']
New York	[2441564, 28751457, 2459115, 12589352, 2347591, 12761711, 23424977, 56043648]	http://www.flickr.com/photos/34325628@N05/3317846362/			False	http://farm4.staticflickr.com/3349/3317846362_f518d7630e.jpg	15	796ddac5c1d6493a510912f96abcac	jpg	ChrisGoldNY	United States	2009-03-01T00:21:20Z	Attribution-NonCommercial License	2009-02-28T15:10:52Z	Canon PowerShot SD750	92811708	Omonia, Astoria	3317846362	[u'album cover', u'america', u'astoria', u'book cover', u'cafes', u'chris goldberg', u'chrisgold', u'chrisgoldny', u'chrisgoldphoto', u'chrisgoldphotos', u'for sale', u'gothamist', u'new york', u'newyorkcity', u'nyc', u'qns', u'queens', u'restaurants', u'usa']
New York	[2356876, 2459115, 12589352, 2347591, 12761716, 23424977, 56043648]	http://www.flickr.com/photos/34325628@N05/3317848576/			False	http://farm4.staticflickr.com/3568/3317848576_dfe3025dee.jpg	15	df9b24e574bb17c0bb838d76d029ab	jpg	ChrisGoldNY	United States	2009-03-01T00:22:24Z	Attribution-NonCommercial License	2009-02-28T15:12:12Z	Canon PowerShot SD750	93251648	Gilbey's of Astoria	3317848576	[u'album cover', u'america', u'astoria', u'bars', u'book cover', u'chris goldberg', u'chrisgold', u'chrisgoldny', u'chrisgoldphoto', u'chrisgoldphotos', u'for sale', u'gothamist', u'new york', u'newyorkcity', u'nyc', u'qns', u'queens', u'usa']
New York	[2356876, 2459115, 12589352, 2347591, 12761716, 23424977, 56043648]	http://www.flickr.com/photos/34325628@N05/3317023209/			False	http://farm4.staticflickr.com/3522/3317023209_31811eb18e.jpg	15	e86381e627abdd893937d42bf7f823	jpg	ChrisGoldNY	United States	2009-03-01T00:23:00Z	Attribution-NonCommercial License	2009-02-28T15:13:24Z	Canon PowerShot SD750	67862861	Gilbey's Entrance, Astoria	3317023209	[u'album cover', u'america', u'astoria', u'bars', u'book cover', u'chris goldberg', u'chrisgold', u'chrisgoldny', u'chrisgoldphoto', u'chrisgoldphotos', u'for sale', u'gothamist', u'new york', u'newyorkcity', u'nyc', u'qns', u'queens', u'signs', u'usa']
New York	[2356876, 2459115, 12589352, 2347591, 12761716, 23424977, 56043648]	http://www.flickr.com/photos/34325628@N05/3317024049/			False	http://farm4.staticflickr.com/3368/3317024049_c676af0629.jpg	15	a9b794a54f91247646f130ce28550a4	jpg	ChrisGoldNY	United States	2009-03-01T00:23:25Z	Attribution-NonCommercial License	2009-02-28T15:16:17Z	Canon PowerShot SD750	67052406	Gilbey's Motorcycle, Astoria	3317024049	[u'album cover', u'america', u'astoria', u'bars', u'book cover', u'chris goldberg', u'chrisgold', u'chrisgoldny', u'chrisgoldphoto', u'chrisgoldphotos', u'for sale', u'gothamist', u'motorcycles', u'new york', u'newyorkcity', u'nyc', u'qns', u'queens', u'usa', u'windows']
New York	[2356876, 2459115, 12589352, 2347591, 12761713, 23424977, 56043648]	http://www.flickr.com/photos/34325628@N05/3317026191/		Thanks to Sheckys.com for featuring this pic!	False	http://farm4.staticflickr.com/3484/3317026191_57d062efcd.jpg	15	2a181bcb14f044bdc1515b4236f9720	jpg	ChrisGoldNY	United States	2009-03-01T00:24:19Z	Attribution-NonCommercial License	2009-02-28T15:19:48Z	Canon PowerShot SD750	61875014	Brick Cafe Astoria	3317026191	[u'album cover', u'america', u'astoria', u'bars', u'book cover', u'chris goldberg', u'chrisgold', u'chrisgoldny', u'chrisgoldphoto', u'chrisgoldphotos', u'for sale', u'gothamist', u'new york', u'newyorkcity', u'nyc', u'qns', u'queens', u'restaurants', u'usa']
New York	[2356876, 2459115, 12589352, 2347591, 12761713, 23424977, 56043648]	http://www.flickr.com/photos/34325628@N05/3317030305/			False	http://farm4.staticflickr.com/3392/3317030305_1777a4ffef.jpg	15	8a7ae191b6aeb91a6237b84d6e5836	jpg	ChrisGoldNY	United States	2009-03-01T00:26:03Z	Attribution-NonCommercial License	2009-02-28T15:30:16Z	Canon PowerShot SD750	96173732	Rapture in Astoria	3317030305	[u'album cover', u'america', u'astoria', u'bars', u'book cover', u'chris goldberg', u'chrisgold', u'chrisgoldny', u'chrisgoldphoto', u'chrisgoldphotos', u'for sale', u'gothamist', u'new york', u'newyorkcity', u'nyc', u'qns', u'queens', u'restaurants', u'usa']
New York	[91568225, 2441564, 2356876, 2459115, 12589352, 2347591, 12761713, 23424977, 56043648]	http://www.flickr.com/photos/34325628@N05/3317032605/		One of the great gifts to New Yorkers from the vibrant Muslim American community in New York.  Thank you.   Thanks to Sheckys.com for featuring this pic!	False	http://farm4.staticflickr.com/3170/3317032605_3b4e988f2c.jpg	15	ec44d34dd86adc487dfa69f0ddc9f868	jpg	ChrisGoldNY	United States	2009-03-01T00:27:00Z	Attribution-NonCommercial License	2009-02-28T15:35:44Z	Canon PowerShot SD750	69525311	Mombar Egyptian Restaurant in Astoria, Queens NYC	3317032605	[u'album cover', u'america', u'architecture', u'astoria', u'book cover', u'chris goldberg', u'chrisgold', u'chrisgoldny', u'chrisgoldphoto', u'chrisgoldphotos', u'comida', u'curbed', u'eater', u'egyptian', u'food', u'for sale', u'gothamist', u'islam', u'mombar', u'muslim', u'new york', u'newyorkcity', u'nyc', u'qns', u'queens', u'restaurants', u'restuarant', u'steinway', u'usa']
New York	[91568225, 2441564, 2356876, 2459115, 12589352, 2347591, 12761713, 23424977, 56043648]	http://www.flickr.com/photos/34325628@N05/3317861978/			False	http://farm4.staticflickr.com/3355/3317861978_5cb27592e3.jpg	15	8e803e57ec202d1af1f87733a9a3e8b2	jpg	ChrisGoldNY	United States	2009-03-01T00:28:07Z	Attribution-NonCommercial License	2009-02-28T15:36:52Z	Canon PowerShot SD750	81867695	Steinway Hookahs, Astoria	3317861978	[u'album cover', u'america', u'astoria', u'book cover', u'chris goldberg', u'chrisgold', u'chrisgoldny', u'chrisgoldphoto', u'chrisgoldphotos', u'for sale', u'gothamist', u'new york', u'newyorkcity', u'nyc', u'qns', u'queens', u'usa']
New York	[91568225, 2356876, 2441564, 2459115, 12589352, 2347591, 12761713, 23424977, 56043648]	http://www.flickr.com/photos/34325628@N05/3317863802/			False	http://farm4.staticflickr.com/3617/3317863802_e10e18deca.jpg	15	f8a32b1a4442f5bb5358e0e27c3b1cba	jpg	ChrisGoldNY	United States	2009-03-01T00:29:00Z	Attribution-NonCommercial License	2009-02-28T15:40:44Z	Canon PowerShot SD750	70051186	Godfather of Hookah Lounges, Astoria	3317863802	[u'album cover', u'america', u'astoria', u'book cover', u'cafes', u'chris goldberg', u'chrisgold', u'chrisgoldny', u'chrisgoldphoto', u'chrisgoldphotos', u'for sale', u'gothamist', u'new york', u'newyorkcity', u'nyc', u'qns', u'queens', u'restaurants', u'steinway', u'usa']
New York	[91568225, 2356876, 2441564, 2459115, 12589352, 2347591, 12761713, 23424977, 56043648]	http://www.flickr.com/photos/34325628@N05/3317038437/			False	http://farm4.staticflickr.com/3631/3317038437_aa70e56ba4.jpg	15	4781c1b70b3409ab1d73c250b02be	jpg	ChrisGoldNY	United States	2009-03-01T00:29:46Z	Attribution-NonCommercial License	2009-02-28T15:41:13Z	Canon PowerShot SD750	75937777	Hookah Center, Steinway Astoria	3317038437	[u'album cover', u'america', u'astoria', u'bars', u'book cover', u'cafes', u'chris goldberg', u'chrisgold', u'chrisgoldny', u'chrisgoldphoto', u'chrisgoldphotos', u'for sale', u'gothamist', u'hookahs', u'new york', u'newyorkcity', u'nyc', u'qns', u'queens', u'restaurants', u'signs', u'usa']
New York	[2356876, 2459115, 12589352, 2347591, 12761713, 23424977, 56043648]	http://www.flickr.com/photos/34325628@N05/3317866540/		Thanks to Why Leave Astoria for featuring this pic!  <a href="http://www.whyleaveastoria.com/page/rapture-lounge" rel="nofollow">www.whyleaveastoria.com/page/rapture-lounge</a>	False	http://farm4.staticflickr.com/3621/3317866540_0383fcbcb5.jpg	15	f18eadfd048dad2ee5bb245eb446b4e	jpg	ChrisGoldNY	United States	2009-03-01T00:30:21Z	Attribution-NonCommercial License	2009-02-28T15:54:58Z	Canon PowerShot SD750	63765084	Rapture Lounge in Astoria	3317866540	[u'album cover', u'america', u'astoria', u'bars', u'book cover', u'chris goldberg', u'chrisgold', u'chrisgoldny', u'chrisgoldphoto', u'chrisgoldphotos', u'for sale', u'gothamist', u'new york', u'newyorkcity', u'nyc', u'qns', u'queens', u'restaurants', u'usa']
New York	[2441564, 28751457, 2459115, 12589352, 2347591, 12761711, 23424977, 56043648]	http://www.flickr.com/photos/34325628@N05/3317057219/		Thanks to Shecky's.com for using this picture in their story on Astoria nightlife!	False	http://farm4.staticflickr.com/3167/3317057219_84cefbc83d.jpg	16	946fb283537fa7a037a0f3efe3734898	jpg	ChrisGoldNY	United States	2009-03-01T00:39:16Z	Attribution-NonCommercial License	2009-02-28T16:11:32Z	Canon PowerShot SD750	65992480	Mundo Astoria	3317057219	[u'album cover', u'america', u'astoria', u'bars', u'book cover', u'cafes', u'chris goldberg', u'chrisgold', u'chrisgoldny', u'chrisgoldphoto', u'chrisgoldphotos', u'for sale', u'gothamist', u'lights', u'new york', u'newyorkcity', u'nyc', u'qns', u'queens', u'restaurants', u'usa']
New York	[2441564, 28751457, 2459115, 12589352, 2347591, 12761711, 23424977, 56043648]	http://www.flickr.com/photos/34325628@N05/3317042209/			False	http://farm4.staticflickr.com/3472/3317042209_980e027335.jpg	16	bcd3b9693fbb8ff622699565b33a6a43	jpg	ChrisGoldNY	United States	2009-03-01T00:31:41Z	Attribution-NonCommercial License	2009-02-28T16:39:54Z	Canon PowerShot SD750	91257800	Mundo Astoria Outside	3317042209	[u'album cover', u'america', u'astoria', u'book cover', u'chris goldberg', u'chrisgold', u'chrisgoldny', u'chrisgoldphoto', u'chrisgoldphotos', u'for sale', u'gothamist', u'new york', u'newyorkcity', u'nyc', u'qns', u'queens', u'restaurants', u'usa']
New York	[2356878, 2356876, 2459115, 12589352, 2347591, 12761716, 23424977, 56043648]	http://www.flickr.com/photos/34325628@N05/3317870620/			False	http://farm4.staticflickr.com/3346/3317870620_107758f234.jpg	16	3cb1337745c46b210b31069bd4066f9	jpg	ChrisGoldNY	United States	2009-03-01T00:32:29Z	Attribution-NonCommercial License	2009-02-28T16:46:07Z	Canon PowerShot SD750	70398849	Hell Gate Bridge Painting, Crescent Lounge	3317870620	[u'album cover', u'america', u'art', u'astoria', u'book cover', u'bridges', u'chris goldberg', u'chrisgold', u'chrisgoldny', u'chrisgoldphoto', u'chrisgoldphotos', u'crescentlounge', u'for sale', u'gothamist', u'lights', u'new york', u'newyorkcity', u'nyc', u'qns', u'queens', u'usa']
New York	[2356876, 2356878, 2459115, 12589352, 2347591, 12761716, 23424977, 56043648]	http://www.flickr.com/photos/34325628@N05/3317045109/			False	http://farm4.staticflickr.com/3535/3317045109_2c6ebcc2a3.jpg	16	4247482905793892f9fec765d83865	jpg	ChrisGoldNY	United States	2009-03-01T00:33:10Z	Attribution-NonCommercial License	2009-02-28T16:47:20Z	Canon PowerShot SD750	96305422	Crescent Lounge Bar, Astoria	3317045109	[u'album cover', u'america', u'astoria', u'bars', u'book cover', u'chris goldberg', u'chrisgold', u'chrisgoldny', u'chrisgoldphoto', u'chrisgoldphotos', u'crescentounge', u'for sale', u'gothamist', u'new york', u'newyorkcity', u'nyc', u'qns', u'queens', u'usa']
New York	[2356876, 2356878, 2459115, 12589352, 2347591, 12761716, 23424977, 56043648]	http://www.flickr.com/photos/34325628@N05/3317873384/		Thanks to Shecky's.com for using this picture in their story on Astoria nightlife!	False	http://farm4.staticflickr.com/3477/3317873384_3050333820.jpg	16	444c082da04b9680eb335611ff7156	jpg	ChrisGoldNY	United States	2009-03-01T00:33:55Z	Attribution-NonCommercial License	2009-02-28T16:47:56Z	Canon PowerShot SD750	86412262	Globe Light, Crescent Lounge Astoria	3317873384	[u'album cover', u'america', u'astoria', u'bars', u'book cover', u'chris goldberg', u'chrisgold', u'chrisgoldny', u'chrisgoldphoto', u'chrisgoldphotos', u'crescentlounge', u'for sale', u'globes', u'gothamist', u'lights', u'new york', u'newyorkcity', u'nyc', u'qns', u'queens', u'usa']
New York	[2356878, 2356876, 2459115, 12589352, 2347591, 12761716, 23424977, 56043648]	http://www.flickr.com/photos/34325628@N05/3317874542/			False	http://farm4.staticflickr.com/3585/3317874542_2f6f8846f4.jpg	16	9953fd6315bfe9b0710dacdfd477226	jpg	ChrisGoldNY	United States	2009-03-01T00:34:28Z	Attribution-NonCommercial License	2009-02-28T16:49:43Z	Canon PowerShot SD750	71810541	Crescent Lounge Lights, Astoria 2	3317874542	[u'album cover', u'america', u'astoria', u'bars', u'book cover', u'chris goldberg', u'chrisgold', u'chrisgoldny', u'chrisgoldphoto', u'chrisgoldphotos', u'crescentlounge', u'for sale', u'gothamist', u'lights', u'new york', u'newyorkcity', u'nyc', u'qns', u'queens', u'usa']
New York	[2356878, 2356876, 2459115, 12589352, 2347591, 12761716, 23424977, 56043648]	http://www.flickr.com/photos/34325628@N05/3317876078/			False	http://farm4.staticflickr.com/3554/3317876078_474d88a307.jpg	16	cd8d3152e2890e9b82cebfa3da5943	jpg	ChrisGoldNY	United States	2009-03-01T00:35:16Z	Attribution-NonCommercial License	2009-02-28T16:50:45Z	Canon PowerShot SD750	36547990	Crescent Lounge Glass Door, Astoria	3317876078	[u'album cover', u'america', u'astoria', u'bars', u'book cover', u'chris goldberg', u'chrisgold', u'chrisgoldny', u'chrisgoldphoto', u'chrisgoldphotos', u'crescent', u'crescentlounge', u'for sale', u'gothamist', u'moon', u'new york', u'newyorkcity', u'night', u'nyc', u'qns', u'queens', u'usa']
New York	[2356878, 2356876, 2459115, 12589352, 2347591, 12761716, 23424977, 56043648]	http://www.flickr.com/photos/34325628@N05/3317052455/			False	http://farm4.staticflickr.com/3390/3317052455_19d4516dce.jpg	16	29bc21e7d722e4a8ebd9396554628b8	jpg	ChrisGoldNY	United States	2009-03-01T00:36:53Z	Attribution-NonCommercial License	2009-02-28T16:51:46Z	Canon PowerShot SD750	66334918	Crescent Lounge Lights, Astoria	3317052455	[u'album cover', u'america', u'astoria', u'bars', u'book cover', u'chris goldberg', u'chrisgold', u'chrisgoldny', u'chrisgoldphoto', u'chrisgoldphotos', u'crescentlounge', u'for sale', u'gothamist', u'new york', u'newyorkcity', u'nyc', u'qns', u'queens', u'usa']
New York	[2502249, 2459115, 12589352, 2347591, 12761714, 23424977, 56043648]	http://www.flickr.com/photos/34325628@N05/3327787268/			False	http://farm4.staticflickr.com/3406/3327787268_50fa6e51ac.jpg	19	50118adef8e0264a9e32c529ed6e3026	jpg	ChrisGoldNY	United States	2009-03-04T04:54:37Z	Attribution-NonCommercial License	2009-02-28T19:28:31Z	Canon PowerShot SD750	77957068	Bliss Street Stop	3327787268	[u'album cover', u'book cover', u'chris goldberg', u'chrisgold', u'chrisgoldny', u'chrisgoldphotos', u'for sale', u'gothamist', u'new york', u'newyorkcity', u'night', u'nyc', u'qns', u'queens', u'signs', u'subway', u'sunnyside']
New York	[2502249, 2459115, 12589352, 2347591, 12761714, 23424977, 56043648]	http://www.flickr.com/photos/34325628@N05/3326952789/			False	http://farm4.staticflickr.com/3608/3326952789_0977d8b4b9.jpg	19	fce3803a7da458e3a14dc8dec4cd5ff2	jpg	ChrisGoldNY	United States	2009-03-04T04:55:36Z	Attribution-NonCommercial License	2009-02-28T19:35:55Z	Canon PowerShot SD750	75585749	46th Bliss Street Stop at Night 1	3326952789	[u'album cover', u'america', u'book cover', u'chris goldberg', u'chrisgold', u'chrisgoldny', u'chrisgoldphoto', u'chrisgoldphotos', u'for sale', u'gothamist', u'new york', u'newyorkcity', u'night', u'nyc', u'qns', u'queens', u'subway', u'sunnyside', u'usa']
New York	[2502249, 2459115, 12589352, 2347591, 12761714, 23424977, 56043648]	http://www.flickr.com/photos/34325628@N05/3327790684/			False	http://farm4.staticflickr.com/3337/3327790684_01b3d1eb59.jpg	19	56eebedc5cc5dd34a533e5e1e4af819	jpg	ChrisGoldNY	United States	2009-03-04T04:56:33Z	Attribution-NonCommercial License	2009-02-28T19:36:18Z	Canon PowerShot SD750	70270746	46th Bliss Street Stop at Night 1	3327790684	[u'album cover', u'america', u'book cover', u'chris goldberg', u'chrisgold', u'chrisgoldny', u'chrisgoldphoto', u'chrisgoldphotos', u'for sale', u'gothamist', u'new york', u'newyorkcity', u'night', u'nyc', u'qns', u'queens', u'subway', u'sunnyside', u'usa']
New York	[2441564, 2459115, 12589352, 2347591, 12761711, 23424977, 56043648]	http://www.flickr.com/photos/34325628@N05/3326956175/			False	http://farm4.staticflickr.com/3368/3326956175_ab716d6c0a.jpg	19	b8ee70c39173c844e0869475466e6d80	jpg	ChrisGoldNY	United States	2009-03-04T04:57:23Z	Attribution-NonCommercial License	2009-02-28T19:38:20Z	Canon PowerShot SD750	63223528	Empty Subway Chair	3326956175	[u'7train', u'album cover', u'book cover', u'chris goldberg', u'chrisgold', u'chrisgoldny', u'chrisgoldphotos', u'for sale', u'gothamist', u'new york', u'newyorkcity', u'nyc', u'qns', u'queens', u'subway']
New York	[28751381, 28288821, 2459115, 12589342, 2347591, 23424977, 56043648]	http://www.flickr.com/photos/34325628@N05/3326959217/		Thanks to Eater.com for featuring this pic!	False	http://farm4.staticflickr.com/3618/3326959217_e630bed9d5.jpg	20	a87dee60c9f5e78a93bb1961b5aade47	jpg	ChrisGoldNY	United States	2009-03-04T04:59:05Z	Attribution-NonCommercial License	2009-02-28T20:24:36Z	Canon PowerShot SD750	88999131	Inakaya Paddle Delivery	3326959217	[u'album cover', u'america', u'book cover', u'chris goldberg', u'chrisgold', u'chrisgoldny', u'chrisgoldphoto', u'chrisgoldphotos', u'city', u'comida', u'eater', u'food', u'for sale', u'gothamist', u'inakaya', u'new york', u'newyorkcity', u'nyc', u'restaurants', u'urban', u'usa']
New York	[28288821, 28751381, 2459115, 12589342, 2347591, 23424977, 56043648]	http://www.flickr.com/photos/34325628@N05/3327793610/			False	http://farm4.staticflickr.com/3570/3327793610_f75aa7a838.jpg	20	3791f66cb74b38158ecaf66b942eeea6	jpg	ChrisGoldNY	United States	2009-03-04T04:58:16Z	Attribution-NonCommercial License	2009-02-28T20:49:39Z	Canon PowerShot SD750	98676626	Inakaya Chef	3327793610	[u'album cover', u'america', u'book cover', u'chris goldberg', u'chrisgold', u'chrisgoldny', u'chrisgoldphoto', u'chrisgoldphotos', u'city', u'comida', u'eater', u'food', u'for sale', u'gothamist', u'inakaya', u'new york', u'newyorkcity', u'nyc', u'restaurants', u'urban', u'usa']
New York	[28288821, 28751381, 2459115, 12589342, 2347591, 23424977, 56043648]	http://www.flickr.com/photos/34325628@N05/3327796342/			False	http://farm4.staticflickr.com/3577/3327796342_49917d7d12.jpg	22	f81c52d7bb13b24e83a14b7de58ab4e	jpg	ChrisGoldNY	United States	2009-03-04T04:59:47Z	Attribution-NonCommercial License	2009-02-28T22:10:28Z	Canon PowerShot SD750	88325804	Inakaya Veggies	3327796342	[u'album cover', u'america', u'book cover', u'chris goldberg', u'chrisgold', u'chrisgoldny', u'chrisgoldphoto', u'chrisgoldphotos', u'comida', u'cooking', u'dining', u'eater', u'food', u'foodie', u'for sale', u'gothamist', u'inakaya', u'new york', u'newyorkcity', u'nyc', u'restaurants', u'usa', u'vegetables']
New York	[28751381, 28288821, 2459115, 12589342, 2347591, 23424977, 56043648]	http://www.flickr.com/photos/34325628@N05/3326933563/		Thanks to About.com for featuring this pic  <a href="http://americanfood.about.com/b/2009/03/16/chef-tony-gives-worst-advice-in-the-history-of-cooking.htm" rel="nofollow">americanfood.about.com/b/2009/03/16/chef-tony-gives-worst...</a>	False	http://farm4.staticflickr.com/3305/3326933563_bfc172dc4c.jpg	22	e10e28bd9d5dbcc351223e73dc1d	jpg	ChrisGoldNY	United States	2009-03-04T04:45:06Z	Attribution-NonCommercial License	2009-02-28T22:12:07Z	Canon PowerShot SD750	68066057	Inakaya Onions	3326933563	[u'album cover', u'america', u'book cover', u'chris goldberg', u'chrisgold', u'chrisgoldny', u'chrisgoldphoto', u'chrisgoldphotos', u'comida', u'cooking', u'dining', u'eater', u'food', u'foodie', u'for sale', u'gothamist', u'inakaya', u'manhattan', u'new york', u'newyorkcity', u'nyc', u'onions', u'restaurants', u'usa', u'vegetables']
New York	[28751381, 28288821, 2459115, 12589342, 2347591, 23424977, 56043648]	http://www.flickr.com/photos/34325628@N05/3327771200/			False	http://farm4.staticflickr.com/3587/3327771200_66ba487b32.jpg	22	7f1c891f51bab3df5ac80e1d4c0d8f9	jpg	ChrisGoldNY	United States	2009-03-04T04:45:56Z	Attribution-NonCommercial License	2009-02-28T22:12:26Z	Canon PowerShot SD750	82528040	Inside Inakaya	3327771200	[u'album cover', u'america', u'book cover', u'chris goldberg', u'chrisgold', u'chrisgoldny', u'chrisgoldphoto', u'chrisgoldphotos', u'city', u'for sale', u'gothamist', u'inakaya', u'manhattan', u'new york', u'newyorkcity', u'nyc', u'restaurants', u'urban', u'usa']
New York	[28288821, 28751381, 2459115, 12589342, 2347591, 23424977, 56043648]	http://www.flickr.com/photos/34325628@N05/3327772944/		Japanese restuarant in the New York Times headquarters in NYC.	False	http://farm4.staticflickr.com/3364/3327772944_e66545f33a.jpg	22	a82e7f6d80cbbd6b26a59bab7a42a0	jpg	ChrisGoldNY	United States	2009-03-04T04:46:54Z	Attribution-NonCommercial License	2009-02-28T22:15:29Z	Canon PowerShot SD750	46144506	Inakaya	3327772944	[u'album cover', u'america', u'book cover', u'chris goldberg', u'chrisgold', u'chrisgoldny', u'chrisgoldphoto', u'chrisgoldphotos', u'city', u'eater', u'for sale', u'gothamist', u'inakaya', u'manhattan', u'new york', u'newyorkcity', u'nyc', u'restaurants', u'urban', u'usa']
New York	[2501158, 2459115, 12589342, 2347591, 12761341, 23424977, 56043648]	http://www.flickr.com/photos/34325628@N05/3327773724/			False	http://farm4.staticflickr.com/3388/3327773724_827f436caf.jpg	22	8c965e519b613642649a6944d625fee4	jpg	ChrisGoldNY	United States	2009-03-04T04:47:20Z	Attribution-NonCommercial License	2009-02-28T22:32:50Z	Canon PowerShot SD750	74686486	Beauty Bar Sign - NYC	3327773724	[u'album cover', u'america', u'bars', u'book cover', u'chris goldberg', u'chrisgold', u'chrisgoldny', u'chrisgoldphoto', u'chrisgoldphotos', u'city', u'for sale', u'gothamist', u'manhattan', u'new york', u'newyorkcity', u'night', u'nyc', u'signs', u'urban', u'usa']
