town_s	woe_is	urlpage_s	machine_ss	desc_ws	video_b	url_s	hour_i	hash_s	ext_s	user_s	country_s	upload_dt	license_s	taken_dt	device_s	line_i	title_s	id	tag_ss
New York	[91801527, 91982835, 2459115, 12589335, 2347591, 12761765, 23424977, 56448088, 56043648]	http://www.flickr.com/photos/34325628@N05/6913432772/		Adam Granduciel	False	http://farm8.staticflickr.com/7115/6913432772_999397e7c2.jpg	0	fdd6c51920e2524c2a25e74be2527a	jpg	ChrisGoldNY	United States	2012-04-09T05:01:38Z	Attribution-NonCommercial License	2012-04-07T00:07:02Z	Canon EOS 50D	84816337	The War on Drugs at Music Hall of Williamsburg 4/6/12 - Brooklyn, NYC	6913432772	[u'america', u'bands', u'bk', u'brooklyn', u'brooklyn vegan', u'chris goldberg', u'chrisgold', u'chrisgoldny', u'chrisgoldphoto', u'chrisgoldphotos', u'concerts', u'gothamist', u'indierock', u'mhow', u'music hall of williamsburg', u'new york', u'newyorkcity', u'nightlife', u'nyc', u'performances', u'performers', u'rock', u'shows', u'the war on drugs', u'usa', u'williamsburg']
New York	[2502249, 2459115, 12589352, 2347591, 12761714, 23424977, 56043648]	http://www.flickr.com/photos/34325628@N05/7144128271/			False	http://farm9.staticflickr.com/8016/7144128271_890e3c4895.jpg	12	8f67bc154657665f141301574efc2c7	jpg	ChrisGoldNY	United States	2012-05-05T06:19:20Z	Attribution-NonCommercial License	2012-04-07T12:19:33Z	Canon EOS 50D	70133947	Light Blue Converse on the Subway Platform - Sunnyside, Queens	7144128271	[u'america', u'blue', u'chris goldberg', u'chrisgold', u'chrisgoldny', u'chrisgoldphoto', u'chrisgoldphotos', u'city', u'compositions', u'consumerist', u'convers', u'cute', u'feet', u'girls', u'gothamist', u'new york', u'newyorkcity', u'nyc', u'platforms', u'qns', u'queens', u'shoes', u'subways', u'sunnyside', u'urban', u'usa', u'women', u'yellow']
New York	[2423189, 2459115, 12589352, 2347591, 12761814, 23424977, 56043648]	http://www.flickr.com/photos/34325628@N05/7452202902/			False	http://farm9.staticflickr.com/8153/7452202902_9b3a026d94.jpg	12	48838c31b7d471462bf9157a9337e68	jpg	ChrisGoldNY	United States	2012-06-27T03:19:29Z	Attribution-NonCommercial License	2012-04-07T12:50:18Z	Canon EOS 50D	67058354	Jamaica Station in Black & White - Queens NYC	7452202902	[u'america', u'black and white', u'bw', u'chrisgold', u'chrisgoldberg', u'chrisgoldny', u'chrisgoldphoto', u'chrisgoldphotos', u'city', u'gothamist', u'jamaica', u'jamaica station', u'lirr', u'long island', u'long island railroad', u'new york', u'newyorkcity', u'nyc', u'qns', u'queens', u'railroad', u'tracks', u'train', u'urban', u'usa']
New York	[2423189, 2459115, 12589352, 2347591, 12761814, 23424977, 56043648]	http://www.flickr.com/photos/34325628@N05/7118481493/			False	http://farm9.staticflickr.com/8004/7118481493_ab27e6f8b8.jpg	13	31123abb4b73306e253631aa5fa513e	jpg	ChrisGoldNY	United States	2012-04-27T13:18:39Z	Attribution-NonCommercial License	2012-04-07T13:06:40Z	Canon EOS 50D	95132913	Alien on the Tracks - Jamaica LIRR Station, Queens	7118481493	[u'album covers', u'aliens', u'america', u'book covers', u'chris goldberg', u'chrisgold', u'chrisgoldny', u'chrisgoldphoto', u'chrisgoldphotos', u'city', u'curbed', u'eyes', u'faces', u'for sale', u'funny', u'gothamist', u'humor', u'jamaica', u'lights', u'lirr', u'long island', u'long island railroad', u'new york', u'newyorkcity', u'nyc', u'posters', u'qns', u'queens', u'queensnyc', u'robots', u'short circuit', u'tracks', u'train tracks', u'urban', u'usa', u'yellow']
New York	[2402262, 2459115, 12589352, 2347591, 12761889, 23424977, 56043648]	http://www.flickr.com/photos/34325628@N05/6984495792/			False	http://farm8.staticflickr.com/7063/6984495792_b1de93c134.jpg	14	4bcd5689f8391c91abdd39ce5c486564	jpg	ChrisGoldNY	United States	2012-05-01T03:54:19Z	Attribution-NonCommercial License	2012-04-07T14:14:26Z	Canon EOS 50D	75424948	Crumbling House in Far Rockaway, Queens NYC	6984495792	[u'album covers', u'america', u'book covers', u'chris goldberg', u'chrisgold', u'chrisgoldny', u'chrisgoldphoto', u'chrisgoldphotos', u'far rockaway', u'for sale', u'gothamist', u'new york', u'newyorkcity', u'nyc', u'posters', u'qns', u'queens', u'queensnyc', u'rockaway', u'rockaway beach', u'usa']
New York	[2402262, 2459115, 12589352, 2347591, 12761889, 23424977, 56043648]	http://www.flickr.com/photos/34325628@N05/6984497036/			False	http://farm8.staticflickr.com/7064/6984497036_a0e637b4dc.jpg	14	f92476d6da832a9abd2a66fece8b1ddf	jpg	ChrisGoldNY	United States	2012-05-01T03:54:49Z	Attribution-NonCommercial License	2012-04-07T14:16:38Z	Canon EOS 50D	83272351	Central Used Car Sales - Rockaway Beach, Queens NYC	6984497036	[u'album covers', u'america', u'architecture', u'book covers', u'central used cars', u'chris goldberg', u'chrisgold', u'chrisgoldny', u'chrisgoldphoto', u'chrisgoldphotos', u'far rockaway', u'for sale', u'gothamist', u'new york', u'newyorkcity', u'nyc', u'posters', u'qns', u'queens', u'queensnyc', u'rockaway', u'rockaway beach', u'usa', u'used cars', u'yellow']
New York	[91586434, 91982583, 2402262, 2459115, 12589352, 2347591, 12761889, 23424977, 56043648]	http://www.flickr.com/photos/34325628@N05/6984499606/			False	http://farm8.staticflickr.com/7197/6984499606_39672c59b5.jpg	14	31628ff6d1b774d75df5d8aced32e014	jpg	ChrisGoldNY	United States	2012-05-01T03:55:50Z	Attribution-NonCommercial License	2012-04-07T14:21:03Z	Canon EOS 50D	88205287	Street Scene on Rockaway Beach - Queens, NYC	6984499606	[u'album covers', u'america', u'book covers', u'cars', u'cental avenue', u'central ave', u'chris goldberg', u'chrisgold', u'chrisgoldny', u'chrisgoldphoto', u'chrisgoldphotos', u'eater', u'far rockaway', u'for sale', u'gothamist', u'hotdogs', u'new york', u'newyorkcity', u'nyc', u'posters', u'qns', u'queens', u'queensnyc', u'rockaway', u'rockaway beach', u'sabrett', u'street food', u'umbrellas', u'usa', u'yellow']
New York	[2483270, 2459115, 12589352, 2347591, 12761892, 23424977, 56043648]	http://www.flickr.com/photos/34325628@N05/6984501824/		Odd sight on Rockaway Beach.... goats?	False	http://farm8.staticflickr.com/7076/6984501824_b1367c2c12.jpg	14	e4d4152e2271a469312a832103525d2	jpg	ChrisGoldNY	United States	2012-05-01T03:56:45Z	Attribution-NonCommercial License	2012-04-07T14:50:19Z	Canon EOS 50D	93497604	Goats spotted on Rockaway Beach - Queens, NYC	6984501824	[u'album covers', u'america', u'animals', u'book covers', u'chris goldberg', u'chrisgold', u'chrisgoldny', u'chrisgoldphoto', u'chrisgoldphotos', u'far rockaway', u'fences', u'for sale', u'goats', u'gothamist', u'new york', u'newyorkcity', u'nyc', u'odd', u'posters', u'qns', u'queens', u'queensnyc', u'quirky', u'rockaway', u'rockaway beach', u'strange', u'usa', u'weird']
New York	[2366159, 2483270, 2459115, 12589352, 2347591, 12761892, 23424977, 56043648]	http://www.flickr.com/photos/34325628@N05/6984503554/			False	http://farm9.staticflickr.com/8015/6984503554_574844641e.jpg	15	63f619e15563c735cbd86753a88d144	jpg	ChrisGoldNY	United States	2012-05-01T03:57:24Z	Attribution-NonCommercial License	2012-04-07T15:02:22Z	Canon EOS 50D	65878342	Skater Kid at Veggie Island - Rockaway Beach, Queens NYC	6984503554	[u'album covers', u'america', u'book covers', u'boys', u'cafes', u'children', u'chris goldberg', u'chrisgold', u'chrisgoldny', u'chrisgoldphoto', u'chrisgoldphotos', u'coffee shops', u'eater', u'far rockaway', u'for sale', u'gothamist', u'kids', u'new york', u'newyorkcity', u'nyc', u'posters', u'qns', u'queens', u'queensnyc', u'ramps', u'restaurants', u'rockaway', u'rockaway beach', u'skateboarding', u'skateboards', u'skaters', u'usa', u'veggie island']
New York	[2483270, 2366159, 2459115, 12589352, 2347591, 12761892, 23424977, 56043648]	http://www.flickr.com/photos/34325628@N05/7130590817/		Unfortunately, Rockaway Taco is only open in the summer.	False	http://farm8.staticflickr.com/7101/7130590817_e8f15edcef.jpg	15	6b740fe396223766669c5e80e7e2f3	jpg	ChrisGoldNY	United States	2012-05-01T03:58:27Z	Attribution-NonCommercial License	2012-04-07T15:04:09Z	Canon EOS 50D	84284436	Rockaway Taco Closed - Rockaway Beach, Queens NYC	7130590817	[u'album covers', u'art', u'book covers', u'chris goldberg', u'chrisgold', u'chrisgoldny', u'chrisgoldphotos', u'colorful', u'eater', u'far rockaway', u'food stands', u'for sale', u'gothamist', u'new york', u'newyorkcity', u'nyc', u'octopuss', u'paintings', u'posters', u'qns', u'queens', u'queensnyc', u'red', u'restaurants', u'rockaway', u'rockaway beach', u'rockaway taco', u'street food']
New York	[2366159, 2483270, 2459115, 12589352, 2347591, 12761892, 23424977, 56043648]	http://www.flickr.com/photos/34325628@N05/7130593219/			False	http://farm8.staticflickr.com/7210/7130593219_3a287e6d28.jpg	15	13fd597fe60a3d127838cfcdd9c92	jpg	ChrisGoldNY	United States	2012-05-01T03:59:25Z	Attribution-NonCommercial License	2012-04-07T15:06:57Z	Canon EOS 50D	68831563	Gold Oldsmobile Cutlass - Rockaway Beach, Queens NYC	7130593219	[u'album covers', u'america', u'book covers', u'cars', u'chris goldberg', u'chrisgold', u'chrisgoldny', u'chrisgoldphoto', u'chrisgoldphotos', u'cutlass', u'far rockaway', u'for sale', u'general motors', u'gold', u'gothamist', u'new york', u'newyorkcity', u'nyc', u'oldsmobile', u'posters', u'qns', u'queens', u'queensnyc', u'rockaway', u'rockaway beach', u'usa', u'vehicles']
New York	[28751285, 91982583, 2459115, 12589352, 2347591, 23424977, 56043648]	http://www.flickr.com/photos/34325628@N05/7130595151/			False	http://farm8.staticflickr.com/7102/7130595151_fd3d1b2a9d.jpg	15	76c70ea385cc094343eb78076edac99	jpg	ChrisGoldNY	United States	2012-05-01T04:00:13Z	Attribution-NonCommercial License	2012-04-07T15:14:05Z	Canon EOS 50D	76862722	Metal Detector Guy - Rockway Beach, Queens NYC	7130595151	[u'album covers', u'america', u'beaches', u'book covers', u'chris goldberg', u'chrisgold', u'chrisgoldny', u'chrisgoldphoto', u'chrisgoldphotos', u'far rockaway', u'for sale', u'gothamist', u'men', u'metal detectors', u'new york', u'newyorkcity', u'nyc', u'people', u'posters', u'qns', u'queens', u'queensnyc', u'rockaway', u'rockaway beach', u'usa', u'waves']
New York	[2483270, 2459115, 12589352, 2347591, 12761892, 23424977, 56043648]	http://www.flickr.com/photos/34325628@N05/7452200780/			False	http://farm9.staticflickr.com/8021/7452200780_721c00bd49.jpg	15	1bc89c9e6f78ce441e91ef14cef25a4	jpg	ChrisGoldNY	United States	2012-06-27T03:19:02Z	Attribution-NonCommercial License	2012-04-07T15:49:24Z	Canon EOS 50D	90012082	In the Sand at Rockaway Beach - Queens NYC	7452200780	[u'america', u'beaches', u'chrisgold', u'chrisgoldberg', u'chrisgoldny', u'chrisgoldphoto', u'chrisgoldphotos', u'gothamist', u'new york', u'newyorkcity', u'nyc', u'qns', u'queens', u'rockaway beach', u'rockaways', u'sand', u'shadows', u'usa', u'wood']
New York	[2483270, 91982583, 2361826, 2459115, 12589352, 2347591, 12761892, 23424977, 56043648]	http://www.flickr.com/photos/34325628@N05/8139410636/			False	http://farm9.staticflickr.com/8463/8139410636_6ce0687c9b.jpg	15	795f9a88e714958331b6a0c9e2ccaa24	jpg	ChrisGoldNY	United States	2012-10-30T19:51:03Z	Attribution-NonCommercial License	2012-04-07T15:53:30Z	Canon EOS 50D	13414574	Horseshoe Crab Shell on Rockaway Beach - Rockaway Queens NYC	8139410636	[u'album cover', u'album covers', u'animals', u'beaches', u'book cover', u'book covers', u'brown', u'chris goldberg', u'chrisgold', u'chrisgoldny', u'chrisgoldphoto', u'chrisgoldphotos', u'crabs', u'creatures', u'far rockaway', u'for sale', u'horseshoe', u'horseshoe crabs', u'limulidae', u'nature', u'new york', u'newyorkcity', u'nyc', u'poster', u'posters', u'rockaway', u'rockaway beach', u'shells']
New York	[2483270, 2459115, 12589352, 2347591, 12761892, 23424977, 56043648]	http://www.flickr.com/photos/34325628@N05/7452197306/			False	http://farm8.staticflickr.com/7250/7452197306_36971c02b4.jpg	16	3a58c52e1c9db09425dfd98a2ac2981	jpg	ChrisGoldNY	United States	2012-06-27T03:18:20Z	Attribution-NonCommercial License	2012-04-07T16:00:32Z	Canon EOS 50D	43997129	Houses on Rockaway Beach - Queens, NYC	7452197306	[u'america', u'architecture', u'beaches', u'boardwalks', u'chrisgold', u'chrisgoldberg', u'chrisgoldny', u'chrisgoldphoto', u'chrisgoldphotos', u'gothamist', u'houses', u'new york', u'newyorkcity', u'nyc', u'qns', u'queens', u'rockaway', u'rockaway beach', u'usa']
New York	[2483270, 2366159, 2459115, 12589352, 2347591, 12761892, 23424977, 56043648]	http://www.flickr.com/photos/34325628@N05/7130596439/			False	http://farm9.staticflickr.com/8028/7130596439_c2dc9d3bbb.jpg	16	315c5dddb732ffd22ca5b1ec71e3a51f	jpg	ChrisGoldNY	United States	2012-05-01T04:00:46Z	Attribution-NonCommercial License	2012-04-07T16:08:32Z	Canon EOS 50D	68734142	Sand Dune on Rockaway Beach, Queens NYC	7130596439	[u'album covers', u'america', u'beaches', u'book covers', u'chris goldberg', u'chrisgold', u'chrisgoldny', u'chrisgoldphoto', u'chrisgoldphotos', u'dunes', u'far rockaway', u'for sale', u'glimmer', u'gothamist', u'new york', u'newyorkcity', u'nyc', u'posters', u'qns', u'queens', u'queensnyc', u'rockaway', u'rockaway beach', u'sand', u'sand dunes', u'shiny', u'silhouettes', u'usa']
New York	[2366159, 2483270, 2459115, 12589352, 2347591, 12761892, 23424977, 56043648]	http://www.flickr.com/photos/34325628@N05/7452194468/			False	http://farm9.staticflickr.com/8162/7452194468_aa8921b8aa.jpg	16	3ea0de2f967de09a9deedffb5cd620	jpg	ChrisGoldNY	United States	2012-06-27T03:17:42Z	Attribution-NonCommercial License	2012-04-07T16:14:08Z	Canon EOS 50D	78182987	Rockaway Beach Converse Girl - Queens, NYC	7452194468	[u'all stars', u'america', u'blue', u'chrisgold', u'chrisgoldberg', u'chrisgoldny', u'chrisgoldphoto', u'chrisgoldphotos', u'chuck taylors', u'city', u'converse', u'feet', u'gothamist', u'new york', u'newyorkcity', u'nyc', u'pavement', u'qns', u'queens', u'rcokaway', u'rockaway beach', u'shoes', u'sidewalk', u'sneakers', u'urban', u'usa']
New York	[2366159, 2483270, 2459115, 12589352, 2347591, 12761892, 23424977, 56043648]	http://www.flickr.com/photos/34325628@N05/6984514458/			False	http://farm8.staticflickr.com/7058/6984514458_9137584557.jpg	16	e0443a6bdbcf88cec31fc9a3ecf257	jpg	ChrisGoldNY	United States	2012-05-01T04:01:42Z	Attribution-NonCommercial License	2012-04-07T16:50:47Z	Canon EOS 50D	80517324	Beach Supplies & Sand Bar Closed - Rockaway Beach, Queens NYC	6984514458	[u'album covers', u'america', u'book covers', u'chris goldberg', u'chrisgold', u'chrisgoldny', u'chrisgoldphoto', u'chrisgoldphotos', u'far rockaway', u'for sale', u'gothamist', u'new york', u'newyorkcity', u'nyc', u'posters', u'qns', u'queens', u'queensnyc', u'rockaway', u'rockaway beach', u'usa']
New York	[2366159, 2483270, 2459115, 12589352, 2347591, 12761892, 23424977, 56043648]	http://www.flickr.com/photos/34325628@N05/7130600641/			False	http://farm8.staticflickr.com/7263/7130600641_4a8a7421e7.jpg	16	d666d0fff1876e31ffee91742f41b27d	jpg	ChrisGoldNY	United States	2012-05-01T04:02:21Z	Attribution-NonCommercial License	2012-04-07T16:51:31Z	Canon EOS 50D	82316290	Rockaway Beach Architecture - Queens, NYC	7130600641	[u'album covers', u'america', u'architecture', u'book covers', u'chris goldberg', u'chrisgold', u'chrisgoldny', u'chrisgoldphoto', u'chrisgoldphotos', u'far rockaway', u'for sale', u'gothamist', u'new york', u'newyorkcity', u'nyc', u'posters', u'qns', u'queens', u'queensnyc', u'rockaway', u'rockaway beach', u'usa']
New York	[2483270, 2366159, 2459115, 12589352, 2347591, 12761892, 23424977, 56043648]	http://www.flickr.com/photos/34325628@N05/6984517762/			False	http://farm9.staticflickr.com/8150/6984517762_83e114236e.jpg	16	305be01f488ea79b3dacabfea06227cd	jpg	ChrisGoldNY	United States	2012-05-01T04:03:03Z	Attribution-NonCommercial License	2012-04-07T16:56:40Z	Canon EOS 50D	70113259	Skateboard Girl on Rockaway Beach - Queens, NYC	6984517762	[u'album covers', u'america', u'architecture', u'book covers', u'chris goldberg', u'chrisgold', u'chrisgoldny', u'chrisgoldphoto', u'chrisgoldphotos', u'dunes', u'far rockaway', u'for sale', u'girls', u'gothamist', u'new york', u'newyorkcity', u'nyc', u'posters', u'qns', u'queens', u'queensnyc', u'rockaway', u'rockaway beach', u'sand', u'sand dunes', u'shadows', u'skateboarders', u'skaters', u'usa', u'women']
New York	[2457802, 2483270, 91982583, 2459115, 12589352, 2347591, 12761892, 23424977, 56043648]	http://www.flickr.com/photos/34325628@N05/7130603703/			False	http://farm8.staticflickr.com/7184/7130603703_cc9b10fb93.jpg	17	f530c0e08c6ea589d6ccaf452711b23	jpg	ChrisGoldNY	United States	2012-05-01T04:03:38Z	Attribution-NonCommercial License	2012-04-07T17:48:33Z	Canon EOS 50D	87980616	Shell at Rockaway Beach, Queens NYC	7130603703	[u'album covers', u'america', u'beaches', u'black nail polish', u'black nail varnish', u'book covers', u'chris goldberg', u'chrisgold', u'chrisgoldny', u'chrisgoldphoto', u'chrisgoldphotos', u'closeups', u'far rockaway', u'for sale', u'gothamist', u'hands', u'new york', u'newyorkcity', u'nyc', u'posters', u'qns', u'queens', u'queensnyc', u'rockaway', u'rockaway beach', u'shells', u'usa', u'water']
New York	[2483270, 2457802, 91982583, 2459115, 12589352, 2347591, 12761892, 23424977, 56043648]	http://www.flickr.com/photos/34325628@N05/6984521214/			False	http://farm8.staticflickr.com/7085/6984521214_ae1c062c7f.jpg	18	92fab0cc7dcf8e484cc65248e860f31d	jpg	ChrisGoldNY	United States	2012-05-01T04:04:30Z	Attribution-NonCommercial License	2012-04-07T18:05:51Z	Canon EOS 50D	57468152	Rockaway Beach - Queens, NYC	6984521214	[u'airplanes', u'album covers', u'america', u'beaches', u'book covers', u'chris goldberg', u'chrisgold', u'chrisgoldny', u'chrisgoldphoto', u'chrisgoldphotos', u'cloudy', u'day', u'far rockaway', u'for sale', u'gothamist', u'horizons', u'new york', u'newyorkcity', u'nyc', u'posters', u'qns', u'queens', u'queensnyc', u'rockaway', u'rockaway beach', u'sand', u'usa', u'water']
New York	[91982583, 2483270, 2457802, 2459115, 12589352, 2347591, 12761892, 23424977, 56043648]	http://www.flickr.com/photos/34325628@N05/7130607397/			False	http://farm9.staticflickr.com/8143/7130607397_499d9c10ca.jpg	18	5979f83914a5e8177543c0afe	jpg	ChrisGoldNY	United States	2012-05-01T04:05:11Z	Attribution-NonCommercial License	2012-04-07T18:09:45Z	Canon EOS 50D	78450278	Fort Tilden at Rockaway Beach, Queens	7130607397	[u'album covers', u'america', u'architecture', u'beaches', u'book covers', u'chris goldberg', u'chrisgold', u'chrisgoldny', u'chrisgoldphoto', u'chrisgoldphotos', u'far rockaway', u'for sale', u'fort tilden', u'frames', u'framing', u'gothamist', u'new york', u'newyorkcity', u'nyc', u'oceans', u'posters', u'qns', u'queens', u'queensnyc', u'rockaway', u'rockaway beach', u'sand', u'usa', u'water']
New York	[2483270, 2459115, 12589352, 2347591, 12761892, 23424977, 23495740, 56043648]	http://www.flickr.com/photos/34325628@N05/7130609065/			False	http://farm8.staticflickr.com/7205/7130609065_34cba60758.jpg	18	3687b280497b7cbcedb5c1e92c368e93	jpg	ChrisGoldNY	United States	2012-05-01T04:05:53Z	Attribution-NonCommercial License	2012-04-07T18:30:19Z	Canon EOS 50D	98664725	Manhattan Skyline Viewed from Jacob Riis Park, Rockaway Queens	7130609065	[u'album covers', u'america', u'book covers', u'chris goldberg', u'chrisgold', u'chrisgoldny', u'chrisgoldphoto', u'chrisgoldphotos', u'empire state building', u'exit', u'exit signs', u'far rockaway', u'for sale', u'gothamist', u'jacob riis park', u'new york', u'newyorkcity', u'nyc', u'parking lots', u'parks', u'posters', u'qns', u'queens', u'queensnyc', u'rockaway', u'rockaway beach', u'signs', u'skylines', u'usa']
New York	[2483270, 2459115, 12589352, 2347591, 12761892, 23424977, 23495740, 56043648]	http://www.flickr.com/photos/34325628@N05/7130611285/			False	http://farm8.staticflickr.com/7048/7130611285_6fbb6bb20b.jpg	18	b787f9da395c8ebc34874e99c7c26f	jpg	ChrisGoldNY	United States	2012-05-01T04:06:46Z	Attribution-NonCommercial License	2012-04-07T18:33:53Z	Canon EOS 50D	75905674	Black Chevy at Jacob Riis Parking Lot - Rockaway Beach, Queens	7130611285	[u'album covers', u'america', u'architecture', u'book covers', u'bridges', u'camaro', u'cars', u'chevrolet', u'chevy', u'chris goldberg', u'chrisgold', u'chrisgoldny', u'chrisgoldphoto', u'chrisgoldphotos', u'far rockaway', u'for sale', u'gil hodges memorial bridge', u'gothamist', u'horizon', u'jacob riis park', u'marine parkway bridge', u'new york', u'newyorkcity', u'nyc', u'parking lots', u'parks', u'posters', u'qns', u'queens', u'queensnyc', u'rockaway', u'rockaway beach', u'usa']
New York	[2483270, 2459115, 12589352, 2347591, 12761892, 23424977, 23495740, 56043648]	http://www.flickr.com/photos/34325628@N05/7130613323/			False	http://farm8.staticflickr.com/7227/7130613323_c1fbcb63e9.jpg	18	dbef7b2d71281c3a1a1750ce47f084	jpg	ChrisGoldNY	United States	2012-05-01T04:07:39Z	Attribution-NonCommercial License	2012-04-07T18:34:08Z	Canon EOS 50D	75775512	Black Chevy Camaro at Jacob Riis Parking Lot - Rockaway Beach, Queens	7130613323	[u'album covers', u'america', u'architecture', u'book covers', u'bridges', u'cars', u'challenge winners', u'chris goldberg', u'chrisgold', u'chrisgoldny', u'chrisgoldphoto', u'chrisgoldphotos', u'far rockaway', u'for sale', u'gil hodges memorial bridge', u'gothamist', u'horizon', u'jacob riis park', u'marine parkway bridge', u'neponsit', u'new york', u'newyorkcity', u'nyc', u'parking lots', u'parks', u'posters', u'qns', u'queens', u'queensnyc', u'rockaway', u'rockaway beach', u'the challenge factory', u'usa']
New York	[91646291, 2459115, 12589352, 2347591, 23424977, 56043648]	http://www.flickr.com/photos/34325628@N05/7130615259/			False	http://farm8.staticflickr.com/7094/7130615259_f6e0e8c34e.jpg	18	581432ee31b9373c21f79fbbd8f3042	jpg	ChrisGoldNY	United States	2012-05-01T04:08:28Z	Attribution-NonCommercial License	2012-04-07T18:44:24Z	Canon EOS 50D	38700449	Gil Hodges Memorial Bridge / Marine Parkway Bridge - Rockaway Beach, Queens	7130615259	[u'album covers', u'architecture', u'book covers', u'bridges', u'chris goldberg', u'chrisgold', u'chrisgoldny', u'chrisgoldphotos', u'far rockaway', u'for sale', u'gil hodges memorial bridge', u'gothamist', u'horizon', u'marine parkway bridge', u'new york', u'newyorkcity', u'nyc', u'posters', u'qns', u'queens', u'queensnyc', u'rockaway', u'rockaway beach', u'water']
New York	[91646291, 2459115, 12589352, 2347591, 23424977, 56043648]	http://www.flickr.com/photos/34325628@N05/6984532198/			False	http://farm8.staticflickr.com/7207/6984532198_2a3e8861a1.jpg	18	9353298563f7198f5f8fe3e4555a6ec	jpg	ChrisGoldNY	United States	2012-05-01T04:09:06Z	Attribution-NonCommercial License	2012-04-07T18:47:37Z	Canon EOS 50D	86680694	Tunnel in Rockaway Beach - Queens	6984532198	[u'album covers', u'america', u'architecture', u'book covers', u'chris goldberg', u'chrisgold', u'chrisgoldny', u'chrisgoldphoto', u'chrisgoldphotos', u'far rockaway', u'for sale', u'gothamist', u'new york', u'newyorkcity', u'nyc', u'people', u'posters', u'qns', u'queens', u'queensnyc', u'rockaway', u'rockaway beach', u'shadows', u'tunnels', u'usa']
New York	[91646291, 2459115, 12589352, 2347591, 23424977, 56043648]	http://www.flickr.com/photos/34325628@N05/7130618297/			False	http://farm8.staticflickr.com/7269/7130618297_24c8dccc5e.jpg	18	8fefe743bcc1cb62078fbdd7cad8096	jpg	ChrisGoldNY	United States	2012-05-01T04:09:43Z	Attribution-NonCommercial License	2012-04-07T18:47:59Z	Canon EOS 50D	44001163	Tunnel in Rockaway Beach - Queens	7130618297	[u'album covers', u'america', u'architecture', u'book covers', u'chris goldberg', u'chrisgold', u'chrisgoldny', u'chrisgoldphoto', u'chrisgoldphotos', u'far rockaway', u'for sale', u'gothamist', u'new york', u'newyorkcity', u'nyc', u'people', u'posters', u'qns', u'queens', u'queensnyc', u'rockaway', u'rockaway beach', u'shadows', u'tunnels', u'usa']
New York	[91646291, 2459115, 12589352, 2347591, 23424977, 56043648]	http://www.flickr.com/photos/34325628@N05/6984538122/			False	http://farm8.staticflickr.com/7223/6984538122_c96d1bf552.jpg	18	22526284ccf6ccfe8451be7d580d4b7	jpg	ChrisGoldNY	United States	2012-05-01T04:11:30Z	Attribution-NonCommercial License	2012-04-07T18:48:06Z	Canon EOS 50D	60635023	Tunnel in Rockaway Beach - Queens	6984538122	[u'album covers', u'america', u'architecture', u'book covers', u'chris goldberg', u'chrisgold', u'chrisgoldny', u'chrisgoldphoto', u'chrisgoldphotos', u'far rockaway', u'for sale', u'gothamist', u'new york', u'newyorkcity', u'nyc', u'people', u'posters', u'qns', u'queens', u'queensnyc', u'rockaway', u'rockaway beach', u'shadows', u'tunnels', u'usa']
New York	[2368455, 2459115, 12589352, 2347591, 12761894, 23424977, 56043648]	http://www.flickr.com/photos/34325628@N05/7130624129/			False	http://farm8.staticflickr.com/7227/7130624129_393f8af574.jpg	18	7b8a6dffedbd1d8c85854769f47545e7	jpg	ChrisGoldNY	United States	2012-05-01T04:12:08Z	Attribution-NonCommercial License	2012-04-07T18:49:00Z	Canon EOS 50D	89303401	Financial District Skyline & New World Trade Center Tower viewed from Marine Parkway Bridge, Rockaway Beach Queens	7130624129	[u'album covers', u'america', u'architecture', u'book covers', u'chris goldberg', u'chrisgold', u'chrisgoldny', u'chrisgoldphoto', u'chrisgoldphotos', u'far rockaway', u'financial district', u'for sale', u'gothamist', u'manhattan', u'new york', u'newyorkcity', u'nyc', u'posters', u'qns', u'queens', u'queensnyc', u'rockaway', u'rockaway beach', u'skylines', u'usa', u'water', u'world trade center']
New York	[2368455, 2459115, 12589352, 2347591, 12761894, 23424977, 56043648]	http://www.flickr.com/photos/34325628@N05/6984541794/			False	http://farm8.staticflickr.com/7055/6984541794_e0d6b3acd0.jpg	18	302a1d65484f62ea4b5d66ae91bed79	jpg	ChrisGoldNY	United States	2012-05-01T04:13:01Z	Attribution-NonCommercial License	2012-04-07T18:53:29Z	Canon EOS 50D	73370481	Gil Hodges Memorial Bridge / Marine Parkway Bridge - Brooklin to Far Rockaway, Queens NYC	6984541794	[u'album covers', u'america', u'architecture', u'bk', u'book covers', u'bridges', u'brooklyn', u'chris goldberg', u'chrisgold', u'chrisgoldny', u'chrisgoldphoto', u'chrisgoldphotos', u'far rockaway', u'for sale', u'gothamist', u'new york', u'newyorkcity', u'nyc', u'posters', u'qns', u'queens', u'queensnyc', u'rockaway', u'rockaway beach', u'usa', u'water']
New York	[91801527, 91983031, 2384115, 2459115, 12589335, 2347591, 12761742, 23424977, 56043648]	http://www.flickr.com/photos/34325628@N05/7130637899/			False	http://farm8.staticflickr.com/7268/7130637899_5ce662fe15.jpg	19	3edd6e764efdfd338893419e20bfea7	jpg	ChrisGoldNY	United States	2012-05-01T04:17:56Z	Attribution-NonCommercial License	2012-04-07T19:03:40Z	Canon EOS 50D	5745053	Coney Island Viewed from the Marine Parkway Bridge - Brooklyn	7130637899	[u'album covers', u'america', u'book covers', u'brooklyn', u'chris goldberg', u'chrisgold', u'chrisgoldny', u'chrisgoldphoto', u'chrisgoldphotos', u'clear', u'coney island', u'day', u'far rockaway', u'for sale', u'gil hodges memorial bridge', u'gothamist', u'mist', u'misty', u'new york', u'newyorkcity', u'nyc', u'parachute tower', u'posters', u'raritan bay', u'rockaway', u'rockaway beach', u'sunset', u'usa', u'water']
New York	[2368455, 2459115, 12589352, 2347591, 12761894, 23424977, 56043648]	http://www.flickr.com/photos/34325628@N05/7144128765/			False	http://farm9.staticflickr.com/8141/7144128765_c7c0587ceb.jpg	19	feccb9525584801d2ca79b57177da983	jpg	ChrisGoldNY	United States	2012-05-05T06:19:37Z	Attribution-NonCommercial License	2012-04-07T19:04:37Z	Canon EOS 50D	78080153	Patterns on the Gil Hodges Memorial Bridge - Marine Park Brooklyn to Rockaway Beach NYC	7144128765	[u'america', u'archicture', u'bridges', u'brooklyn', u'chris goldberg', u'chrisgold', u'chrisgoldny', u'chrisgoldphoto', u'chrisgoldphotos', u'city', u'curbed', u'gil hodges memorial bridge', u'gothamist', u'green', u'marine park', u'marine parkway', u'new york', u'newyorkcity', u'nyc', u'qns', u'queens', u'repetition', u'rockaway', u'rockaway beach', u'shadows', u'urban', u'usa']
New York	[91801527, 28751161, 2459115, 12589335, 2347591, 12761751, 23424977, 56043648]	http://www.flickr.com/photos/34325628@N05/7130641203/			False	http://farm8.staticflickr.com/7233/7130641203_0a6f2a858a.jpg	19	81d2ce3ad6cceaedbe5fc7bb212cecdc	jpg	ChrisGoldNY	United States	2012-05-01T04:19:27Z	Attribution-NonCommercial License	2012-04-07T19:06:40Z	Canon EOS 50D	77267990	Fisherman near Marine Park, Brooklyn	7130641203	[u'album covers', u'america', u'beaches', u'bk', u'book covers', u'brooklyn', u'challenge winners', u'chris goldberg', u'chrisgold', u'chrisgoldny', u'chrisgoldphoto', u'chrisgoldphotos', u'far rockaway', u'fishermen', u'for sale', u'gothamist', u'magichour', u'marine park', u'new york', u'newyorkcity', u'nyc', u'ocean', u'overhead', u'posters', u'rockaway', u'rockaway beach', u'sand', u'sea', u'shadows', u'the challenge factory', u'usa', u'water']
New York	[91801527, 28751161, 2459115, 12589335, 2347591, 12761751, 23424977, 56043648]	http://www.flickr.com/photos/34325628@N05/6984554996/			False	http://farm9.staticflickr.com/8013/6984554996_9da8254c11.jpg	19	c2ffe6da3ba489416e65e3d201aa79	jpg	ChrisGoldNY	United States	2012-05-01T04:18:36Z	Attribution-NonCommercial License	2012-04-07T19:06:51Z	Canon EOS 50D	66964867	Silhouette on the Beach Near Marine Park, Brooklyn	6984554996	[u'album covers', u'america', u'beaches', u'bk', u'book covers', u'brooklyn', u'chris goldberg', u'chrisgold', u'chrisgoldny', u'chrisgoldphoto', u'chrisgoldphotos', u'far rockaway', u'for sale', u'gothamist', u'horizons', u'magichour', u'marine park', u'new york', u'newyorkcity', u'nyc', u'posters', u'rockaway', u'rockaway beach', u'silhouettes', u'usa', u'water']
New York	[91801527, 28751161, 2459115, 12589335, 2347591, 12761751, 23424977, 56043648]	http://www.flickr.com/photos/34325628@N05/6984545696/			False	http://farm8.staticflickr.com/7078/6984545696_b770c5b043.jpg	19	38fdeefb4e29a12dc7888d18cdc9e05d	jpg	ChrisGoldNY	United States	2012-05-01T04:14:41Z	Attribution-NonCommercial License	2012-04-07T19:07:04Z	Canon EOS 50D	67197965	Fisherman near Marine Park, Brooklyn	6984545696	[u'album covers', u'america', u'beaches', u'bk', u'book covers', u'brooklyn', u'chris goldberg', u'chrisgold', u'chrisgoldny', u'chrisgoldphoto', u'chrisgoldphotos', u'far rockaway', u'fishermen', u'for sale', u'gothamist', u'magichour', u'marine park', u'new york', u'newyorkcity', u'nyc', u'ocean', u'overhead', u'posters', u'rockaway', u'rockaway beach', u'sand', u'sea', u'shadows', u'usa', u'vertical', u'water']
New York	[91801527, 28751161, 2459115, 12589335, 2347591, 12761751, 23424977, 56043648]	http://www.flickr.com/photos/34325628@N05/6984547536/			False	http://farm8.staticflickr.com/7059/6984547536_f176e64854.jpg	19	b3ec91dbfa13bccaccba3415c3f50d3	jpg	ChrisGoldNY	United States	2012-05-01T04:15:27Z	Attribution-NonCommercial License	2012-04-07T19:07:27Z	Canon EOS 50D	76490134	The Beach at Marine Park, Brooklyn	6984547536	[u'album covers', u'america', u'beaches', u'bk', u'book covers', u'branches', u'brooklyn', u'chris goldberg', u'chrisgold', u'chrisgoldny', u'chrisgoldphoto', u'chrisgoldphotos', u'far rockaway', u'for sale', u'gothamist', u'horizon', u'jamaica bay', u'magichour', u'new york', u'newyorkcity', u'nyc', u'posters', u'raritan bay', u'rockaway', u'rockaway beach', u'shrubs', u'usa', u'water']
New York	[91801527, 28751161, 2459115, 12589335, 2347591, 12761751, 23424977, 56043648]	http://www.flickr.com/photos/34325628@N05/7130633829/			False	http://farm8.staticflickr.com/7109/7130633829_2623c47378.jpg	19	91714c38f3344d6a46834feac7b4434	jpg	ChrisGoldNY	United States	2012-05-01T04:16:10Z	Attribution-NonCommercial License	2012-04-07T19:08:18Z	Canon EOS 50D	74785138	Winter Branches at Sunset - Marine Park, Brooklyn	7130633829	[u'album covers', u'bk', u'book covers', u'branches', u'brooklyn', u'chris goldberg', u'chrisgold', u'chrisgoldny', u'chrisgoldphotos', u'clouds', u'far rockaway', u'for sale', u'gothamist', u'new york', u'newyorkcity', u'nyc', u'parks', u'posters', u'rockaway', u'rockaway beach', u'sunset', u'trees', u'winter']
New York	[91801527, 28751161, 2459115, 12589335, 2347591, 12761751, 23424977, 56043648]	http://www.flickr.com/photos/34325628@N05/6984551344/			False	http://farm9.staticflickr.com/8005/6984551344_2fa90fbca4.jpg	19	ac6290285bec07ac88ab8f51d9d61	jpg	ChrisGoldNY	United States	2012-05-01T04:17:01Z	Attribution-NonCommercial License	2012-04-07T19:08:37Z	Canon EOS 50D	82330436	Winter Branches at Sunset - Marine Park, Brooklyn	6984551344	[u'album covers', u'america', u'bk', u'book covers', u'branches', u'brooklyn', u'chris goldberg', u'chrisgold', u'chrisgoldny', u'chrisgoldphoto', u'chrisgoldphotos', u'clear', u'day', u'far rockaway', u'for sale', u'gothamist', u'new york', u'newyorkcity', u'nyc', u'parks', u'posters', u'rockaway', u'rockaway beach', u'sunset', u'trees', u'usa', u'winter']
New York	[91801527, 28751161, 2459115, 12589335, 2347591, 12761751, 23424977, 56043648]	http://www.flickr.com/photos/34325628@N05/7144129683/			False	http://farm8.staticflickr.com/7084/7144129683_49162afb17.jpg	19	e1f2af32976240a9608094e57f114644	jpg	ChrisGoldNY	United States	2012-05-05T06:20:15Z	Attribution-NonCommercial License	2012-04-07T19:08:45Z	Canon EOS 50D	29476610	Gil Hodges Memorial Bridge Sign - Marine Parkway, Brooklyn NYC	7144129683	[u'america', u'bk', u'brooklyn', u'chris goldberg', u'chrisgold', u'chrisgoldny', u'chrisgoldphoto', u'chrisgoldphotos', u'city', u'gil hodges', u'gil hodges memorial bridge', u'gothamist', u'marine park', u'marine parkway', u'marine parkway bridge', u'new york', u'newyorkcity', u'nyc', u'signs', u'urban', u'usa', u'wooden']
New York	[91801527, 28751161, 2459115, 12589335, 2347591, 12761751, 23424977, 56043648]	http://www.flickr.com/photos/34325628@N05/6984552504/			False	http://farm9.staticflickr.com/8023/6984552504_ea19361b57.jpg	19	7c351f7319dc73ec076d13e9a801cc5	jpg	ChrisGoldNY	United States	2012-05-01T04:17:31Z	Attribution-NonCommercial License	2012-04-07T19:09:47Z	Canon EOS 50D	75275179	Toll Plaza at the Marine Parkway Bridge at Sunset Time - Brooklyn, NY	6984552504	[u'album covers', u'america', u'american flag', u'book covers', u'brooklyn', u'chris goldberg', u'chrisgold', u'chrisgoldny', u'chrisgoldphoto', u'chrisgoldphotos', u'far rockaway', u'flag', u'for sale', u'gil hodges memorial bridge', u'gothamist', u'highways', u'marine parkway bridge', u'new york', u'newyorkcity', u'nyc', u'posters', u'pow', u'rockaway', u'rockaway beach', u'sunset', u'toll booth', u'toll plaza', u'usa']
New York	[91801527, 28751161, 2459115, 12589335, 2347591, 12761751, 23424977, 56043648]	http://www.flickr.com/photos/34325628@N05/6987769012/			False	http://farm8.staticflickr.com/7185/6987769012_3673759fd1.jpg	19	5e81d7983b3db6ab31cada657efa2b6	jpg	ChrisGoldNY	United States	2012-05-02T00:35:20Z	Attribution-NonCommercial License	2012-04-07T19:12:51Z	Canon EOS 50D	42145914	Welcome to Brooklyn: How Sweet It Is! Sign - Marine Parkway, Brooklyn NYC	6987769012	[u'america', u'bk', u'brooklyn', u'chris goldberg', u'chrisgold', u'chrisgoldny', u'chrisgoldphoto', u'chrisgoldphotos', u'gothamist', u'green', u'how sweet it is', u'marine park', u'marine parkway', u'marty markowitz', u'mayor bloomberg', u'new york', u'newyorkcity', u'nyc', u'signs', u'usa', u'welcome', u'welcome to brooklyn']
New York	[91801527, 28751161, 2459115, 12589335, 2347591, 12761751, 23424977, 56043648]	http://www.flickr.com/photos/34325628@N05/7133853865/			False	http://farm8.staticflickr.com/7093/7133853865_f3973b0c9a.jpg	19	5673a890f09b1d30d3867cd0b98af95	jpg	ChrisGoldNY	United States	2012-05-02T00:35:52Z	Attribution-NonCommercial License	2012-04-07T19:16:56Z	Canon EOS 50D	84226021	Sunset in Marine Park, Brooklyn NYC	7133853865	[u'america', u'bk', u'branches', u'brooklyn', u'chris goldberg', u'chrisgold', u'chrisgoldny', u'chrisgoldphoto', u'chrisgoldphotos', u'clouds', u'gothamist', u'marine park', u'new york', u'newyorkcity', u'nyc', u'silhouettes', u'skies', u'sky', u'stop lights', u'sun', u'sunsets', u'traffic lights', u'usa']
New York	[91801527, 28751161, 2459115, 12589335, 2347591, 12761751, 23424977, 56043648]	http://www.flickr.com/photos/34325628@N05/7133854573/			False	http://farm8.staticflickr.com/7037/7133854573_ecb3dbec45.jpg	19	dfb315f62498e97356990233a6987f2	jpg	ChrisGoldNY	United States	2012-05-02T00:36:09Z	Attribution-NonCommercial License	2012-04-07T19:24:27Z	Canon EOS 50D	51857769	Sunset in Marine Park, Brooklyn NYC	7133854573	[u'america', u'bk', u'brooklyn', u'chris goldberg', u'chrisgold', u'chrisgoldny', u'chrisgoldphoto', u'chrisgoldphotos', u'clouds', u'gothamist', u'marine park', u'new york', u'newyorkcity', u'nyc', u'signs', u'silhouettes', u'sun', u'sunsets', u'traffic lights', u'usa']
New York	[91801527, 28751161, 2459115, 12589335, 2347591, 12761751, 23424977, 56043648]	http://www.flickr.com/photos/34325628@N05/7133856423/			False	http://farm8.staticflickr.com/7224/7133856423_1a2c165c6e.jpg	19	24e79d8cb2623cc57a9fb7ad0bdd490	jpg	ChrisGoldNY	United States	2012-05-02T00:36:51Z	Attribution-NonCommercial License	2012-04-07T19:25:17Z	Canon EOS 50D	97282172	Sunset in Marine Park, Brooklyn NYC	7133856423	[u'america', u'bk', u'brooklyn', u'chris goldberg', u'chrisgold', u'chrisgoldny', u'chrisgoldphoto', u'chrisgoldphotos', u'clouds', u'gothamist', u'marine park', u'new york', u'newyorkcity', u'nyc', u'silhouettes', u'skies', u'sky', u'sun', u'sunsets', u'usa']
New York	[91801527, 28751161, 2459115, 12589335, 2347591, 12761751, 23424977, 56043648]	http://www.flickr.com/photos/34325628@N05/6987772062/			False	http://farm9.staticflickr.com/8155/6987772062_f7e330b146.jpg	19	90aad53dca7a825dd9a22b57204463cd	jpg	ChrisGoldNY	United States	2012-05-02T00:36:33Z	Attribution-NonCommercial License	2012-04-07T19:25:30Z	Canon EOS 50D	86361080	Sunset in Marine Park, Brooklyn NYC	6987772062	[u'america', u'bk', u'brooklyn', u'chris goldberg', u'chrisgold', u'chrisgoldny', u'chrisgoldphoto', u'chrisgoldphotos', u'clouds', u'gothamist', u'marine park', u'new york', u'newyorkcity', u'nyc', u'silhouettes', u'skies', u'sky', u'sun', u'sunsets', u'usa']
New York	[91646085, 91801527, 2459115, 12589335, 2347591, 12761751, 23424977, 56043648]	http://www.flickr.com/photos/34325628@N05/7133857515/			False	http://farm8.staticflickr.com/7125/7133857515_dc08f0b896.jpg	19	b03239993ed64d70db63faefe4e828b1	jpg	ChrisGoldNY	United States	2012-05-02T00:37:16Z	Attribution-NonCommercial License	2012-04-07T19:26:41Z	Canon EOS 50D	83996323	Sunset Through a Chainlink Fence & The Verrazano Narrows Bridge - Brooklyn, NY	7133857515	[u'america', u'architecture', u'bk', u'bridges', u'brooklyn', u'chris goldberg', u'chrisgold', u'chrisgoldny', u'chrisgoldphoto', u'chrisgoldphotos', u'fences', u'gothamist', u'new york', u'newyorkcity', u'nyc', u'orange', u'sun', u'sunsets', u'usa', u'verrazano', u'verrazano bridge', u'verrazano narrows bridge']
New York	[91801527, 91646085, 2459115, 12589335, 2347591, 12761751, 23424977, 56043648]	http://www.flickr.com/photos/34325628@N05/6987776186/			False	http://farm9.staticflickr.com/8158/6987776186_a013979435.jpg	19	4fc06589b79a77e6499fe1befd940a9	jpg	ChrisGoldNY	United States	2012-05-02T00:38:09Z	Attribution-NonCommercial License	2012-04-07T19:29:08Z	Canon EOS 50D	92498739	Tree Branch Silhouettes at Sunset - Brooklyn NYC	6987776186	[u'bk', u'branches', u'brooklyn', u'chris goldberg', u'chrisgold', u'chrisgoldny', u'chrisgoldphotos', u'clouds', u'cloudy', u'day', u'gothamist', u'magichour', u'nature', u'new york', u'newyorkcity', u'nyc', u'sunset', u'trees']
New York	[91801527, 91646085, 2459115, 12589335, 2347591, 12761751, 23424977, 56043648]	http://www.flickr.com/photos/34325628@N05/6987777428/			False	http://farm8.staticflickr.com/7048/6987777428_e44692df91.jpg	19	184d251cc4a187f668b31a593df72e40	jpg	ChrisGoldNY	United States	2012-05-02T00:38:35Z	Attribution-NonCommercial License	2012-04-07T19:31:34Z	Canon EOS 50D	76801755	Electric Wires and Pink Clouds - Brooklyn, NYC	6987777428	[u'america', u'bk', u'brooklyn', u'chris goldberg', u'chrisgold', u'chrisgoldny', u'chrisgoldphoto', u'chrisgoldphotos', u'clouds', u'cloudy', u'colorful', u'day', u'electric', u'gothamist', u'magichour', u'new york', u'newyorkcity', u'nyc', u'pink', u'skies', u'sky', u'usa', u'wires']
New York	[91801527, 91983031, 2459115, 12589335, 2347591, 12761752, 23424977, 56204801, 56043648]	http://www.flickr.com/photos/34325628@N05/7144130945/			False	http://farm8.staticflickr.com/7075/7144130945_5cd5d0a7d6.jpg	19	3143b1ec8f7b10f7b11baae58b24a2a	jpg	ChrisGoldNY	United States	2012-05-05T06:21:07Z	Attribution-NonCommercial License	2012-04-07T19:59:48Z	Canon EOS 50D	98171917	Shoe Store on Brighton Beach Avenue - Brighton Beach, Brooklyn	7144130945	[u'america', u'art', u'bk', u'brighton', u'brighton beach', u'brooklyn', u'chris goldberg', u'chrisgold', u'chrisgoldny', u'chrisgoldphoto', u'chrisgoldphotos', u'city', u'consumerist', u'gothamist', u'new york', u'newyorkcity', u'nyc', u'shoes', u'shoes stores', u'shopping', u'shops', u'stores', u'urban', u'usa', u'windows']
New York	[91801527, 2459115, 12589335, 2347591, 12761742, 23424977, 56204680, 56043648]	http://www.flickr.com/photos/34325628@N05/7144131301/			False	http://farm8.staticflickr.com/7064/7144131301_482c4b8f76.jpg	20	e9128254acee3a7c95c9d2fb77bcdaf2	jpg	ChrisGoldNY	United States	2012-05-05T06:21:22Z	Attribution-NonCommercial License	2012-04-07T20:08:05Z	Canon EOS 50D	62572728	Volna Russian Restaurant - Brighton Beach Boardwalk, Brooklyn	7144131301	[u'awning', u'bk', u'black and white', u'boardwalk', u'brighton beach', u'brooklyn', u'bw', u'chairs', u'challenge winners', u'chris goldberg', u'chrisgold', u'chrisgoldny', u'chrisgoldphotos', u'city', u'eater', u'friendly challenges', u'friendly challenges sweep', u'gothamist', u'new york', u'newyorkcity', u'night', u'nyc', u'restaurants', u'russian', u'tables', u'urban', u'volna', u'wood']
New York	[91801527, 2459115, 12589335, 2347591, 12761742, 23424977, 56204680, 56043648]	http://www.flickr.com/photos/34325628@N05/6998046608/			False	http://farm8.staticflickr.com/7206/6998046608_bd2b7febcb.jpg	20	24f81e9bafe2ebc2af916b8e4eda65b	jpg	ChrisGoldNY	United States	2012-05-05T06:21:53Z	Attribution-NonCommercial License	2012-04-07T20:38:52Z	Canon EOS 50D	65257841	Meatball Soup at Tatiana - Brighton Beach, Brookltn	6998046608	[u'america', u'appetizers', u'bk', u'bowls', u'brighton beach', u'brooklyn', u'chris goldberg', u'chrisgold', u'chrisgoldny', u'chrisgoldphoto', u'chrisgoldphotos', u'eater', u'food', u'gothamist', u'meals', u'meatball soup', u'meatballs', u'new york', u'newyorkcity', u'nyc', u'restaurant', u'restaurants', u'soup', u'spoons', u'tatiana', u'usa', u'yummy']
New York	[91801527, 2459115, 12589335, 2347591, 12761742, 23424977, 56204680, 56043648]	http://www.flickr.com/photos/34325628@N05/7144133975/			False	http://farm9.staticflickr.com/8152/7144133975_0938e98343.jpg	20	6172868a1c93b44a5ac7da12787143c7	jpg	ChrisGoldNY	United States	2012-05-05T06:23:09Z	Attribution-NonCommercial License	2012-04-07T20:42:18Z	Canon EOS 50D	78876172	Vereniki with Berries & Sour Cream at Tatiana - Brighton Beach, Brooklyn	7144133975	[u'america', u'appetizers', u'berries', u'bk', u'brighton beach', u'brooklyn', u'chris goldberg', u'chrisgold', u'chrisgoldny', u'chrisgoldphoto', u'chrisgoldphotos', u'dinner', u'dishes', u'dumplngs', u'eater', u'food', u'gothamist', u'meals', u'new york', u'newyorkcity', u'nyc', u'plates', u'restaurant', u'russian', u'sour cream', u'tatiana', u'usa', u'vereniki', u'yummy']
New York	[91801527, 2459115, 12589335, 2347591, 12761742, 23424977, 56204680, 56043648]	http://www.flickr.com/photos/34325628@N05/6998049416/			False	http://farm8.staticflickr.com/7078/6998049416_fa76dc1f1b.jpg	21	12fc13ab78bd51e16715d25432d45367	jpg	ChrisGoldNY	United States	2012-05-05T06:23:45Z	Attribution-NonCommercial License	2012-04-07T21:17:18Z	Canon EOS 50D	51858710	Breaded Chicken "Under a Brick" at Tatiana - Brighton Beach, Brooklyn	6998049416	[u'america', u'bk', u'brighton beach', u'brooklyn', u'chicken', u'chris goldberg', u'chrisgold', u'chrisgoldny', u'chrisgoldphoto', u'chrisgoldphotos', u'dinner', u'dishes', u'eater', u'food', u'french fries', u'gothamist', u'meals', u'new york', u'newyorkcity', u'nyc', u'plates', u'restaurant', u'russian', u'salad', u'tatiana', u'traditional', u'under a brick', u'usa']
New York	[91801527, 2459115, 12589335, 2347591, 12761742, 23424977, 56204680, 56043648]	http://www.flickr.com/photos/34325628@N05/7144136017/			False	http://farm8.staticflickr.com/7092/7144136017_ca445ef7a6.jpg	21	49e781c95deeb2ad26746f63e2e67	jpg	ChrisGoldNY	United States	2012-05-05T06:24:30Z	Attribution-NonCommercial License	2012-04-07T21:17:25Z	Canon EOS 50D	85037458	Beef Stroganoff at Tatiana - Brighton Beach, Brooklyn	7144136017	[u'america', u'beef', u'beef stroganoff', u'bk', u'brighton beach', u'brooklyn', u'cherry tomatoes', u'chris goldberg', u'chrisgold', u'chrisgoldny', u'chrisgoldphoto', u'chrisgoldphotos', u'dinner', u'dishes', u'eater', u'food', u'gothamist', u'mashed potatoes', u'meals', u'meat', u'new york', u'newyorkcity', u'nyc', u'restaurant', u'russian', u'stroganoff', u'tatiana', u'tomoatoes', u'traditional', u'usa']
New York	[91801527, 2459115, 12589335, 2347591, 12761742, 23424977, 56204680, 56043648]	http://www.flickr.com/photos/34325628@N05/7144137441/			False	http://farm8.staticflickr.com/7086/7144137441_f3d21cf95c.jpg	21	c9d01ff847fa19aec0be37d02783a0ef	jpg	ChrisGoldNY	United States	2012-05-05T06:25:25Z	Attribution-NonCommercial License	2012-04-07T21:59:52Z	Canon EOS 50D	69218925	Russian Singer at Tatiana - Brighton Beach, Brooklyn	7144137441	[u'america', u'bk', u'bluegreen', u'brighton beach', u'chris goldberg', u'chrisgold', u'chrisgoldny', u'chrisgoldphoto', u'chrisgoldphotos', u'concerts', u'eater', u'gothamist', u'lighting', u'men', u'music', u'musicians', u'new york', u'newyorkcity', u'nyc', u'people', u'restaurants', u'russian', u'singers', u'tatiana', u'usa']
New York	[91801527, 2459115, 12589335, 2347591, 12761742, 23424977, 56204680, 56043648]	http://www.flickr.com/photos/34325628@N05/6998053180/			False	http://farm8.staticflickr.com/7104/6998053180_c9fb37bdb6.jpg	22	90d6d8c6a305eb2fcddb67c6fa6fef4	jpg	ChrisGoldNY	United States	2012-05-05T06:26:07Z	Attribution-NonCommercial License	2012-04-07T22:00:14Z	Canon EOS 50D	91351485	Russian Singer at Tatiana - Brighton Beach, Brooklyn	6998053180	[u'bk', u'brighton beach', u'chris goldberg', u'chrisgold', u'chrisgoldny', u'chrisgoldphotos', u'colors', u'concerts', u'eater', u'gothamist', u'lighting', u'men', u'music', u'musicians', u'new york', u'newyorkcity', u'nyc', u'people', u'pink', u'restaurants', u'russian', u'singers', u'tatiana']
New York	[91801527, 2459115, 12589335, 2347591, 12761742, 23424977, 56204680, 56043648]	http://www.flickr.com/photos/34325628@N05/7144139277/			False	http://farm8.staticflickr.com/7224/7144139277_1358da01c2.jpg	22	218a9c69b14ea7a47e5a99a43d4d6d	jpg	ChrisGoldNY	United States	2012-05-05T06:26:33Z	Attribution-NonCommercial License	2012-04-07T22:03:26Z	Canon EOS 50D	4420983	Chandelier at Tatiana in Brighton Beach, Brooklyn NYC	7144139277	[u'america', u'architecture', u'beautiful', u'bk', u'brighton beach', u'brooklyn', u'chandeliers', u'chris goldberg', u'chrisgold', u'chrisgoldny', u'chrisgoldphoto', u'chrisgoldphotos', u'design', u'eater', u'gothamist', u'lighting design', u'lights', u'new york', u'newyorkcity', u'nyc', u'reflections', u'restaurant', u'russian', u'tatiana', u'usa']
