town_s	woe_is	urlpage_s	machine_ss	desc_ws	video_b	url_s	hour_i	hash_s	ext_s	user_s	country_s	upload_dt	license_s	taken_dt	device_s	line_i	title_s	id	tag_ss
New York	[91801527, 91982379, 2459115, 12589335, 2347591, 12761719, 23424977, 56204722, 56043648]	http://www.flickr.com/photos/9341577@N08/3090040184/		Over 11,500 American men and women died of overcrowding, contaminated water, starvation, and disease aboard the british prison ships. Their bodies are in the crypt next to the monument in Ft. Greene Park, Brooklyn.	False	http://farm4.staticflickr.com/3081/3090040184_cf9b8dd7bb.jpg	11	62fea549596eb8540e91c1d41510e8	jpg	flickr4jazz	United States	2008-12-07T17:11:48Z	Attribution License	2008-12-07T11:40:02Z	NIKON CORPORATION NIKON D700	64742743	Prison Ship Martyrs' Monument and Crypt, Ft. Greene, NYC	3090040184	[u'memorials', u'military', u'new york', u'united states']
New York	[91801527, 91982379, 2459115, 12589335, 2347591, 12761719, 23424977, 56204722, 56043648]	http://www.flickr.com/photos/9341577@N08/3089204885/		Over 11,500 American men and women died of overcrowding, contaminated water, starvation, and disease aboard the british prison ships. Their bodies are in the crypt next to the monument in Ft. Greene Park, Brooklyn.	False	http://farm4.staticflickr.com/3053/3089204885_fc8a3e4f79.jpg	11	6d48d37dc6a92b6df8622eeed63f4d	jpg	flickr4jazz	United States	2008-12-07T17:12:31Z	Attribution License	2008-12-07T11:40:03Z	NIKON CORPORATION NIKON D700	80134740	Prison Ship Martyrs' Monument and Crypt, Ft. Greene, NYC	3089204885	[u'memorials', u'military', u'new york', u'united states']
New York	[91801527, 91982379, 2459115, 12589335, 2347591, 12761719, 23424977, 56204722, 56043648]	http://www.flickr.com/photos/9341577@N08/3090043672/		Over 11,500 American men and women died of overcrowding, contaminated water, starvation, and disease aboard the british prison ships. Their bodies are in the crypt next to the monument in Ft. Greene Park, Brooklyn.	False	http://farm4.staticflickr.com/3219/3090043672_9789f193da.jpg	11	d395fde7afc53d72eb1128a6b6fc1e3e	jpg	flickr4jazz	United States	2008-12-07T17:13:09Z	Attribution License	2008-12-07T11:40:05Z	NIKON CORPORATION NIKON D700	99586131	Prison Ship Martyrs' Monument and Crypt, Ft. Greene, NYC	3090043672	[u'memorials', u'military', u'new york', u'united states']
New York	[91801527, 91982379, 2459115, 12589335, 2347591, 12761719, 23424977, 56204722, 56043648]	http://www.flickr.com/photos/9341577@N08/3089216391/		Over 11,500 American men and women died of overcrowding, contaminated water, starvation, and disease aboard the british prison ships. Their bodies are in the crypt next to the monument in Ft. Greene Park, Brooklyn.	False	http://farm4.staticflickr.com/3101/3089216391_8abf97dcc5.jpg	11	48eb59ac70bba569cde637f43af067a	jpg	flickr4jazz	United States	2008-12-07T17:17:00Z	Attribution License	2008-12-07T11:40:11Z	NIKON CORPORATION NIKON D700	97698337	Prison Ship Martyrs' Monument and Crypt, Ft. Greene, NYC	3089216391	[u'memorials', u'military', u'new york', u'united states']
New York	[91801527, 91982379, 2459115, 12589335, 2347591, 12761719, 23424977, 56204722, 56043648]	http://www.flickr.com/photos/9341577@N08/3090054154/		Over 11,500 American men and women died of overcrowding, contaminated water, starvation, and disease aboard the british prison ships. Their bodies are in the crypt next to the monument in Ft. Greene Park, Brooklyn.	False	http://farm4.staticflickr.com/3012/3090054154_0408b25873.jpg	11	978547ccd11a73ebce2b721f3e2cb7a	jpg	flickr4jazz	United States	2008-12-07T17:17:17Z	Attribution License	2008-12-07T11:40:13Z	NIKON CORPORATION NIKON D700	63388785	Prison Ship Martyrs' Monument and Crypt, Ft. Greene, NYC	3090054154	[u'memorials', u'military', u'new york', u'united states']
New York	[91801527, 91982379, 2459115, 12589335, 2347591, 12761719, 23424977, 56204722, 56043648]	http://www.flickr.com/photos/9341577@N08/3089218637/		Over 11,500 American men and women died of overcrowding, contaminated water, starvation, and disease aboard the british prison ships. Their bodies are in the crypt next to the monument in Ft. Greene Park, Brooklyn.	False	http://farm4.staticflickr.com/3180/3089218637_df76df0393.jpg	11	f457151dd25ba6c7a3b3ddf34205e77	jpg	flickr4jazz	United States	2008-12-07T17:17:50Z	Attribution License	2008-12-07T11:40:14Z	NIKON CORPORATION NIKON D700	71976515	Prison Ship Martyrs' Monument and Crypt, Ft. Greene, NYC	3089218637	[u'memorials', u'military', u'new york', u'united states']
New York	[91801527, 91982379, 2459115, 12589335, 2347591, 12761735, 23424977, 23493551, 56043648]	http://www.flickr.com/photos/9341577@N08/3089220821/		There was something mounted on this platform at one time. My guess is that it was a cannon.	False	http://farm4.staticflickr.com/3270/3089220821_f6933d47f6.jpg	11	b678f59ce27c833933e309d0887a20	jpg	flickr4jazz	United States	2008-12-07T17:18:38Z	Attribution License	2008-12-07T11:40:15Z	NIKON CORPORATION NIKON D700	96492622	Prison Ship Martyrs' Monument and Crypt, Ft. Greene, NYC	3089220821	[u'memorials', u'military', u'new york', u'united states']
New York	[91801527, 91982379, 2459115, 12589335, 2347591, 12761735, 23424977, 23493551, 56043648]	http://www.flickr.com/photos/9341577@N08/3090059602/		There was something mounted on this platform at one time. My guess is that it was a cannon.	False	http://farm4.staticflickr.com/3222/3090059602_5a70fe975b.jpg	11	58dc80154c9b41f73f7df970bc4339	jpg	flickr4jazz	United States	2008-12-07T17:19:19Z	Attribution License	2008-12-07T11:40:16Z	NIKON CORPORATION NIKON D700	87245848	Prison Ship Martyrs' Monument and Crypt, Ft. Greene, NYC	3090059602	[u'memorials', u'military', u'new york', u'united states']
New York	[91801527, 91982379, 2459115, 12589335, 2347591, 12761735, 23424977, 23493551, 56043648]	http://www.flickr.com/photos/9341577@N08/3089224413/		There was something mounted on this platform at one time. My guess is that it was a cannon.  You can see the mounting bolts here.	False	http://farm4.staticflickr.com/3015/3089224413_5264cf8dfe.jpg	11	e5ac44ab25bd702f139e48f2c3325f1	jpg	flickr4jazz	United States	2008-12-07T17:19:57Z	Attribution License	2008-12-07T11:40:17Z	NIKON CORPORATION NIKON D700	89726013	Prison Ship Martyrs' Monument and Crypt, Ft. Greene, NYC	3089224413	[u'memorials', u'military', u'new york', u'united states']
New York	[91801527, 91982379, 2459115, 12589335, 2347591, 12761735, 23424977, 23493551, 56043648]	http://www.flickr.com/photos/9341577@N08/3089226733/		Over 11,500 American men and women died of overcrowding, contaminated water, starvation, and disease aboard the british prison ships. Their bodies are in the crypt next to the monument in Ft. Greene Park, Brooklyn.	False	http://farm4.staticflickr.com/3192/3089226733_ca058ecd8e.jpg	11	43bb90aed36354adabdd906e7e2e11ab	jpg	flickr4jazz	United States	2008-12-07T17:20:47Z	Attribution License	2008-12-07T11:40:18Z	NIKON CORPORATION NIKON D700	72345288	Prison Ship Martyrs' Monument and Crypt, Ft. Greene, NYC	3089226733	[u'memorials', u'military', u'new york', u'united states']
New York	[91801527, 91982379, 2459115, 12589335, 2347591, 12761735, 23424977, 23493551, 56043648]	http://www.flickr.com/photos/9341577@N08/3089228559/		Over 11,500 American men and women died of overcrowding, contaminated water, starvation, and disease aboard the british prison ships. Their bodies are in the crypt next to the monument in Ft. Greene Park, Brooklyn.	False	http://farm4.staticflickr.com/3255/3089228559_d02cfce981.jpg	11	ef97718c32114b71aad65bde28a6a44f	jpg	flickr4jazz	United States	2008-12-07T17:21:26Z	Attribution License	2008-12-07T11:40:19Z	NIKON CORPORATION NIKON D700	84823124	Prison Ship Martyrs' Monument and Crypt, Ft. Greene, NYC	3089228559	[u'memorials', u'military', u'new york', u'united states']
New York	[91801527, 91982379, 2459115, 12589335, 2347591, 12761735, 23424977, 23493551, 56043648]	http://www.flickr.com/photos/9341577@N08/3089231069/		Over 11,500 American men and women died of overcrowding, contaminated water, starvation, and disease aboard the british prison ships. Their bodies are in the crypt next to the monument in Ft. Greene Park, Brooklyn.	False	http://farm4.staticflickr.com/3167/3089231069_cb53502256.jpg	11	27678e2e3df6b309daf12d43422aae0	jpg	flickr4jazz	United States	2008-12-07T17:22:19Z	Attribution License	2008-12-07T11:40:20Z	NIKON CORPORATION NIKON D700	62369698	Prison Ship Martyrs' Monument and Crypt, Ft. Greene, NYC	3089231069	[u'memorials', u'military', u'new york', u'united states']
New York	[91801527, 91982379, 2459115, 12589335, 2347591, 12761735, 23424977, 23493551, 56043648]	http://www.flickr.com/photos/9341577@N08/3090071190/		Over 11,500 American men and women died of overcrowding, contaminated water, starvation, and disease aboard the british prison ships. Their bodies are in the crypt next to the monument in Ft. Greene Park, Brooklyn.	False	http://farm4.staticflickr.com/3046/3090071190_c93f1c059f.jpg	11	fe5725392918ab293796bdec1ae1e52	jpg	flickr4jazz	United States	2008-12-07T17:23:33Z	Attribution License	2008-12-07T11:40:21Z	NIKON CORPORATION NIKON D700	75330176	Prison Ship Martyrs' Monument and Crypt, Ft. Greene, NYC	3090071190	[u'memorials', u'military', u'new york', u'united states']
New York	[91801527, 91982379, 2459115, 12589335, 2347591, 12761735, 23424977, 23493551, 56043648]	http://www.flickr.com/photos/9341577@N08/3090069392/		Over 11,500 American men and women died of overcrowding, contaminated water, starvation, and disease aboard the british prison ships. Their bodies are in the crypt next to the monument in Ft. Greene Park, Brooklyn.	False	http://farm4.staticflickr.com/3294/3090069392_58972d8def.jpg	11	f8fb157ddabf8d96580dc696dcd9dd	jpg	flickr4jazz	United States	2008-12-07T17:22:51Z	Attribution License	2008-12-07T11:40:23Z	NIKON CORPORATION NIKON D700	62424635	Prison Ship Martyrs' Monument and Crypt, Ft. Greene, NYC	3090069392	[u'memorials', u'military', u'new york', u'united states']
New York	[91801527, 91982379, 2459115, 12589335, 2347591, 12761719, 23424977, 56204722, 56043648]	http://www.flickr.com/photos/9341577@N08/3090072956/		Over 11,500 American men and women died of overcrowding, contaminated water, starvation, and disease aboard the british prison ships. Their bodies are in the crypt next to the monument in Ft. Greene Park, Brooklyn.	False	http://farm4.staticflickr.com/3229/3090072956_0bf04c1a2e.jpg	11	55435dd2ed244c5262475f3afc407f60	jpg	flickr4jazz	United States	2008-12-07T17:24:10Z	Attribution License	2008-12-07T11:40:24Z	NIKON CORPORATION NIKON D700	30884703	Prison Ship Martyrs' Monument and Crypt, Ft. Greene, NYC	3090072956	[u'memorials', u'military', u'new york', u'united states']
New York	[91801527, 91982379, 2459115, 12589335, 2347591, 12761735, 23424977, 56204721, 56043648]	http://www.flickr.com/photos/9341577@N08/3090223408/			False	http://farm4.staticflickr.com/3261/3090223408_3375998c4d.jpg	12	b12071f6df95cfb6b86a7e2a9723893	jpg	flickr4jazz	United States	2008-12-07T18:18:55Z	Attribution License	2008-12-07T12:54:01Z	NIKON CORPORATION NIKON D700	98049246	New York City day trip, Dec 6, 2008	3090223408	[u'new york', u'united states']
New York	[91801527, 91982379, 2459115, 12589335, 2347591, 12761735, 23424977, 56204721, 56043648]	http://www.flickr.com/photos/9341577@N08/3090225020/			False	http://farm4.staticflickr.com/3050/3090225020_1e3a9907e9.jpg	12	d21aed1ed32164b798c4ad30d1fe6243	jpg	flickr4jazz	United States	2008-12-07T18:19:29Z	Attribution License	2008-12-07T12:54:02Z	NIKON CORPORATION NIKON D700	90476626	New York City day trip, Dec 6, 2008	3090225020	[u'new york', u'united states']
New York	[91801527, 91982379, 2459115, 12589335, 2347591, 12761735, 23424977, 56204721, 56043648]	http://www.flickr.com/photos/9341577@N08/3089389171/			False	http://farm4.staticflickr.com/3201/3089389171_0d5c358a0b.jpg	12	62d8e3198db51858e04e358cd844d12a	jpg	flickr4jazz	United States	2008-12-07T18:20:08Z	Attribution License	2008-12-07T12:54:03Z	NIKON CORPORATION NIKON D700	64212443	New York City day trip, Dec 6, 2008	3089389171	[u'new york', u'united states']
New York	[91801527, 91982379, 2459115, 12589335, 2347591, 12761735, 23424977, 56204721, 56043648]	http://www.flickr.com/photos/9341577@N08/3090228390/			False	http://farm4.staticflickr.com/3070/3090228390_b759444371.jpg	12	5dcb2e4b33736a30b829016c862f62d	jpg	flickr4jazz	United States	2008-12-07T18:20:47Z	Attribution License	2008-12-07T12:54:04Z	NIKON CORPORATION NIKON D700	81240872	New York City day trip, Dec 6, 2008	3090228390	[u'new york', u'united states']
New York	[91801527, 91982379, 2459115, 12589335, 2347591, 12761735, 23424977, 56204721, 56043648]	http://www.flickr.com/photos/9341577@N08/3090230012/			False	http://farm4.staticflickr.com/3089/3090230012_dc45f8867c.jpg	12	511454d3e8483c3e895392951cd43f	jpg	flickr4jazz	United States	2008-12-07T18:21:23Z	Attribution License	2008-12-07T12:54:05Z	NIKON CORPORATION NIKON D700	97296590	New York City day trip, Dec 6, 2008	3090230012	[u'new york', u'united states']
New York	[91801527, 91982379, 2459115, 12589335, 2347591, 12761719, 23424977, 56204722, 56043648]	http://www.flickr.com/photos/9341577@N08/3089393881/			False	http://farm4.staticflickr.com/3150/3089393881_3eab9f89c1.jpg	12	433ffdc24f651bf4aaaeeb1e50cd1130	jpg	flickr4jazz	United States	2008-12-07T18:21:55Z	Attribution License	2008-12-07T12:54:06Z	NIKON CORPORATION NIKON D700	77522097	New York City day trip, Dec 6, 2008	3089393881	[u'new york', u'united states']
New York	[91801527, 56064096, 91982379, 2459115, 12589335, 2347591, 12761719, 23424977, 56043648]	http://www.flickr.com/photos/9341577@N08/3090232570/			False	http://farm4.staticflickr.com/3178/3090232570_2500582930.jpg	12	40daf28ef02bc4fefe642afa4419be1b	jpg	flickr4jazz	United States	2008-12-07T18:22:24Z	Attribution License	2008-12-07T12:54:07Z	NIKON CORPORATION NIKON D700	99581964	New York City day trip, Dec 6, 2008	3090232570	[u'new york', u'united states']
New York	[91801527, 56064096, 91982379, 2459115, 12589335, 2347591, 12761719, 23424977, 56043648]	http://www.flickr.com/photos/9341577@N08/3090234036/		Juniors Restaurant and Bakery is known for their cheesecakes.	False	http://farm4.staticflickr.com/3219/3090234036_38718eec3e.jpg	12	99fa81223a9b6b16f9bf3223706b3e98	jpg	flickr4jazz	United States	2008-12-07T18:22:59Z	Attribution License	2008-12-07T12:54:09Z	NIKON CORPORATION NIKON D700	14009144	New York City day trip, Dec 6, 2008	3090234036	[u'new york', u'united states']
New York	[56064096, 91801527, 91982379, 2459115, 12589335, 2347591, 12761719, 23424977, 56043648]	http://www.flickr.com/photos/9341577@N08/3089398313/		Juniors Restaurant and Bakery is known for their cheesecakes.	False	http://farm4.staticflickr.com/3213/3089398313_c5ea47ed4b.jpg	12	abd679516b631e026ef9f3ba42265d5	jpg	flickr4jazz	United States	2008-12-07T18:23:39Z	Attribution License	2008-12-07T12:54:10Z	NIKON CORPORATION NIKON D700	76942771	New York City day trip, Dec 6, 2008	3089398313	[u'new york', u'united states']
New York	[56064096, 91801527, 91982379, 2459115, 12589335, 2347591, 12761719, 23424977, 56043648]	http://www.flickr.com/photos/9341577@N08/3089399591/		Juniors Restaurant and Bakery is known for their cheesecakes. My Cheese Blintzes breakfast.	False	http://farm4.staticflickr.com/3028/3089399591_39e3b2f8bc.jpg	12	5b5cec90567058e1d6834b584559f2f	jpg	flickr4jazz	United States	2008-12-07T18:24:09Z	Attribution License	2008-12-07T12:54:11Z	NIKON CORPORATION NIKON D700	16416070	New York City day trip, Dec 6, 2008	3089399591	[u'new york', u'united states']
New York	[23682902, 28751381, 2459115, 12589342, 2347591, 12761367, 23424977, 56043648]	http://www.flickr.com/photos/9341577@N08/3090239116/		NYC Fire Department on a call in Times Square.	False	http://farm4.staticflickr.com/3068/3090239116_0aa4acf498.jpg	12	a4f66cc25b17a6138c115a2a3332f19	jpg	flickr4jazz	United States	2008-12-07T18:24:43Z	Attribution License	2008-12-07T12:54:12Z	NIKON CORPORATION NIKON D700	98170431	New York City day trip, Dec 6, 2008	3090239116	[u'new york', u'united states']
New York	[23682902, 28751381, 2459115, 12589342, 2347591, 12761367, 23424977, 56043648]	http://www.flickr.com/photos/9341577@N08/3089402283/		NYC Fire Department on a call in Times Square.	False	http://farm4.staticflickr.com/3050/3089402283_57c7a1a0c3.jpg	12	6ff56c8cb3bcf4de2e16c4b83cb2f368	jpg	flickr4jazz	United States	2008-12-07T18:25:08Z	Attribution License	2008-12-07T12:54:13Z	NIKON CORPORATION NIKON D700	85730532	New York City day trip, Dec 6, 2008	3089402283	[u'new york', u'united states']
New York	[23682902, 28751381, 2459115, 12589342, 2347591, 12761367, 23424977, 56043648]	http://www.flickr.com/photos/9341577@N08/3090242384/		NYC Fire Department on a call in Times Square.	False	http://farm4.staticflickr.com/3127/3090242384_5a50e28475.jpg	12	8fae39880376bfdf1dfdb8a7f9dcb	jpg	flickr4jazz	United States	2008-12-07T18:25:55Z	Attribution License	2008-12-07T12:54:14Z	NIKON CORPORATION NIKON D700	72232969	New York City day trip, Dec 6, 2008	3090242384	[u'new york', u'united states']
New York	[23682902, 28751381, 2459115, 12589342, 2347591, 12761367, 23424977, 56043648]	http://www.flickr.com/photos/9341577@N08/3089406047/		NYC Fire Department on a call in Times Square.	False	http://farm4.staticflickr.com/3155/3089406047_52a2af0dcc.jpg	12	ebb9bbd662f8fc6ed6446822b723864	jpg	flickr4jazz	United States	2008-12-07T18:26:28Z	Attribution License	2008-12-07T12:54:15Z	NIKON CORPORATION NIKON D700	63423178	New York City day trip, Dec 6, 2008	3089406047	[u'new york', u'united states']
New York	[23682902, 28751381, 2459115, 12589342, 2347591, 12761367, 23424977, 56043648]	http://www.flickr.com/photos/9341577@N08/3090245148/		NYC Fire Department on a call in Times Square.	False	http://farm4.staticflickr.com/3239/3090245148_9e30408960.jpg	12	1bd8c7f642c05e9abcd9c028114d8f	jpg	flickr4jazz	United States	2008-12-07T18:26:57Z	Attribution License	2008-12-07T12:54:16Z	NIKON CORPORATION NIKON D700	61482641	New York City day trip, Dec 6, 2008	3090245148	[u'new york', u'united states']
New York	[23682902, 28751381, 2459115, 12589342, 2347591, 12761367, 23424977, 56043648]	http://www.flickr.com/photos/9341577@N08/3090246032/		NYC Fire Department on a call in Times Square.	False	http://farm4.staticflickr.com/3022/3090246032_7239aaa98c.jpg	12	a136151d8d4cd999a7a38fa8569e6347	jpg	flickr4jazz	United States	2008-12-07T18:27:16Z	Attribution License	2008-12-07T12:54:18Z	NIKON CORPORATION NIKON D700	66794695	New York City day trip, Dec 6, 2008	3090246032	[u'new york', u'united states']
New York	[23682902, 28751381, 2459115, 12589342, 2347591, 12761367, 23424977, 56043648]	http://www.flickr.com/photos/9341577@N08/3089409711/		NYC Fire Department on a call in Times Square.	False	http://farm4.staticflickr.com/3213/3089409711_bd5f6f83ba.jpg	12	684c899ca8e740ac4e3f377d5ddd82a7	jpg	flickr4jazz	United States	2008-12-07T18:27:50Z	Attribution License	2008-12-07T12:54:19Z	NIKON CORPORATION NIKON D700	93358239	New York City day trip, Dec 6, 2008	3089409711	[u'new york', u'united states']
New York	[23617045, 28751381, 2459115, 12589342, 2347591, 12761367, 23424977, 56043648]	http://www.flickr.com/photos/9341577@N08/3090249292/		Eugine O'Neill was born in a Starbucks?	False	http://farm4.staticflickr.com/3029/3090249292_ec3c4d6c48.jpg	12	113e123a3be728d43d65122181b5a418	jpg	flickr4jazz	United States	2008-12-07T18:28:31Z	Attribution License	2008-12-07T12:54:20Z	NIKON CORPORATION NIKON D700	83659115	New York City day trip, Dec 6, 2008	3090249292	[u'new york', u'united states']
New York	[23617045, 28751381, 2459115, 12589342, 2347591, 12761367, 23424977, 56043648]	http://www.flickr.com/photos/9341577@N08/3089413701/		Eugine O'Neill was born in a Starbucks?	False	http://farm4.staticflickr.com/3067/3089413701_db84e91cd8.jpg	12	27b5fc13f9a72328ac40565c497b6d14	jpg	flickr4jazz	United States	2008-12-07T18:29:21Z	Attribution License	2008-12-07T12:54:21Z	NIKON CORPORATION NIKON D700	81840881	New York City day trip, Dec 6, 2008	3089413701	[u'new york', u'united states']
New York	[23617045, 28751381, 2459115, 12589342, 2347591, 12761367, 23424977, 56043648]	http://www.flickr.com/photos/9341577@N08/3089414853/		Eugine O'Neill was born in a Starbucks?	False	http://farm4.staticflickr.com/3112/3089414853_3da5ce7262.jpg	12	ba82b0db818b1bfececf8d68be4c9497	jpg	flickr4jazz	United States	2008-12-07T18:29:49Z	Attribution License	2008-12-07T12:54:22Z	NIKON CORPORATION NIKON D700	58930561	New York City day trip, Dec 6, 2008	3089414853	[u'new york', u'united states']
New York	[28751381, 28288821, 2459115, 12589342, 2347591, 23424977, 56043648]	http://www.flickr.com/photos/9341577@N08/3090255256/		NYC Fire Department on a call in Times Square.	False	http://farm4.staticflickr.com/3137/3090255256_f4f55212ef.jpg	12	f2dc4138bd283867e24dbedef26b134	jpg	flickr4jazz	United States	2008-12-07T18:30:41Z	Attribution License	2008-12-07T12:54:23Z	NIKON CORPORATION NIKON D700	85658368	New York City day trip, Dec 6, 2008	3090255256	[u'new york', u'united states']
New York	[28751381, 28288821, 2459115, 12589342, 2347591, 23424977, 56043648]	http://www.flickr.com/photos/9341577@N08/3090257018/		NYC Fire Department on a call in Times Square.	False	http://farm4.staticflickr.com/3081/3090257018_3e54ee83a1.jpg	12	dd0b542a9c182d4e62ba58650b04c53	jpg	flickr4jazz	United States	2008-12-07T18:31:22Z	Attribution License	2008-12-07T12:54:25Z	NIKON CORPORATION NIKON D700	61733929	New York City day trip, Dec 6, 2008	3090257018	[u'new york', u'united states']
New York	[91593209, 28751381, 2459115, 12589342, 2347591, 12761367, 23424977, 56043648]	http://www.flickr.com/photos/9341577@N08/3089420377/		NYC Fire Department on a call in Times Square.	False	http://farm4.staticflickr.com/3023/3089420377_ddd361cfaa.jpg	12	7aa45d2030801a1f45688746b7ef84b	jpg	flickr4jazz	United States	2008-12-07T18:31:54Z	Attribution License	2008-12-07T12:54:26Z	NIKON CORPORATION NIKON D700	7796538	New York City day trip, Dec 6, 2008	3089420377	[u'new york', u'united states']
New York	[56388740, 28751381, 2459115, 12589342, 2347591, 12761350, 23424977, 56043648]	http://www.flickr.com/photos/9341577@N08/3090260264/		NYC Fire Department on a call in Times Square.	False	http://farm4.staticflickr.com/3108/3090260264_a6e4b47ccc.jpg	12	f91d5bd2274032e306f836721ce6012	jpg	flickr4jazz	United States	2008-12-07T18:32:35Z	Attribution License	2008-12-07T12:54:28Z	NIKON CORPORATION NIKON D700	71769708	New York City day trip, Dec 6, 2008	3090260264	[u'new york', u'united states']
New York	[23682900, 28751381, 2459115, 12589342, 2347591, 12761351, 23424977, 56043648]	http://www.flickr.com/photos/9341577@N08/3089423779/		NYC Fire Department on a call in Times Square.	False	http://farm4.staticflickr.com/3117/3089423779_7eee066b8f.jpg	12	1324a4f2fc1fc1ccb8e3cd963d5b15a	jpg	flickr4jazz	United States	2008-12-07T18:33:12Z	Attribution License	2008-12-07T12:54:29Z	NIKON CORPORATION NIKON D700	12963943	New York City day trip, Dec 6, 2008	3089423779	[u'new york', u'united states']
New York	[23678225, 55864590, 2459115, 12589342, 2347591, 55805620, 23424977, 56043648]	http://www.flickr.com/photos/9341577@N08/3090262930/		Donohue's Steak House on Lexington Ave., NYC	False	http://farm4.staticflickr.com/3079/3090262930_3962d95ea9.jpg	12	1215a46b14146cca2bd1b8ddcac11f41	jpg	flickr4jazz	United States	2008-12-07T18:33:35Z	Attribution License	2008-12-07T12:55:16Z	NIKON CORPORATION NIKON D700	89117972	New York City day trip, Dec 6, 2008	3090262930	[u'new york', u'united states']
New York	[23678225, 55864590, 2459115, 12589342, 2347591, 55805620, 23424977, 56043648]	http://www.flickr.com/photos/9341577@N08/3090264578/		Donohue's Steak House on Lexington Ave., NYC	False	http://farm4.staticflickr.com/3071/3090264578_a09a0f7f12.jpg	12	eb9b1b7ef2cc3cb3128d5b655e44f835	jpg	flickr4jazz	United States	2008-12-07T18:34:10Z	Attribution License	2008-12-07T12:55:17Z	NIKON CORPORATION NIKON D700	43766824	New York City day trip, Dec 6, 2008	3090264578	[u'new york', u'united states']
New York	[23678225, 55864590, 2459115, 12589342, 2347591, 55805620, 23424977, 56043648]	http://www.flickr.com/photos/9341577@N08/3089430717/		Donohue's Steak House on Lexington Ave., NYC. They have 1950s style bathroom facilities.	False	http://farm4.staticflickr.com/3210/3089430717_bdc4c8d238.jpg	12	b6c68ae1b3a3d059b5ff99978e89404f	jpg	flickr4jazz	United States	2008-12-07T18:35:44Z	Attribution License	2008-12-07T12:55:21Z	NIKON CORPORATION NIKON D700	98637423	New York City day trip, Dec 6, 2008	3089430717	[u'new york', u'united states']
New York	[23678225, 55864590, 2459115, 12589342, 2347591, 55805620, 23424977, 56043648]	http://www.flickr.com/photos/9341577@N08/3090270380/		Donohue's Steak House on Lexington Ave., NYC	False	http://farm4.staticflickr.com/3240/3090270380_6fb3d1bc4c.jpg	12	acd0208cc96926b24e24d41574e4e3e	jpg	flickr4jazz	United States	2008-12-07T18:36:18Z	Attribution License	2008-12-07T12:55:22Z	NIKON CORPORATION NIKON D700	73912487	New York City day trip, Dec 6, 2008	3090270380	[u'new york', u'united states']
New York	[23678225, 55864590, 2459115, 12589342, 2347591, 55805620, 23424977, 56043648]	http://www.flickr.com/photos/9341577@N08/3090271276/		Donohue's Steak House on Lexington Ave., NYC	False	http://farm4.staticflickr.com/3119/3090271276_54d511d064.jpg	12	b1e986c1c2e5419553f284439f43d7c	jpg	flickr4jazz	United States	2008-12-07T18:36:39Z	Attribution License	2008-12-07T12:55:23Z	NIKON CORPORATION NIKON D700	11862101	New York City day trip, Dec 6, 2008	3090271276	[u'new york', u'united states']
New York	[23678225, 55864590, 2459115, 12589342, 2347591, 55805620, 23424977, 56043648]	http://www.flickr.com/photos/9341577@N08/3089434311/			False	http://farm4.staticflickr.com/3205/3089434311_c79f895422.jpg	12	19123963a27257caf4558b944c7c57c8	jpg	flickr4jazz	United States	2008-12-07T18:37:11Z	Attribution License	2008-12-07T12:55:25Z	NIKON CORPORATION NIKON D700	80455641	New York City day trip, Dec 6, 2008	3089434311	[u'new york', u'united states']
New York	[23678225, 55864590, 2459115, 12589342, 2347591, 55805620, 23424977, 56043648]	http://www.flickr.com/photos/9341577@N08/3089435775/		Farmers' Market	False	http://farm4.staticflickr.com/3097/3089435775_c5a59bc3d0.jpg	12	2feadc89c3074de7e9aa79d658cbd96	jpg	flickr4jazz	United States	2008-12-07T18:37:45Z	Attribution License	2008-12-07T12:55:26Z	NIKON CORPORATION NIKON D700	90665561	New York City day trip, Dec 6, 2008	3089435775	[u'new york', u'united states']
New York	[55864590, 2459115, 12589342, 2347591, 12761353, 23424977, 56205207, 56043648]	http://www.flickr.com/photos/9341577@N08/3090275254/		Puppies before being sent to the hot dog stand.	False	http://farm4.staticflickr.com/3041/3090275254_e0b928b18a.jpg	12	3eac449d2a1632ea6e8be2298a382	jpg	flickr4jazz	United States	2008-12-07T18:38:08Z	Attribution License	2008-12-07T12:55:27Z	NIKON CORPORATION NIKON D700	71625410	New York City day trip, Dec 6, 2008	3090275254	[u'new york', u'united states']
New York	[55864590, 2459115, 12589342, 2347591, 12761353, 23424977, 56205207, 56043648]	http://www.flickr.com/photos/9341577@N08/3090276184/		Puppies before being sent to the hot dog stand.	False	http://farm4.staticflickr.com/3108/3090276184_fbb95325a2.jpg	12	b5a21f6382a79aa3c4e22ecd58f9189	jpg	flickr4jazz	United States	2008-12-07T18:38:28Z	Attribution License	2008-12-07T12:55:28Z	NIKON CORPORATION NIKON D700	70684728	New York City day trip, Dec 6, 2008	3090276184	[u'new york', u'united states']
New York	[91586001, 55864590, 2459115, 12589342, 2347591, 12761353, 23424977, 56043648]	http://www.flickr.com/photos/9341577@N08/3090277244/			False	http://farm4.staticflickr.com/3042/3090277244_846aa87b70.jpg	12	e67410e138e12161e5c3d2c49d58db	jpg	flickr4jazz	United States	2008-12-07T18:38:52Z	Attribution License	2008-12-07T12:55:29Z	NIKON CORPORATION NIKON D700	80993041	New York City day trip, Dec 6, 2008	3090277244	[u'new york', u'united states']
New York	[28751381, 2459115, 12589342, 2347591, 12761350, 23424977, 56204740, 56043648]	http://www.flickr.com/photos/9341577@N08/3089439593/			False	http://farm4.staticflickr.com/3140/3089439593_fba120409f.jpg	12	3b20a71eaea44b68d462ac619e3ec3dc	jpg	flickr4jazz	United States	2008-12-07T18:39:13Z	Attribution License	2008-12-07T12:55:30Z	NIKON CORPORATION NIKON D700	2639036	New York City day trip, Dec 6, 2008	3089439593	[u'new york', u'united states']
New York	[92119144, 55864587, 2459115, 12589342, 2347591, 12761353, 23424977, 56043648]	http://www.flickr.com/photos/9341577@N08/3089520439/			False	http://farm4.staticflickr.com/3119/3089520439_a421a8188b.jpg	13	83238ddba99adadfcce1d880b19c70	jpg	flickr4jazz	United States	2008-12-07T19:08:40Z	Attribution License	2008-12-07T13:39:04Z	NIKON CORPORATION NIKON D700	82954972	New York City day trip, Dec 6, 2008	3089520439	[u'new york', u'united states']
New York	[28751381, 2459115, 12589342, 2347591, 12761353, 23424977, 56204741, 56043648]	http://www.flickr.com/photos/9341577@N08/3090360232/			False	http://farm4.staticflickr.com/3216/3090360232_48e8622729.jpg	13	16c33f48c633d5b7d7e5dafd28cdcee	jpg	flickr4jazz	United States	2008-12-07T19:09:00Z	Attribution License	2008-12-07T13:39:05Z	NIKON CORPORATION NIKON D700	81023721	New York City day trip, Dec 6, 2008	3090360232	[u'new york', u'united states']
New York	[28751381, 2459115, 12589342, 2347591, 12761353, 23424977, 56204741, 56043648]	http://www.flickr.com/photos/9341577@N08/3090361324/		Pig 'n' Whistle Pub	False	http://farm4.staticflickr.com/3072/3090361324_0ea64434e7.jpg	13	7316eec465df32ceba3ea3c3ab45	jpg	flickr4jazz	United States	2008-12-07T19:09:24Z	Attribution License	2008-12-07T13:39:06Z	NIKON CORPORATION NIKON D700	64735117	New York City day trip, Dec 6, 2008	3090361324	[u'new york', u'united states']
New York	[23617705, 28751381, 2459115, 12589342, 2347591, 12761353, 23424977, 56043648]	http://www.flickr.com/photos/9341577@N08/3090365142/		P.J. Clarke's Pub	False	http://farm4.staticflickr.com/3234/3090365142_14669e9a06.jpg	13	68753a5a2953879ac267602bb7ba8e5	jpg	flickr4jazz	United States	2008-12-07T19:10:44Z	Attribution License	2008-12-07T13:39:10Z	NIKON CORPORATION NIKON D700	72631595	New York City day trip, Dec 6, 2008	3090365142	[u'new york', u'united states']
New York	[28751381, 2459115, 12589342, 2347591, 12761353, 23424977, 56204741, 56043648]	http://www.flickr.com/photos/9341577@N08/3090366612/		P.J. Clarke's Pub	False	http://farm4.staticflickr.com/3105/3090366612_ce26965af9.jpg	13	f4a3ca7ad31b68a8e8e4d1cd5983bd1a	jpg	flickr4jazz	United States	2008-12-07T19:11:13Z	Attribution License	2008-12-07T13:39:11Z	NIKON CORPORATION NIKON D700	49961889	New York City day trip, Dec 6, 2008	3090366612	[u'new york', u'united states']
New York	[23617705, 28751381, 2459115, 12589342, 2347591, 12761353, 23424977, 56043648]	http://www.flickr.com/photos/9341577@N08/3089529267/		P.J. Clarke's Pub	False	http://farm4.staticflickr.com/3005/3089529267_dc002693c0.jpg	13	fcef9df56afe5d6df4637a5cf6c7478	jpg	flickr4jazz	United States	2008-12-07T19:11:41Z	Attribution License	2008-12-07T13:39:12Z	NIKON CORPORATION NIKON D700	65331437	New York City day trip, Dec 6, 2008	3089529267	[u'new york', u'united states']
New York	[23617705, 28751381, 2459115, 12589342, 2347591, 12761353, 23424977, 56043648]	http://www.flickr.com/photos/9341577@N08/3089530521/		P.J. Clarke's Pub	False	http://farm4.staticflickr.com/3256/3089530521_d84811977a.jpg	13	5037d7b6955b4041b44c3cdab5f562	jpg	flickr4jazz	United States	2008-12-07T19:12:06Z	Attribution License	2008-12-07T13:39:14Z	NIKON CORPORATION NIKON D700	77278159	New York City day trip, Dec 6, 2008	3089530521	[u'new york', u'united states']
New York	[28751381, 2459115, 12589342, 2347591, 12761353, 23424977, 56204741, 56043648]	http://www.flickr.com/photos/9341577@N08/3090370682/		P.J. Clarke's Pub	False	http://farm4.staticflickr.com/3041/3090370682_007a6b402e.jpg	13	b95742082572b9e15663db1db55a7bc	jpg	flickr4jazz	United States	2008-12-07T19:12:37Z	Attribution License	2008-12-07T13:39:16Z	NIKON CORPORATION NIKON D700	98788382	New York City day trip, Dec 6, 2008	3090370682	[u'new york', u'united states']
New York	[28751381, 2459115, 12589342, 2347591, 12761353, 23424977, 56204741, 56043648]	http://www.flickr.com/photos/9341577@N08/3090371746/		P.J. Clarke's Pub	False	http://farm4.staticflickr.com/3218/3090371746_1437d3040c.jpg	13	6a7434c077c578c2a6f47fb95cbc582a	jpg	flickr4jazz	United States	2008-12-07T19:13:01Z	Attribution License	2008-12-07T13:39:17Z	NIKON CORPORATION NIKON D700	68912388	New York City day trip, Dec 6, 2008	3090371746	[u'new york', u'united states']
New York	[28751381, 2459115, 12589342, 2347591, 12761353, 23424977, 56204741, 56043648]	http://www.flickr.com/photos/9341577@N08/3090372824/		P.J. Clarke's Pub - Raw Bar	False	http://farm4.staticflickr.com/3080/3090372824_780d8fcc25.jpg	13	2c26866ccf95d7e8ce927452704a4b46	jpg	flickr4jazz	United States	2008-12-07T19:13:22Z	Attribution License	2008-12-07T13:39:18Z	NIKON CORPORATION NIKON D700	40286112	New York City day trip, Dec 6, 2008	3090372824	[u'new york', u'united states']
New York	[23617705, 28751381, 2459115, 12589342, 2347591, 12761353, 23424977, 56043648]	http://www.flickr.com/photos/9341577@N08/3090374420/		P.J. Clarke's Pub. Men's Urinals. They say that Frank Sinatra was enamored with them.	False	http://farm4.staticflickr.com/3246/3090374420_bf3e94205d.jpg	13	76cb07db76b3c53223272d1ebc31d76	jpg	flickr4jazz	United States	2008-12-07T19:13:55Z	Attribution License	2008-12-07T13:39:19Z	NIKON CORPORATION NIKON D700	64981901	New York City day trip, Dec 6, 2008	3090374420	[u'new york', u'united states']
New York	[23617705, 28751381, 2459115, 12589342, 2347591, 12761353, 23424977, 56043648]	http://www.flickr.com/photos/9341577@N08/3090375324/		P.J. Clarke's Pub	False	http://farm4.staticflickr.com/3080/3090375324_402c26f25a.jpg	13	96a91329e731daea76f4dfa8c434ad30	jpg	flickr4jazz	United States	2008-12-07T19:14:14Z	Attribution License	2008-12-07T13:39:20Z	NIKON CORPORATION NIKON D700	85371946	New York City day trip, Dec 6, 2008	3090375324	[u'new york', u'united states']
New York	[92124345, 55864587, 2459115, 12589342, 2347591, 12761353, 23424977, 56043648]	http://www.flickr.com/photos/9341577@N08/3090376248/			False	http://farm4.staticflickr.com/3072/3090376248_c96f4a6d96.jpg	13	1c761b045c4e01e6332c125ec378bed	jpg	flickr4jazz	United States	2008-12-07T19:14:35Z	Attribution License	2008-12-07T13:39:58Z	NIKON CORPORATION NIKON D700	39804259	New York City day trip, Dec 6, 2008	3090376248	[u'new york', u'united states']
New York	[28751381, 2508889, 2459115, 12589342, 2347591, 23424977, 56043648]	http://www.flickr.com/photos/9341577@N08/3089539149/			False	http://farm4.staticflickr.com/3268/3089539149_13c05980cb.jpg	13	94f2dd92bcd99747b45ad5999fa7da6	jpg	flickr4jazz	United States	2008-12-07T19:15:07Z	Attribution License	2008-12-07T13:40:08Z	NIKON CORPORATION NIKON D700	94940104	New York City day trip, Dec 6, 2008	3089539149	[u'new york', u'united states']
New York	[28751381, 2508889, 2459115, 12589342, 2347591, 23424977, 56043648]	http://www.flickr.com/photos/9341577@N08/3089539983/			False	http://farm4.staticflickr.com/3193/3089539983_a8e3cea8cb.jpg	13	e7c4d5ed1b1f2ac59abc257c9d95a9d	jpg	flickr4jazz	United States	2008-12-07T19:15:24Z	Attribution License	2008-12-07T13:40:09Z	NIKON CORPORATION NIKON D700	50348057	New York City day trip, Dec 6, 2008	3089539983	[u'new york', u'united states']
New York	[28751381, 2508889, 2459115, 12589342, 2347591, 23424977, 56043648]	http://www.flickr.com/photos/9341577@N08/3089541425/		Philly Steaks	False	http://farm4.staticflickr.com/3272/3089541425_5dca34547e.jpg	13	ffbbd2489934d630dfb7bbb7232183a3	jpg	flickr4jazz	United States	2008-12-07T19:15:54Z	Attribution License	2008-12-07T13:40:10Z	NIKON CORPORATION NIKON D700	73630778	New York City day trip, Dec 6, 2008	3089541425	[u'new york', u'united states']
New York	[2508889, 28751381, 2459115, 12589342, 2347591, 23424977, 56043648]	http://www.flickr.com/photos/9341577@N08/3089545093/		Murphy's Pub	False	http://farm4.staticflickr.com/3219/3089545093_61dd45de55.jpg	13	75d0175535f19acfea8b5f64051f16a	jpg	flickr4jazz	United States	2008-12-07T19:17:07Z	Attribution License	2008-12-07T13:40:13Z	NIKON CORPORATION NIKON D700	67000708	New York City day trip, Dec 6, 2008	3089545093	[u'new york', u'united states']
New York	[28751381, 2508889, 2459115, 12589342, 2347591, 23424977, 56043648]	http://www.flickr.com/photos/9341577@N08/3089548723/		Jameson's Pub	False	http://farm4.staticflickr.com/3233/3089548723_ffc7e333c4.jpg	13	eb9572acf53d1c4ba0142b63633241	jpg	flickr4jazz	United States	2008-12-07T19:18:25Z	Attribution License	2008-12-07T13:40:14Z	NIKON CORPORATION NIKON D700	67696843	New York City day trip, Dec 6, 2008	3089548723	[u'new york', u'united states']
New York	[2508889, 28751381, 2459115, 12589342, 2347591, 23424977, 56043648]	http://www.flickr.com/photos/9341577@N08/3089550075/		Clancy's Pub & Restaurant	False	http://farm4.staticflickr.com/3292/3089550075_f4ab8462bf.jpg	13	87eb168ed9f7de8fa9a4e18f9f9fd887	jpg	flickr4jazz	United States	2008-12-07T19:18:54Z	Attribution License	2008-12-07T13:40:18Z	NIKON CORPORATION NIKON D700	84087600	New York City day trip, Dec 6, 2008	3089550075	[u'new york', u'united states']
New York	[28751381, 2508889, 2459115, 12589342, 2347591, 23424977, 56043648]	http://www.flickr.com/photos/9341577@N08/3089552059/		Clancy's Pub & Restaurant	False	http://farm4.staticflickr.com/3009/3089552059_fa609da72a.jpg	13	d478cd48cecbfc66b65d70e7ce15e5	jpg	flickr4jazz	United States	2008-12-07T19:19:34Z	Attribution License	2008-12-07T13:40:19Z	NIKON CORPORATION NIKON D700	80127490	New York City day trip, Dec 6, 2008	3089552059	[u'new york', u'united states']
New York	[28751381, 2508889, 2459115, 12589342, 2347591, 23424977, 56043648]	http://www.flickr.com/photos/9341577@N08/3089555329/		The Cornerstone Tavern	False	http://farm4.staticflickr.com/3240/3089555329_19ea850662.jpg	13	2663969e1d139c62f65d51d19a6bd	jpg	flickr4jazz	United States	2008-12-07T19:20:40Z	Attribution License	2008-12-07T13:40:22Z	NIKON CORPORATION NIKON D700	98210704	New York City day trip, Dec 6, 2008	3089555329	[u'new york', u'united states']
New York	[28751381, 2508889, 2459115, 12589342, 2347591, 23424977, 56043648]	http://www.flickr.com/photos/9341577@N08/3090394672/			False	http://farm4.staticflickr.com/3144/3090394672_97e4cd2952.jpg	13	fdd9a4a2c14b15a054cd185e2a275c2e	jpg	flickr4jazz	United States	2008-12-07T19:21:01Z	Attribution License	2008-12-07T13:40:30Z	NIKON CORPORATION NIKON D700	32079912	New York City day trip, Dec 6, 2008	3090394672	[u'new york', u'united states']
New York	[91569844, 28751381, 2459115, 12589342, 2347591, 12761353, 23424977, 56043648]	http://www.flickr.com/photos/9341577@N08/3090397850/		The Pig 'n' Whistle on 2nd Ave. There are two "Pigs" in NYC.	False	http://farm4.staticflickr.com/3152/3090397850_6226308a52.jpg	13	65ed5906884a55c25cd34dd8a492c2	jpg	flickr4jazz	United States	2008-12-07T19:22:10Z	Attribution License	2008-12-07T13:40:33Z	NIKON CORPORATION NIKON D700	48167324	New York City day trip, Dec 6, 2008	3090397850	[u'new york', u'united states']
New York	[28751168, 2459115, 12589342, 2347591, 12761353, 23424977, 56043648]	http://www.flickr.com/photos/9341577@N08/3090477892/			False	http://farm4.staticflickr.com/3056/3090477892_40f33b8c05.jpg	14	bfa1951b8e443d80e662428feb6bb69f	jpg	flickr4jazz	United States	2008-12-07T19:49:16Z	Attribution License	2008-12-07T14:23:12Z	NIKON CORPORATION NIKON D700	61038703	New York City day trip, Dec 6, 2008	3090477892	[u'new york', u'united states']
New York	[28751168, 2459115, 12589342, 2347591, 12761353, 23424977, 56043648]	http://www.flickr.com/photos/9341577@N08/3089643667/			False	http://farm4.staticflickr.com/3190/3089643667_3c5c7a9d45.jpg	14	c772cee6cf8ca69c613e21edc6418781	jpg	flickr4jazz	United States	2008-12-07T19:50:42Z	Attribution License	2008-12-07T14:23:13Z	NIKON CORPORATION NIKON D700	80592274	New York City day trip, Dec 6, 2008	3089643667	[u'new york', u'united states']
New York	[28751168, 2459115, 12589342, 2347591, 12761353, 23424977, 56043648]	http://www.flickr.com/photos/9341577@N08/3089641245/			False	http://farm4.staticflickr.com/3148/3089641245_ac2f277d44.jpg	14	aa43f469243b45e31e519b7b397e957c	jpg	flickr4jazz	United States	2008-12-07T19:49:57Z	Attribution License	2008-12-07T14:23:14Z	NIKON CORPORATION NIKON D700	65619590	New York City day trip, Dec 6, 2008	3089641245	[u'new york', u'united states']
New York	[28751168, 2459115, 12589342, 2347591, 12761353, 23424977, 56043648]	http://www.flickr.com/photos/9341577@N08/3090484320/			False	http://farm4.staticflickr.com/3097/3090484320_f2796b223e.jpg	14	74218bb81b233311db8546a408cd91d	jpg	flickr4jazz	United States	2008-12-07T19:51:23Z	Attribution License	2008-12-07T14:23:16Z	NIKON CORPORATION NIKON D700	71465239	New York City day trip, Dec 6, 2008	3090484320	[u'new york', u'united states']
New York	[91591011, 28751381, 2459115, 12589342, 2347591, 12761353, 23424977, 56043648]	http://www.flickr.com/photos/9341577@N08/3090486182/		The Press Box Pub	False	http://farm4.staticflickr.com/3097/3090486182_4cbf6bf1cb.jpg	14	2abc0a09840bebe285fd7a2e16b90	jpg	flickr4jazz	United States	2008-12-07T19:51:59Z	Attribution License	2008-12-07T14:23:17Z	NIKON CORPORATION NIKON D700	86108461	New York City day trip, Dec 6, 2008	3090486182	[u'new york', u'united states']
New York	[91591011, 28751381, 2459115, 12589342, 2347591, 12761353, 23424977, 56043648]	http://www.flickr.com/photos/9341577@N08/3090488268/		The Press Box Pub	False	http://farm4.staticflickr.com/3005/3090488268_673f7f42b9.jpg	14	e163abe6b5dce47535e1f62b0d8e97b	jpg	flickr4jazz	United States	2008-12-07T19:52:41Z	Attribution License	2008-12-07T14:23:18Z	NIKON CORPORATION NIKON D700	91832921	New York City day trip, Dec 6, 2008	3090488268	[u'new york', u'united states']
New York	[23511898, 28751381, 2459115, 12589342, 2347591, 12761348, 23424977, 56043648]	http://www.flickr.com/photos/9341577@N08/3090490146/		McFadden's Pub	False	http://farm4.staticflickr.com/3157/3090490146_28e3b70a7c.jpg	14	6be1286812f55b35cdaa8ce981087a7	jpg	flickr4jazz	United States	2008-12-07T19:53:16Z	Attribution License	2008-12-07T14:23:36Z	NIKON CORPORATION NIKON D700	50085481	New York City day trip, Dec 6, 2008	3090490146	[u'new york', u'united states']
New York	[23511898, 28751381, 2459115, 12589342, 2347591, 12761348, 23424977, 56043648]	http://www.flickr.com/photos/9341577@N08/3089653511/		McFadden's Pub	False	http://farm4.staticflickr.com/3028/3089653511_e68e0ee552.jpg	14	82a3ffb79cee8229bf7dbc5fdbb94aed	jpg	flickr4jazz	United States	2008-12-07T19:53:50Z	Attribution License	2008-12-07T14:23:37Z	NIKON CORPORATION NIKON D700	72193080	New York City day trip, Dec 6, 2008	3089653511	[u'new york', u'united states']
New York	[2456515, 28751381, 2459115, 12589342, 2347591, 12761347, 23424977, 56043648]	http://www.flickr.com/photos/9341577@N08/3090493386/		Pointless night photo	False	http://farm4.staticflickr.com/3127/3090493386_57be04be63.jpg	14	2424d3a9101d310154f889be028b454	jpg	flickr4jazz	United States	2008-12-07T19:54:19Z	Attribution License	2008-12-07T14:23:40Z	NIKON CORPORATION NIKON D700	89598675	New York City day trip, Dec 6, 2008	3090493386	[u'new york', u'united states']
New York	[2456515, 28751381, 2459115, 12589342, 2347591, 12761347, 23424977, 56043648]	http://www.flickr.com/photos/9341577@N08/3089656993/		Shoemaker	False	http://farm4.staticflickr.com/3224/3089656993_0eaa330e9c.jpg	14	6629d94d4fd2922551a5ddf9c0a4abcd	jpg	flickr4jazz	United States	2008-12-07T19:54:58Z	Attribution License	2008-12-07T14:23:41Z	NIKON CORPORATION NIKON D700	80663068	New York City day trip, Dec 6, 2008	3089656993	[u'new york', u'united states']
New York	[28751381, 2456515, 2459115, 12589342, 2347591, 12761347, 23424977, 56043648]	http://www.flickr.com/photos/9341577@N08/3089660569/		Shots of NYC nightlife.	False	http://farm4.staticflickr.com/3048/3089660569_c98cd9864b.jpg	14	608bf5e5529e76adcdb657a2c9649d	jpg	flickr4jazz	United States	2008-12-07T19:56:10Z	Attribution License	2008-12-07T14:23:44Z	NIKON CORPORATION NIKON D700	45455332	New York City day trip, Dec 6, 2008	3089660569	[u'new york', u'united states']
New York	[28751381, 2456515, 2459115, 12589342, 2347591, 12761347, 23424977, 56043648]	http://www.flickr.com/photos/9341577@N08/3089661873/		Shots of NYC nightlife.	False	http://farm4.staticflickr.com/3023/3089661873_72a29c5e42.jpg	14	6c14607daa9c61960791f3c3b5723ce	jpg	flickr4jazz	United States	2008-12-07T19:56:36Z	Attribution License	2008-12-07T14:23:45Z	NIKON CORPORATION NIKON D700	28733018	New York City day trip, Dec 6, 2008	3089661873	[u'new york', u'united states']
New York	[2456515, 28751381, 2459115, 12589342, 2347591, 12761347, 23424977, 56043648]	http://www.flickr.com/photos/9341577@N08/3089663031/		That's right! You can be fined up to $350.00 for honking your horn in NYC!	False	http://farm4.staticflickr.com/3029/3089663031_6938c0bf53.jpg	14	e44c8c2381e9fb42b263d94a61292b1	jpg	flickr4jazz	United States	2008-12-07T19:56:59Z	Attribution License	2008-12-07T14:23:46Z	NIKON CORPORATION NIKON D700	88404573	New York City day trip, Dec 6, 2008	3089663031	[u'new york', u'united states']
New York	[23617696, 28751381, 2459115, 12589342, 2347591, 12761347, 23424977, 56043648]	http://www.flickr.com/photos/9341577@N08/3089665095/		Shots of NYC nightlife.	False	http://farm4.staticflickr.com/3230/3089665095_11bce1cc05.jpg	14	f9b11a6216b7866ff89d33a4ab04bba	jpg	flickr4jazz	United States	2008-12-07T19:57:40Z	Attribution License	2008-12-07T14:23:48Z	NIKON CORPORATION NIKON D700	22837783	New York City day trip, Dec 6, 2008	3089665095	[u'new york', u'united states']
New York	[2456515, 28751381, 2459115, 12589342, 2347591, 12761347, 23424977, 56043648]	http://www.flickr.com/photos/9341577@N08/3089667121/		Shots of NYC nightlife.	False	http://farm4.staticflickr.com/3180/3089667121_704569aafd.jpg	14	1a41eb1c9c7e58e9b1468e24de4237e9	jpg	flickr4jazz	United States	2008-12-07T19:58:19Z	Attribution License	2008-12-07T14:23:49Z	NIKON CORPORATION NIKON D700	28645683	New York City day trip, Dec 6, 2008	3089667121	[u'new york', u'united states']
New York	[28751381, 2456515, 2459115, 12589342, 2347591, 12761347, 23424977, 56043648]	http://www.flickr.com/photos/9341577@N08/3090506988/		Shots of NYC nightlife.	False	http://farm4.staticflickr.com/3091/3090506988_99fbd3c29d.jpg	14	697e97d6fc1ecce4d31ea64f9d2841e9	jpg	flickr4jazz	United States	2008-12-07T19:58:49Z	Attribution License	2008-12-07T14:23:51Z	NIKON CORPORATION NIKON D700	7686112	New York City day trip, Dec 6, 2008	3090506988	[u'new york', u'united states']
New York	[2456515, 28751381, 2459115, 12589342, 2347591, 12761347, 23424977, 56043648]	http://www.flickr.com/photos/9341577@N08/3089669661/			False	http://farm4.staticflickr.com/3060/3089669661_7e2740d3cc.jpg	14	645c524ded309b1a911680235efcf7b3	jpg	flickr4jazz	United States	2008-12-07T19:59:12Z	Attribution License	2008-12-07T14:23:52Z	NIKON CORPORATION NIKON D700	48958235	New York City day trip, Dec 6, 2008	3089669661	[u'new york', u'united states']
New York	[2456515, 28751381, 2459115, 12589342, 2347591, 12761347, 23424977, 56043648]	http://www.flickr.com/photos/9341577@N08/3090509464/		The Ginger Man Pub, Manhattan.	False	http://farm4.staticflickr.com/3060/3090509464_1d00837002.jpg	14	eb8db599bf172c3ff3276cfeabf87623	jpg	flickr4jazz	United States	2008-12-07T19:59:40Z	Attribution License	2008-12-07T14:23:53Z	NIKON CORPORATION NIKON D700	44533041	New York City day trip, Dec 6, 2008	3090509464	[u'new york', u'united states']
New York	[2456515, 28751381, 2459115, 12589342, 2347591, 12761347, 23424977, 56043648]	http://www.flickr.com/photos/9341577@N08/3090511732/		The Ginger Man Pub, Manhattan.	False	http://farm4.staticflickr.com/3177/3090511732_7b5089cd3b.jpg	14	c51b85db783f1ecf783893042b354b	jpg	flickr4jazz	United States	2008-12-07T20:00:24Z	Attribution License	2008-12-07T14:23:55Z	NIKON CORPORATION NIKON D700	82448430	New York City day trip, Dec 6, 2008	3090511732	[u'new york', u'united states']
New York	[2456515, 28751381, 2459115, 12589342, 2347591, 12761347, 23424977, 56043648]	http://www.flickr.com/photos/9341577@N08/3089674625/		The Ginger Man Pub, Manhattan.	False	http://farm4.staticflickr.com/3007/3089674625_923d16d33b.jpg	14	9378e25831bdf99fd440472b59f0d956	jpg	flickr4jazz	United States	2008-12-07T20:00:52Z	Attribution License	2008-12-07T14:23:56Z	NIKON CORPORATION NIKON D700	63820375	New York City day trip, Dec 6, 2008	3089674625	[u'new york', u'united states']
New York	[28751381, 2456515, 2459115, 12589342, 2347591, 12761347, 23424977, 56043648]	http://www.flickr.com/photos/9341577@N08/3090514530/		The Ginger Man Pub, Manhattan.	False	http://farm4.staticflickr.com/3175/3090514530_801352b321.jpg	14	1a83d6b661376242c51979a9aac3563	jpg	flickr4jazz	United States	2008-12-07T20:01:22Z	Attribution License	2008-12-07T14:23:58Z	NIKON CORPORATION NIKON D700	90890764	New York City day trip, Dec 6, 2008	3090514530	[u'new york', u'united states']
New York	[2456515, 28751381, 2459115, 12589342, 2347591, 12761347, 23424977, 56043648]	http://www.flickr.com/photos/9341577@N08/3090515632/		The Ginger Man Pub, Manhattan. This is a great Barley Wine.	False	http://farm4.staticflickr.com/3157/3090515632_fde66033a2.jpg	14	28ef9bd9316192a89a4758747b172	jpg	flickr4jazz	United States	2008-12-07T20:01:45Z	Attribution License	2008-12-07T14:24:00Z	NIKON CORPORATION NIKON D700	96668949	New York City day trip, Dec 6, 2008	3090515632	[u'new york', u'united states']
New York	[2456515, 28751381, 2459115, 12589342, 2347591, 12761347, 23424977, 56043648]	http://www.flickr.com/photos/9341577@N08/3089678553/		The Ginger Man Pub, Manhattan. This is a great Barley Wine.	False	http://farm4.staticflickr.com/3262/3089678553_640dca940a.jpg	14	f83f22bef26b07d8b87e552b7a5ba50	jpg	flickr4jazz	United States	2008-12-07T20:02:14Z	Attribution License	2008-12-07T14:24:01Z	NIKON CORPORATION NIKON D700	72380564	New York City day trip, Dec 6, 2008	3089678553	[u'new york', u'united states']
New York	[28751381, 28288821, 2459115, 12589342, 2347591, 23424977, 56043648]	http://www.flickr.com/photos/9341577@N08/3090518618/		Slattery's  Midtown Pub, Manhattan.	False	http://farm4.staticflickr.com/3090/3090518618_96949df76d.jpg	14	c9855df4eac76779c6ec646ba111d4	jpg	flickr4jazz	United States	2008-12-07T20:02:48Z	Attribution License	2008-12-07T14:24:13Z	NIKON CORPORATION NIKON D700	64110167	New York City day trip, Dec 6, 2008	3090518618	[u'new york', u'united states']
New York	[92129949, 28751381, 2459115, 12589342, 2347591, 12761333, 23424977, 56043648]	http://www.flickr.com/photos/9341577@N08/3089681289/		We're still trying to find out what kind of meat they use at these stands. All I know is that there weren't any stray cats or dogs wondering around in Times Square.	False	http://farm4.staticflickr.com/3081/3089681289_1659f5cdf6.jpg	14	26beb59de62aca3a7dca7aa70b768b	jpg	flickr4jazz	United States	2008-12-07T20:03:09Z	Attribution License	2008-12-07T14:24:20Z	NIKON CORPORATION NIKON D700	84166176	New York City day trip, Dec 6, 2008	3089681289	[u'new york', u'united states']
New York	[23682857, 28751381, 2459115, 12589342, 2347591, 12761333, 23424977, 56043648]	http://www.flickr.com/photos/9341577@N08/3090520776/		It started to snow as I was heading back to Penn Station for the train ride home.	False	http://farm4.staticflickr.com/3002/3090520776_97024c61d5.jpg	14	773c6c94421ac0243c18cdc137517d	jpg	flickr4jazz	United States	2008-12-07T20:03:35Z	Attribution License	2008-12-07T14:24:21Z	NIKON CORPORATION NIKON D700	82371618	New York City day trip, Dec 6, 2008	3090520776	[u'new york', u'united states']
New York	[23617677, 28751381, 2459115, 12589342, 2347591, 12761333, 23424977, 56043648]	http://www.flickr.com/photos/9341577@N08/3090522402/		It started to snow as I was heading back to Penn Station for the train ride home.	False	http://farm4.staticflickr.com/3241/3090522402_eaa2f5a0e9.jpg	14	f558eefd2f762e1f9fea8c2652685d66	jpg	flickr4jazz	United States	2008-12-07T20:04:08Z	Attribution License	2008-12-07T14:24:23Z	NIKON CORPORATION NIKON D700	67379416	New York City day trip, Dec 6, 2008	3090522402	[u'new york', u'united states']
New York	[56256857, 2459115, 12589342, 2347591, 23424977, 56043648]	http://www.flickr.com/photos/9341577@N08/3089686445/		It started to snow as I was heading back to Penn Station for the train ride home.	False	http://farm4.staticflickr.com/3153/3089686445_73206f6fd4.jpg	14	dae4fa5207d23e133bd363770787058	jpg	flickr4jazz	United States	2008-12-07T20:04:52Z	Attribution License	2008-12-07T14:24:25Z	NIKON CORPORATION NIKON D700	19630707	New York City day trip, Dec 6, 2008	3089686445	[u'new york', u'united states']
New York	[56256857, 2459115, 12589342, 2347591, 23424977, 56043648]	http://www.flickr.com/photos/9341577@N08/3089687845/		We're still trying to find out what kind of meat they use at these stands. All I know is that there weren't any stray cats or dogs wondering around in Times Square.	False	http://farm4.staticflickr.com/3156/3089687845_466db3b71a.jpg	14	afd68871c9bda3123e45b83d5b335a97	jpg	flickr4jazz	United States	2008-12-07T20:05:20Z	Attribution License	2008-12-07T14:24:26Z	NIKON CORPORATION NIKON D700	88383355	New York City day trip, Dec 6, 2008	3089687845	[u'new york', u'united states']
New York	[56256857, 2459115, 12589342, 2347591, 23424977, 56043648]	http://www.flickr.com/photos/9341577@N08/3089689495/		We're still trying to find out what kind of meat they use at these stands. All I know is that there weren't any stray cats or dogs wondering around in Times Square.	False	http://farm4.staticflickr.com/3057/3089689495_dea70ef26a.jpg	14	a7c839a69c2861f14ca1cdcfc521c17	jpg	flickr4jazz	United States	2008-12-07T20:05:54Z	Attribution License	2008-12-07T14:24:27Z	NIKON CORPORATION NIKON D700	65263603	New York City day trip, Dec 6, 2008	3089689495	[u'new york', u'united states']
New York	[56256857, 2459115, 12589342, 2347591, 23424977, 56043648]	http://www.flickr.com/photos/9341577@N08/3089690837/		We're still trying to find out what kind of meat they use at these stands. All I know is that there weren't any stray cats or dogs wondering around in Times Square.	False	http://farm4.staticflickr.com/3139/3089690837_d26778d2e1.jpg	14	4f46593b9b8dfd253408227e76c99b4	jpg	flickr4jazz	United States	2008-12-07T20:06:21Z	Attribution License	2008-12-07T14:24:28Z	NIKON CORPORATION NIKON D700	81113460	Food Cart, New York City day trip, Dec 6, 2008	3089690837	[u'new york', u'united states']
New York	[56256857, 2459115, 12589342, 2347591, 23424977, 56043648]	http://www.flickr.com/photos/9341577@N08/3089691893/		It started to snow as I was heading back to Penn Station for the train ride home.	False	http://farm4.staticflickr.com/3153/3089691893_cb23645180.jpg	14	fa9d679b5a127d754831fb692882dbc4	jpg	flickr4jazz	United States	2008-12-07T20:06:43Z	Attribution License	2008-12-07T14:24:30Z	NIKON CORPORATION NIKON D700	81701896	New York City day trip, Dec 6, 2008	3089691893	[u'new york', u'nyc', u'snow', u'snowing', u'united states', u'winter']
New York	[56256857, 2459115, 12589342, 2347591, 23424977, 56043648]	http://www.flickr.com/photos/9341577@N08/3089693245/		We're still trying to find out what kind of meat they use at these stands. All I know is that there weren't any stray cats or dogs wondering around in Times Square.	False	http://farm4.staticflickr.com/3057/3089693245_a41da39710.jpg	14	8216a673733335e9cd55ba9966debe5	jpg	flickr4jazz	United States	2008-12-07T20:07:09Z	Attribution License	2008-12-07T14:24:31Z	NIKON CORPORATION NIKON D700	74333591	New York City day trip, Dec 6, 2008	3089693245	[u'new york', u'nyc', u'snow', u'snowing', u'united states', u'winter']
New York	[56256857, 2459115, 12589342, 2347591, 23424977, 56043648]	http://www.flickr.com/photos/9341577@N08/3089694319/		We're still trying to find out what kind of meat they use at these stands. All I know is that there weren't any stray cats or dogs wondering around in Times Square.	False	http://farm4.staticflickr.com/3223/3089694319_0805bc6ca6.jpg	14	c5955456e358ffdc1d36259fdaed9b6	jpg	flickr4jazz	United States	2008-12-07T20:07:34Z	Attribution License	2008-12-07T14:24:33Z	NIKON CORPORATION NIKON D700	84211828	New York City day trip, Dec 6, 2008	3089694319	[u'new york', u'nyc', u'snow', u'snowing', u'united states', u'winter']
New York	[56256857, 2459115, 12589342, 2347591, 23424977, 56043648]	http://www.flickr.com/photos/9341577@N08/3089695979/		We're still trying to find out what kind of meat they use at these stands. All I know is that there weren't any stray cats or dogs wondering around in Times Square.	False	http://farm4.staticflickr.com/3171/3089695979_9795843752.jpg	14	918469cdff2df23529bdc5f868eb31fb	jpg	flickr4jazz	United States	2008-12-07T20:08:04Z	Attribution License	2008-12-07T14:24:34Z	NIKON CORPORATION NIKON D700	96581968	New York City day trip, Dec 6, 2008	3089695979	[u'new york', u'nyc', u'snow', u'snowing', u'united states', u'winter']
New York	[56256857, 2459115, 12589342, 2347591, 23424977, 56043648]	http://www.flickr.com/photos/9341577@N08/3090535994/		We're still trying to find out what kind of meat they use at these stands. All I know is that there weren't any stray cats or dogs wondering around in Times Square.	False	http://farm4.staticflickr.com/3193/3090535994_d71059fc29.jpg	14	44bb91ed9d6abcbf3d5d88d321cb7c3c	jpg	flickr4jazz	United States	2008-12-07T20:08:34Z	Attribution License	2008-12-07T14:24:35Z	NIKON CORPORATION NIKON D700	91367713	New York City day trip, Dec 6, 2008	3090535994	[u'new york', u'nyc', u'snow', u'snowing', u'united states', u'winter']
New York	[56256857, 2459115, 12589342, 2347591, 23424977, 56043648]	http://www.flickr.com/photos/9341577@N08/3089699447/		It started to snow as I was heading back to Penn Station for the train ride home.	False	http://farm4.staticflickr.com/3135/3089699447_6746a23186.jpg	14	8cbbeb5361ad65b2d984a88150672c8	jpg	flickr4jazz	United States	2008-12-07T20:09:13Z	Attribution License	2008-12-07T14:24:36Z	NIKON CORPORATION NIKON D700	60650040	New York City day trip, Dec 6, 2008	3089699447	[u'new york', u'nyc', u'snow', u'snowing', u'united states', u'winter']
New York	[56256857, 2459115, 12589342, 2347591, 23424977, 56043648]	http://www.flickr.com/photos/9341577@N08/3090539852/		It started to snow as I was heading back to Penn Station for the train ride home.	False	http://farm4.staticflickr.com/3221/3090539852_c1cbc8e5cd.jpg	14	26318169e41dd1c9f2fdaf9d78a957	jpg	flickr4jazz	United States	2008-12-07T20:09:52Z	Attribution License	2008-12-07T14:24:38Z	NIKON CORPORATION NIKON D700	85390183	New York City day trip, Dec 6, 2008	3090539852	[u'new york', u'nyc', u'snow', u'snowing', u'united states', u'winter']
New York	[56256857, 2459115, 12589342, 2347591, 23424977, 56043648]	http://www.flickr.com/photos/9341577@N08/3089702567/		It started to snow as I was heading back to Penn Station for the train ride home.	False	http://farm4.staticflickr.com/3131/3089702567_02a5919b50.jpg	14	945421d1867f8dd5f9a0f8a5890415c	jpg	flickr4jazz	United States	2008-12-07T20:10:15Z	Attribution License	2008-12-07T14:24:39Z	NIKON CORPORATION NIKON D700	68251259	New York City day trip, Dec 6, 2008	3089702567	[u'new york', u'nyc', u'snow', u'snowing', u'united states', u'winter']
New York	[56256857, 2459115, 12589342, 2347591, 23424977, 56043648]	http://www.flickr.com/photos/9341577@N08/3090545048/		It started to snow as I was heading back to Penn Station for the train ride home.	False	http://farm4.staticflickr.com/3211/3090545048_c189f55712.jpg	14	6873d2e8cf262dd4cfe84ca4e46436f4	jpg	flickr4jazz	United States	2008-12-07T20:11:31Z	Attribution License	2008-12-07T14:24:40Z	NIKON CORPORATION NIKON D700	24561908	New York City day trip, Dec 6, 2008	3090545048	[u'new york', u'nyc', u'snow', u'snowing', u'united states', u'winter']
New York	[56256857, 2459115, 12589342, 2347591, 23424977, 56043648]	http://www.flickr.com/photos/9341577@N08/3089707957/		It started to snow as I was heading back to Penn Station for the train ride home.	False	http://farm4.staticflickr.com/3107/3089707957_f6d82f1205.jpg	14	f2c8127e6383a38071718b104fdb30c3	jpg	flickr4jazz	United States	2008-12-07T20:11:57Z	Attribution License	2008-12-07T14:24:42Z	NIKON CORPORATION NIKON D700	82104623	New York City day trip, Dec 6, 2008	3089707957	[u'new york', u'nyc', u'snow', u'snowing', u'united states', u'winter']
New York	[56256857, 2459115, 12589342, 2347591, 23424977, 56043648]	http://www.flickr.com/photos/9341577@N08/3089709771/		It started to snow as I was heading back to Penn Station for the train ride home.	False	http://farm4.staticflickr.com/3234/3089709771_d927ea1819.jpg	14	24eff74aef8f4a2b2e6ebb32a057c54	jpg	flickr4jazz	United States	2008-12-07T20:12:34Z	Attribution License	2008-12-07T14:24:43Z	NIKON CORPORATION NIKON D700	13208546	New York City day trip, Dec 6, 2008	3089709771	[u'new york', u'nyc', u'snow', u'snowing', u'united states', u'winter']
New York	[56256857, 2459115, 12589342, 2347591, 23424977, 56043648]	http://www.flickr.com/photos/9341577@N08/3090549752/		It started to snow as I was heading back to Penn Station for the train ride home.	False	http://farm4.staticflickr.com/3024/3090549752_c4cf5165a8.jpg	14	658b13c683ab4b846a12c1fa14dec	jpg	flickr4jazz	United States	2008-12-07T20:13:01Z	Attribution License	2008-12-07T14:24:44Z	NIKON CORPORATION NIKON D700	59800517	New York City day trip, Dec 6, 2008	3090549752	[u'new york', u'nyc', u'snow', u'snowing', u'united states', u'winter']
New York	[56256857, 2459115, 12589342, 2347591, 23424977, 56043648]	http://www.flickr.com/photos/9341577@N08/3090550894/		It started to snow as I was heading back to Penn Station for the train ride home.	False	http://farm4.staticflickr.com/3078/3090550894_a66d4f8323.jpg	14	cbe0c7ebd023b717e56c9f3f11af7945	jpg	flickr4jazz	United States	2008-12-07T20:13:24Z	Attribution License	2008-12-07T14:24:46Z	NIKON CORPORATION NIKON D700	84354207	New York City day trip, Dec 6, 2008	3090550894	[u'new york', u'nyc', u'snow', u'snowing', u'united states', u'winter']
New York	[56256857, 2459115, 12589342, 2347591, 23424977, 56043648]	http://www.flickr.com/photos/9341577@N08/3090553046/		It started to snow as I was heading back to Penn Station for the train ride home.	False	http://farm4.staticflickr.com/3084/3090553046_fcf6b59265.jpg	14	d4dc7f6f2a9918542a3655fc2a52f191	jpg	flickr4jazz	United States	2008-12-07T20:14:08Z	Attribution License	2008-12-07T14:24:48Z	NIKON CORPORATION NIKON D700	7625280	New York City day trip, Dec 6, 2008	3090553046	[u'new york', u'nyc', u'snow', u'snowing', u'united states', u'winter']
New York	[56256857, 2459115, 12589342, 2347591, 23424977, 56043648]	http://www.flickr.com/photos/9341577@N08/3090554338/		It started to snow as I was heading back to Penn Station for the train ride home.	False	http://farm4.staticflickr.com/3283/3090554338_3fe2b6e92f.jpg	14	f59f355389edee19c6722ad9b79bc97d	jpg	flickr4jazz	United States	2008-12-07T20:14:35Z	Attribution License	2008-12-07T14:24:49Z	NIKON CORPORATION NIKON D700	84060876	New York City day trip, Dec 6, 2008	3090554338	[u'new york', u'nyc', u'snow', u'snowing', u'united states', u'winter']
