town_s	woe_is	urlpage_s	machine_ss	desc_ws	video_b	url_s	hour_i	hash_s	ext_s	user_s	country_s	upload_dt	license_s	taken_dt	device_s	line_i	title_s	id	tag_ss
New York	[91801527, 91982835, 2459115, 12589335, 2347591, 12761729, 23424977, 56204764, 56043648]	http://www.flickr.com/photos/8783296@N05/4376362094/			False	http://farm5.staticflickr.com/4061/4376362094_2b43c67f5c.jpg	13	266be91d698673b4e36ce9bfe8b22e8	jpg	fluido & franz	United States	2010-02-21T16:39:56Z	Attribution-NonCommercial-ShareAlike License	2010-02-04T13:18:13Z	NIKON E4500	36835388	DSCN0127	4376362094	
New York	[91801527, 91982835, 2459115, 12589335, 2347591, 12761729, 23424977, 56204764, 56043648]	http://www.flickr.com/photos/8783296@N05/4376363220/		bedford ave.	False	http://farm5.staticflickr.com/4019/4376363220_800dff231c.jpg	13	bfd3bfa7d626e65f8e13a7bc15e7e8ff	jpg	fluido & franz	United States	2010-02-21T16:40:21Z	Attribution-NonCommercial-ShareAlike License	2010-02-04T13:18:22Z	NIKON E4500	90882846	williamsburgh	4376363220	[u'new york', u'williamsburg']
New York	[91801527, 91982835, 2459115, 12589335, 2347591, 12761729, 23424977, 56204764, 56043648]	http://www.flickr.com/photos/8783296@N05/4375615477/		bedford ave.	False	http://farm5.staticflickr.com/4060/4375615477_6faf757485.jpg	13	614fb51522c72d31d727d169ffdceba0	jpg	fluido & franz	United States	2010-02-21T16:40:43Z	Attribution-NonCommercial-ShareAlike License	2010-02-04T13:18:28Z	NIKON E4500	82348024	williamsburgh	4375615477	[u'new york', u'williamsburg']
New York	[91801527, 91982835, 2459115, 12589335, 2347591, 12761729, 23424977, 56204764, 56043648]	http://www.flickr.com/photos/8783296@N05/4376366010/		bedford ave.	False	http://farm5.staticflickr.com/4002/4376366010_7eb7933cb6.jpg	13	810eb408be743a529b020cec3c29df1	jpg	fluido & franz	United States	2010-02-21T16:41:19Z	Attribution-NonCommercial-ShareAlike License	2010-02-04T13:18:54Z	NIKON E4500	65476556	williamsburgh	4376366010	[u'new york', u'williamsburg']
New York	[91801527, 91982835, 2459115, 12589335, 2347591, 12761729, 23424977, 56204764, 56043648]	http://www.flickr.com/photos/8783296@N05/4376368302/		bedford ave.	False	http://farm3.staticflickr.com/2740/4376368302_58a7452960.jpg	13	df4111b915248054b53d95b3e8f9619c	jpg	fluido & franz	United States	2010-02-21T16:42:06Z	Attribution-NonCommercial-ShareAlike License	2010-02-04T13:19:17Z	NIKON E4500	65955530	williamsburgh	4376368302	[u'new york', u'williamsburg']
New York	[91801527, 91982835, 2459115, 12589335, 2347591, 12761729, 23424977, 56204764, 56043648]	http://www.flickr.com/photos/8783296@N05/4376369786/		bedford ave.	False	http://farm3.staticflickr.com/2780/4376369786_df3c538aa9.jpg	13	719b18b826a9a974da98e98add25945	jpg	fluido & franz	United States	2010-02-21T16:42:40Z	Attribution-NonCommercial-ShareAlike License	2010-02-04T13:19:30Z	NIKON E4500	92076863	williamsburgh	4376369786	[u'new york', u'williamsburg']
New York	[91801527, 91982835, 2459115, 12589335, 2347591, 12761729, 23424977, 56204764, 56043648]	http://www.flickr.com/photos/8783296@N05/4376370832/		bedford ave.	False	http://farm5.staticflickr.com/4012/4376370832_26ccb0b4cf.jpg	13	584abbfde856172d51f3baf76881c	jpg	fluido & franz	United States	2010-02-21T16:43:03Z	Attribution-NonCommercial-ShareAlike License	2010-02-04T13:19:39Z	NIKON E4500	96164494	williamsburgh	4376370832	[u'new york', u'williamsburg']
New York	[91636725, 2459115, 12589342, 2347591, 12761350, 23424977, 56043648]	http://www.flickr.com/photos/8783296@N05/4376371642/		janet cardiff walk in central park, new york	False	http://farm3.staticflickr.com/2804/4376371642_0789ec5ec7.jpg	21	6160c0ad5771a835282b79a96c7aaa9b	jpg	fluido & franz	United States	2010-02-21T16:43:19Z	Attribution-NonCommercial-ShareAlike License	2010-02-04T21:41:11Z	NIKON E4500	89624071	new york - janet cardiff walk	4376371642	[u'central park', u'janet cardiff', u'new york', u'walk']
New York	[91636725, 2459115, 12589342, 2347591, 12761350, 23424977, 56043648]	http://www.flickr.com/photos/8783296@N05/4375624189/		janet cardiff walk in central park, new york	False	http://farm5.staticflickr.com/4032/4375624189_431ac0abb9.jpg	21	575e2c6af7b8e91f68da05ffc1cb777	jpg	fluido & franz	United States	2010-02-21T16:43:44Z	Attribution-NonCommercial-ShareAlike License	2010-02-04T21:41:15Z	NIKON E4500	97628212	new york - janet cardiff walk	4375624189	[u'central park', u'janet cardiff', u'new york', u'walk']
New York	[91636725, 2459115, 12589342, 2347591, 12761350, 23424977, 56043648]	http://www.flickr.com/photos/8783296@N05/4376373428/		janet cardiff walk in central park, new york	False	http://farm5.staticflickr.com/4042/4376373428_515a303685.jpg	21	45cc9351d6b666fe7c96511ee89f69	jpg	fluido & franz	United States	2010-02-21T16:43:58Z	Attribution-NonCommercial-ShareAlike License	2010-02-04T21:41:49Z	NIKON E4500	88468468	new york - janet cardiff walk	4376373428	[u'central park', u'janet cardiff', u'new york', u'walk']
New York	[91636725, 2459115, 12589342, 2347591, 12761350, 23424977, 56043648]	http://www.flickr.com/photos/8783296@N05/4375626657/		janet cardiff walk in central park, new york	False	http://farm5.staticflickr.com/4030/4375626657_ac1391ab5a.jpg	21	70d25357e69d87d55e9bc0727a1352dd	jpg	fluido & franz	United States	2010-02-21T16:44:32Z	Attribution-NonCommercial-ShareAlike License	2010-02-04T21:42:00Z	NIKON E4500	81054460	new york - janet cardiff walk	4375626657	[u'central park', u'janet cardiff', u'new york', u'walk']
New York	[91636725, 2459115, 12589342, 2347591, 12761350, 23424977, 56043648]	http://www.flickr.com/photos/8783296@N05/4376376622/		janet cardiff walk in central park, new york	False	http://farm5.staticflickr.com/4050/4376376622_32f9b2917d.jpg	21	198884ec1553e2a1a635e68f1298085	jpg	fluido & franz	United States	2010-02-21T16:45:02Z	Attribution-NonCommercial-ShareAlike License	2010-02-04T21:42:03Z	NIKON E4500	99894441	new york - janet cardiff walk	4376376622	[u'central park', u'janet cardiff', u'new york', u'walk']
New York	[91636725, 2459115, 12589342, 2347591, 12761350, 23424977, 56043648]	http://www.flickr.com/photos/8783296@N05/4376378182/		janet cardiff walk in central park, new york	False	http://farm5.staticflickr.com/4064/4376378182_311beb27b7.jpg	21	5e7d5ee6c7f56efa82f60a453e9d160	jpg	fluido & franz	United States	2010-02-21T16:45:31Z	Attribution-NonCommercial-ShareAlike License	2010-02-04T21:42:22Z	NIKON E4500	73565593	new york - janet cardiff walk	4376378182	[u'central park', u'janet cardiff', u'new york', u'walk']
New York	[91636725, 2459115, 12589342, 2347591, 12761350, 23424977, 56043648]	http://www.flickr.com/photos/8783296@N05/4375631981/		janet cardiff walk in central park, new york	False	http://farm5.staticflickr.com/4011/4375631981_cb7b691ef7.jpg	21	cec9b5f4ffc846334f2ac33959f6db	jpg	fluido & franz	United States	2010-02-21T16:46:17Z	Attribution-NonCommercial-ShareAlike License	2010-02-04T21:42:28Z	NIKON E4500	94268155	new york - janet cardiff walk	4375631981	[u'central park', u'janet cardiff', u'new york', u'walk']
New York	[91636725, 2459115, 12589342, 2347591, 12761350, 23424977, 56043648]	http://www.flickr.com/photos/8783296@N05/4376382854/		janet cardiff walk in central park, new york	False	http://farm5.staticflickr.com/4053/4376382854_cc76de3f46.jpg	21	9eea2deea6c395b4a9db8791e3ca7eaa	jpg	fluido & franz	United States	2010-02-21T16:47:04Z	Attribution-NonCommercial-ShareAlike License	2010-02-04T21:42:49Z	NIKON E4500	68951847	new york - janet cardiff walk	4376382854	[u'central park', u'janet cardiff', u'new york', u'walk']
New York	[91636725, 2459115, 12589342, 2347591, 12761350, 23424977, 56043648]	http://www.flickr.com/photos/8783296@N05/4375637119/		janet cardiff walk in central park, new york	False	http://farm5.staticflickr.com/4019/4375637119_92b69e07ce.jpg	21	93ab14c24fec37b2a3e0e35ed5a44c3	jpg	fluido & franz	United States	2010-02-21T16:47:57Z	Attribution-NonCommercial-ShareAlike License	2010-02-04T21:43:08Z	NIKON E4500	63288593	new york - janet cardiff walk	4375637119	[u'central park', u'janet cardiff', u'new york', u'walk']
New York	[91636725, 2459115, 12589342, 2347591, 12761350, 23424977, 56043648]	http://www.flickr.com/photos/8783296@N05/4375639827/		janet cardiff walk in central park, new york	False	http://farm5.staticflickr.com/4063/4375639827_463f756c91.jpg	21	c3921484efcf6373a0f5a48988945dc2	jpg	fluido & franz	United States	2010-02-21T16:48:50Z	Attribution-NonCommercial-ShareAlike License	2010-02-04T21:43:28Z	NIKON E4500	70270888	new york - janet cardiff walk	4375639827	[u'central park', u'janet cardiff', u'new york', u'walk']
New York	[91636725, 2459115, 12589342, 2347591, 12761350, 23424977, 56043648]	http://www.flickr.com/photos/8783296@N05/4375641233/		janet cardiff walk in central park, new york	False	http://farm5.staticflickr.com/4005/4375641233_8fe28099ed.jpg	21	e5286556a03de50f4c733631ce97646	jpg	fluido & franz	United States	2010-02-21T16:49:20Z	Attribution-NonCommercial-ShareAlike License	2010-02-04T21:43:31Z	NIKON E4500	85436778	new york - janet cardiff walk	4375641233	[u'central park', u'janet cardiff', u'new york', u'walk']
New York	[91636725, 2459115, 12589342, 2347591, 12761350, 23424977, 56043648]	http://www.flickr.com/photos/8783296@N05/4376391124/		janet cardiff walk in central park, new york	False	http://farm5.staticflickr.com/4061/4376391124_4548c88b99.jpg	21	29135b1bce55cae91d927ded54daba8c	jpg	fluido & franz	United States	2010-02-21T16:49:52Z	Attribution-NonCommercial-ShareAlike License	2010-02-04T21:44:26Z	NIKON E4500	3192516	new york - janet cardiff walk	4376391124	[u'central park', u'janet cardiff', u'new york', u'walk']
New York	[2459115, 12589342, 2347591, 12761352, 23424977, 56204683, 56043648]	http://www.flickr.com/photos/8783296@N05/4375644393/		janet cardiff walk in central park, new york	False	http://farm3.staticflickr.com/2698/4375644393_ffffe9d0d3.jpg	21	27198471c7a36e20c18479393dda4e	jpg	fluido & franz	United States	2010-02-21T16:50:24Z	Attribution-NonCommercial-ShareAlike License	2010-02-04T21:44:39Z	NIKON E4500	72747060	new york - janet cardiff walk	4375644393	[u'central park', u'janet cardiff', u'new york', u'walk']
New York	[2459115, 12589342, 2347591, 12761352, 23424977, 56204683, 56043648]	http://www.flickr.com/photos/8783296@N05/4376394762/		janet cardiff walk in central park, new york	False	http://farm5.staticflickr.com/4020/4376394762_a54a8e8c64.jpg	21	7cc1e7b51ea621583e6bf92f3986a33c	jpg	fluido & franz	United States	2010-02-21T16:51:03Z	Attribution-NonCommercial-ShareAlike License	2010-02-04T21:44:46Z	NIKON E4500	31117273	new york - janet cardiff walk	4376394762	[u'central park', u'janet cardiff', u'new york', u'walk']
New York	[2459115, 12589342, 2347591, 12761352, 23424977, 56204683, 56043648]	http://www.flickr.com/photos/8783296@N05/4376397146/		janet cardiff walk in central park, new york	False	http://farm5.staticflickr.com/4066/4376397146_c4ef5fdeb1.jpg	21	44cd9aa0b92ae83fb2becc4a97c39d8	jpg	fluido & franz	United States	2010-02-21T16:51:56Z	Attribution-NonCommercial-ShareAlike License	2010-02-04T21:44:54Z	NIKON E4500	73773185	new york - janet cardiff walk	4376397146	[u'central park', u'janet cardiff', u'new york', u'walk']
New York	[2459115, 12589342, 2347591, 12761352, 23424977, 56204683, 56043648]	http://www.flickr.com/photos/8783296@N05/4375651029/		janet cardiff walk in central park, new york	False	http://farm5.staticflickr.com/4069/4375651029_1d07b3ccdd.jpg	21	2d94afa972abce773b6c51c71eea8f2	jpg	fluido & franz	United States	2010-02-21T16:52:38Z	Attribution-NonCommercial-ShareAlike License	2010-02-04T21:45:17Z	NIKON E4500	92255548	new york - janet cardiff walk	4375651029	[u'central park', u'janet cardiff', u'new york', u'walk']
New York	[2459115, 12589342, 2347591, 12761352, 23424977, 56204683, 56043648]	http://www.flickr.com/photos/8783296@N05/4375652835/		janet cardiff walk in central park, new york	False	http://farm3.staticflickr.com/2687/4375652835_b192dccf16.jpg	21	ec4d1d887974219e4e10e05292201c60	jpg	fluido & franz	United States	2010-02-21T16:53:17Z	Attribution-NonCommercial-ShareAlike License	2010-02-04T21:47:18Z	NIKON E4500	58737005	new york - janet cardiff walk	4375652835	[u'central park', u'janet cardiff', u'new york', u'walk']
New York	[2459115, 12589342, 2347591, 12761352, 23424977, 56204683, 56043648]	http://www.flickr.com/photos/8783296@N05/4376403226/		janet cardiff walk in central park, new york	False	http://farm3.staticflickr.com/2730/4376403226_eb8da6b65a.jpg	21	b4dcfff85392a7d13661354d6cbf5	jpg	fluido & franz	United States	2010-02-21T16:54:02Z	Attribution-NonCommercial-ShareAlike License	2010-02-04T21:47:21Z	NIKON E4500	98538075	new york - janet cardiff walk	4376403226	[u'central park', u'janet cardiff', u'new york', u'walk']
New York	[2459115, 12589342, 2347591, 12761352, 23424977, 56204683, 56043648]	http://www.flickr.com/photos/8783296@N05/4375657153/		janet cardiff walk in central park, new york	False	http://farm3.staticflickr.com/2784/4375657153_be55e2d93b.jpg	21	d428ba94b9bb763728bef860d49e8a69	jpg	fluido & franz	United States	2010-02-21T16:54:46Z	Attribution-NonCommercial-ShareAlike License	2010-02-04T21:48:33Z	NIKON E4500	80334466	new york - janet cardiff walk	4375657153	[u'central park', u'janet cardiff', u'new york', u'walk']
New York	[2459115, 12589342, 2347591, 12761352, 23424977, 56204683, 56043648]	http://www.flickr.com/photos/8783296@N05/4375659359/		janet cardiff walk in central park, new york	False	http://farm3.staticflickr.com/2794/4375659359_0207032a6e.jpg	21	da5195a1c5e89730bb18be4dd76037	jpg	fluido & franz	United States	2010-02-21T16:55:33Z	Attribution-NonCommercial-ShareAlike License	2010-02-04T21:48:57Z	NIKON E4500	60609867	new york - janet cardiff walk	4375659359	[u'central park', u'janet cardiff', u'new york', u'walk']
New York	[2459115, 12589342, 2347591, 12761352, 23424977, 56204683, 56043648]	http://www.flickr.com/photos/8783296@N05/4375661097/		janet cardiff walk in central park, new york	False	http://farm5.staticflickr.com/4042/4375661097_7098f20d44.jpg	21	c1c1229d24fd3bcda2ad9fc5d9f047ac	jpg	fluido & franz	United States	2010-02-21T16:56:09Z	Attribution-NonCommercial-ShareAlike License	2010-02-04T21:56:10Z	NIKON E4500	83741579	new york - janet cardiff walk	4375661097	[u'central park', u'janet cardiff', u'new york', u'walk']
New York	[2459115, 12589342, 2347591, 12761352, 23424977, 56204683, 56043648]	http://www.flickr.com/photos/8783296@N05/4376410418/		janet cardiff walk in central park, new york	False	http://farm5.staticflickr.com/4019/4376410418_210df9e9cf.jpg	21	13dcd473782f47521293a01c82d7f8bd	jpg	fluido & franz	United States	2010-02-21T16:56:30Z	Attribution-NonCommercial-ShareAlike License	2010-02-04T21:56:18Z	NIKON E4500	92927789	new york - janet cardiff walk	4376410418	[u'central park', u'janet cardiff', u'new york', u'walk']
New York	[2459115, 12589342, 2347591, 12761352, 23424977, 56204683, 56043648]	http://www.flickr.com/photos/8783296@N05/4376412408/		janet cardiff walk in central park, new york	False	http://farm3.staticflickr.com/2737/4376412408_3fc0d7b949.jpg	21	95cda67edae1e78ef3da4042fc8f5e8	jpg	fluido & franz	United States	2010-02-21T16:57:09Z	Attribution-NonCommercial-ShareAlike License	2010-02-04T21:56:41Z	NIKON E4500	82623478	new york - janet cardiff walk	4376412408	[u'central park', u'janet cardiff', u'new york', u'walk']
New York	[2459115, 12589342, 2347591, 12761352, 23424977, 56204683, 56043648]	http://www.flickr.com/photos/8783296@N05/4376414792/		janet cardiff walk in central park, new york	False	http://farm3.staticflickr.com/2736/4376414792_a04259bf5b.jpg	21	27ff17c63df5458524ca2255612d6e3	jpg	fluido & franz	United States	2010-02-21T16:57:55Z	Attribution-NonCommercial-ShareAlike License	2010-02-04T21:57:37Z	NIKON E4500	66319512	new york - janet cardiff walk	4376414792	[u'central park', u'janet cardiff', u'new york', u'walk']
New York	[2459115, 12589342, 2347591, 12761352, 23424977, 56204683, 56043648]	http://www.flickr.com/photos/8783296@N05/4375667677/		janet cardiff walk in central park, new york	False	http://farm5.staticflickr.com/4020/4375667677_bf51f268b3.jpg	22	94c57eb812f85be434155af364c24099	jpg	fluido & franz	United States	2010-02-21T16:58:21Z	Attribution-NonCommercial-ShareAlike License	2010-02-04T22:02:29Z	NIKON E4500	87825205	new york - janet cardiff walk	4375667677	[u'central park', u'janet cardiff', u'new york', u'walk']
New York	[2459115, 12589342, 2347591, 12761352, 23424977, 56204683, 56043648]	http://www.flickr.com/photos/8783296@N05/4376417494/		janet cardiff walk in central park, new york	False	http://farm5.staticflickr.com/4003/4376417494_272487fe8a.jpg	22	aaa4c050b9393a5781b6f42bdee1a26	jpg	fluido & franz	United States	2010-02-21T16:58:52Z	Attribution-NonCommercial-ShareAlike License	2010-02-04T22:02:38Z	NIKON E4500	24475095	new york - janet cardiff walk	4376417494	[u'central park', u'janet cardiff', u'new york', u'walk']
New York	[2459115, 12589342, 2347591, 12761352, 23424977, 56204683, 56043648]	http://www.flickr.com/photos/8783296@N05/4375670589/		janet cardiff walk in central park, new york	False	http://farm5.staticflickr.com/4060/4375670589_6d92fb0c68.jpg	22	108482d069d972908d2e769de4dc61	jpg	fluido & franz	United States	2010-02-21T16:59:19Z	Attribution-NonCommercial-ShareAlike License	2010-02-04T22:07:16Z	NIKON E4500	66174633	new york - janet cardiff walk	4375670589	[u'central park', u'janet cardiff', u'new york', u'walk']
