town_s	woe_is	urlpage_s	machine_ss	desc_ws	video_b	url_s	hour_i	hash_s	ext_s	user_s	country_s	upload_dt	license_s	taken_dt	device_s	line_i	title_s	id	tag_ss
New York	[23682942, 2441564, 91982705, 2459115, 12589352, 2347591, 12761711, 23424977, 56043648]	http://www.flickr.com/photos/57012722@N06/8479401999/			False	http://farm9.staticflickr.com/8365/8479401999_e7f40ed38e.jpg	18	19b2f8a39946ecb295dbae5c66468c30	jpg	juan.monroy	United States	2013-02-16T23:02:03Z	Attribution-NonCommercial License	2011-07-04T18:32:09Z	Canon EOS 20D	10585425	Independence Day Picnic	8479401999	[u'independence day', u'new york city']
New York	[91556743, 2441564, 91982705, 2459115, 12589352, 2347591, 12761711, 23424977, 56043648]	http://www.flickr.com/photos/57012722@N06/8480492986/			False	http://farm9.staticflickr.com/8506/8480492986_5113840291.jpg	19	6f908950f23a449bd3cfd598d3f3566	jpg	juan.monroy	United States	2013-02-16T23:02:04Z	Attribution-NonCommercial License	2011-07-04T19:03:31Z	Canon EOS 20D	81773302	Independence Day Picnic	8480492986	[u'independence day', u'long island city', u'new york city']
New York	[23617589, 55864590, 2459115, 12589342, 2347591, 23424977, 56043648]	http://www.flickr.com/photos/57012722@N06/8479401977/			False	http://farm9.staticflickr.com/8520/8479401977_d7948cdee5.jpg	20	b3e127e5922286049f1a1b21b3775e8	jpg	juan.monroy	United States	2013-02-16T23:02:03Z	Attribution-NonCommercial License	2011-07-04T20:03:28Z	Canon EOS 20D	89367589	Independence Day Picnic	8479401977	[u'independence day', u'new york city']
New York	[23617589, 55864590, 2459115, 12589342, 2347591, 23424977, 56043648]	http://www.flickr.com/photos/57012722@N06/8480492860/			False	http://farm9.staticflickr.com/8382/8480492860_74fc6703a7.jpg	20	4595dcbd666e1bb11561ff179ae583a	jpg	juan.monroy	United States	2013-02-16T23:02:01Z	Attribution-NonCommercial License	2011-07-04T20:06:21Z	Canon EOS 20D	96894264	Independence Day Picnic	8480492860	[u'independence day', u'new york city']
New York	[23617589, 55864590, 2459115, 12589342, 2347591, 23424977, 56043648]	http://www.flickr.com/photos/57012722@N06/8479401833/			False	http://farm9.staticflickr.com/8516/8479401833_abdd7e5b69.jpg	20	bd51983e6ee99bfabf5cfff510555398	jpg	juan.monroy	United States	2013-02-16T23:02:00Z	Attribution-NonCommercial License	2011-07-04T20:09:54Z	Canon EOS 20D	93187977	Independence Day Picnic	8479401833	[u'independence day', u'new york city']
New York	[23617589, 55864590, 2459115, 12589342, 2347591, 23424977, 56043648]	http://www.flickr.com/photos/57012722@N06/8480492722/			False	http://farm9.staticflickr.com/8370/8480492722_fb6deaa14a.jpg	20	85efe67217d85a1918ac46a3727211a4	jpg	juan.monroy	United States	2013-02-16T23:01:58Z	Attribution-NonCommercial License	2011-07-04T20:13:32Z	Canon EOS 20D	26717901	Independence Day Picnic	8480492722	[u'independence day', u'new york city']
New York	[23617589, 55864590, 2459115, 12589342, 2347591, 23424977, 56043648]	http://www.flickr.com/photos/57012722@N06/8479401659/			False	http://farm9.staticflickr.com/8368/8479401659_044e329a22.jpg	20	5a85f0c8fcb9bfbb76aec9f3e4d9f38	jpg	juan.monroy	United States	2013-02-16T23:01:56Z	Attribution-NonCommercial License	2011-07-04T20:20:02Z	Canon EOS 20D	88663242	Independence Day Picnic	8479401659	[u'independence day', u'new york city']
New York	[23617589, 55864590, 2459115, 12589342, 2347591, 23424977, 56043648]	http://www.flickr.com/photos/57012722@N06/6528051143/			False	http://farm8.staticflickr.com/7001/6528051143_94358171ef.jpg	20	098c07f39c497165a3f8e195656e38	jpg	juan.monroy	United States	2011-12-17T23:17:55Z	Attribution-NonCommercial License	2011-07-04T20:20:04Z	Canon EOS 20D	65435344	IMG_0203	6528051143	
New York	[23617589, 55864590, 2459115, 12589342, 2347591, 23424977, 56043648]	http://www.flickr.com/photos/57012722@N06/7458399764/			False	http://farm8.staticflickr.com/7250/7458399764_39fb72c82c.jpg	20	57bf92bce4399ed07ae1d3bdaeaf59d8	jpg	juan.monroy	United States	2012-06-28T02:53:55Z	Attribution-NonCommercial License	2011-07-04T20:20:04Z	Canon EOS 20D	73546240	IMG_0203	7458399764	
New York	[23617589, 55864590, 2459115, 12589342, 2347591, 23424977, 56043648]	http://www.flickr.com/photos/57012722@N06/8480492580/			False	http://farm9.staticflickr.com/8110/8480492580_41133d37b7.jpg	20	430b88d414c738cc67eb817c345651	jpg	juan.monroy	United States	2013-02-16T23:01:55Z	Attribution-NonCommercial License	2011-07-04T20:32:04Z	Canon EOS 20D	85130984	Independence Day Picnic	8480492580	[u'independence day', u'new york city']
New York	[23617589, 55864590, 2459115, 12589342, 2347591, 23424977, 56043648]	http://www.flickr.com/photos/57012722@N06/7458399060/			False	http://farm9.staticflickr.com/8012/7458399060_7c07b98307.jpg	20	0acb9a47a0f056f3497634fbde3be	jpg	juan.monroy	United States	2012-06-28T02:53:46Z	Attribution-NonCommercial License	2011-07-04T20:32:06Z	Canon EOS 20D	6885674	IMG_0212	7458399060	
New York	[23617589, 55864590, 2459115, 12589342, 2347591, 23424977, 56043648]	http://www.flickr.com/photos/57012722@N06/8480492524/			False	http://farm9.staticflickr.com/8245/8480492524_773c677988.jpg	20	21f4cb6e27164cf9d6b62dd6e3ec2a	jpg	juan.monroy	United States	2013-02-16T23:01:54Z	Attribution-NonCommercial License	2011-07-04T20:32:25Z	Canon EOS 20D	79936679	Independence Day Picnic	8480492524	[u'independence day', u'new york city']
New York	[23617589, 55864590, 2459115, 12589342, 2347591, 23424977, 56043648]	http://www.flickr.com/photos/57012722@N06/6528052013/			False	http://farm8.staticflickr.com/7164/6528052013_0b60b233d4.jpg	20	8b774e3c8115b4e8e6979961c0791	jpg	juan.monroy	United States	2011-12-17T23:18:08Z	Attribution-NonCommercial License	2011-07-04T20:32:26Z	Canon EOS 20D	9569397	IMG_0215	6528052013	
New York	[23617589, 55864590, 2459115, 12589342, 2347591, 23424977, 56043648]	http://www.flickr.com/photos/57012722@N06/7458398310/			False	http://farm9.staticflickr.com/8145/7458398310_f2bbd620ab.jpg	20	b0a92dcdcb5518aa3dd53e938065e278	jpg	juan.monroy	United States	2012-06-28T02:53:37Z	Attribution-NonCommercial License	2011-07-04T20:34:36Z	Canon EOS 20D	74036902	IMG_0223	7458398310	
New York	[23617589, 55864590, 2459115, 12589342, 2347591, 23424977, 56043648]	http://www.flickr.com/photos/57012722@N06/8479401543/			False	http://farm9.staticflickr.com/8102/8479401543_7018774f27.jpg	20	cf63f3c387a1dbd8e7993e95a874	jpg	juan.monroy	United States	2013-02-16T23:01:54Z	Attribution-NonCommercial License	2011-07-04T20:34:36Z	Canon EOS 20D	73724862	Independence Day Picnic	8479401543	[u'independence day', u'new york city']
New York	[23617589, 55864590, 2459115, 12589342, 2347591, 23424977, 56043648]	http://www.flickr.com/photos/57012722@N06/6528050451/			False	http://farm8.staticflickr.com/7034/6528050451_9b1e29fbbe.jpg	20	2423f619ae442fbf33e143d0442aa3	jpg	juan.monroy	United States	2011-12-17T23:17:44Z	Attribution-NonCommercial License	2011-07-04T20:34:36Z	Canon EOS 20D	67330292	IMG_0223	6528050451	
New York	[23617589, 55864590, 2459115, 12589342, 2347591, 23424977, 56043648]	http://www.flickr.com/photos/57012722@N06/8480492416/			False	http://farm9.staticflickr.com/8529/8480492416_2b8e6a1e60.jpg	20	be7637fa16b9407580dde2cf50fcddd	jpg	juan.monroy	United States	2013-02-16T23:01:52Z	Attribution-NonCommercial License	2011-07-04T20:35:16Z	Canon EOS 20D	50752311	Independence Day Picnic	8480492416	[u'independence day', u'new york city']
New York	[23617589, 55864590, 2459115, 12589342, 2347591, 23424977, 56043648]	http://www.flickr.com/photos/57012722@N06/8480492358/			False	http://farm9.staticflickr.com/8520/8480492358_8690131916.jpg	20	3b2034c9b86216a2137886e75a841c3	jpg	juan.monroy	United States	2013-02-16T23:01:51Z	Attribution-NonCommercial License	2011-07-04T20:36:31Z	Canon EOS 20D	63285645	Independence Day Picnic	8480492358	[u'independence day', u'new york city']
New York	[23617589, 55864590, 2459115, 12589342, 2347591, 23424977, 56043648]	http://www.flickr.com/photos/57012722@N06/8480492290/			False	http://farm9.staticflickr.com/8237/8480492290_bd7ddd07d5.jpg	20	29f6a2833d7208a61fb2cdddbe8dcb9	jpg	juan.monroy	United States	2013-02-16T23:01:49Z	Attribution-NonCommercial License	2011-07-04T20:37:40Z	Canon EOS 20D	67232066	Independence Day Picnic	8480492290	[u'independence day', u'new york city']
New York	[23617589, 55864590, 2459115, 12589342, 2347591, 23424977, 56043648]	http://www.flickr.com/photos/57012722@N06/8480492282/			False	http://farm9.staticflickr.com/8507/8480492282_ac9b00fd47.jpg	20	ce8301aaedaa4dd45f8f826a4ad6f3a	jpg	juan.monroy	United States	2013-02-16T23:01:49Z	Attribution-NonCommercial License	2011-07-04T20:46:56Z	Canon EOS 20D	63469447	Independence Day Picnic	8480492282	[u'independence day', u'new york city']
New York	[23617589, 55864590, 2459115, 12589342, 2347591, 23424977, 56043648]	http://www.flickr.com/photos/57012722@N06/8480492252/			False	http://farm9.staticflickr.com/8384/8480492252_9830705088.jpg	20	847ae9342cbcf6289b5a2b3a5f92ee	jpg	juan.monroy	United States	2013-02-16T23:01:48Z	Attribution-NonCommercial License	2011-07-04T20:47:06Z	Canon EOS 20D	74857490	Independence Day Picnic	8480492252	[u'independence day', u'new york city']
New York	[23617589, 55864590, 2459115, 12589342, 2347591, 23424977, 56043648]	http://www.flickr.com/photos/57012722@N06/8479401239/			False	http://farm9.staticflickr.com/8094/8479401239_5485db1aec.jpg	20	b8cabcf983828765d66d21a819f237e	jpg	juan.monroy	United States	2013-02-16T23:01:47Z	Attribution-NonCommercial License	2011-07-04T20:47:45Z	Canon EOS 20D	7571526	Independence Day Picnic	8479401239	[u'independence day', u'new york city']
New York	[23617589, 55864590, 2459115, 12589342, 2347591, 23424977, 56043648]	http://www.flickr.com/photos/57012722@N06/8479401221/			False	http://farm9.staticflickr.com/8090/8479401221_d1ebe9a37c.jpg	20	59b4e3a346362cec31656f4a9472623	jpg	juan.monroy	United States	2013-02-16T23:01:47Z	Attribution-NonCommercial License	2011-07-04T20:47:54Z	Canon EOS 20D	96039391	Independence Day Picnic	8479401221	[u'independence day', u'new york city']
New York	[23617589, 55864590, 2459115, 12589342, 2347591, 23424977, 56043648]	http://www.flickr.com/photos/57012722@N06/8479401193/			False	http://farm9.staticflickr.com/8244/8479401193_2444e267c5.jpg	20	ed5e6866e76e146cfb66c2421d53c	jpg	juan.monroy	United States	2013-02-16T23:01:46Z	Attribution-NonCommercial License	2011-07-04T20:52:27Z	Canon EOS 20D	70627163	Independence Day Picnic	8479401193	[u'independence day', u'new york city']
New York	[23617589, 55864590, 2459115, 12589342, 2347591, 23424977, 56043648]	http://www.flickr.com/photos/57012722@N06/8480499390/			False	http://farm9.staticflickr.com/8377/8480499390_031810046e.jpg	21	1c2031779a97a3ba2621c737884d2	jpg	juan.monroy	United States	2013-02-16T23:04:32Z	Attribution-NonCommercial License	2011-07-04T21:35:55Z	Canon EOS 20D	69993416	Fireworks over the Hudson	8480499390	[u'fireworks', u'independence day', u'new york city']
New York	[23617589, 55864590, 2459115, 12589342, 2347591, 23424977, 56043648]	http://www.flickr.com/photos/57012722@N06/8479408217/			False	http://farm9.staticflickr.com/8235/8479408217_9c5fc3e0a5.jpg	21	b77ceb6a4156cabb7f1181888e8aaf	jpg	juan.monroy	United States	2013-02-16T23:04:31Z	Attribution-NonCommercial License	2011-07-04T21:37:20Z	Canon EOS 20D	96504262	Fireworks over the Hudson	8479408217	[u'fireworks', u'independence day', u'new york city']
New York	[23617589, 55864590, 2459115, 12589342, 2347591, 23424977, 56043648]	http://www.flickr.com/photos/57012722@N06/8480499242/			False	http://farm9.staticflickr.com/8511/8480499242_c27887bcd4.jpg	21	da4cc4caaa8f86b505ba160fb70b4f	jpg	juan.monroy	United States	2013-02-16T23:04:29Z	Attribution-NonCommercial License	2011-07-04T21:38:56Z	Canon EOS 20D	79194700	Fireworks over the Hudson	8480499242	[u'fireworks', u'independence day', u'new york city']
New York	[23617589, 55864590, 2459115, 12589342, 2347591, 23424977, 56043648]	http://www.flickr.com/photos/57012722@N06/8480499138/			False	http://farm9.staticflickr.com/8226/8480499138_c3cc0d64c4.jpg	21	b6b6937ca8b3f1b630b9ff3e1ce221b	jpg	juan.monroy	United States	2013-02-16T23:04:27Z	Attribution-NonCommercial License	2011-07-04T21:39:15Z	Canon EOS 20D	32226009	Fireworks over the Hudson	8480499138	[u'fireworks', u'independence day', u'new york city']
New York	[23617589, 55864590, 2459115, 12589342, 2347591, 23424977, 56043648]	http://www.flickr.com/photos/57012722@N06/8479408043/			False	http://farm9.staticflickr.com/8237/8479408043_dfd2e89fd6.jpg	21	694ff56b71b236eb45595f12efdbc06a	jpg	juan.monroy	United States	2013-02-16T23:04:27Z	Attribution-NonCommercial License	2011-07-04T21:39:35Z	Canon EOS 20D	90321026	Fireworks over the Hudson	8479408043	[u'fireworks', u'independence day', u'new york city']
New York	[23617589, 55864590, 2459115, 12589342, 2347591, 23424977, 56043648]	http://www.flickr.com/photos/57012722@N06/8480499048/			False	http://farm9.staticflickr.com/8373/8480499048_91d7df1d5d.jpg	21	4ea35b1173cb6e49ded088666055b1f	jpg	juan.monroy	United States	2013-02-16T23:04:25Z	Attribution-NonCommercial License	2011-07-04T21:42:52Z	Canon EOS 20D	93683541	Fireworks over the Hudson	8480499048	[u'fireworks', u'independence day', u'new york city']
New York	[23617589, 55864590, 2459115, 12589342, 2347591, 23424977, 56043648]	http://www.flickr.com/photos/57012722@N06/8480499026/			False	http://farm9.staticflickr.com/8524/8480499026_3a674d9af6.jpg	21	22ca3f555b0723fa645b85b2858101f	jpg	juan.monroy	United States	2013-02-16T23:04:24Z	Attribution-NonCommercial License	2011-07-04T21:42:53Z	Canon EOS 20D	78538212	Fireworks over the Hudson	8480499026	[u'fireworks', u'independence day', u'new york city']
New York	[23617589, 55864590, 2459115, 12589342, 2347591, 23424977, 56043648]	http://www.flickr.com/photos/57012722@N06/8480498970/			False	http://farm9.staticflickr.com/8531/8480498970_4f22921a5e.jpg	21	586da9e34efc921ff1e5bacba06272	jpg	juan.monroy	United States	2013-02-16T23:04:23Z	Attribution-NonCommercial License	2011-07-04T21:44:36Z	Canon EOS 20D	68769578	Fireworks over the Hudson	8480498970	[u'fireworks', u'independence day', u'new york city']
New York	[23617589, 55864590, 2459115, 12589342, 2347591, 23424977, 56043648]	http://www.flickr.com/photos/57012722@N06/8479407821/			False	http://farm9.staticflickr.com/8230/8479407821_85b8bc8ce3.jpg	21	c6fe464d1f8aef8788b1177cdb86da	jpg	juan.monroy	United States	2013-02-16T23:04:22Z	Attribution-NonCommercial License	2011-07-04T21:44:46Z	Canon EOS 20D	98217595	Fireworks over the Hudson	8479407821	[u'fireworks', u'independence day', u'new york city']
New York	[23617589, 55864590, 2459115, 12589342, 2347591, 23424977, 56043648]	http://www.flickr.com/photos/57012722@N06/8480498870/			False	http://farm9.staticflickr.com/8517/8480498870_b175b4cdd0.jpg	21	7233e688d77d4c5dbe0a6135847c81	jpg	juan.monroy	United States	2013-02-16T23:04:21Z	Attribution-NonCommercial License	2011-07-04T21:45:09Z	Canon EOS 20D	88711019	Fireworks over the Hudson	8480498870	[u'fireworks', u'independence day', u'new york city']
New York	[23617589, 55864590, 2459115, 12589342, 2347591, 23424977, 56043648]	http://www.flickr.com/photos/57012722@N06/8480498814/			False	http://farm9.staticflickr.com/8230/8480498814_024c7c33e0.jpg	21	a68ad8ef32b5313bcd71ec9b2f7b159	jpg	juan.monroy	United States	2013-02-16T23:04:20Z	Attribution-NonCommercial License	2011-07-04T21:45:16Z	Canon EOS 20D	86201811	Fireworks over the Hudson	8480498814	[u'fireworks', u'independence day', u'new york city']
New York	[23617589, 55864590, 2459115, 12589342, 2347591, 23424977, 56043648]	http://www.flickr.com/photos/57012722@N06/8480498736/			False	http://farm9.staticflickr.com/8392/8480498736_3e922d16df.jpg	21	cbe4c72c4539a214497e83f9b86abb	jpg	juan.monroy	United States	2013-02-16T23:04:19Z	Attribution-NonCommercial License	2011-07-04T21:45:19Z	Canon EOS 20D	75945884	Fireworks over the Hudson	8480498736	[u'fireworks', u'independence day', u'new york city']
New York	[23617589, 55864590, 2459115, 12589342, 2347591, 23424977, 56043648]	http://www.flickr.com/photos/57012722@N06/8480498724/			False	http://farm9.staticflickr.com/8512/8480498724_5cef3de6cc.jpg	21	ac74c4d9379605046791369c239a727	jpg	juan.monroy	United States	2013-02-16T23:04:19Z	Attribution-NonCommercial License	2011-07-04T21:45:22Z	Canon EOS 20D	3958458	Fireworks over the Hudson	8480498724	[u'fireworks', u'independence day', u'new york city']
New York	[23617589, 55864590, 2459115, 12589342, 2347591, 23424977, 56043648]	http://www.flickr.com/photos/57012722@N06/8480498682/			False	http://farm9.staticflickr.com/8520/8480498682_2f80cd45fe.jpg	21	df51e744c6711fa7ea507c2cd1e4213c	jpg	juan.monroy	United States	2013-02-16T23:04:18Z	Attribution-NonCommercial License	2011-07-04T21:45:24Z	Canon EOS 20D	50997413	Fireworks over the Hudson	8480498682	[u'fireworks', u'independence day', u'new york city']
New York	[23617589, 55864590, 2459115, 12589342, 2347591, 23424977, 56043648]	http://www.flickr.com/photos/57012722@N06/8479407623/			False	http://farm9.staticflickr.com/8226/8479407623_64bea8a517.jpg	21	bbf22dbd133eef96640e02abb31d16	jpg	juan.monroy	United States	2013-02-16T23:04:18Z	Attribution-NonCommercial License	2011-07-04T21:47:12Z	Canon EOS 20D	78537305	Fireworks over the Hudson	8479407623	[u'fireworks', u'independence day', u'new york city']
New York	[23617589, 55864590, 2459115, 12589342, 2347591, 23424977, 56043648]	http://www.flickr.com/photos/57012722@N06/8479407529/			False	http://farm9.staticflickr.com/8374/8479407529_b5f03bbce8.jpg	21	6fa396e5423adc8f9bba84ed7b4b8235	jpg	juan.monroy	United States	2013-02-16T23:04:16Z	Attribution-NonCommercial License	2011-07-04T21:47:20Z	Canon EOS 20D	78136336	Fireworks over the Hudson	8479407529	[u'fireworks', u'independence day', u'new york city']
New York	[23617589, 55864590, 2459115, 12589342, 2347591, 23424977, 56043648]	http://www.flickr.com/photos/57012722@N06/8480498564/			False	http://farm9.staticflickr.com/8376/8480498564_f740fb9917.jpg	21	4c9ac611c2016c0e0e7f7ba3885b	jpg	juan.monroy	United States	2013-02-16T23:04:15Z	Attribution-NonCommercial License	2011-07-04T21:47:25Z	Canon EOS 20D	89568394	Fireworks over the Hudson	8480498564	[u'fireworks', u'independence day', u'new york city']
New York	[23617589, 55864590, 2459115, 12589342, 2347591, 23424977, 56043648]	http://www.flickr.com/photos/57012722@N06/8479407429/			False	http://farm9.staticflickr.com/8234/8479407429_003a16e79b.jpg	21	29d6d29323d25174fbbdb86b925b0	jpg	juan.monroy	United States	2013-02-16T23:04:14Z	Attribution-NonCommercial License	2011-07-04T21:47:36Z	Canon EOS 20D	70199365	Fireworks over the Hudson	8479407429	[u'fireworks', u'independence day', u'new york city']
New York	[23617589, 55864590, 2459115, 12589342, 2347591, 23424977, 56043648]	http://www.flickr.com/photos/57012722@N06/8479407387/			False	http://farm9.staticflickr.com/8232/8479407387_cb77dc839b.jpg	21	9f2234e6612b8bc18a8b5a4fa9c0e71d	jpg	juan.monroy	United States	2013-02-16T23:04:13Z	Attribution-NonCommercial License	2011-07-04T21:47:40Z	Canon EOS 20D	99245240	Fireworks over the Hudson	8479407387	[u'fireworks', u'independence day', u'new york city']
New York	[23617589, 55864590, 2459115, 12589342, 2347591, 23424977, 56043648]	http://www.flickr.com/photos/57012722@N06/8480498410/			False	http://farm9.staticflickr.com/8251/8480498410_51b6c0b019.jpg	21	cf4e2f4be812ef388f3d7daa5c9cced8	jpg	juan.monroy	United States	2013-02-16T23:04:11Z	Attribution-NonCommercial License	2011-07-04T21:47:42Z	Canon EOS 20D	75977200	Fireworks over the Hudson	8480498410	[u'fireworks', u'independence day', u'new york city']
New York	[23617589, 55864590, 2459115, 12589342, 2347591, 23424977, 56043648]	http://www.flickr.com/photos/57012722@N06/8480498354/			False	http://farm9.staticflickr.com/8102/8480498354_ee262547ac.jpg	21	c3833e8abbd84eac328bd56b9f5c2997	jpg	juan.monroy	United States	2013-02-16T23:04:10Z	Attribution-NonCommercial License	2011-07-04T21:47:50Z	Canon EOS 20D	64499359	Fireworks over the Hudson	8480498354	[u'fireworks', u'independence day', u'new york city']
New York	[23617589, 55864590, 2459115, 12589342, 2347591, 23424977, 56043648]	http://www.flickr.com/photos/57012722@N06/8480498338/			False	http://farm9.staticflickr.com/8228/8480498338_1dc54c97a6.jpg	21	9fcee795eb7322fc98a4bac259571	jpg	juan.monroy	United States	2013-02-16T23:04:10Z	Attribution-NonCommercial License	2011-07-04T21:47:53Z	Canon EOS 20D	92145053	Fireworks over the Hudson	8480498338	[u'fireworks', u'independence day', u'new york city']
New York	[23617589, 55864590, 2459115, 12589342, 2347591, 23424977, 56043648]	http://www.flickr.com/photos/57012722@N06/8479407177/			False	http://farm9.staticflickr.com/8249/8479407177_45eaac8825.jpg	21	b5b8c0c7b37b459a7fa985d7faa36b9c	jpg	juan.monroy	United States	2013-02-16T23:04:08Z	Attribution-NonCommercial License	2011-07-04T21:48:07Z	Canon EOS 20D	80908671	Fireworks over the Hudson	8479407177	[u'fireworks', u'independence day', u'new york city']
New York	[23617589, 55864590, 2459115, 12589342, 2347591, 23424977, 56043648]	http://www.flickr.com/photos/57012722@N06/8480498220/			False	http://farm9.staticflickr.com/8375/8480498220_e7c1955369.jpg	21	d0c59ecee246889cb2dc5580d78b7dc8	jpg	juan.monroy	United States	2013-02-16T23:04:07Z	Attribution-NonCommercial License	2011-07-04T21:48:11Z	Canon EOS 20D	43303963	Fireworks over the Hudson	8480498220	[u'fireworks', u'independence day', u'new york city']
New York	[23617589, 55864590, 2459115, 12589342, 2347591, 23424977, 56043648]	http://www.flickr.com/photos/57012722@N06/8479407079/			False	http://farm9.staticflickr.com/8112/8479407079_b0899ee90c.jpg	21	44661411ca9bd8cb7f951507f720	jpg	juan.monroy	United States	2013-02-16T23:04:06Z	Attribution-NonCommercial License	2011-07-04T21:48:13Z	Canon EOS 20D	87099096	Fireworks over the Hudson	8479407079	[u'fireworks', u'independence day', u'new york city']
New York	[23617589, 55864590, 2459115, 12589342, 2347591, 23424977, 56043648]	http://www.flickr.com/photos/57012722@N06/8480498118/			False	http://farm9.staticflickr.com/8097/8480498118_93b75b8298.jpg	21	16765cc712610c7ed9d2c3ca4996fd	jpg	juan.monroy	United States	2013-02-16T23:04:05Z	Attribution-NonCommercial License	2011-07-04T21:48:22Z	Canon EOS 20D	17721097	Fireworks over the Hudson	8480498118	[u'fireworks', u'independence day', u'new york city']
New York	[23617589, 55864590, 2459115, 12589342, 2347591, 23424977, 56043648]	http://www.flickr.com/photos/57012722@N06/8479406985/			False	http://farm9.staticflickr.com/8373/8479406985_a2c53ca987.jpg	21	fc7988cb5936ffe214383c6722f2ef1b	jpg	juan.monroy	United States	2013-02-16T23:04:04Z	Attribution-NonCommercial License	2011-07-04T21:48:35Z	Canon EOS 20D	9876853	Fireworks over the Hudson	8479406985	[u'fireworks', u'independence day', u'new york city']
New York	[23617589, 55864590, 2459115, 12589342, 2347591, 23424977, 56043648]	http://www.flickr.com/photos/57012722@N06/8480498046/			False	http://farm9.staticflickr.com/8095/8480498046_7dd11dae02.jpg	21	37ca8012ea1e7e9b47f873af9b31b6a	jpg	juan.monroy	United States	2013-02-16T23:04:04Z	Attribution-NonCommercial License	2011-07-04T21:48:41Z	Canon EOS 20D	29663375	Fireworks over the Hudson	8480498046	[u'fireworks', u'independence day', u'new york city']
New York	[23617589, 55864590, 2459115, 12589342, 2347591, 23424977, 56043648]	http://www.flickr.com/photos/57012722@N06/8480497990/			False	http://farm9.staticflickr.com/8094/8480497990_3b159699a4.jpg	21	4dead1ae5306a3d44bde2e661344c	jpg	juan.monroy	United States	2013-02-16T23:04:03Z	Attribution-NonCommercial License	2011-07-04T21:48:45Z	Canon EOS 20D	66842141	Fireworks over the Hudson	8480497990	[u'fireworks', u'independence day', u'new york city']
New York	[23617589, 55864590, 2459115, 12589342, 2347591, 23424977, 56043648]	http://www.flickr.com/photos/57012722@N06/8480497936/			False	http://farm9.staticflickr.com/8380/8480497936_245348abc3.jpg	21	5fbebfb018bf6d560de9f486c8aa312	jpg	juan.monroy	United States	2013-02-16T23:04:02Z	Attribution-NonCommercial License	2011-07-04T21:48:48Z	Canon EOS 20D	83259592	Fireworks over the Hudson	8480497936	[u'fireworks', u'independence day', u'new york city']
New York	[23617589, 55864590, 2459115, 12589342, 2347591, 23424977, 56043648]	http://www.flickr.com/photos/57012722@N06/8479406827/			False	http://farm9.staticflickr.com/8225/8479406827_f6fc012804.jpg	21	7ceaff14669d3822f31dddd487d60d1	jpg	juan.monroy	United States	2013-02-16T23:04:00Z	Attribution-NonCommercial License	2011-07-04T21:49:03Z	Canon EOS 20D	56444812	Fireworks over the Hudson	8479406827	[u'fireworks', u'independence day', u'new york city']
New York	[23617589, 55864590, 2459115, 12589342, 2347591, 23424977, 56043648]	http://www.flickr.com/photos/57012722@N06/8479406749/			False	http://farm9.staticflickr.com/8110/8479406749_acb6588239.jpg	21	21ea6c329fb236d9a139d078e5f0c13e	jpg	juan.monroy	United States	2013-02-16T23:03:59Z	Attribution-NonCommercial License	2011-07-04T21:49:15Z	Canon EOS 20D	13517020	Fireworks over the Hudson	8479406749	[u'fireworks', u'independence day', u'new york city']
New York	[23617589, 55864590, 2459115, 12589342, 2347591, 23424977, 56043648]	http://www.flickr.com/photos/57012722@N06/8479406719/			False	http://farm9.staticflickr.com/8095/8479406719_bf4ab0e619.jpg	21	e07a3070b29b3ee6a2543c9dacc3ef	jpg	juan.monroy	United States	2013-02-16T23:03:58Z	Attribution-NonCommercial License	2011-07-04T21:49:32Z	Canon EOS 20D	92662995	Fireworks over the Hudson	8479406719	[u'fireworks', u'independence day', u'new york city']
New York	[23617589, 55864590, 2459115, 12589342, 2347591, 23424977, 56043648]	http://www.flickr.com/photos/57012722@N06/8479406689/			False	http://farm9.staticflickr.com/8088/8479406689_63279ce507.jpg	21	71c56964ed131a9edc3965e69cfcd9d	jpg	juan.monroy	United States	2013-02-16T23:03:57Z	Attribution-NonCommercial License	2011-07-04T21:49:45Z	Canon EOS 20D	90917156	Fireworks over the Hudson	8479406689	[u'fireworks', u'independence day', u'new york city']
New York	[23617589, 55864590, 2459115, 12589342, 2347591, 23424977, 56043648]	http://www.flickr.com/photos/57012722@N06/8480497710/			False	http://farm9.staticflickr.com/8246/8480497710_b900182865.jpg	21	3054e67043aae7499c2f73b455a6b391	jpg	juan.monroy	United States	2013-02-16T23:03:56Z	Attribution-NonCommercial License	2011-07-04T21:49:52Z	Canon EOS 20D	84228453	Fireworks over the Hudson	8480497710	[u'fireworks', u'independence day', u'new york city']
New York	[23617589, 55864590, 2459115, 12589342, 2347591, 23424977, 56043648]	http://www.flickr.com/photos/57012722@N06/8479406603/			False	http://farm9.staticflickr.com/8530/8479406603_c3139b4cee.jpg	21	a698c078938f82d6de8c1d77d1693f0	jpg	juan.monroy	United States	2013-02-16T23:03:55Z	Attribution-NonCommercial License	2011-07-04T21:49:53Z	Canon EOS 20D	76957420	Fireworks over the Hudson	8479406603	[u'fireworks', u'independence day', u'new york city']
New York	[23617589, 55864590, 2459115, 12589342, 2347591, 23424977, 56043648]	http://www.flickr.com/photos/57012722@N06/8479406567/			False	http://farm9.staticflickr.com/8389/8479406567_6b65c83b5d.jpg	21	695a51c16b2512cd5138e224a8ccd9c	jpg	juan.monroy	United States	2013-02-16T23:03:54Z	Attribution-NonCommercial License	2011-07-04T21:50:08Z	Canon EOS 20D	86761243	Fireworks over the Hudson	8479406567	[u'fireworks', u'independence day', u'new york city']
