town_s	woe_is	urlpage_s	machine_ss	desc_ws	video_b	url_s	hour_i	hash_s	ext_s	user_s	country_s	upload_dt	license_s	taken_dt	device_s	line_i	title_s	id	tag_ss
New York	[91586853, 2404701, 2459115, 12589352, 2347591, 12761772, 23424977, 56043648]	http://www.flickr.com/photos/42872607@N00/8152243268/		Trying to take tennis pictures with a point and shoot is...frustrating to say the least.	False	http://farm9.staticflickr.com/8209/8152243268_934bf2ebb7.jpg	9	280c234cf57e55a287a4fb6784b661b	jpg	mirsasha	United States	2012-11-04T00:32:13Z	Attribution-NonCommercial-NoDerivs License	2012-09-01T09:12:22Z	Canon PowerShot G12	99631114	Daveed and his towel	8152243268	[u'2012', u'atp tour', u'canon g12', u'corona', u'david ferrer', u'flushing meadows', u'misc', u'new york', u'september', u'tennis', u'united states', u'us open']
New York	[91586853, 2404701, 2459115, 12589352, 2347591, 12761772, 23424977, 56043648]	http://www.flickr.com/photos/42872607@N00/8152219481/		Trying to take tennis pictures with a point and shoot is...frustrating to say the least.	False	http://farm9.staticflickr.com/8348/8152219481_22aae8af57.jpg	11	6f4afe728146a5b837f44695411e54	jpg	mirsasha	United States	2012-11-04T00:33:11Z	Attribution-NonCommercial-NoDerivs License	2012-09-01T11:02:42Z	Canon PowerShot G12	91243101	Daveed backhand	8152219481	[u'2012', u'atp tour', u'canon g12', u'corona', u'david ferrer', u'flushing meadows', u'misc', u'new york', u'september', u'tennis', u'united states', u'us open']
New York	[91586853, 2404701, 2459115, 12589352, 2347591, 12761772, 23424977, 56043648]	http://www.flickr.com/photos/42872607@N00/8152247456/		Trying to take tennis pictures with a point and shoot is...frustrating to say the least.	False	http://farm9.staticflickr.com/8348/8152247456_a8ed4125b8.jpg	11	fa3d5628ee75948201c30785ba86769	jpg	mirsasha	United States	2012-11-04T00:33:55Z	Attribution-NonCommercial-NoDerivs License	2012-09-01T11:03:27Z	Canon PowerShot G12	83221448	Towel	8152247456	[u'2012', u'atp tour', u'canon g12', u'corona', u'david ferrer', u'flushing meadows', u'misc', u'new york', u'september', u'tennis', u'united states', u'us open']
New York	[91586853, 2404701, 2459115, 12589352, 2347591, 12761772, 23424977, 56043648]	http://www.flickr.com/photos/42872607@N00/8152249334/		Trying to take tennis pictures with a point and shoot is...frustrating to say the least.	False	http://farm8.staticflickr.com/7110/8152249334_bab57f656d.jpg	11	d881144dae74765432d0f57d592e4bdb	jpg	mirsasha	United States	2012-11-04T00:34:41Z	Attribution-NonCommercial-NoDerivs License	2012-09-01T11:09:00Z	Canon PowerShot G12	86976838	Daveeed	8152249334	[u'2012', u'atp tour', u'canon g12', u'corona', u'david ferrer', u'flushing meadows', u'misc', u'new york', u'september', u'tennis', u'united states', u'us open']
New York	[91801527, 2369991, 2459115, 12589335, 2347591, 12761719, 23424977, 56043648]	http://www.flickr.com/photos/42872607@N00/8151037999/			False	http://farm8.staticflickr.com/7120/8151037999_9c120b1c95.jpg	11	22894739b39e91a280c24672731f3bbc	jpg	mirsasha	United States	2012-11-03T17:12:35Z	Attribution-NonCommercial-NoDerivs License	2012-09-01T11:27:12Z	Canon PowerShot G12	97289911	Sunflower	8151037999	[u'2012', u'brooklyn', u'canon g12', u'flower', u'new york', u'september', u'sunflower', u'united states']
New York	[91801527, 2369991, 2459115, 12589335, 2347591, 12761719, 23424977, 56043648]	http://www.flickr.com/photos/42872607@N00/8151064424/			False	http://farm8.staticflickr.com/7280/8151064424_39ceb77e79.jpg	11	7c819efc5c15ecafa83f62ef91b56728	jpg	mirsasha	United States	2012-11-03T17:13:25Z	Attribution-NonCommercial-NoDerivs License	2012-09-01T11:27:28Z	Canon PowerShot G12	71635869	Cute sign	8151064424	[u'2012', u'brooklyn', u'canon g12', u'new york', u'september', u'sign', u'united states']
New York	[28746217, 2459115, 12589335, 2347591, 23424977, 56204720, 56043648]	http://www.flickr.com/photos/42872607@N00/8151068802/			False	http://farm8.staticflickr.com/7250/8151068802_5de5e26eb9.jpg	11	2a41969cc0afad4a851ada2b661d19aa	jpg	mirsasha	United States	2012-11-03T17:14:46Z	Attribution-NonCommercial-NoDerivs License	2012-09-01T11:49:34Z	Canon EOS 5D Mark II	78528626	Old street car	8151068802	[u'2012', u'5d mark ii', u'abandoned', u'brooklyn', u'canon 50mm 1:1.4', u'new york', u'september', u'street car', u'united states']
New York	[28746217, 2459115, 12589335, 2347591, 23424977, 56204720, 56043648]	http://www.flickr.com/photos/42872607@N00/8151073192/			False	http://farm8.staticflickr.com/7134/8151073192_92866079d8.jpg	11	17f9cee440bd6da9f44f5b1b5eedaf8	jpg	mirsasha	United States	2012-11-03T17:16:09Z	Attribution-NonCommercial-NoDerivs License	2012-09-01T11:50:09Z	Canon EOS 5D Mark II	62401879	Old street car	8151073192	[u'2012', u'5d mark ii', u'abandoned', u'brooklyn', u'canon 50mm 1:1.4', u'new york', u'september', u'street car', u'united states']
New York	[28746217, 2459115, 12589335, 2347591, 23424977, 56204720, 56043648]	http://www.flickr.com/photos/42872607@N00/8151076920/			False	http://farm8.staticflickr.com/7137/8151076920_c18fe45d8b.jpg	11	16468ad33a565fb837e8289392b2f57	jpg	mirsasha	United States	2012-11-03T17:17:20Z	Attribution-NonCommercial-NoDerivs License	2012-09-01T11:51:01Z	Canon EOS 5D Mark II	66214285	Watch	8151076920	[u'2012', u'5d mark ii', u'abandoned', u'brooklyn', u'canon 50mm 1:1.4', u'new york', u'september', u'street car', u'united states']
New York	[28746217, 2459115, 12589335, 2347591, 23424977, 56204720, 56043648]	http://www.flickr.com/photos/42872607@N00/8151080590/			False	http://farm8.staticflickr.com/7120/8151080590_fba703bdbc.jpg	11	5d4a2b251ff72acc60139b61386a6e	jpg	mirsasha	United States	2012-11-03T17:18:29Z	Attribution-NonCommercial-NoDerivs License	2012-09-01T11:51:23Z	Canon EOS 5D Mark II	78582701	Watch your step	8151080590	[u'2012', u'5d mark ii', u'abandoned', u'brooklyn', u'canon 50mm 1:1.4', u'new york', u'september', u'street car', u'united states']
New York	[28746217, 2459115, 12589335, 2347591, 23424977, 56204720, 56043648]	http://www.flickr.com/photos/42872607@N00/8151061275/			False	http://farm8.staticflickr.com/7140/8151061275_93124259ee.jpg	11	45bafde670e150dfc8aa066fed1e16	jpg	mirsasha	United States	2012-11-03T17:20:10Z	Attribution-NonCommercial-NoDerivs License	2012-09-01T11:51:53Z	Canon EOS 5D Mark II	73333948	Abandoned street car	8151061275	[u'2012', u'5d mark ii', u'abandoned', u'brooklyn', u'canon 50mm 1:1.4', u'new york', u'september', u'street car', u'united states']
New York	[28746217, 2459115, 12589335, 2347591, 23424977, 56204720, 56043648]	http://www.flickr.com/photos/42872607@N00/8151064529/			False	http://farm8.staticflickr.com/7128/8151064529_c51b368740.jpg	11	5e7897b5755a5259b49843b43b5561df	jpg	mirsasha	United States	2012-11-03T17:21:14Z	Attribution-NonCommercial-NoDerivs License	2012-09-01T11:52:18Z	Canon PowerShot G12	96075375	Old street car	8151064529	[u'2012', u'abandoned', u'brooklyn', u'canon g12', u'new york', u'september', u'street car', u'united states']
New York	[28746217, 2459115, 12589335, 2347591, 23424977, 56204720, 56043648]	http://www.flickr.com/photos/42872607@N00/8151069005/			False	http://farm8.staticflickr.com/7115/8151069005_f3bc38594c.jpg	11	933a657d28ccdd41ca0e5b743b6b68	jpg	mirsasha	United States	2012-11-03T17:22:42Z	Attribution-NonCommercial-NoDerivs License	2012-09-01T11:52:29Z	Canon EOS 5D Mark II	94799726	Old street car	8151069005	[u'2012', u'5d mark ii', u'abandoned', u'brooklyn', u'canon 50mm 1:1.4', u'new york', u'september', u'street car', u'united states']
New York	[28746217, 2459115, 12589335, 2347591, 23424977, 56204720, 56043648]	http://www.flickr.com/photos/42872607@N00/8151072009/			False	http://farm8.staticflickr.com/7132/8151072009_1072484e73.jpg	11	44cfbcbc75fb23d0abc74b3c9b89a2f5	jpg	mirsasha	United States	2012-11-03T17:23:44Z	Attribution-NonCommercial-NoDerivs License	2012-09-01T11:52:44Z	Canon PowerShot G12	43233312	Old street car	8151072009	[u'2012', u'abandoned', u'brooklyn', u'canon g12', u'new york', u'september', u'street car', u'united states']
New York	[28746217, 2459115, 12589335, 2347591, 23424977, 56204720, 56043648]	http://www.flickr.com/photos/42872607@N00/8151076453/			False	http://farm8.staticflickr.com/7122/8151076453_13fa0ab51b.jpg	11	70166d632c2e7a2da23c2643e19dfba	jpg	mirsasha	United States	2012-11-03T17:25:14Z	Attribution-NonCommercial-NoDerivs License	2012-09-01T11:53:49Z	Canon EOS 5D Mark II	74005351	Old street car	8151076453	[u'2012', u'5d mark ii', u'abandoned', u'brooklyn', u'canon 50mm 1:1.4', u'new york', u'september', u'street car', u'united states']
New York	[28746217, 2459115, 12589335, 2347591, 23424977, 56204720, 56043648]	http://www.flickr.com/photos/42872607@N00/8151079119/			False	http://farm8.staticflickr.com/7120/8151079119_f48710a0a9.jpg	11	edebf7dafb377e3b09632ff211fcaae	jpg	mirsasha	United States	2012-11-03T17:26:08Z	Attribution-NonCommercial-NoDerivs License	2012-09-01T11:55:57Z	Canon PowerShot G12	73800536	Old street car	8151079119	[u'2012', u'abandoned', u'brooklyn', u'canon g12', u'new york', u'september', u'street car', u'united states']
New York	[28746217, 2459115, 12589335, 2347591, 23424977, 56204720, 56043648]	http://www.flickr.com/photos/42872607@N00/8151083139/			False	http://farm8.staticflickr.com/7137/8151083139_14fea0d271.jpg	11	c3f16a6159e95f719dc26ec13f4027	jpg	mirsasha	United States	2012-11-03T17:27:28Z	Attribution-NonCommercial-NoDerivs License	2012-09-01T11:56:26Z	Canon EOS 5D Mark II	66826228	Old street car	8151083139	[u'2012', u'5d mark ii', u'abandoned', u'brooklyn', u'canon 50mm 1:1.4', u'new york', u'september', u'street car', u'united states']
New York	[28746217, 2459115, 12589335, 2347591, 23424977, 56204720, 56043648]	http://www.flickr.com/photos/42872607@N00/8151085715/			False	http://farm8.staticflickr.com/7127/8151085715_bcfc9c9d0d.jpg	11	8cbe1de2f94fe558ced16a78abec2c	jpg	mirsasha	United States	2012-11-03T17:28:19Z	Attribution-NonCommercial-NoDerivs License	2012-09-01T11:56:31Z	Canon PowerShot G12	78835589	Abandoned street car	8151085715	[u'2012', u'abandoned', u'brooklyn', u'canon g12', u'new york', u'september', u'street car', u'united states']
New York	[28746217, 2459115, 12589335, 2347591, 23424977, 56204720, 56043648]	http://www.flickr.com/photos/42872607@N00/8151089783/			False	http://farm8.staticflickr.com/7268/8151089783_10eb5083cb.jpg	11	9b3f65fa8a9cf13a3d93193ce31ad4	jpg	mirsasha	United States	2012-11-03T17:29:41Z	Attribution-NonCommercial-NoDerivs License	2012-09-01T11:57:10Z	Canon EOS 5D Mark II	90160808	Old street car	8151089783	[u'2012', u'5d mark ii', u'abandoned', u'brooklyn', u'canon 50mm 1:1.4', u'new york', u'september', u'street car', u'united states']
New York	[28746217, 2459115, 12589335, 2347591, 23424977, 56204720, 56043648]	http://www.flickr.com/photos/42872607@N00/8151118372/			False	http://farm8.staticflickr.com/7259/8151118372_40b740bff3.jpg	11	318e9c577ecb7eca38cbd9aca921346	jpg	mirsasha	United States	2012-11-03T17:31:12Z	Attribution-NonCommercial-NoDerivs License	2012-09-01T11:57:39Z	Canon EOS 5D Mark II	84495787	Old street car	8151118372	[u'2012', u'5d mark ii', u'abandoned', u'brooklyn', u'canon 50mm 1:1.4', u'new york', u'september', u'street car', u'united states']
New York	[56204271, 91801527, 28746217, 2459115, 12589335, 2347591, 12761748, 23424977, 56043648]	http://www.flickr.com/photos/42872607@N00/7907373506/	[u'foursquare:venue=44780b6cf964a520c3331fe3', u'uploaded:by=instagram']		False	http://farm9.staticflickr.com/8037/7907373506_bf12f47c9d.jpg	11	19fda650d23a62759a4fa71ad8ee999	jpg	mirsasha	United States	2012-09-01T16:57:47Z	Attribution-NonCommercial-NoDerivs License	2012-09-01T11:57:47Z		83671900	Pig powder?	7907373506	[u'earlybird', u'instagram app', u'iphoneography', u'square', u'square format']
New York	[28746217, 2459115, 12589335, 2347591, 23424977, 56204720, 56043648]	http://www.flickr.com/photos/42872607@N00/8151096927/			False	http://farm8.staticflickr.com/7250/8151096927_9aba0a0be9.jpg	11	8957a7487a18886491c7966f2e8d1a6	jpg	mirsasha	United States	2012-11-03T17:32:15Z	Attribution-NonCommercial-NoDerivs License	2012-09-01T11:58:04Z	Canon PowerShot G12	79504296	Old street car	8151096927	[u'2012', u'abandoned', u'brooklyn', u'canon g12', u'new york', u'september', u'street car', u'united states']
New York	[28746217, 2459115, 12589335, 2347591, 23424977, 56204720, 56043648]	http://www.flickr.com/photos/42872607@N00/8151123134/			False	http://farm8.staticflickr.com/7260/8151123134_a07536bca0.jpg	11	8ab36f536caa5a6e583f66ddf438	jpg	mirsasha	United States	2012-11-03T17:32:54Z	Attribution-NonCommercial-NoDerivs License	2012-09-01T11:58:16Z	Canon PowerShot G12	70137532	Old street car	8151123134	[u'2012', u'abandoned', u'brooklyn', u'canon g12', u'new york', u'september', u'street car', u'united states']
New York	[28746217, 2459115, 12589335, 2347591, 23424977, 56204720, 56043648]	http://www.flickr.com/photos/42872607@N00/8151125748/			False	http://farm8.staticflickr.com/7122/8151125748_d6ed012c39.jpg	11	6cea2434407ed076be51dff0ab387f92	jpg	mirsasha	United States	2012-11-03T17:33:50Z	Attribution-NonCommercial-NoDerivs License	2012-09-01T11:58:44Z	Canon PowerShot G12	97002583	Old street car	8151125748	[u'2012', u'abandoned', u'brooklyn', u'canon g12', u'new york', u'september', u'street car', u'united states']
New York	[28746217, 2459115, 12589335, 2347591, 23424977, 56204720, 56043648]	http://www.flickr.com/photos/42872607@N00/8151103535/			False	http://farm8.staticflickr.com/7113/8151103535_2e77fb10c7.jpg	12	e5acdb72cd34cd3b1a3f155f9fbb8e9b	jpg	mirsasha	United States	2012-11-03T17:34:42Z	Attribution-NonCommercial-NoDerivs License	2012-09-01T12:01:34Z	Canon PowerShot G12	97326969	Statue of Liberty	8151103535	[u'2012', u'brooklyn', u'canon g12', u'new york', u'september', u'statue of liberty', u'united states']
New York	[28746217, 2459115, 12589335, 2347591, 23424977, 56204720, 56043648]	http://www.flickr.com/photos/42872607@N00/8151106707/			False	http://farm8.staticflickr.com/7247/8151106707_bf22c846f6.jpg	12	ce584e3bac1da52c5e12af6873c2e	jpg	mirsasha	United States	2012-11-03T17:35:49Z	Attribution-NonCommercial-NoDerivs License	2012-09-01T12:05:14Z	Canon EOS 5D Mark II	76204685	Statue of Liberty	8151106707	[u'2012', u'5d mark ii', u'brooklyn', u'canon 50mm 1:1.4', u'new york', u'september', u'statue of liberty', u'united states']
New York	[28746217, 2459115, 12589335, 2347591, 23424977, 56204720, 56043648]	http://www.flickr.com/photos/42872607@N00/8151134122/			False	http://farm8.staticflickr.com/7132/8151134122_e47dfdb9b4.jpg	12	cfea62af881e645946da8996b870d491	jpg	mirsasha	United States	2012-11-03T17:36:47Z	Attribution-NonCommercial-NoDerivs License	2012-09-01T12:16:04Z	Canon PowerShot G12	72020841	Butterfly	8151134122	[u'2012', u'brooklyn', u'butterfly', u'canon g12', u'new york', u'september', u'united states']
New York	[28746217, 2459115, 12589335, 2347591, 23424977, 56204720, 56043648]	http://www.flickr.com/photos/42872607@N00/8151135874/			False	http://farm8.staticflickr.com/7251/8151135874_de6cb7f0eb.jpg	12	15bc6d1eea5aad21ccc32a6864d70d4	jpg	mirsasha	United States	2012-11-03T17:37:24Z	Attribution-NonCommercial-NoDerivs License	2012-09-01T12:17:01Z	Canon PowerShot G12	77671465	Statue of Liberty	8151135874	[u'2012', u'brooklyn', u'canon g12', u'new york', u'september', u'united states']
New York	[28746217, 2459115, 12589335, 2347591, 23424977, 56204720, 56043648]	http://www.flickr.com/photos/42872607@N00/8151138216/			False	http://farm8.staticflickr.com/7138/8151138216_74881ac52d.jpg	12	2b23f0f1cf930ec281dd5f4010c047	jpg	mirsasha	United States	2012-11-03T17:38:14Z	Attribution-NonCommercial-NoDerivs License	2012-09-01T12:17:50Z	Canon PowerShot G12	88293402	Cute sign	8151138216	[u'2012', u'brooklyn', u'canon g12', u'new york', u'september', u'sign', u'united states']
New York	[28746217, 2459115, 12589335, 2347591, 23424977, 56204720, 56043648]	http://www.flickr.com/photos/42872607@N00/8151118021/			False	http://farm8.staticflickr.com/7279/8151118021_99c1394067.jpg	12	32c888f1251de1df6c566713d35e8846	jpg	mirsasha	United States	2012-11-03T17:39:32Z	Attribution-NonCommercial-NoDerivs License	2012-09-01T12:21:06Z	Canon EOS 5D Mark II	72284475	Waterfront Museum	8151118021	[u'2012', u'5d mark ii', u'brooklyn', u'canon 50mm 1:1.4', u'new york', u'september', u'united states']
New York	[28746217, 2459115, 12589335, 2347591, 23424977, 56204720, 56043648]	http://www.flickr.com/photos/42872607@N00/8151148234/			False	http://farm8.staticflickr.com/7252/8151148234_cea939331b.jpg	12	360b747cdd4912bfb178e34cbcf6f52	jpg	mirsasha	United States	2012-11-03T17:41:37Z	Attribution-NonCommercial-NoDerivs License	2012-09-01T12:23:31Z	Canon EOS 5D Mark II	81364603	Waterfront Museum	8151148234	[u'2012', u'5d mark ii', u'brooklyn', u'canon 50mm 1:1.4', u'new york', u'september', u'sign', u'united states']
New York	[28746217, 2459115, 12589335, 2347591, 23424977, 56204720, 56043648]	http://www.flickr.com/photos/42872607@N00/8151151646/			False	http://farm8.staticflickr.com/7124/8151151646_7fe93e5db7.jpg	12	c293be70985e86deff990fcd9b25f80	jpg	mirsasha	United States	2012-11-03T17:42:48Z	Attribution-NonCommercial-NoDerivs License	2012-09-01T12:24:24Z	Canon EOS 5D Mark II	61817957	Dog day	8151151646	[u'2012', u'5d mark ii', u'brooklyn', u'canon 50mm 1:1.4', u'new york', u'september', u'sticker', u'united states']
New York	[28746217, 2459115, 12589335, 2347591, 23424977, 56204720, 56043648]	http://www.flickr.com/photos/42872607@N00/8151132173/			False	http://farm8.staticflickr.com/7256/8151132173_99fe2a39ce.jpg	12	29081fb723ad1df057ff16b3ca72d1	jpg	mirsasha	United States	2012-11-03T17:44:26Z	Attribution-NonCommercial-NoDerivs License	2012-09-01T12:27:07Z	Canon EOS 5D Mark II	64284830	Bitter sweet	8151132173	[u'2012', u'5d mark ii', u'brooklyn', u'canon 50mm 1:1.4', u'new york', u'september', u'sign', u'united states']
New York	[56204357, 91801527, 2459115, 12589335, 2347591, 12761736, 23424977, 56043648]	http://www.flickr.com/photos/42872607@N00/8151164274/			False	http://farm8.staticflickr.com/7249/8151164274_022ca3208c.jpg	13	52f665c7138bc853f2859a53855870	jpg	mirsasha	United States	2012-11-03T17:47:35Z	Attribution-NonCommercial-NoDerivs License	2012-09-01T13:13:24Z	Canon EOS 5D Mark II	89995540	Green-Wood Cemetery	8151164274	[u'2012', u'5d mark ii', u'brooklyn', u'canon 50mm 1:1.4', u'green-wood cemetery', u'new york', u'september', u'sign', u'united states']
New York	[56204357, 91801527, 2459115, 12589335, 2347591, 12761736, 23424977, 56043648]	http://www.flickr.com/photos/42872607@N00/8151167960/			False	http://farm8.staticflickr.com/7278/8151167960_d54f1d7d56.jpg	13	be29f9d9a12c69026c314eaa6aee0cb	jpg	mirsasha	United States	2012-11-03T17:48:59Z	Attribution-NonCommercial-NoDerivs License	2012-09-01T13:19:12Z	Canon PowerShot G12	91087134	Green-Wood Cemetery	8151167960	[u'2012', u'brooklyn', u'canon g12', u'green-wood cemetery', u'new york', u'september', u'united states']
New York	[56204357, 91801527, 2459115, 12589335, 2347591, 12761736, 23424977, 56043648]	http://www.flickr.com/photos/42872607@N00/8151148215/			False	http://farm8.staticflickr.com/7271/8151148215_9afaff8164.jpg	13	ab373250a774779e859cbd44436d38a9	jpg	mirsasha	United States	2012-11-03T17:50:33Z	Attribution-NonCommercial-NoDerivs License	2012-09-01T13:21:24Z	Canon EOS 5D Mark II	97890501	Green-Wood Cemetery	8151148215	[u'2012', u'5d mark ii', u'brooklyn', u'canon 50mm 1:1.4', u'green-wood cemetery', u'new york', u'september', u'united states']
New York	[56204357, 91801527, 2459115, 12589335, 2347591, 12761736, 23424977, 56043648]	http://www.flickr.com/photos/42872607@N00/8151177478/			False	http://farm8.staticflickr.com/7249/8151177478_0923e26eda.jpg	13	c5da23a3c7d669dcc7a43d4cac81554	jpg	mirsasha	United States	2012-11-03T17:52:21Z	Attribution-NonCommercial-NoDerivs License	2012-09-01T13:22:25Z	Canon EOS 5D Mark II	94492359	Green-Wood Cemetery	8151177478	[u'2012', u'5d mark ii', u'brooklyn', u'canon 50mm 1:1.4', u'green-wood cemetery', u'new york', u'september', u'united states']
New York	[91801527, 56204357, 2459115, 12589335, 2347591, 12761736, 23424977, 56043648]	http://www.flickr.com/photos/42872607@N00/8151157183/			False	http://farm9.staticflickr.com/8469/8151157183_0d26c9aa8f.jpg	13	61f2acc9251176d7dc5fa71474706ed	jpg	mirsasha	United States	2012-11-03T17:53:48Z	Attribution-NonCommercial-NoDerivs License	2012-09-01T13:23:01Z	Canon EOS 5D Mark II	96124740	Green-Wood Cemetery	8151157183	[u'2012', u'5d mark ii', u'brooklyn', u'canon 50mm 1:1.4', u'green-wood cemetery', u'new york', u'september', u'united states']
New York	[91801527, 56204357, 2459115, 12589335, 2347591, 12761736, 23424977, 56043648]	http://www.flickr.com/photos/42872607@N00/8151160519/			False	http://farm9.staticflickr.com/8326/8151160519_b562603f60.jpg	13	5d7d56cebdec91ed96944926a6d542	jpg	mirsasha	United States	2012-11-03T17:54:59Z	Attribution-NonCommercial-NoDerivs License	2012-09-01T13:25:51Z	Canon PowerShot G12	69806453	Green-Wood Cemetery	8151160519	[u'2012', u'brooklyn', u'canon g12', u'green-wood cemetery', u'new york', u'september', u'united states']
New York	[56204357, 91801527, 2459115, 12589335, 2347591, 12761736, 23424977, 56043648]	http://www.flickr.com/photos/42872607@N00/8151163043/			False	http://farm9.staticflickr.com/8331/8151163043_6f9af00cdb.jpg	13	8ebc1e1698ecfd5f12e4426f72d32a	jpg	mirsasha	United States	2012-11-03T17:55:56Z	Attribution-NonCommercial-NoDerivs License	2012-09-01T13:30:41Z	Canon PowerShot G12	66219826	Green-Wood Cemetery	8151163043	[u'2012', u'brooklyn', u'canon g12', u'green-wood cemetery', u'new york', u'september', u'united states']
New York	[56204357, 91801527, 2459115, 12589335, 2347591, 12761736, 23424977, 56043648]	http://www.flickr.com/photos/42872607@N00/8151168107/			False	http://farm9.staticflickr.com/8045/8151168107_2dc6c799fb.jpg	13	e4b9d3b3e9507a4e3dfd82d57ef257f4	jpg	mirsasha	United States	2012-11-03T17:57:51Z	Attribution-NonCommercial-NoDerivs License	2012-09-01T13:32:37Z	Canon EOS 5D Mark II	96295361	Green-Wood Cemetery	8151168107	[u'2012', u'5d mark ii', u'brooklyn', u'canon 50mm 1:1.4', u'green-wood cemetery', u'new york', u'september', u'united states']
New York	[56204357, 91801527, 2459115, 12589335, 2347591, 12761736, 23424977, 56043648]	http://www.flickr.com/photos/42872607@N00/8151171509/			False	http://farm9.staticflickr.com/8473/8151171509_9a5a6f5327.jpg	13	b036aacdaeebe50aabb934b374ce2eb	jpg	mirsasha	United States	2012-11-03T17:59:05Z	Attribution-NonCommercial-NoDerivs License	2012-09-01T13:33:59Z	Canon PowerShot G12	84473727	Green-Wood Cemetery	8151171509	[u'2012', u'brooklyn', u'canon g12', u'green-wood cemetery', u'new york', u'september', u'united states']
New York	[91801527, 56204357, 2459115, 12589335, 2347591, 12761736, 23424977, 56043648]	http://www.flickr.com/photos/42872607@N00/8151200096/			False	http://farm9.staticflickr.com/8188/8151200096_5e7f5875b0.jpg	13	17b2466621fb5c8a1032553892e5f67f	jpg	mirsasha	United States	2012-11-03T18:00:42Z	Attribution-NonCommercial-NoDerivs License	2012-09-01T13:36:13Z	Canon EOS 5D Mark II	99949796	Green-Wood Cemetery	8151200096	[u'2012', u'5d mark ii', u'brooklyn', u'canon 50mm 1:1.4', u'green-wood cemetery', u'new york', u'september', u'united states']
New York	[56204357, 91801527, 2459115, 12589335, 2347591, 12761736, 23424977, 56043648]	http://www.flickr.com/photos/42872607@N00/8151179709/			False	http://farm9.staticflickr.com/8330/8151179709_acc18b0382.jpg	13	3f070b4d2ed48a2ffb1b447a86f2047	jpg	mirsasha	United States	2012-11-03T18:02:06Z	Attribution-NonCommercial-NoDerivs License	2012-09-01T13:37:38Z	Canon PowerShot G12	68655990	Green-Wood Cemetery	8151179709	[u'2012', u'brooklyn', u'canon g12', u'green-wood cemetery', u'new york', u'september', u'united states']
New York	[91801527, 56204357, 2459115, 12589335, 2347591, 12761736, 23424977, 56043648]	http://www.flickr.com/photos/42872607@N00/8151183649/			False	http://farm8.staticflickr.com/7277/8151183649_57fc5eda67.jpg	13	4a993fc5726265f33627c5811eea4f4a	jpg	mirsasha	United States	2012-11-03T18:03:32Z	Attribution-NonCommercial-NoDerivs License	2012-09-01T13:37:50Z	Canon PowerShot G12	96011913	Green-Wood Cemetery	8151183649	[u'2012', u'brooklyn', u'canon g12', u'green-wood cemetery', u'new york', u'september', u'united states']
New York	[91801527, 56204357, 2459115, 12589335, 2347591, 12761736, 23424977, 56043648]	http://www.flickr.com/photos/42872607@N00/8151212874/			False	http://farm8.staticflickr.com/7269/8151212874_4ef85d9365.jpg	13	33aa9bab8f2bc63f7837c1486495e540	jpg	mirsasha	United States	2012-11-03T18:05:17Z	Attribution-NonCommercial-NoDerivs License	2012-09-01T13:41:56Z	Canon EOS 5D Mark II	22573440	Green-Wood Cemetery	8151212874	[u'2012', u'5d mark ii', u'brooklyn', u'canon 50mm 1:1.4', u'green-wood cemetery', u'new york', u'september', u'united states']
New York	[56204357, 91801527, 2459115, 12589335, 2347591, 12761736, 23424977, 56043648]	http://www.flickr.com/photos/42872607@N00/8151216852/			False	http://farm8.staticflickr.com/7259/8151216852_4f6d11348d.jpg	13	7988855a590b48688c2e0ac72e4e533	jpg	mirsasha	United States	2012-11-03T18:06:33Z	Attribution-NonCommercial-NoDerivs License	2012-09-01T13:42:06Z	Canon PowerShot G12	98486873	Green-Wood Cemetery	8151216852	[u'2012', u'brooklyn', u'canon g12', u'green-wood cemetery', u'new york', u'september', u'united states']
New York	[91801527, 56204357, 2459115, 12589335, 2347591, 12761736, 23424977, 56043648]	http://www.flickr.com/photos/42872607@N00/8151223038/			False	http://farm9.staticflickr.com/8468/8151223038_a4aace2366.jpg	13	1513225ae136b6c0cfb8b5942df555c	jpg	mirsasha	United States	2012-11-03T18:08:41Z	Attribution-NonCommercial-NoDerivs License	2012-09-01T13:46:28Z	Canon EOS 5D Mark II	21069073	Green-Wood Cemetery	8151223038	[u'2012', u'5d mark ii', u'brooklyn', u'canon 50mm 1:1.4', u'green-wood cemetery', u'new york', u'september', u'united states']
New York	[91801527, 56204357, 2459115, 12589335, 2347591, 12761736, 23424977, 56043648]	http://www.flickr.com/photos/42872607@N00/8151226456/			False	http://farm9.staticflickr.com/8474/8151226456_605a98b943.jpg	13	10b5ae7222c57db63c1f23cf7214c133	jpg	mirsasha	United States	2012-11-03T18:09:47Z	Attribution-NonCommercial-NoDerivs License	2012-09-01T13:47:34Z	Canon PowerShot G12	84639822	Green-Wood Cemetery	8151226456	[u'2012', u'brooklyn', u'canon g12', u'green-wood cemetery', u'new york', u'september', u'united states']
New York	[56204357, 91801527, 2459115, 12589335, 2347591, 12761736, 23424977, 56043648]	http://www.flickr.com/photos/42872607@N00/8151205683/			False	http://farm9.staticflickr.com/8464/8151205683_a6b31bd2e0.jpg	13	9f7f28f9c2e6a562191c7da056a2c18	jpg	mirsasha	United States	2012-11-03T18:10:56Z	Attribution-NonCommercial-NoDerivs License	2012-09-01T13:48:57Z	Canon PowerShot G12	45979054	Green-Wood Cemetery	8151205683	[u'2012', u'brooklyn', u'canon g12', u'green-wood cemetery', u'new york', u'september', u'united states']
New York	[56204357, 91801527, 2459115, 12589335, 2347591, 12761736, 23424977, 56043648]	http://www.flickr.com/photos/42872607@N00/8151211871/			False	http://farm9.staticflickr.com/8203/8151211871_f80680aa55.jpg	13	1d815a7a7a8ff28ea584eaa7f7c94c35	jpg	mirsasha	United States	2012-11-03T18:13:09Z	Attribution-NonCommercial-NoDerivs License	2012-09-01T13:52:29Z	Canon EOS 5D Mark II	99331028	Green-Wood Cemetery	8151211871	[u'2012', u'5d mark ii', u'brooklyn', u'canon 50mm 1:1.4', u'green-wood cemetery', u'new york', u'september', u'united states']
New York	[56204357, 91801527, 2459115, 12589335, 2347591, 12761736, 23424977, 56043648]	http://www.flickr.com/photos/42872607@N00/8151239404/			False	http://farm9.staticflickr.com/8345/8151239404_b5f608ea22.jpg	13	12792ed0a1f47c20d436dc5f9a7a7aab	jpg	mirsasha	United States	2012-11-03T18:14:12Z	Attribution-NonCommercial-NoDerivs License	2012-09-01T13:53:02Z	Canon PowerShot G12	87654413	Green-Wood Cemetery	8151239404	[u'2012', u'brooklyn', u'canon g12', u'green-wood cemetery', u'new york', u'september', u'united states']
New York	[56204357, 91801527, 2459115, 12589335, 2347591, 12761736, 23424977, 56043648]	http://www.flickr.com/photos/42872607@N00/8151243220/			False	http://farm9.staticflickr.com/8349/8151243220_cb9255fb18.jpg	13	f5ea8dfa66294bbc674fd8e52da14d	jpg	mirsasha	United States	2012-11-03T18:15:31Z	Attribution-NonCommercial-NoDerivs License	2012-09-01T13:55:21Z	Canon PowerShot G12	72994500	Green-Wood Cemetery	8151243220	[u'2012', u'brooklyn', u'canon g12', u'green-wood cemetery', u'new york', u'september', u'united states']
New York	[91801527, 56204357, 2459115, 12589335, 2347591, 12761736, 23424977, 56043648]	http://www.flickr.com/photos/42872607@N00/8151222311/			False	http://farm8.staticflickr.com/7111/8151222311_4a00226fdd.jpg	14	4c032b2f82e2390c3a96ccbc5af536	jpg	mirsasha	United States	2012-11-03T18:16:43Z	Attribution-NonCommercial-NoDerivs License	2012-09-01T14:01:31Z	Canon PowerShot G12	62068834	Green-Wood Cemetery	8151222311	[u'2012', u'brooklyn', u'canon g12', u'green-wood cemetery', u'new york', u'september', u'united states']
New York	[91801527, 56204357, 2459115, 12589335, 2347591, 12761736, 23424977, 56043648]	http://www.flickr.com/photos/42872607@N00/8151252814/			False	http://farm8.staticflickr.com/7108/8151252814_7ab3b89166.jpg	14	ef12b2784c3da1c329e15b93f7c7a883	jpg	mirsasha	United States	2012-11-03T18:18:57Z	Attribution-NonCommercial-NoDerivs License	2012-09-01T14:01:36Z	Canon EOS 5D Mark II	70771978	Green-Wood Cemetery	8151252814	[u'2012', u'5d mark ii', u'brooklyn', u'canon 50mm 1:1.4', u'green-wood cemetery', u'new york', u'september', u'united states']
New York	[56204357, 91801527, 2459115, 12589335, 2347591, 12761736, 23424977, 56043648]	http://www.flickr.com/photos/42872607@N00/8151235569/			False	http://farm8.staticflickr.com/7127/8151235569_1abce84bb0.jpg	14	9d40f36d9cb7b7d861c9f041c8aed7e8	jpg	mirsasha	United States	2012-11-03T18:21:34Z	Attribution-NonCommercial-NoDerivs License	2012-09-01T14:02:00Z	Canon EOS 5D Mark II	98434103	Green-Wood Cemetery	8151235569	[u'2012', u'5d mark ii', u'brooklyn', u'canon 50mm 1:1.4', u'green-wood cemetery', u'new york', u'september', u'united states']
New York	[56204357, 91801527, 2459115, 12589335, 2347591, 12761736, 23424977, 56043648]	http://www.flickr.com/photos/42872607@N00/8151239569/			False	http://farm8.staticflickr.com/7126/8151239569_bdc608c92d.jpg	14	5197f3d6cde236a8f05317976bab256c	jpg	mirsasha	United States	2012-11-03T18:23:01Z	Attribution-NonCommercial-NoDerivs License	2012-09-01T14:04:01Z	Canon PowerShot G12	65141763	Green-Wood Cemetery	8151239569	[u'2012', u'brooklyn', u'canon g12', u'green-wood cemetery', u'new york', u'september', u'united states']
New York	[56204357, 91801527, 2459115, 12589335, 2347591, 12761736, 23424977, 56043648]	http://www.flickr.com/photos/42872607@N00/8151269400/			False	http://farm8.staticflickr.com/7123/8151269400_d5ca0f715c.jpg	14	15dbf4e684c5cea6eb2e57c3cbbdd68	jpg	mirsasha	United States	2012-11-03T18:24:58Z	Attribution-NonCommercial-NoDerivs License	2012-09-01T14:07:59Z	Canon EOS 5D Mark II	84616214	Green-Wood Cemetery	8151269400	[u'2012', u'5d mark ii', u'brooklyn', u'canon 50mm 1:1.4', u'green-wood cemetery', u'new york', u'september', u'united states']
New York	[56204357, 91801527, 2459115, 12589335, 2347591, 12761736, 23424977, 56043648]	http://www.flickr.com/photos/42872607@N00/8151274256/			False	http://farm9.staticflickr.com/8480/8151274256_a0d324fe54.jpg	14	dfc588fe6d45ed5ccf873c2321243e64	jpg	mirsasha	United States	2012-11-03T18:26:40Z	Attribution-NonCommercial-NoDerivs License	2012-09-01T14:10:17Z	Canon EOS 5D Mark II	39388828	Green-Wood Cemetery	8151274256	[u'2012', u'5d mark ii', u'brooklyn', u'canon 50mm 1:1.4', u'green-wood cemetery', u'new york', u'september', u'united states']
New York	[56204357, 91801527, 2459115, 12589335, 2347591, 12761736, 23424977, 56043648]	http://www.flickr.com/photos/42872607@N00/8151277824/			False	http://farm9.staticflickr.com/8340/8151277824_78bf315023.jpg	14	969f80c9fe6eaebc50473890f0d038cf	jpg	mirsasha	United States	2012-11-03T18:27:56Z	Attribution-NonCommercial-NoDerivs License	2012-09-01T14:15:44Z	Canon PowerShot G12	63766262	Green-Wood Cemetery	8151277824	[u'2012', u'brooklyn', u'canon g12', u'green-wood cemetery', u'new york', u'september', u'united states']
New York	[91801527, 56204357, 2459115, 12589335, 2347591, 12761736, 23424977, 56043648]	http://www.flickr.com/photos/42872607@N00/8151281460/			False	http://farm9.staticflickr.com/8060/8151281460_f6d7bf10b1.jpg	14	44ca645e152865d59b6cc7024b5b46c	jpg	mirsasha	United States	2012-11-03T18:29:12Z	Attribution-NonCommercial-NoDerivs License	2012-09-01T14:15:56Z	Canon PowerShot G12	69156313	Green-Wood Cemetery	8151281460	[u'2012', u'brooklyn', u'canon g12', u'green-wood cemetery', u'new york', u'september', u'united states']
New York	[56204357, 91801527, 2459115, 12589335, 2347591, 12761736, 23424977, 56043648]	http://www.flickr.com/photos/42872607@N00/8151262507/			False	http://farm8.staticflickr.com/7259/8151262507_7517971185.jpg	14	6484b8ff710617f4822cf663baf7917	jpg	mirsasha	United States	2012-11-03T18:31:17Z	Attribution-NonCommercial-NoDerivs License	2012-09-01T14:16:34Z	Canon EOS 5D Mark II	38205621	Green-Wood Cemetery	8151262507	[u'2012', u'5d mark ii', u'brooklyn', u'canon 50mm 1:1.4', u'green-wood cemetery', u'new york', u'september', u'united states']
New York	[91801527, 56204357, 2459115, 12589335, 2347591, 12761736, 23424977, 56043648]	http://www.flickr.com/photos/42872607@N00/8151266897/			False	http://farm8.staticflickr.com/7272/8151266897_5da89deae9.jpg	14	6331c9924eda44c22a2594ca8c408081	jpg	mirsasha	United States	2012-11-03T18:32:50Z	Attribution-NonCommercial-NoDerivs License	2012-09-01T14:19:20Z	Canon EOS 5D Mark II	66579956	Green-Wood Cemetery	8151266897	[u'2012', u'5d mark ii', u'brooklyn', u'canon 50mm 1:1.4', u'green-wood cemetery', u'new york', u'september', u'united states']
New York	[56204357, 91801527, 2459115, 12589335, 2347591, 12761736, 23424977, 56043648]	http://www.flickr.com/photos/42872607@N00/8151271519/			False	http://farm9.staticflickr.com/8197/8151271519_2626760cab.jpg	14	c2ed3d771d269a13dc6eb35e7ccd7395	jpg	mirsasha	United States	2012-11-03T18:34:30Z	Attribution-NonCommercial-NoDerivs License	2012-09-01T14:19:41Z	Canon EOS 5D Mark II	86282331	Green-Wood Cemetery	8151271519	[u'2012', u'5d mark ii', u'brooklyn', u'canon 50mm 1:1.4', u'green-wood cemetery', u'new york', u'september', u'united states']
New York	[91801527, 56204357, 2459115, 12589335, 2347591, 12761736, 23424977, 56043648]	http://www.flickr.com/photos/42872607@N00/8151277035/			False	http://farm9.staticflickr.com/8478/8151277035_352339ca58.jpg	14	578be0f758fa93e68d31ece1e2e552	jpg	mirsasha	United States	2012-11-03T18:36:34Z	Attribution-NonCommercial-NoDerivs License	2012-09-01T14:20:32Z	Canon EOS 5D Mark II	127342	Green-Wood Cemetery	8151277035	[u'2012', u'5d mark ii', u'brooklyn', u'canon 50mm 1:1.4', u'green-wood cemetery', u'new york', u'september', u'united states']
New York	[91801527, 56204357, 2459115, 12589335, 2347591, 12761736, 23424977, 56043648]	http://www.flickr.com/photos/42872607@N00/8151306832/			False	http://farm8.staticflickr.com/7121/8151306832_af524071c5.jpg	14	efba419496fa43cbaa68b6e4cbcc3aec	jpg	mirsasha	United States	2012-11-03T18:38:22Z	Attribution-NonCommercial-NoDerivs License	2012-09-01T14:21:23Z	Canon EOS 5D Mark II	26676042	Green-Wood Cemetery	8151306832	[u'2012', u'5d mark ii', u'brooklyn', u'canon 50mm 1:1.4', u'green-wood cemetery', u'new york', u'september', u'united states']
New York	[91801527, 56204357, 2459115, 12589335, 2347591, 12761736, 23424977, 56043648]	http://www.flickr.com/photos/42872607@N00/8151287987/			False	http://farm8.staticflickr.com/7266/8151287987_c8d93e242f.jpg	14	68cab5eddef4f3c39b9fadf58b3d3f	jpg	mirsasha	United States	2012-11-03T18:40:37Z	Attribution-NonCommercial-NoDerivs License	2012-09-01T14:26:30Z	Canon EOS 5D Mark II	84991907	Green-Wood Cemetery	8151287987	[u'2012', u'5d mark ii', u'brooklyn', u'canon 50mm 1:1.4', u'green-wood cemetery', u'new york', u'september', u'united states']
New York	[91586853, 2404701, 2459115, 12589352, 2347591, 12761772, 23424977, 56043648]	http://www.flickr.com/photos/42872607@N00/8152250904/		Trying to take tennis pictures with a point and shoot is...frustrating to say the least.	False	http://farm8.staticflickr.com/7253/8152250904_af48b98abb.jpg	14	214bb9166180ddeab4129689111e8f6e	jpg	mirsasha	United States	2012-11-04T00:35:19Z	Attribution-NonCommercial-NoDerivs License	2012-09-01T14:26:32Z	Canon PowerShot G12	51367646	Marc!	8152250904	[u'2012', u'atp tour', u'canon g12', u'corona', u'flushing meadows', u'marc lopez', u'misc', u'new york', u'person', u'september', u'tennis', u'united states', u'us open']
New York	[56204357, 91801527, 2459115, 12589335, 2347591, 12761736, 23424977, 56043648]	http://www.flickr.com/photos/42872607@N00/8151291091/			False	http://farm9.staticflickr.com/8065/8151291091_6f6bfd7033.jpg	14	a6571a9ed43adcdba1e63ee8427eb5	jpg	mirsasha	United States	2012-11-03T18:41:43Z	Attribution-NonCommercial-NoDerivs License	2012-09-01T14:26:36Z	Canon PowerShot G12	60631885	Green-Wood Cemetery	8151291091	[u'2012', u'brooklyn', u'canon g12', u'green-wood cemetery', u'new york', u'september', u'united states']
New York	[91801527, 56204357, 2459115, 12589335, 2347591, 12761736, 23424977, 56043648]	http://www.flickr.com/photos/42872607@N00/8151321364/			False	http://farm9.staticflickr.com/8337/8151321364_c30e279fde.jpg	14	205644704a548da877c2ea22a0e361b4	jpg	mirsasha	United States	2012-11-03T18:43:39Z	Attribution-NonCommercial-NoDerivs License	2012-09-01T14:27:37Z	Canon EOS 5D Mark II	64117037	Green-Wood Cemetery	8151321364	[u'2012', u'5d mark ii', u'brooklyn', u'canon 50mm 1:1.4', u'green-wood cemetery', u'new york', u'september', u'united states']
New York	[91801527, 56204357, 2459115, 12589335, 2347591, 12761736, 23424977, 56043648]	http://www.flickr.com/photos/42872607@N00/8151300939/			False	http://farm8.staticflickr.com/7252/8151300939_ee3bb0c842.jpg	14	e5b39366244310eec5b81f9995e51cb	jpg	mirsasha	United States	2012-11-03T18:45:18Z	Attribution-NonCommercial-NoDerivs License	2012-09-01T14:33:39Z	Canon EOS 5D Mark II	8760039	Green-Wood Cemetery	8151300939	[u'2012', u'5d mark ii', u'brooklyn', u'canon 50mm 1:1.4', u'green-wood cemetery', u'new york', u'september', u'united states']
New York	[91801527, 56204357, 2459115, 12589335, 2347591, 12761736, 23424977, 56043648]	http://www.flickr.com/photos/42872607@N00/8151328340/			False	http://farm8.staticflickr.com/7270/8151328340_b6d3d9de7c.jpg	14	cdedcc6e2c62f974e92537c7d8167fe	jpg	mirsasha	United States	2012-11-03T18:46:15Z	Attribution-NonCommercial-NoDerivs License	2012-09-01T14:33:49Z	Canon PowerShot G12	90495893	Green-Wood Cemetery	8151328340	[u'2012', u'brooklyn', u'canon g12', u'green-wood cemetery', u'new york', u'september', u'united states']
New York	[56204357, 91801527, 2459115, 12589335, 2347591, 12761736, 23424977, 56043648]	http://www.flickr.com/photos/42872607@N00/8151332578/			False	http://farm9.staticflickr.com/8204/8151332578_afa47fcacf.jpg	14	4faa5d992ea1d5ecf7249ddfc78fb4c6	jpg	mirsasha	United States	2012-11-03T18:47:47Z	Attribution-NonCommercial-NoDerivs License	2012-09-01T14:33:50Z	Canon EOS 5D Mark II	16511833	Green-Wood Cemetery	8151332578	[u'2012', u'5d mark ii', u'brooklyn', u'canon 50mm 1:1.4', u'green-wood cemetery', u'new york', u'september', u'united states']
New York	[91586853, 2404701, 2459115, 12589352, 2347591, 12761772, 23424977, 56043648]	http://www.flickr.com/photos/42872607@N00/8152226231/		Trying to take tennis pictures with a point and shoot is...frustrating to say the least.	False	http://farm9.staticflickr.com/8478/8152226231_a95d1ce211.jpg	14	edd2cb621921dae0e54f6fb5135b972	jpg	mirsasha	United States	2012-11-04T00:35:53Z	Attribution-NonCommercial-NoDerivs License	2012-09-01T14:34:18Z	Canon PowerShot G12	92760470	Marc!	8152226231	[u'2012', u'atp tour', u'canon g12', u'corona', u'flushing meadows', u'marc lopez', u'misc', u'new york', u'person', u'september', u'tennis', u'united states', u'us open']
New York	[56204357, 91801527, 2459115, 12589335, 2347591, 12761736, 23424977, 56043648]	http://www.flickr.com/photos/42872607@N00/8151335408/			False	http://farm9.staticflickr.com/8342/8151335408_569e4e6fc0.jpg	14	34acdff9cdb580dfbbf24d29e07473fd	jpg	mirsasha	United States	2012-11-03T18:48:52Z	Attribution-NonCommercial-NoDerivs License	2012-09-01T14:34:19Z	Canon PowerShot G12	2505997	Green-Wood Cemetery	8151335408	[u'2012', u'brooklyn', u'canon g12', u'green-wood cemetery', u'new york', u'september', u'united states']
New York	[91801527, 56204357, 2459115, 12589335, 2347591, 12761736, 23424977, 56043648]	http://www.flickr.com/photos/42872607@N00/8151338432/			False	http://farm8.staticflickr.com/7134/8151338432_3a08fbcd01.jpg	14	1b89f9ce8dff764e055b3cb67823ce	jpg	mirsasha	United States	2012-11-03T18:49:58Z	Attribution-NonCommercial-NoDerivs License	2012-09-01T14:35:49Z	Canon PowerShot G12	29767916	Green-Wood Cemetery	8151338432	[u'2012', u'brooklyn', u'canon g12', u'green-wood cemetery', u'new york', u'september', u'united states']
New York	[91801527, 56204357, 2459115, 12589335, 2347591, 12761736, 23424977, 56043648]	http://www.flickr.com/photos/42872607@N00/8151343398/			False	http://farm9.staticflickr.com/8198/8151343398_54bcf7b7e9.jpg	14	161f6c148a341725b4aaf17a5e666	jpg	mirsasha	United States	2012-11-03T18:51:59Z	Attribution-NonCommercial-NoDerivs License	2012-09-01T14:45:35Z	Canon EOS 5D Mark II	94254141	Green-Wood Cemetery	8151343398	[u'2012', u'5d mark ii', u'brooklyn', u'canon 50mm 1:1.4', u'green-wood cemetery', u'new york', u'september', u'united states']
New York	[91801527, 56204357, 2459115, 12589335, 2347591, 12761736, 23424977, 56043648]	http://www.flickr.com/photos/42872607@N00/8151321397/			False	http://farm8.staticflickr.com/7262/8151321397_6d76a1fb56.jpg	14	5f25a9861b58b772fa9ac38e46491be	jpg	mirsasha	United States	2012-11-03T18:53:10Z	Attribution-NonCommercial-NoDerivs License	2012-09-01T14:46:17Z	Canon PowerShot G12	95268651	Green-Wood Cemetery	8151321397	[u'2012', u'brooklyn', u'canon g12', u'green-wood cemetery', u'new york', u'september', u'united states']
New York	[56204357, 91801527, 2459115, 12589335, 2347591, 12761736, 23424977, 56043648]	http://www.flickr.com/photos/42872607@N00/8151350638/			False	http://farm8.staticflickr.com/7268/8151350638_e53374635b.jpg	14	8b12327dda1ea54feada41be66581	jpg	mirsasha	United States	2012-11-03T18:54:35Z	Attribution-NonCommercial-NoDerivs License	2012-09-01T14:48:22Z	Canon PowerShot G12	99335996	Green-Wood Cemetery	8151350638	[u'2012', u'brooklyn', u'canon g12', u'church', u'green-wood cemetery', u'new york', u'september', u'united states']
New York	[56204357, 91801527, 2459115, 12589335, 2347591, 12761736, 23424977, 56043648]	http://www.flickr.com/photos/42872607@N00/8151329711/			False	http://farm9.staticflickr.com/8488/8151329711_eb489cf0a9.jpg	14	7793f65bfc6ee7ae3bdf12495e322aa	jpg	mirsasha	United States	2012-11-03T18:56:10Z	Attribution-NonCommercial-NoDerivs License	2012-09-01T14:49:01Z	Canon PowerShot G12	99325147	Green-Wood Cemetery	8151329711	[u'2012', u'brooklyn', u'canon g12', u'church', u'green-wood cemetery', u'new york', u'september', u'united states']
New York	[56204357, 91801527, 2459115, 12589335, 2347591, 12761736, 23424977, 56043648]	http://www.flickr.com/photos/42872607@N00/8151358646/			False	http://farm9.staticflickr.com/8062/8151358646_2a82e97df4.jpg	14	b4ef80fc5f9e1be046519248f4cdf	jpg	mirsasha	United States	2012-11-03T18:57:34Z	Attribution-NonCommercial-NoDerivs License	2012-09-01T14:49:17Z	Canon PowerShot G12	36655563	Green-Wood Cemetery	8151358646	[u'2012', u'brooklyn', u'canon g12', u'church', u'green-wood cemetery', u'new york', u'september', u'united states']
New York	[56204357, 91801527, 2459115, 12589335, 2347591, 12761736, 23424977, 56043648]	http://www.flickr.com/photos/42872607@N00/8151336787/			False	http://farm9.staticflickr.com/8205/8151336787_e6f58ab8d2.jpg	14	1b2227c7faa834841e8cafd9ab7695	jpg	mirsasha	United States	2012-11-03T18:58:50Z	Attribution-NonCommercial-NoDerivs License	2012-09-01T14:49:57Z	Canon PowerShot G12	62690355	Green-Wood Cemetery	8151336787	[u'2012', u'brooklyn', u'canon g12', u'church', u'green-wood cemetery', u'new york', u'september', u'united states']
New York	[56204357, 91801527, 2459115, 12589335, 2347591, 12761736, 23424977, 56043648]	http://www.flickr.com/photos/42872607@N00/8151366378/			False	http://farm8.staticflickr.com/7255/8151366378_fb8edc9f6c.jpg	14	e4b11b42c88f3d836fdb2834512776	jpg	mirsasha	United States	2012-11-03T19:00:30Z	Attribution-NonCommercial-NoDerivs License	2012-09-01T14:50:32Z	Canon EOS 5D Mark II	45406926	Green-Wood Cemetery	8151366378	[u'2012', u'5d mark ii', u'brooklyn', u'canon 50mm 1:1.4', u'church', u'green-wood cemetery', u'new york', u'september', u'united states']
New York	[91801527, 56204357, 2459115, 12589335, 2347591, 12761736, 23424977, 56043648]	http://www.flickr.com/photos/42872607@N00/8151348255/			False	http://farm8.staticflickr.com/7140/8151348255_74dfd4f533.jpg	14	4c383b76c18ef3acd04978c41d2191e6	jpg	mirsasha	United States	2012-11-03T19:03:06Z	Attribution-NonCommercial-NoDerivs License	2012-09-01T14:53:45Z	Canon EOS 5D Mark II	75930500	Green-Wood Cemetery	8151348255	[u'2012', u'5d mark ii', u'brooklyn', u'canon 50mm 1:1.4', u'church', u'green-wood cemetery', u'new york', u'september', u'stained glass', u'united states']
New York	[56204357, 91801527, 2459115, 12589335, 2347591, 12761736, 23424977, 56043648]	http://www.flickr.com/photos/42872607@N00/8151379666/			False	http://farm9.staticflickr.com/8345/8151379666_4c31051fa7.jpg	14	22145528fe19c8ec8fba8ffcaf54a9	jpg	mirsasha	United States	2012-11-03T19:05:28Z	Attribution-NonCommercial-NoDerivs License	2012-09-01T14:54:05Z	Canon EOS 5D Mark II	2025953	Green-Wood Cemetery	8151379666	[u'2012', u'5d mark ii', u'brooklyn', u'canon 50mm 1:1.4', u'church', u'green-wood cemetery', u'new york', u'september', u'united states']
New York	[56204357, 91801527, 2459115, 12589335, 2347591, 12761736, 23424977, 56043648]	http://www.flickr.com/photos/42872607@N00/8151384848/			False	http://farm9.staticflickr.com/8061/8151384848_9281d17820.jpg	14	e754703664f7c51c671d212fb3a718	jpg	mirsasha	United States	2012-11-03T19:07:24Z	Attribution-NonCommercial-NoDerivs License	2012-09-01T14:54:20Z	Canon EOS 5D Mark II	68905269	Green-Wood Cemetery	8151384848	[u'2012', u'5d mark ii', u'brooklyn', u'canon 50mm 1:1.4', u'church', u'green-wood cemetery', u'new york', u'september', u'united states']
New York	[91801527, 56204357, 2459115, 12589335, 2347591, 12761736, 23424977, 56043648]	http://www.flickr.com/photos/42872607@N00/8151363043/			False	http://farm9.staticflickr.com/8337/8151363043_1c2793a32c.jpg	14	453b752aeee12d2ee2b0465af588	jpg	mirsasha	United States	2012-11-03T19:08:33Z	Attribution-NonCommercial-NoDerivs License	2012-09-01T14:54:34Z	Canon EOS 5D Mark II	80027738	Green-Wood Cemetery	8151363043	[u'2012', u'5d mark ii', u'brooklyn', u'canon 50mm 1:1.4', u'church', u'green-wood cemetery', u'new york', u'september', u'stained glass', u'united states']
New York	[91586853, 2404701, 2459115, 12589352, 2347591, 12761772, 23424977, 56043648]	http://www.flickr.com/photos/42872607@N00/8152227693/		Trying to take tennis pictures with a point and shoot is...frustrating to say the least.	False	http://farm9.staticflickr.com/8337/8152227693_a5e78b410f.jpg	14	d37389b7f81bf6dd1652abc4c9a4d27c	jpg	mirsasha	United States	2012-11-04T00:36:29Z	Attribution-NonCommercial-NoDerivs License	2012-09-01T14:54:45Z	Canon PowerShot G12	77043765	Marc!	8152227693	[u'2012', u'atp tour', u'canon g12', u'corona', u'flushing meadows', u'marc lopez', u'misc', u'new york', u'person', u'september', u'tennis', u'united states', u'us open']
New York	[91586853, 2404701, 2459115, 12589352, 2347591, 12761772, 23424977, 56043648]	http://www.flickr.com/photos/42872607@N00/8152255002/		Trying to take tennis pictures with a point and shoot is...frustrating to say the least.	False	http://farm8.staticflickr.com/7128/8152255002_1f11fecea8.jpg	14	82b235735a67b252acec01673b5953a	jpg	mirsasha	United States	2012-11-04T00:37:03Z	Attribution-NonCommercial-NoDerivs License	2012-09-01T14:55:45Z	Canon PowerShot G12	90929753	Marc!	8152255002	[u'2012', u'atp tour', u'canon g12', u'corona', u'flushing meadows', u'marc lopez', u'misc', u'new york', u'person', u'september', u'tennis', u'united states', u'us open']
New York	[56203637, 28746217, 2459115, 12589335, 2347591, 23424977, 56043648]	http://www.flickr.com/photos/42872607@N00/7909099418/	[u'foursquare:venue=45aa8486f964a52035411fe3', u'uploaded:by=instagram']		False	http://farm9.staticflickr.com/8170/7909099418_c9811b5011.jpg	16	64abfc967822c8e84268027267ba2c4	jpg	mirsasha	United States	2012-09-01T21:58:05Z	Attribution-NonCommercial-NoDerivs License	2012-09-01T16:58:05Z		90013977	Creepy clown is creepy	7909099418	[u'instagram app', u'iphoneography', u'lo-fi', u'square', u'square format']
New York	[91586853, 2404701, 2459115, 12589352, 2347591, 12761772, 23424977, 56043648]	http://www.flickr.com/photos/42872607@N00/8152231129/			False	http://farm9.staticflickr.com/8489/8152231129_73913578d1.jpg	17	e81aff5e43cbfa3d662e2379dbb3	jpg	mirsasha	United States	2012-11-04T00:37:52Z	Attribution-NonCommercial-NoDerivs License	2012-09-01T17:53:46Z	Canon PowerShot G12	62232204	The year-end #1 trophy...with my reflected hand	8152231129	[u'2012', u'atp tour', u'canon g12', u'corona', u'flushing meadows', u'misc', u'new york', u'september', u'tennis', u'united states', u'us open']
New York	[91586853, 2404701, 2459115, 12589352, 2347591, 12761772, 23424977, 56043648]	http://www.flickr.com/photos/42872607@N00/8152258806/			False	http://farm8.staticflickr.com/7249/8152258806_fa59488a3f.jpg	17	82f66050faa971eb8895f6ae7103c	jpg	mirsasha	United States	2012-11-04T00:38:39Z	Attribution-NonCommercial-NoDerivs License	2012-09-01T17:54:27Z	Canon PowerShot G12	88489440	The year-end #1 trophy	8152258806	[u'2012', u'atp tour', u'canon g12', u'corona', u'flushing meadows', u'misc', u'new york', u'september', u'tennis', u'united states', u'us open']
New York	[91586853, 2404701, 2459115, 12589352, 2347591, 12761772, 23424977, 56043648]	http://www.flickr.com/photos/42872607@N00/8152260548/			False	http://farm8.staticflickr.com/7270/8152260548_8749272b48.jpg	17	8413fb1473d0503f57e41136d153d61e	jpg	mirsasha	United States	2012-11-04T00:39:21Z	Attribution-NonCommercial-NoDerivs License	2012-09-01T17:54:42Z	Canon PowerShot G12	94196929	The year-end #1 trophy	8152260548	[u'2012', u'atp tour', u'canon g12', u'corona', u'flushing meadows', u'misc', u'new york', u'september', u'tennis', u'united states', u'us open']
