town_s	woe_is	urlpage_s	machine_ss	desc_ws	video_b	url_s	hour_i	hash_s	ext_s	user_s	country_s	upload_dt	license_s	taken_dt	device_s	line_i	title_s	id	tag_ss
New York	[23678048, 55864589, 2459115, 12589342, 2347591, 12761367, 23424977, 56043648]	http://www.flickr.com/photos/51313580@N08/6053475003/			False	http://farm7.staticflickr.com/6066/6053475003_35f265d19d.jpg	0	ad6bf89625f25d1a3cda65297a76771a	jpg	vrdier	United States	2011-08-17T20:23:54Z	Attribution-ShareAlike License	2011-08-17T00:09:41Z	Canon EOS 500D	63396805	IMG_0807	6053475003	
New York	[23678048, 55864589, 2459115, 12589342, 2347591, 12761367, 23424977, 56043648]	http://www.flickr.com/photos/51313580@N08/6053475375/			False	http://farm7.staticflickr.com/6194/6053475375_2c92d63ac4.jpg	0	f5dc9ece2bd0d87bcd28edfa4571a25	jpg	vrdier	United States	2011-08-17T20:24:02Z	Attribution-ShareAlike License	2011-08-17T00:09:46Z	Canon EOS 500D	13888129	IMG_0808	6053475375	
New York	[23678048, 55864589, 2459115, 12589342, 2347591, 12761367, 23424977, 56043648]	http://www.flickr.com/photos/51313580@N08/6054025116/			False	http://farm7.staticflickr.com/6077/6054025116_0db13ca20d.jpg	0	d16a3277df32cff8bfda3e07c3b96d8	jpg	vrdier	United States	2011-08-17T20:24:05Z	Attribution-ShareAlike License	2011-08-17T00:10:22Z	Canon EOS 500D	81743235	IMG_0809	6054025116	
New York	[23678048, 55864589, 2459115, 12589342, 2347591, 12761367, 23424977, 56043648]	http://www.flickr.com/photos/51313580@N08/6054025402/			False	http://farm7.staticflickr.com/6197/6054025402_7a1a1a0491.jpg	0	cf686f99183368ad8bb9f7b93f474fea	jpg	vrdier	United States	2011-08-17T20:24:12Z	Attribution-ShareAlike License	2011-08-17T00:10:32Z	Canon EOS 500D	76945032	IMG_0810	6054025402	
New York	[23678048, 55864589, 2459115, 12589342, 2347591, 12761367, 23424977, 56043648]	http://www.flickr.com/photos/51313580@N08/6054025648/			False	http://farm7.staticflickr.com/6190/6054025648_e9894f5a3f.jpg	0	2329f8b168ff2ce90c1234c0aeef9a	jpg	vrdier	United States	2011-08-17T20:24:17Z	Attribution-ShareAlike License	2011-08-17T00:10:35Z	Canon EOS 500D	93402176	IMG_0811	6054025648	
New York	[23678048, 55864589, 2459115, 12589342, 2347591, 12761367, 23424977, 56043648]	http://www.flickr.com/photos/51313580@N08/6054026144/			False	http://farm7.staticflickr.com/6188/6054026144_79ac89d7e3.jpg	0	a788bc3bf3af9890104a3ff67b92f9af	jpg	vrdier	United States	2011-08-17T20:24:29Z	Attribution-ShareAlike License	2011-08-17T00:10:39Z	Canon EOS 500D	84296723	IMG_0812	6054026144	
New York	[23678048, 55864589, 2459115, 12589342, 2347591, 12761367, 23424977, 56043648]	http://www.flickr.com/photos/51313580@N08/6054026274/			False	http://farm7.staticflickr.com/6090/6054026274_f9e1d4f403.jpg	0	eb54dde0e66bee4acf40b2948ee83dec	jpg	vrdier	United States	2011-08-17T20:24:32Z	Attribution-ShareAlike License	2011-08-17T00:10:50Z	Canon EOS 500D	68543668	IMG_0813	6054026274	
New York	[23678048, 55864589, 2459115, 12589342, 2347591, 12761367, 23424977, 56043648]	http://www.flickr.com/photos/51313580@N08/6053476945/			False	http://farm7.staticflickr.com/6087/6053476945_b266c0f9bb.jpg	0	8b7e9b501193c7ddb69f4e8337a47a5	jpg	vrdier	United States	2011-08-17T20:24:39Z	Attribution-ShareAlike License	2011-08-17T00:11:08Z	Canon EOS 500D	46413060	IMG_0814	6053476945	
New York	[23678048, 55864589, 2459115, 12589342, 2347591, 12761367, 23424977, 56043648]	http://www.flickr.com/photos/51313580@N08/6054026766/			False	http://farm7.staticflickr.com/6191/6054026766_c752b98914.jpg	0	dac347cd792c633d88fbfd056992b51	jpg	vrdier	United States	2011-08-17T20:24:44Z	Attribution-ShareAlike License	2011-08-17T00:11:34Z	Canon EOS 500D	81444212	IMG_0815	6054026766	
New York	[23678048, 55864589, 2459115, 12589342, 2347591, 12761367, 23424977, 56043648]	http://www.flickr.com/photos/51313580@N08/6053477465/			False	http://farm7.staticflickr.com/6191/6053477465_f9d5f67fdd.jpg	0	61e083caca85ff5f66db4b36ca543c2	jpg	vrdier	United States	2011-08-17T20:24:51Z	Attribution-ShareAlike License	2011-08-17T00:11:38Z	Canon EOS 500D	95174904	IMG_0816	6053477465	
New York	[23678048, 55864589, 2459115, 12589342, 2347591, 12761367, 23424977, 56043648]	http://www.flickr.com/photos/51313580@N08/6053477761/			False	http://farm7.staticflickr.com/6183/6053477761_2e2abfd374.jpg	0	e430ea8c39d884debfdcc6ab6376716	jpg	vrdier	United States	2011-08-17T20:24:58Z	Attribution-ShareAlike License	2011-08-17T00:11:45Z	Canon EOS 500D	76561023	IMG_0817	6053477761	
New York	[23678048, 55864589, 2459115, 12589342, 2347591, 12761367, 23424977, 56043648]	http://www.flickr.com/photos/51313580@N08/6054027916/			False	http://farm7.staticflickr.com/6084/6054027916_c4c6b28c55.jpg	0	a625adf88f1caf21e566d62eb5aa2	jpg	vrdier	United States	2011-08-17T20:25:10Z	Attribution-ShareAlike License	2011-08-17T00:12:04Z	Canon EOS 500D	77467560	IMG_0818	6054027916	
New York	[23678048, 55864589, 2459115, 12589342, 2347591, 12761367, 23424977, 56043648]	http://www.flickr.com/photos/51313580@N08/6054028178/			False	http://farm7.staticflickr.com/6207/6054028178_dd8ecc161b.jpg	0	996f24272acf2772dbbb7231d854d31	jpg	vrdier	United States	2011-08-17T20:25:15Z	Attribution-ShareAlike License	2011-08-17T00:12:17Z	Canon EOS 500D	61414554	IMG_0819	6054028178	
New York	[23678048, 55864589, 2459115, 12589342, 2347591, 12761367, 23424977, 56043648]	http://www.flickr.com/photos/51313580@N08/6054029340/			False	http://farm7.staticflickr.com/6209/6054029340_96ce3c5563.jpg	0	684a2fb98efab480195779277bdec1f8	jpg	vrdier	United States	2011-08-17T20:25:40Z	Attribution-ShareAlike License	2011-08-17T00:12:23Z	Canon EOS 500D	82863716	IMG_0820	6054029340	
New York	[23678048, 55864589, 2459115, 12589342, 2347591, 12761367, 23424977, 56043648]	http://www.flickr.com/photos/51313580@N08/6054029686/			False	http://farm7.staticflickr.com/6181/6054029686_3739d69908.jpg	0	4569368267d85a8f9f14edce5fb4ab15	jpg	vrdier	United States	2011-08-17T20:25:48Z	Attribution-ShareAlike License	2011-08-17T00:12:59Z	Canon EOS 500D	95555631	IMG_0821	6054029686	
New York	[23678048, 55864589, 2459115, 12589342, 2347591, 12761367, 23424977, 56043648]	http://www.flickr.com/photos/51313580@N08/6054030740/			False	http://farm7.staticflickr.com/6189/6054030740_27a3842538.jpg	0	7630517cffc0de287908b509b1e79e8	jpg	vrdier	United States	2011-08-17T20:26:10Z	Attribution-ShareAlike License	2011-08-17T00:13:05Z	Canon EOS 500D	84156500	IMG_0822	6054030740	
New York	[23678048, 55864589, 2459115, 12589342, 2347591, 12761367, 23424977, 56043648]	http://www.flickr.com/photos/51313580@N08/6054031168/			False	http://farm7.staticflickr.com/6194/6054031168_88f579889c.jpg	0	fba4a212c1d11d2fc58665c724b2a210	jpg	vrdier	United States	2011-08-17T20:26:20Z	Attribution-ShareAlike License	2011-08-17T00:13:11Z	Canon EOS 500D	90200939	IMG_0823	6054031168	
New York	[23678048, 55864589, 2459115, 12589342, 2347591, 12761367, 23424977, 56043648]	http://www.flickr.com/photos/51313580@N08/6053481679/			False	http://farm7.staticflickr.com/6080/6053481679_1fe98fa334.jpg	0	8afb3796f4ad26b26ebbf1eee0f152c2	jpg	vrdier	United States	2011-08-17T20:26:23Z	Attribution-ShareAlike License	2011-08-17T00:14:02Z	Canon EOS 500D	65018457	IMG_0824	6053481679	
New York	[23678048, 55864589, 2459115, 12589342, 2347591, 12761367, 23424977, 56043648]	http://www.flickr.com/photos/51313580@N08/6053481885/			False	http://farm7.staticflickr.com/6185/6053481885_2b6fa59c95.jpg	0	fccecc39ab799c3eb3f85ff6af27a22b	jpg	vrdier	United States	2011-08-17T20:26:27Z	Attribution-ShareAlike License	2011-08-17T00:14:13Z	Canon EOS 500D	60983916	IMG_0825	6053481885	
New York	[23678048, 55864589, 2459115, 12589342, 2347591, 12761367, 23424977, 56043648]	http://www.flickr.com/photos/51313580@N08/6054031768/			False	http://farm7.staticflickr.com/6067/6054031768_a2e9a2a897.jpg	0	a0f29dbac48b2be05ed5ecf31921482b	jpg	vrdier	United States	2011-08-17T20:26:32Z	Attribution-ShareAlike License	2011-08-17T00:14:23Z	Canon EOS 500D	43403979	IMG_0826	6054031768	
New York	[23678048, 55864589, 2459115, 12589342, 2347591, 12761367, 23424977, 56043648]	http://www.flickr.com/photos/51313580@N08/6054032274/			False	http://farm7.staticflickr.com/6067/6054032274_018da4ab56.jpg	0	078aa2a0425fc1b74fe235d8801	jpg	vrdier	United States	2011-08-17T20:26:40Z	Attribution-ShareAlike License	2011-08-17T00:17:44Z	Canon EOS 500D	80569145	IMG_0827	6054032274	
New York	[23678048, 55864589, 2459115, 12589342, 2347591, 12761367, 23424977, 56043648]	http://www.flickr.com/photos/51313580@N08/6053484237/			False	http://farm7.staticflickr.com/6195/6053484237_50a6ba02e8.jpg	0	89b8ad5d8d207cc347cf21ed879cfa13	jpg	vrdier	United States	2011-08-17T20:27:13Z	Attribution-ShareAlike License	2011-08-17T00:17:53Z	Canon EOS 500D	83840148	IMG_0828	6053484237	
New York	[23678048, 55864589, 2459115, 12589342, 2347591, 12761367, 23424977, 56043648]	http://www.flickr.com/photos/51313580@N08/6054034198/			False	http://farm7.staticflickr.com/6084/6054034198_59c02e08f0.jpg	0	391ddfb4977b211a023c268cce661	jpg	vrdier	United States	2011-08-17T20:27:19Z	Attribution-ShareAlike License	2011-08-17T00:18:42Z	Canon EOS 500D	66506255	IMG_0829	6054034198	
New York	[23678048, 55864589, 2459115, 12589342, 2347591, 12761367, 23424977, 56043648]	http://www.flickr.com/photos/51313580@N08/6053484677/			False	http://farm7.staticflickr.com/6064/6053484677_67c5d56ed3.jpg	0	882efe19eb52e110dd1f9afb37f2e33	jpg	vrdier	United States	2011-08-17T20:27:23Z	Attribution-ShareAlike License	2011-08-17T00:19:54Z	Canon EOS 500D	74245626	IMG_0830	6053484677	
New York	[23678048, 55864589, 2459115, 12589342, 2347591, 12761367, 23424977, 56043648]	http://www.flickr.com/photos/51313580@N08/6053484927/			False	http://farm7.staticflickr.com/6200/6053484927_113ea72b15.jpg	0	c54c4327e616c1632136d113a32d23cb	jpg	vrdier	United States	2011-08-17T20:27:28Z	Attribution-ShareAlike License	2011-08-17T00:20:03Z	Canon EOS 500D	82644352	IMG_0831	6053484927	
New York	[23678048, 55864589, 2459115, 12589342, 2347591, 12761367, 23424977, 56043648]	http://www.flickr.com/photos/51313580@N08/6054034772/			False	http://farm7.staticflickr.com/6082/6054034772_e2de8e663c.jpg	0	9395c7be34c560f7e3f770863388a1	jpg	vrdier	United States	2011-08-17T20:27:31Z	Attribution-ShareAlike License	2011-08-17T00:20:26Z	Canon EOS 500D	66914312	IMG_0832	6054034772	
New York	[23678048, 55864589, 2459115, 12589342, 2347591, 12761367, 23424977, 56043648]	http://www.flickr.com/photos/51313580@N08/6053486655/			False	http://farm7.staticflickr.com/6067/6053486655_34614efc9f.jpg	0	466ade42ecf7312faef625347f16654	jpg	vrdier	United States	2011-08-17T20:28:04Z	Attribution-ShareAlike License	2011-08-17T00:20:57Z	Canon EOS 500D	78358332	IMG_0833	6053486655	
New York	[23678048, 55864589, 2459115, 12589342, 2347591, 12761367, 23424977, 56043648]	http://www.flickr.com/photos/51313580@N08/6053486969/			False	http://farm7.staticflickr.com/6196/6053486969_4867ea6f99.jpg	0	f147572036b0b2a0b623c16583c163c	jpg	vrdier	United States	2011-08-17T20:28:11Z	Attribution-ShareAlike License	2011-08-17T00:21:07Z	Canon EOS 500D	89382777	IMG_0834	6053486969	
New York	[23678048, 55864589, 2459115, 12589342, 2347591, 12761367, 23424977, 56043648]	http://www.flickr.com/photos/51313580@N08/6053487217/			False	http://farm7.staticflickr.com/6085/6053487217_c6aed7690e.jpg	0	9c5de630e161624ead174138d87469c	jpg	vrdier	United States	2011-08-17T20:28:17Z	Attribution-ShareAlike License	2011-08-17T00:22:07Z	Canon EOS 500D	64253361	IMG_0835	6053487217	
New York	[23678048, 55864589, 2459115, 12589342, 2347591, 12761367, 23424977, 56043648]	http://www.flickr.com/photos/51313580@N08/6053487469/			False	http://farm7.staticflickr.com/6187/6053487469_9127510cb9.jpg	0	42f9676d21aaddd687eadfe624dd71b	jpg	vrdier	United States	2011-08-17T20:28:22Z	Attribution-ShareAlike License	2011-08-17T00:22:27Z	Canon EOS 500D	40647331	IMG_0836	6053487469	
New York	[23678048, 55864589, 2459115, 12589342, 2347591, 12761367, 23424977, 56043648]	http://www.flickr.com/photos/51313580@N08/6054037644/			False	http://farm7.staticflickr.com/6191/6054037644_0dea74dcd4.jpg	0	eedbe92d3372822485d6d1ac82d30d	jpg	vrdier	United States	2011-08-17T20:28:32Z	Attribution-ShareAlike License	2011-08-17T00:22:47Z	Canon EOS 500D	88623642	IMG_0837	6054037644	
New York	[23678048, 55864589, 2459115, 12589342, 2347591, 12761367, 23424977, 56043648]	http://www.flickr.com/photos/51313580@N08/6053488377/			False	http://farm7.staticflickr.com/6184/6053488377_97111abceb.jpg	0	ad71b340931da38baefc781d116d80	jpg	vrdier	United States	2011-08-17T20:28:40Z	Attribution-ShareAlike License	2011-08-17T00:25:41Z	Canon EOS 500D	80007103	IMG_0838	6053488377	
New York	[23678048, 55864589, 2459115, 12589342, 2347591, 12761367, 23424977, 56043648]	http://www.flickr.com/photos/51313580@N08/6053489801/			False	http://farm7.staticflickr.com/6206/6053489801_805d5e8a56.jpg	0	bcba1b9fa8d6c786facd5841e35a4f	jpg	vrdier	United States	2011-08-17T20:29:09Z	Attribution-ShareAlike License	2011-08-17T00:26:04Z	Canon EOS 500D	93155861	IMG_0839	6053489801	
New York	[23678048, 55864589, 2459115, 12589342, 2347591, 12761367, 23424977, 56043648]	http://www.flickr.com/photos/51313580@N08/6053490683/			False	http://farm7.staticflickr.com/6078/6053490683_22876ccdbb.jpg	0	1ee5a6cf89dec275276e90ce8811e7de	jpg	vrdier	United States	2011-08-17T20:29:28Z	Attribution-ShareAlike License	2011-08-17T00:26:12Z	Canon EOS 500D	68265639	IMG_0840	6053490683	
New York	[23678048, 55864589, 2459115, 12589342, 2347591, 12761367, 23424977, 56043648]	http://www.flickr.com/photos/51313580@N08/6054040886/			False	http://farm7.staticflickr.com/6063/6054040886_0be933d0d5.jpg	0	c111b3b6c622e1905b62304db15ebbab	jpg	vrdier	United States	2011-08-17T20:29:41Z	Attribution-ShareAlike License	2011-08-17T00:48:56Z	Canon EOS 500D	17998080	IMG_0843	6054040886	
New York	[23678048, 55864589, 2459115, 12589342, 2347591, 12761367, 23424977, 56043648]	http://www.flickr.com/photos/51313580@N08/6053492009/			False	http://farm7.staticflickr.com/6193/6053492009_8450dc1ab1.jpg	0	c4f1f571e22a4c5bb40a0b62a1c3	jpg	vrdier	United States	2011-08-17T20:29:58Z	Attribution-ShareAlike License	2011-08-17T00:49:02Z	Canon EOS 500D	44963947	IMG_0844	6053492009	
New York	[23678048, 55864589, 2459115, 12589342, 2347591, 12761367, 23424977, 56043648]	http://www.flickr.com/photos/51313580@N08/6053492837/			False	http://farm7.staticflickr.com/6195/6053492837_837aeac3c5.jpg	0	7991fd5415827c4e26adc8bd28e9e0bb	jpg	vrdier	United States	2011-08-17T20:30:15Z	Attribution-ShareAlike License	2011-08-17T00:50:48Z	Canon EOS 500D	98434363	IMG_0845	6053492837	
New York	[23678048, 55864589, 2459115, 12589342, 2347591, 12761367, 23424977, 56043648]	http://www.flickr.com/photos/51313580@N08/6054042790/			False	http://farm7.staticflickr.com/6071/6054042790_599f0bb896.jpg	0	3e323dc104228d4ee599ecfbc6dfea	jpg	vrdier	United States	2011-08-17T20:30:23Z	Attribution-ShareAlike License	2011-08-17T00:56:55Z	Canon EOS 500D	93400405	IMG_0846	6054042790	
New York	[23678048, 55864589, 2459115, 12589342, 2347591, 12761367, 23424977, 56043648]	http://www.flickr.com/photos/51313580@N08/6054042950/			False	http://farm7.staticflickr.com/6208/6054042950_7b0a526670.jpg	0	d28c8ba553a5f3dab2eb20aa2fde5	jpg	vrdier	United States	2011-08-17T20:30:27Z	Attribution-ShareAlike License	2011-08-17T00:57:30Z	Canon EOS 500D	88369273	IMG_0847	6054042950	
New York	[23678048, 55864589, 2459115, 12589342, 2347591, 12761367, 23424977, 56043648]	http://www.flickr.com/photos/51313580@N08/6053493607/			False	http://farm7.staticflickr.com/6079/6053493607_44f3cedea2.jpg	0	42d511d22bc2cb223f19c0caeb18ad	jpg	vrdier	United States	2011-08-17T20:30:31Z	Attribution-ShareAlike License	2011-08-17T00:57:35Z	Canon EOS 500D	73589471	IMG_0848	6053493607	
New York	[23678048, 55864589, 2459115, 12589342, 2347591, 12761367, 23424977, 56043648]	http://www.flickr.com/photos/51313580@N08/6054043272/			False	http://farm7.staticflickr.com/6074/6054043272_17b4fdcccd.jpg	0	98e8a025bfb86532c7284fcee8a57def	jpg	vrdier	United States	2011-08-17T20:30:34Z	Attribution-ShareAlike License	2011-08-17T00:59:03Z	Canon EOS 500D	83953062	IMG_0852	6054043272	
New York	[23678048, 55864589, 2459115, 12589342, 2347591, 12761367, 23424977, 56043648]	http://www.flickr.com/photos/51313580@N08/6053494045/			False	http://farm7.staticflickr.com/6064/6053494045_304c9c3a28.jpg	1	bb318425898ab1da43d68ef607620d8	jpg	vrdier	United States	2011-08-17T20:30:41Z	Attribution-ShareAlike License	2011-08-17T01:02:36Z	Canon EOS 500D	69335843	IMG_0853	6053494045	
New York	[23678048, 55864589, 2459115, 12589342, 2347591, 12761367, 23424977, 56043648]	http://www.flickr.com/photos/51313580@N08/6053494225/			False	http://farm7.staticflickr.com/6190/6053494225_bc5e384ee7.jpg	1	1e6ab6c2502be4376f67a89f764ef	jpg	vrdier	United States	2011-08-17T20:30:45Z	Attribution-ShareAlike License	2011-08-17T01:02:52Z	Canon EOS 500D	70747055	IMG_0854	6053494225	
New York	[23677893, 2459115, 12589342, 2347591, 12761351, 23424977, 56043648]	http://www.flickr.com/photos/51313580@N08/6053748320/			False	http://farm7.staticflickr.com/6078/6053748320_35d1a81822.jpg	14	8f73f5d7c6be995a6a8c4b71357d2197	jpg	vrdier	United States	2011-08-17T18:38:36Z	Attribution-ShareAlike License	2011-08-17T14:36:19Z	Canon EOS 500D	90575611	IMG_0877	6053748320	
New York	[23677893, 2459115, 12589342, 2347591, 12761351, 23424977, 56043648]	http://www.flickr.com/photos/51313580@N08/6053748486/			False	http://farm7.staticflickr.com/6065/6053748486_f1d2cafd5e.jpg	14	8297de6da878adfd2d7eb934584d7	jpg	vrdier	United States	2011-08-17T18:38:40Z	Attribution-ShareAlike License	2011-08-17T14:36:33Z	Canon EOS 500D	1040324	IMG_0878	6053748486	
New York	[23677893, 2459115, 12589342, 2347591, 12761351, 23424977, 56043648]	http://www.flickr.com/photos/51313580@N08/6053198769/			False	http://farm7.staticflickr.com/6086/6053198769_2c1a9403e3.jpg	14	ea75c3f0648e4a7a496f47e4c2b156a3	jpg	vrdier	United States	2011-08-17T18:38:44Z	Attribution-ShareAlike License	2011-08-17T14:36:43Z	Canon EOS 500D	74071110	IMG_0879	6053198769	
New York	[23677893, 2459115, 12589342, 2347591, 12761351, 23424977, 56043648]	http://www.flickr.com/photos/51313580@N08/6053198981/			False	http://farm7.staticflickr.com/6086/6053198981_edd63ff1da.jpg	14	8dcf21aad48ca1ff846452ede129	jpg	vrdier	United States	2011-08-17T18:38:49Z	Attribution-ShareAlike License	2011-08-17T14:36:51Z	Canon EOS 500D	93506231	IMG_0880	6053198981	
New York	[23677893, 2459115, 12589342, 2347591, 12761351, 23424977, 56043648]	http://www.flickr.com/photos/51313580@N08/6053199127/			False	http://farm7.staticflickr.com/6186/6053199127_f92651995d.jpg	14	c8860cd2d5c2ad0f6efd0a09d479c6	jpg	vrdier	United States	2011-08-17T18:38:52Z	Attribution-ShareAlike License	2011-08-17T14:37:23Z	Canon EOS 500D	20811592	IMG_0881	6053199127	
New York	[23677893, 2459115, 12589342, 2347591, 12761351, 23424977, 56043648]	http://www.flickr.com/photos/51313580@N08/6053199383/			False	http://farm7.staticflickr.com/6088/6053199383_80e1cc2c30.jpg	14	cc75facef0106a80475ea426e6952ba	jpg	vrdier	United States	2011-08-17T18:39:00Z	Attribution-ShareAlike License	2011-08-17T14:38:21Z	Canon EOS 500D	80563286	IMG_0882	6053199383	
New York	[23677893, 2459115, 12589342, 2347591, 12761351, 23424977, 56043648]	http://www.flickr.com/photos/51313580@N08/6053199517/			False	http://farm7.staticflickr.com/6073/6053199517_b0d1de2cb6.jpg	14	51198e6717b4c1256b20f58e82e84745	jpg	vrdier	United States	2011-08-17T18:39:03Z	Attribution-ShareAlike License	2011-08-17T14:38:58Z	Canon EOS 500D	83382226	IMG_0883	6053199517	
New York	[23677893, 2459115, 12589342, 2347591, 12761351, 23424977, 56043648]	http://www.flickr.com/photos/51313580@N08/6053749662/			False	http://farm7.staticflickr.com/6190/6053749662_f12ff608a3.jpg	14	d7245ffd94dea0c5368521e5e3f998c0	jpg	vrdier	United States	2011-08-17T18:39:10Z	Attribution-ShareAlike License	2011-08-17T14:39:11Z	Canon EOS 500D	95877942	IMG_0884	6053749662	
New York	[23677893, 2459115, 12589342, 2347591, 12761351, 23424977, 56043648]	http://www.flickr.com/photos/51313580@N08/6053200013/			False	http://farm7.staticflickr.com/6069/6053200013_5a724526d7.jpg	14	30f91b22da009f98829a437259abc5	jpg	vrdier	United States	2011-08-17T18:39:15Z	Attribution-ShareAlike License	2011-08-17T14:39:21Z	Canon EOS 500D	84238235	IMG_0885	6053200013	
New York	[23677893, 2459115, 12589342, 2347591, 12761351, 23424977, 56043648]	http://www.flickr.com/photos/51313580@N08/6053750066/			False	http://farm7.staticflickr.com/6065/6053750066_6fdf2c1a3b.jpg	14	1924a94a2aa74a8bcaab8b478d10ed5f	jpg	vrdier	United States	2011-08-17T18:39:21Z	Attribution-ShareAlike License	2011-08-17T14:39:27Z	Canon EOS 500D	78424062	IMG_0886	6053750066	
New York	[23677893, 2459115, 12589342, 2347591, 12761351, 23424977, 56043648]	http://www.flickr.com/photos/51313580@N08/6053200369/			False	http://farm7.staticflickr.com/6206/6053200369_06697e87e7.jpg	14	acc3529fcf398ba8528989025e33369	jpg	vrdier	United States	2011-08-17T18:39:24Z	Attribution-ShareAlike License	2011-08-17T14:39:52Z	Canon EOS 500D	90190528	IMG_0887	6053200369	
New York	[23677893, 2459115, 12589342, 2347591, 12761351, 23424977, 56043648]	http://www.flickr.com/photos/51313580@N08/6053200639/			False	http://farm7.staticflickr.com/6083/6053200639_934bb3bbd2.jpg	14	907915d54551aeb71052e9154bdc99c	jpg	vrdier	United States	2011-08-17T18:39:31Z	Attribution-ShareAlike License	2011-08-17T14:40:11Z	Canon EOS 500D	13754189	IMG_0888	6053200639	
New York	[23677893, 2459115, 12589342, 2347591, 12761351, 23424977, 56043648]	http://www.flickr.com/photos/51313580@N08/6053750706/			False	http://farm7.staticflickr.com/6069/6053750706_8be7a3838d.jpg	14	fb27eee4d6d41f66e162c5ef1ea6ad	jpg	vrdier	United States	2011-08-17T18:39:38Z	Attribution-ShareAlike License	2011-08-17T14:40:14Z	Canon EOS 500D	52904484	IMG_0889	6053750706	
New York	[23677893, 2459115, 12589342, 2347591, 12761351, 23424977, 56043648]	http://www.flickr.com/photos/51313580@N08/6053201109/			False	http://farm7.staticflickr.com/6200/6053201109_0340f61cb7.jpg	14	788032bd6fb52778acea714ac1b34321	jpg	vrdier	United States	2011-08-17T18:39:42Z	Attribution-ShareAlike License	2011-08-17T14:40:46Z	Canon EOS 500D	97862108	IMG_0890	6053201109	
New York	[23677893, 2459115, 12589342, 2347591, 12761351, 23424977, 56043648]	http://www.flickr.com/photos/51313580@N08/6053201319/			False	http://farm7.staticflickr.com/6080/6053201319_9b61bd0a35.jpg	14	58f5bd979a64c2b66713a841f4c8c26	jpg	vrdier	United States	2011-08-17T18:39:46Z	Attribution-ShareAlike License	2011-08-17T14:40:50Z	Canon EOS 500D	23001843	IMG_0891	6053201319	
New York	[23677893, 2459115, 12589342, 2347591, 12761351, 23424977, 56043648]	http://www.flickr.com/photos/51313580@N08/6053201551/			False	http://farm7.staticflickr.com/6194/6053201551_d9ce6dc0a5.jpg	14	538fbe97443b0af83ea208ef9d04c8d	jpg	vrdier	United States	2011-08-17T18:39:51Z	Attribution-ShareAlike License	2011-08-17T14:41:48Z	Canon EOS 500D	64087421	IMG_0892	6053201551	
New York	[23677893, 2459115, 12589342, 2347591, 12761351, 23424977, 56043648]	http://www.flickr.com/photos/51313580@N08/6053201737/			False	http://farm7.staticflickr.com/6080/6053201737_1d2ca46f03.jpg	14	37896db989e996b31df13d6e962df6	jpg	vrdier	United States	2011-08-17T18:39:55Z	Attribution-ShareAlike License	2011-08-17T14:42:01Z	Canon EOS 500D	86135953	IMG_0893	6053201737	
New York	[23677893, 2459115, 12589342, 2347591, 12761351, 23424977, 56043648]	http://www.flickr.com/photos/51313580@N08/6053201855/			False	http://farm7.staticflickr.com/6185/6053201855_de040f4e3d.jpg	14	e9bbdfd44aac1f17ce98748f71f9c226	jpg	vrdier	United States	2011-08-17T18:39:59Z	Attribution-ShareAlike License	2011-08-17T14:42:18Z	Canon EOS 500D	75515532	IMG_0894	6053201855	
New York	[23677893, 2459115, 12589342, 2347591, 12761351, 23424977, 56043648]	http://www.flickr.com/photos/51313580@N08/6053202045/			False	http://farm7.staticflickr.com/6183/6053202045_4c0abac903.jpg	14	73015a03f26dd915a4dca3436a07f21	jpg	vrdier	United States	2011-08-17T18:40:03Z	Attribution-ShareAlike License	2011-08-17T14:42:29Z	Canon EOS 500D	69363532	IMG_0895	6053202045	
New York	[23677893, 2459115, 12589342, 2347591, 12761351, 23424977, 56043648]	http://www.flickr.com/photos/51313580@N08/6053751936/			False	http://farm7.staticflickr.com/6196/6053751936_894eee2171.jpg	14	a4cd34e60ba3538395cbedfafa84de3	jpg	vrdier	United States	2011-08-17T18:40:08Z	Attribution-ShareAlike License	2011-08-17T14:42:35Z	Canon EOS 500D	84136110	IMG_0896	6053751936	
New York	[23677893, 2459115, 12589342, 2347591, 12761351, 23424977, 56043648]	http://www.flickr.com/photos/51313580@N08/6053752148/			False	http://farm7.staticflickr.com/6196/6053752148_e6ee21846f.jpg	14	bd72e4a948ae985552441ff165ec6a3	jpg	vrdier	United States	2011-08-17T18:40:13Z	Attribution-ShareAlike License	2011-08-17T14:42:38Z	Canon EOS 500D	49237622	IMG_0897	6053752148	
New York	[23677893, 2459115, 12589342, 2347591, 12761351, 23424977, 56043648]	http://www.flickr.com/photos/51313580@N08/6053202733/			False	http://farm7.staticflickr.com/6070/6053202733_b1d5bb313e.jpg	14	c9ffcf220f9e633f2be292ff31840	jpg	vrdier	United States	2011-08-17T18:40:20Z	Attribution-ShareAlike License	2011-08-17T14:42:41Z	Canon EOS 500D	88382497	IMG_0898	6053202733	
New York	[23677893, 2459115, 12589342, 2347591, 12761351, 23424977, 56043648]	http://www.flickr.com/photos/51313580@N08/6053202991/			False	http://farm7.staticflickr.com/6084/6053202991_fd73dc6e44.jpg	14	52fd7ab114b5e601995f7ae1d25287a	jpg	vrdier	United States	2011-08-17T18:40:26Z	Attribution-ShareAlike License	2011-08-17T14:42:57Z	Canon EOS 500D	95454986	IMG_0899	6053202991	
New York	[23677893, 2459115, 12589342, 2347591, 12761351, 23424977, 56043648]	http://www.flickr.com/photos/51313580@N08/6053752834/			False	http://farm7.staticflickr.com/6197/6053752834_c677433f02.jpg	14	d315aa85b69e5b6a997732a7f55832e	jpg	vrdier	United States	2011-08-17T18:40:31Z	Attribution-ShareAlike License	2011-08-17T14:43:33Z	Canon EOS 500D	6069776	IMG_0900	6053752834	
New York	[23677893, 2459115, 12589342, 2347591, 12761351, 23424977, 56043648]	http://www.flickr.com/photos/51313580@N08/6053752976/			False	http://farm7.staticflickr.com/6194/6053752976_79c87ff78c.jpg	14	441616f7a5ddd7edd9d94cb104f4028	jpg	vrdier	United States	2011-08-17T18:40:35Z	Attribution-ShareAlike License	2011-08-17T14:43:46Z	Canon EOS 500D	89661515	IMG_0901	6053752976	
New York	[56388928, 28751381, 2459115, 12589342, 2347591, 12761404, 23424977, 56043648]	http://www.flickr.com/photos/51313580@N08/6053767702/			False	http://farm7.staticflickr.com/6090/6053767702_4ce1aac5c3.jpg	15	bf4f65ddebb54b877c3435eae6c65ea3	jpg	vrdier	United States	2011-08-17T18:47:05Z	Attribution-ShareAlike License	2011-08-17T15:09:38Z	Canon EOS 500D	67392063	IMG_0938	6053767702	
New York	[56388928, 28751381, 2459115, 12589342, 2347591, 12761404, 23424977, 56043648]	http://www.flickr.com/photos/51313580@N08/6053767932/			False	http://farm7.staticflickr.com/6068/6053767932_63b6364c7c.jpg	15	76b6399fc4ef6f55460d1e85c16fc9e	jpg	vrdier	United States	2011-08-17T18:47:12Z	Attribution-ShareAlike License	2011-08-17T15:16:31Z	Canon EOS 500D	60372246	IMG_0939	6053767932	
New York	[56388928, 28751381, 2459115, 12589342, 2347591, 12761404, 23424977, 56043648]	http://www.flickr.com/photos/51313580@N08/6053218463/			False	http://farm7.staticflickr.com/6080/6053218463_8853a8fa84.jpg	15	54a6195e69dc6a4c1094c0e38bf19d2c	jpg	vrdier	United States	2011-08-17T18:47:15Z	Attribution-ShareAlike License	2011-08-17T15:39:01Z	Canon EOS 500D	90101467	IMG_0940	6053218463	
New York	[56388928, 28751381, 2459115, 12589342, 2347591, 12761404, 23424977, 56043648]	http://www.flickr.com/photos/51313580@N08/6053218597/			False	http://farm7.staticflickr.com/6065/6053218597_e0a9457dfc.jpg	15	213891b725d4bcb4abe7f5c7969a27	jpg	vrdier	United States	2011-08-17T18:47:19Z	Attribution-ShareAlike License	2011-08-17T15:40:13Z	Canon EOS 500D	9984012	IMG_0941	6053218597	
New York	[56388928, 28751381, 2459115, 12589342, 2347591, 12761404, 23424977, 56043648]	http://www.flickr.com/photos/51313580@N08/6053218707/			False	http://farm7.staticflickr.com/6068/6053218707_81490d371f.jpg	15	82af6ea6ab53d93b0fb61f1a583a93	jpg	vrdier	United States	2011-08-17T18:47:23Z	Attribution-ShareAlike License	2011-08-17T15:42:58Z	Canon EOS 500D	62222758	IMG_0942	6053218707	
New York	[56388928, 28751381, 2459115, 12589342, 2347591, 12761404, 23424977, 56043648]	http://www.flickr.com/photos/51313580@N08/6053219111/			False	http://farm7.staticflickr.com/6185/6053219111_2f122908b2.jpg	15	3eb9ed80a8972a6f6f5373abbd5d43	jpg	vrdier	United States	2011-08-17T18:47:33Z	Attribution-ShareAlike License	2011-08-17T15:43:03Z	Canon EOS 500D	51404305	IMG_0943	6053219111	
New York	[56388928, 28751381, 2459115, 12589342, 2347591, 12761404, 23424977, 56043648]	http://www.flickr.com/photos/51313580@N08/6053768818/			False	http://farm7.staticflickr.com/6089/6053768818_7406dedf1c.jpg	15	74918f913730d4afef9a8481cfcdf	jpg	vrdier	United States	2011-08-17T18:47:36Z	Attribution-ShareAlike License	2011-08-17T15:45:22Z	Canon EOS 500D	67764547	IMG_0944	6053768818	
New York	[56388928, 28751381, 2459115, 12589342, 2347591, 12761404, 23424977, 56043648]	http://www.flickr.com/photos/51313580@N08/6053219427/			False	http://farm7.staticflickr.com/6087/6053219427_e97da86162.jpg	15	deeec1ab4a5b0d1106d94a791df57b9	jpg	vrdier	United States	2011-08-17T18:47:41Z	Attribution-ShareAlike License	2011-08-17T15:46:10Z	Canon EOS 500D	64776425	IMG_0945	6053219427	
New York	[56388928, 28751381, 2459115, 12589342, 2347591, 12761404, 23424977, 56043648]	http://www.flickr.com/photos/51313580@N08/6053219683/			False	http://farm7.staticflickr.com/6205/6053219683_7c71c54c33.jpg	15	a9c14fd39ef14676daf94daa76e6465d	jpg	vrdier	United States	2011-08-17T18:47:49Z	Attribution-ShareAlike License	2011-08-17T15:46:12Z	Canon EOS 500D	88289414	IMG_0946	6053219683	
New York	[56388928, 28751381, 2459115, 12589342, 2347591, 12761404, 23424977, 56043648]	http://www.flickr.com/photos/51313580@N08/6053769652/			False	http://farm7.staticflickr.com/6192/6053769652_e6072dab4e.jpg	15	6418207aec25db3d4a4848ea50885e6a	jpg	vrdier	United States	2011-08-17T18:47:57Z	Attribution-ShareAlike License	2011-08-17T15:46:15Z	Canon EOS 500D	71367185	IMG_0947	6053769652	
New York	[56388928, 28751381, 2459115, 12589342, 2347591, 12761404, 23424977, 56043648]	http://www.flickr.com/photos/51313580@N08/6053769804/			False	http://farm7.staticflickr.com/6066/6053769804_6857b8d96d.jpg	15	a339fc98ebb3f1572ff43ea4ac4654	jpg	vrdier	United States	2011-08-17T18:48:00Z	Attribution-ShareAlike License	2011-08-17T15:46:16Z	Canon EOS 500D	66200533	IMG_0948	6053769804	
New York	[56388928, 28751381, 2459115, 12589342, 2347591, 12761404, 23424977, 56043648]	http://www.flickr.com/photos/51313580@N08/6053769884/			False	http://farm7.staticflickr.com/6182/6053769884_4f8ee4415b.jpg	15	151990f76f2c776aa2644ebf3b4f30d0	jpg	vrdier	United States	2011-08-17T18:48:02Z	Attribution-ShareAlike License	2011-08-17T15:46:23Z	Canon EOS 500D	54933470	IMG_0949	6053769884	
New York	[56388928, 28751381, 2459115, 12589342, 2347591, 12761404, 23424977, 56043648]	http://www.flickr.com/photos/51313580@N08/6053769992/			False	http://farm7.staticflickr.com/6085/6053769992_7172f581b5.jpg	15	8458edfba6e20e4efaf66c020477624	jpg	vrdier	United States	2011-08-17T18:48:05Z	Attribution-ShareAlike License	2011-08-17T15:46:26Z	Canon EOS 500D	89263457	IMG_0950	6053769992	
New York	[56388928, 28751381, 2459115, 12589342, 2347591, 12761404, 23424977, 56043648]	http://www.flickr.com/photos/51313580@N08/6053220435/			False	http://farm7.staticflickr.com/6193/6053220435_7cb75a12f5.jpg	15	94589d3cdc9b94cc53049dae99a7d5	jpg	vrdier	United States	2011-08-17T18:48:07Z	Attribution-ShareAlike License	2011-08-17T15:46:29Z	Canon EOS 500D	81703522	IMG_0951	6053220435	
New York	[56388928, 28751381, 2459115, 12589342, 2347591, 12761404, 23424977, 56043648]	http://www.flickr.com/photos/51313580@N08/6053770194/			False	http://farm7.staticflickr.com/6196/6053770194_02648b3445.jpg	15	8d25bb41e3ff96326eb8d595eabade4	jpg	vrdier	United States	2011-08-17T18:48:09Z	Attribution-ShareAlike License	2011-08-17T15:46:38Z	Canon EOS 500D	65215980	IMG_0952	6053770194	
New York	[56388928, 28751381, 2459115, 12589342, 2347591, 12761404, 23424977, 56043648]	http://www.flickr.com/photos/51313580@N08/6053770334/			False	http://farm7.staticflickr.com/6071/6053770334_128b3848e6.jpg	15	8bfa155db51f3813985cddc84f734b4f	jpg	vrdier	United States	2011-08-17T18:48:13Z	Attribution-ShareAlike License	2011-08-17T15:50:13Z	Canon EOS 500D	55534894	IMG_0953	6053770334	
New York	[56388928, 28751381, 2459115, 12589342, 2347591, 12761404, 23424977, 56043648]	http://www.flickr.com/photos/51313580@N08/6053220881/			False	http://farm7.staticflickr.com/6195/6053220881_1d1b19af3a.jpg	15	9296d3ddcad8dcd83ea5981980e6f7b3	jpg	vrdier	United States	2011-08-17T18:48:18Z	Attribution-ShareAlike License	2011-08-17T15:53:51Z	Canon EOS 500D	63077828	IMG_0954	6053220881	
New York	[56388928, 28751381, 2459115, 12589342, 2347591, 12761404, 23424977, 56043648]	http://www.flickr.com/photos/51313580@N08/6053770728/			False	http://farm7.staticflickr.com/6184/6053770728_8d532d8628.jpg	15	cc4210a0e0b855d2821337fae29067	jpg	vrdier	United States	2011-08-17T18:48:24Z	Attribution-ShareAlike License	2011-08-17T15:54:11Z	Canon EOS 500D	74940358	IMG_0955	6053770728	
New York	[56388928, 28751381, 2459115, 12589342, 2347591, 12761404, 23424977, 56043648]	http://www.flickr.com/photos/51313580@N08/6053221209/			False	http://farm7.staticflickr.com/6203/6053221209_5d36557890.jpg	15	dd8563c7e9d5732acc295322ed0d7	jpg	vrdier	United States	2011-08-17T18:48:27Z	Attribution-ShareAlike License	2011-08-17T15:54:14Z	Canon EOS 500D	20108111	IMG_0956	6053221209	
New York	[56388928, 28751381, 2459115, 12589342, 2347591, 12761404, 23424977, 56043648]	http://www.flickr.com/photos/51313580@N08/6053221307/			False	http://farm7.staticflickr.com/6191/6053221307_839fc79ff1.jpg	15	8d70894143482c75ca206e3eda8fa6	jpg	vrdier	United States	2011-08-17T18:48:30Z	Attribution-ShareAlike License	2011-08-17T15:54:18Z	Canon EOS 500D	85475730	IMG_0957	6053221307	
New York	[56388928, 28751381, 2459115, 12589342, 2347591, 12761404, 23424977, 56043648]	http://www.flickr.com/photos/51313580@N08/6053771172/			False	http://farm7.staticflickr.com/6069/6053771172_ab9ddf287b.jpg	15	d9199427680c61428b8942f8c833a5e	jpg	vrdier	United States	2011-08-17T18:48:35Z	Attribution-ShareAlike License	2011-08-17T15:54:25Z	Canon EOS 500D	92110151	IMG_0958	6053771172	
New York	[56388928, 28751381, 2459115, 12589342, 2347591, 12761404, 23424977, 56043648]	http://www.flickr.com/photos/51313580@N08/6053221613/			False	http://farm7.staticflickr.com/6088/6053221613_aa06f166fb.jpg	15	ce777d7370a6f1aeb22034ac395d6c3	jpg	vrdier	United States	2011-08-17T18:48:38Z	Attribution-ShareAlike License	2011-08-17T15:54:28Z	Canon EOS 500D	40664615	IMG_0959	6053221613	
New York	[56388928, 28751381, 2459115, 12589342, 2347591, 12761404, 23424977, 56043648]	http://www.flickr.com/photos/51313580@N08/6053221701/			False	http://farm7.staticflickr.com/6195/6053221701_9d6512454f.jpg	15	f7bfa792d3ccb48a7bd665c4f4a698e3	jpg	vrdier	United States	2011-08-17T18:48:40Z	Attribution-ShareAlike License	2011-08-17T15:54:33Z	Canon EOS 500D	64716634	IMG_0960	6053221701	
New York	[56388928, 28751381, 2459115, 12589342, 2347591, 12761404, 23424977, 56043648]	http://www.flickr.com/photos/51313580@N08/6053221831/			False	http://farm7.staticflickr.com/6082/6053221831_ebaf3bf0ee.jpg	15	186c5948596c7c16cdf8604e769b8	jpg	vrdier	United States	2011-08-17T18:48:44Z	Attribution-ShareAlike License	2011-08-17T15:54:35Z	Canon EOS 500D	67611680	IMG_0961	6053221831	
New York	[56388928, 28751381, 2459115, 12589342, 2347591, 12761404, 23424977, 56043648]	http://www.flickr.com/photos/51313580@N08/6053221925/			False	http://farm7.staticflickr.com/6083/6053221925_4677e64cd6.jpg	15	572b93d44ab82dc3e87f14e09af7e85a	jpg	vrdier	United States	2011-08-17T18:48:47Z	Attribution-ShareAlike License	2011-08-17T15:54:42Z	Canon EOS 500D	26237169	IMG_0962	6053221925	
New York	[56388928, 28751381, 2459115, 12589342, 2347591, 12761404, 23424977, 56043648]	http://www.flickr.com/photos/51313580@N08/6053771812/			False	http://farm7.staticflickr.com/6209/6053771812_d5f4e2808b.jpg	15	744226d324f67953908c22cc18ed02b	jpg	vrdier	United States	2011-08-17T18:48:52Z	Attribution-ShareAlike License	2011-08-17T15:55:11Z	Canon EOS 500D	80622255	IMG_0963	6053771812	
New York	[56388928, 28751381, 2459115, 12589342, 2347591, 12761404, 23424977, 56043648]	http://www.flickr.com/photos/51313580@N08/6053222329/			False	http://farm7.staticflickr.com/6202/6053222329_7d17c10862.jpg	15	3ca25a856d88265be9daaf5cdcba8bd0	jpg	vrdier	United States	2011-08-17T18:48:56Z	Attribution-ShareAlike License	2011-08-17T15:55:12Z	Canon EOS 500D	62076714	IMG_0964	6053222329	
New York	[56388928, 28751381, 2459115, 12589342, 2347591, 12761404, 23424977, 56043648]	http://www.flickr.com/photos/51313580@N08/6053222633/			False	http://farm7.staticflickr.com/6083/6053222633_8a1aa11546.jpg	15	723bb6af27684a867673259406addcc	jpg	vrdier	United States	2011-08-17T18:49:06Z	Attribution-ShareAlike License	2011-08-17T15:55:13Z	Canon EOS 500D	93398854	IMG_0965	6053222633	
New York	[56388928, 28751381, 2459115, 12589342, 2347591, 12761404, 23424977, 56043648]	http://www.flickr.com/photos/51313580@N08/6053772600/			False	http://farm7.staticflickr.com/6210/6053772600_b2a7dfc5ce.jpg	15	1c27d9e77c7198ae4b1acdac8ebca7f9	jpg	vrdier	United States	2011-08-17T18:49:12Z	Attribution-ShareAlike License	2011-08-17T15:55:15Z	Canon EOS 500D	65663464	IMG_0966	6053772600	
New York	[56388928, 28751381, 2459115, 12589342, 2347591, 12761404, 23424977, 56043648]	http://www.flickr.com/photos/51313580@N08/6053222979/			False	http://farm7.staticflickr.com/6199/6053222979_58cb8c28f9.jpg	15	e4e83ba77975dfb60e56f75445012f7	jpg	vrdier	United States	2011-08-17T18:49:16Z	Attribution-ShareAlike License	2011-08-17T15:55:16Z	Canon EOS 500D	61865473	IMG_0967	6053222979	
New York	[56388928, 28751381, 2459115, 12589342, 2347591, 12761404, 23424977, 56043648]	http://www.flickr.com/photos/51313580@N08/6053772918/			False	http://farm7.staticflickr.com/6196/6053772918_98e3f1f232.jpg	15	7a95c71dac28eea7c8a03c5a164ec6	jpg	vrdier	United States	2011-08-17T18:49:21Z	Attribution-ShareAlike License	2011-08-17T15:55:22Z	Canon EOS 500D	66720118	IMG_0968	6053772918	
New York	[56388928, 28751381, 2459115, 12589342, 2347591, 12761404, 23424977, 56043648]	http://www.flickr.com/photos/51313580@N08/6053223325/			False	http://farm7.staticflickr.com/6205/6053223325_054a9e2df1.jpg	15	bf67cf85318339a17d84f75ebb82de3	jpg	vrdier	United States	2011-08-17T18:49:25Z	Attribution-ShareAlike License	2011-08-17T15:56:04Z	Canon EOS 500D	66610946	IMG_0969	6053223325	
New York	[56388928, 28751381, 2459115, 12589342, 2347591, 12761404, 23424977, 56043648]	http://www.flickr.com/photos/51313580@N08/6053773190/			False	http://farm7.staticflickr.com/6084/6053773190_5667282729.jpg	15	dac4e1e2d758b9d151ae81791ef8ed3	jpg	vrdier	United States	2011-08-17T18:49:28Z	Attribution-ShareAlike License	2011-08-17T15:56:08Z	Canon EOS 500D	70923626	IMG_0970	6053773190	
New York	[56388928, 28751381, 2459115, 12589342, 2347591, 12761404, 23424977, 56043648]	http://www.flickr.com/photos/51313580@N08/6053223499/			False	http://farm7.staticflickr.com/6200/6053223499_8b62aac13b.jpg	15	48192b7d5c2eb03c8fb3986bb71e3f0	jpg	vrdier	United States	2011-08-17T18:49:30Z	Attribution-ShareAlike License	2011-08-17T15:56:12Z	Canon EOS 500D	64528351	IMG_0971	6053223499	
New York	[56388928, 28751381, 2459115, 12589342, 2347591, 12761404, 23424977, 56043648]	http://www.flickr.com/photos/51313580@N08/6053773480/			False	http://farm7.staticflickr.com/6067/6053773480_a40fd1592e.jpg	15	16b925596423384b358db82bc9153ab	jpg	vrdier	United States	2011-08-17T18:49:34Z	Attribution-ShareAlike License	2011-08-17T15:56:21Z	Canon EOS 500D	79335425	IMG_0972	6053773480	
New York	[56388928, 28751381, 2459115, 12589342, 2347591, 12761404, 23424977, 56043648]	http://www.flickr.com/photos/51313580@N08/6053223793/			False	http://farm7.staticflickr.com/6200/6053223793_3e70ccd276.jpg	15	359c3506248453fd54f38b327ff0f9	jpg	vrdier	United States	2011-08-17T18:49:38Z	Attribution-ShareAlike License	2011-08-17T15:56:24Z	Canon EOS 500D	98272126	IMG_0973	6053223793	
New York	[56388928, 28751381, 2459115, 12589342, 2347591, 12761404, 23424977, 56043648]	http://www.flickr.com/photos/51313580@N08/6053223937/			False	http://farm7.staticflickr.com/6063/6053223937_e848b8156a.jpg	15	c1c268765ff4615fb0c4a8d416c3253	jpg	vrdier	United States	2011-08-17T18:49:42Z	Attribution-ShareAlike License	2011-08-17T15:56:25Z	Canon EOS 500D	69917413	IMG_0974	6053223937	
New York	[56388928, 28751381, 2459115, 12589342, 2347591, 12761404, 23424977, 56043648]	http://www.flickr.com/photos/51313580@N08/6053224275/			False	http://farm7.staticflickr.com/6089/6053224275_c496d9e6d7.jpg	15	c39abe3142947893b01c60f49bcac447	jpg	vrdier	United States	2011-08-17T18:49:50Z	Attribution-ShareAlike License	2011-08-17T15:56:27Z	Canon EOS 500D	2363773	IMG_0975	6053224275	
New York	[56388928, 28751381, 2459115, 12589342, 2347591, 12761404, 23424977, 56043648]	http://www.flickr.com/photos/51313580@N08/6053224409/			False	http://farm7.staticflickr.com/6076/6053224409_a04c793117.jpg	15	de71cdd89e5747ae44d2fd7e0e733e8	jpg	vrdier	United States	2011-08-17T18:49:53Z	Attribution-ShareAlike License	2011-08-17T15:56:30Z	Canon EOS 500D	82486639	IMG_0976	6053224409	
New York	[56388928, 28751381, 2459115, 12589342, 2347591, 12761404, 23424977, 56043648]	http://www.flickr.com/photos/51313580@N08/6053774324/			False	http://farm7.staticflickr.com/6089/6053774324_9a4b9e2698.jpg	15	88867a2533b8d9bbbff6c789f123a9a3	jpg	vrdier	United States	2011-08-17T18:49:57Z	Attribution-ShareAlike License	2011-08-17T15:56:33Z	Canon EOS 500D	61107746	IMG_0977	6053774324	
New York	[56388928, 28751381, 2459115, 12589342, 2347591, 12761404, 23424977, 56043648]	http://www.flickr.com/photos/51313580@N08/6053774620/			False	http://farm7.staticflickr.com/6191/6053774620_a81f5032c4.jpg	15	4f739d35ae11b7449a65ba69c813298	jpg	vrdier	United States	2011-08-17T18:50:04Z	Attribution-ShareAlike License	2011-08-17T15:56:44Z	Canon EOS 500D	84479066	IMG_0978	6053774620	
New York	[56388928, 28751381, 2459115, 12589342, 2347591, 12761404, 23424977, 56043648]	http://www.flickr.com/photos/51313580@N08/6053224891/			False	http://farm7.staticflickr.com/6062/6053224891_482e196c54.jpg	15	f9dd383975b08d33d223a48d47b9f6b	jpg	vrdier	United States	2011-08-17T18:50:06Z	Attribution-ShareAlike License	2011-08-17T15:56:47Z	Canon EOS 500D	18547503	IMG_0979	6053224891	
New York	[56388928, 28751381, 2459115, 12589342, 2347591, 12761404, 23424977, 56043648]	http://www.flickr.com/photos/51313580@N08/6053225003/			False	http://farm7.staticflickr.com/6068/6053225003_2436990eb8.jpg	15	65a4b4715d39278584dbbe088a49d52	jpg	vrdier	United States	2011-08-17T18:50:09Z	Attribution-ShareAlike License	2011-08-17T15:56:49Z	Canon EOS 500D	94454867	IMG_0980	6053225003	
New York	[56388928, 28751381, 2459115, 12589342, 2347591, 12761404, 23424977, 56043648]	http://www.flickr.com/photos/51313580@N08/6053225137/			False	http://farm7.staticflickr.com/6194/6053225137_ce087a3094.jpg	15	43429fe8c22f21265edefbbcc38391a	jpg	vrdier	United States	2011-08-17T18:50:13Z	Attribution-ShareAlike License	2011-08-17T15:56:52Z	Canon EOS 500D	93455470	IMG_0981	6053225137	
New York	[56388928, 28751381, 2459115, 12589342, 2347591, 12761404, 23424977, 56043648]	http://www.flickr.com/photos/51313580@N08/6053225273/			False	http://farm7.staticflickr.com/6199/6053225273_3780f77207.jpg	15	39ea1c739e40a991f244d608e74cc99	jpg	vrdier	United States	2011-08-17T18:50:16Z	Attribution-ShareAlike License	2011-08-17T15:56:54Z	Canon EOS 500D	81264047	IMG_0982	6053225273	
New York	[56388928, 28751381, 2459115, 12589342, 2347591, 12761404, 23424977, 56043648]	http://www.flickr.com/photos/51313580@N08/6053775352/			False	http://farm7.staticflickr.com/6086/6053775352_9fe1840e2d.jpg	15	25b9b4db93e56af6beb1b749a96bd62	jpg	vrdier	United States	2011-08-17T18:50:22Z	Attribution-ShareAlike License	2011-08-17T15:56:56Z	Canon EOS 500D	66275248	IMG_0983	6053775352	
New York	[56388928, 28751381, 2459115, 12589342, 2347591, 12761404, 23424977, 56043648]	http://www.flickr.com/photos/51313580@N08/6053775492/			False	http://farm7.staticflickr.com/6189/6053775492_53cd79ed56.jpg	15	2ccfb51cc9b3824ab809b9c52b7a87	jpg	vrdier	United States	2011-08-17T18:50:25Z	Attribution-ShareAlike License	2011-08-17T15:57:41Z	Canon EOS 500D	70567944	IMG_0984	6053775492	
New York	[56388928, 28751381, 2459115, 12589342, 2347591, 12761404, 23424977, 56043648]	http://www.flickr.com/photos/51313580@N08/6053775588/			False	http://farm7.staticflickr.com/6081/6053775588_2ec0a49094.jpg	15	59667cf720f57142181ceff78d588ddc	jpg	vrdier	United States	2011-08-17T18:50:28Z	Attribution-ShareAlike License	2011-08-17T15:57:43Z	Canon EOS 500D	73846396	IMG_0985	6053775588	
New York	[56388928, 28751381, 2459115, 12589342, 2347591, 12761404, 23424977, 56043648]	http://www.flickr.com/photos/51313580@N08/6053775688/			False	http://farm7.staticflickr.com/6069/6053775688_6b74ec2fc5.jpg	15	95255ee148dbd8af969d71ff5c3f64d	jpg	vrdier	United States	2011-08-17T18:50:31Z	Attribution-ShareAlike License	2011-08-17T15:57:45Z	Canon EOS 500D	66643538	IMG_0986	6053775688	
New York	[56388928, 28751381, 2459115, 12589342, 2347591, 12761404, 23424977, 56043648]	http://www.flickr.com/photos/51313580@N08/6053225983/			False	http://farm7.staticflickr.com/6210/6053225983_bee970c3d8.jpg	15	d28a2ddbbf27b541be56deffc5555f	jpg	vrdier	United States	2011-08-17T18:50:35Z	Attribution-ShareAlike License	2011-08-17T15:57:48Z	Canon EOS 500D	82679193	IMG_0987	6053225983	
New York	[56388928, 28751381, 2459115, 12589342, 2347591, 12761404, 23424977, 56043648]	http://www.flickr.com/photos/51313580@N08/6053226237/			False	http://farm7.staticflickr.com/6084/6053226237_097f8f7607.jpg	15	3bfcda92768d3068c362d7278ff13b3	jpg	vrdier	United States	2011-08-17T18:50:41Z	Attribution-ShareAlike License	2011-08-17T15:57:51Z	Canon EOS 500D	13291828	IMG_0988	6053226237	
New York	[56388928, 28751381, 2459115, 12589342, 2347591, 12761404, 23424977, 56043648]	http://www.flickr.com/photos/51313580@N08/6053226405/			False	http://farm7.staticflickr.com/6205/6053226405_de3b283aa7.jpg	15	fdb7a4f6de8263f58044c0c0b377e9e7	jpg	vrdier	United States	2011-08-17T18:50:45Z	Attribution-ShareAlike License	2011-08-17T15:57:55Z	Canon EOS 500D	65865683	IMG_0989	6053226405	
New York	[56388928, 28751381, 2459115, 12589342, 2347591, 12761404, 23424977, 56043648]	http://www.flickr.com/photos/51313580@N08/6053226801/			False	http://farm7.staticflickr.com/6087/6053226801_65bc5e58c9.jpg	15	15c8cc798d41b2556f8856066419258	jpg	vrdier	United States	2011-08-17T18:50:55Z	Attribution-ShareAlike License	2011-08-17T15:58:02Z	Canon EOS 500D	87070631	IMG_0990	6053226801	
New York	[56388928, 28751381, 2459115, 12589342, 2347591, 12761404, 23424977, 56043648]	http://www.flickr.com/photos/51313580@N08/6053776716/			False	http://farm7.staticflickr.com/6196/6053776716_b2363465c7.jpg	15	65cc3a2927ff9f32a44c37f5708ab1bc	jpg	vrdier	United States	2011-08-17T18:50:59Z	Attribution-ShareAlike License	2011-08-17T15:58:05Z	Canon EOS 500D	15880105	IMG_0991	6053776716	
New York	[56388928, 28751381, 2459115, 12589342, 2347591, 12761404, 23424977, 56043648]	http://www.flickr.com/photos/51313580@N08/6053777048/			False	http://farm7.staticflickr.com/6065/6053777048_7891cc3ba3.jpg	15	5d6e90607489dee8d66f3e3d993c9a3	jpg	vrdier	United States	2011-08-17T18:51:08Z	Attribution-ShareAlike License	2011-08-17T15:58:11Z	Canon EOS 500D	71356459	IMG_0992	6053777048	
New York	[56388928, 28751381, 2459115, 12589342, 2347591, 12761404, 23424977, 56043648]	http://www.flickr.com/photos/51313580@N08/6053777342/			False	http://farm7.staticflickr.com/6200/6053777342_1cc0d83691.jpg	15	56dc1e6d9f4a296e5a4aa32ad9dbb95b	jpg	vrdier	United States	2011-08-17T18:51:16Z	Attribution-ShareAlike License	2011-08-17T15:58:14Z	Canon EOS 500D	93643172	IMG_0993	6053777342	
New York	[56388928, 28751381, 2459115, 12589342, 2347591, 12761404, 23424977, 56043648]	http://www.flickr.com/photos/51313580@N08/6053227711/			False	http://farm7.staticflickr.com/6079/6053227711_a360be9320.jpg	15	3842abbd225149af5ca33ebd73b2cb	jpg	vrdier	United States	2011-08-17T18:51:19Z	Attribution-ShareAlike License	2011-08-17T15:58:46Z	Canon EOS 500D	90871550	IMG_0994	6053227711	
New York	[56388928, 28751381, 2459115, 12589342, 2347591, 12761404, 23424977, 56043648]	http://www.flickr.com/photos/51313580@N08/6053227929/			False	http://farm7.staticflickr.com/6077/6053227929_274454881f.jpg	15	577d7fefb246faf68b512acf911aa	jpg	vrdier	United States	2011-08-17T18:51:25Z	Attribution-ShareAlike License	2011-08-17T15:58:56Z	Canon EOS 500D	63460528	IMG_0995	6053227929	
New York	[56388928, 28751381, 2459115, 12589342, 2347591, 12761404, 23424977, 56043648]	http://www.flickr.com/photos/51313580@N08/6053778088/			False	http://farm7.staticflickr.com/6199/6053778088_0974b272d2.jpg	16	479d2f203963388832e47f82681251f0	jpg	vrdier	United States	2011-08-17T18:51:35Z	Attribution-ShareAlike License	2011-08-17T16:00:13Z	Canon EOS 500D	31088262	IMG_0996	6053778088	
New York	[56388928, 28751381, 2459115, 12589342, 2347591, 12761404, 23424977, 56043648]	http://www.flickr.com/photos/51313580@N08/6053228423/			False	http://farm7.staticflickr.com/6083/6053228423_75a3fdde38.jpg	16	7190166da2114a8ad0102290ad7599a7	jpg	vrdier	United States	2011-08-17T18:51:40Z	Attribution-ShareAlike License	2011-08-17T16:00:29Z	Canon EOS 500D	73183349	IMG_0997	6053228423	
New York	[56388928, 28751381, 2459115, 12589342, 2347591, 12761404, 23424977, 56043648]	http://www.flickr.com/photos/51313580@N08/6053232171/			False	http://farm7.staticflickr.com/6188/6053232171_843052448c.jpg	16	515fe7e9696ee599896515eddfe87	jpg	vrdier	United States	2011-08-17T18:53:18Z	Attribution-ShareAlike License	2011-08-17T16:00:34Z	Canon EOS 500D	66507223	IMG_0998	6053232171	
New York	[56388928, 28751381, 2459115, 12589342, 2347591, 12761404, 23424977, 56043648]	http://www.flickr.com/photos/51313580@N08/6053232425/			False	http://farm7.staticflickr.com/6088/6053232425_e0a7446514.jpg	16	e2e509626163c9aefc3abe4ca89c093	jpg	vrdier	United States	2011-08-17T18:53:24Z	Attribution-ShareAlike License	2011-08-17T16:00:38Z	Canon EOS 500D	95280113	IMG_0999	6053232425	
New York	[56388928, 28751381, 2459115, 12589342, 2347591, 12761404, 23424977, 56043648]	http://www.flickr.com/photos/51313580@N08/6053232699/			False	http://farm7.staticflickr.com/6061/6053232699_ba6c9d99ea.jpg	16	7c147380d27d33cf4a6944d93496b41	jpg	vrdier	United States	2011-08-17T18:53:31Z	Attribution-ShareAlike License	2011-08-17T16:00:44Z	Canon EOS 500D	85617569	IMG_1000	6053232699	
New York	[56388928, 28751381, 2459115, 12589342, 2347591, 12761404, 23424977, 56043648]	http://www.flickr.com/photos/51313580@N08/6053782818/			False	http://farm7.staticflickr.com/6204/6053782818_b1f01debac.jpg	16	9afaab33794bfecfb93afa3cee24e6	jpg	vrdier	United States	2011-08-17T18:53:35Z	Attribution-ShareAlike License	2011-08-17T16:00:45Z	Canon EOS 500D	95628297	IMG_1001	6053782818	
New York	[56388928, 28751381, 2459115, 12589342, 2347591, 12761404, 23424977, 56043648]	http://www.flickr.com/photos/51313580@N08/6053233027/			False	http://farm7.staticflickr.com/6196/6053233027_ea1bb47c18.jpg	16	e8562bcefa1504ee29582ac2dd34776	jpg	vrdier	United States	2011-08-17T18:53:39Z	Attribution-ShareAlike License	2011-08-17T16:00:49Z	Canon EOS 500D	48300100	IMG_1002	6053233027	
New York	[56388928, 28751381, 2459115, 12589342, 2347591, 12761404, 23424977, 56043648]	http://www.flickr.com/photos/51313580@N08/6053783266/			False	http://farm7.staticflickr.com/6071/6053783266_fe3e6611e0.jpg	16	c7f29e9ed931b9ee76ea676b947bbf	jpg	vrdier	United States	2011-08-17T18:53:46Z	Attribution-ShareAlike License	2011-08-17T16:00:52Z	Canon EOS 500D	74526872	IMG_1003	6053783266	
New York	[56388928, 28751381, 2459115, 12589342, 2347591, 12761404, 23424977, 56043648]	http://www.flickr.com/photos/51313580@N08/6053783464/			False	http://farm7.staticflickr.com/6064/6053783464_0bc12e49ba.jpg	16	83437e7e3642acee44abd9bb10e03531	jpg	vrdier	United States	2011-08-17T18:53:50Z	Attribution-ShareAlike License	2011-08-17T16:00:54Z	Canon EOS 500D	83082923	IMG_1004	6053783464	
New York	[56388928, 28751381, 2459115, 12589342, 2347591, 12761404, 23424977, 56043648]	http://www.flickr.com/photos/51313580@N08/6053233755/			False	http://farm7.staticflickr.com/6204/6053233755_0a96c00c93.jpg	16	43d8b7645b4142813e7cc856883efc5	jpg	vrdier	United States	2011-08-17T18:53:55Z	Attribution-ShareAlike License	2011-08-17T16:01:36Z	Canon EOS 500D	62966390	IMG_1005	6053233755	
New York	[56388928, 28751381, 2459115, 12589342, 2347591, 12761404, 23424977, 56043648]	http://www.flickr.com/photos/51313580@N08/6053234013/			False	http://farm7.staticflickr.com/6210/6053234013_f578e29994.jpg	16	873a04c9aec0c0c8b1fbe93f3aec23	jpg	vrdier	United States	2011-08-17T18:54:01Z	Attribution-ShareAlike License	2011-08-17T16:01:37Z	Canon EOS 500D	8550287	IMG_1006	6053234013	
New York	[56388928, 28751381, 2459115, 12589342, 2347591, 12761404, 23424977, 56043648]	http://www.flickr.com/photos/51313580@N08/6053784176/			False	http://farm7.staticflickr.com/6083/6053784176_152172dfd3.jpg	16	16465e53dad149a915e781d21fdd6f48	jpg	vrdier	United States	2011-08-17T18:54:06Z	Attribution-ShareAlike License	2011-08-17T16:01:38Z	Canon EOS 500D	63157248	IMG_1007	6053784176	
New York	[56388928, 28751381, 2459115, 12589342, 2347591, 12761404, 23424977, 56043648]	http://www.flickr.com/photos/51313580@N08/6053784416/			False	http://farm7.staticflickr.com/6073/6053784416_d6e8634e52.jpg	16	91d9787e21b617b106e1e98eb84ec2	jpg	vrdier	United States	2011-08-17T18:54:11Z	Attribution-ShareAlike License	2011-08-17T16:02:14Z	Canon EOS 500D	47826936	IMG_1008	6053784416	
New York	[56388928, 28751381, 2459115, 12589342, 2347591, 12761404, 23424977, 56043648]	http://www.flickr.com/photos/51313580@N08/6053234589/			False	http://farm7.staticflickr.com/6061/6053234589_6fcb86aefd.jpg	16	5adf56d088cac5eeae43d4f99bd1467	jpg	vrdier	United States	2011-08-17T18:54:14Z	Attribution-ShareAlike License	2011-08-17T16:02:16Z	Canon EOS 500D	46749730	IMG_1009	6053234589	
New York	[56388928, 28751381, 2459115, 12589342, 2347591, 12761404, 23424977, 56043648]	http://www.flickr.com/photos/51313580@N08/6053784722/			False	http://farm7.staticflickr.com/6196/6053784722_357acfb731.jpg	16	e47de297af28cccc31acbafc9e3a9f2	jpg	vrdier	United States	2011-08-17T18:54:18Z	Attribution-ShareAlike License	2011-08-17T16:02:18Z	Canon EOS 500D	21163955	IMG_1010	6053784722	
New York	[56388928, 28751381, 2459115, 12589342, 2347591, 12761404, 23424977, 56043648]	http://www.flickr.com/photos/51313580@N08/6053784976/			False	http://farm7.staticflickr.com/6071/6053784976_9d66e4c5c5.jpg	16	726b2673e8a194f6c29289a9095b9fb	jpg	vrdier	United States	2011-08-17T18:54:23Z	Attribution-ShareAlike License	2011-08-17T16:02:22Z	Canon EOS 500D	91267152	IMG_1011	6053784976	
New York	[56388928, 28751381, 2459115, 12589342, 2347591, 12761404, 23424977, 56043648]	http://www.flickr.com/photos/51313580@N08/6053235421/			False	http://farm7.staticflickr.com/6081/6053235421_1fe2246804.jpg	16	4660f74b91689aaf79c3e49c25c1c0c7	jpg	vrdier	United States	2011-08-17T18:54:35Z	Attribution-ShareAlike License	2011-08-17T16:02:23Z	Canon EOS 500D	64285559	IMG_1012	6053235421	
New York	[56388928, 28751381, 2459115, 12589342, 2347591, 12761404, 23424977, 56043648]	http://www.flickr.com/photos/51313580@N08/6053785814/			False	http://farm7.staticflickr.com/6071/6053785814_da3f51fd33.jpg	16	1abd1012fb51b683204f3b6d2d75b248	jpg	vrdier	United States	2011-08-17T18:54:45Z	Attribution-ShareAlike License	2011-08-17T16:02:25Z	Canon EOS 500D	60349328	IMG_1013	6053785814	
New York	[56388928, 28751381, 2459115, 12589342, 2347591, 12761404, 23424977, 56043648]	http://www.flickr.com/photos/51313580@N08/6053236015/			False	http://farm7.staticflickr.com/6080/6053236015_154a0e9fe3.jpg	16	3322f7762261a240177ae05b18261947	jpg	vrdier	United States	2011-08-17T18:54:49Z	Attribution-ShareAlike License	2011-08-17T16:02:30Z	Canon EOS 500D	83796570	IMG_1014	6053236015	
New York	[56388928, 28751381, 2459115, 12589342, 2347591, 12761404, 23424977, 56043648]	http://www.flickr.com/photos/51313580@N08/6053236173/			False	http://farm7.staticflickr.com/6185/6053236173_b5494bc190.jpg	16	cdd15f1699c429d8936d8344ecc2fb	jpg	vrdier	United States	2011-08-17T18:54:53Z	Attribution-ShareAlike License	2011-08-17T16:02:32Z	Canon EOS 500D	90390938	IMG_1015	6053236173	
New York	[56388928, 28751381, 2459115, 12589342, 2347591, 12761404, 23424977, 56043648]	http://www.flickr.com/photos/51313580@N08/6053786432/			False	http://farm7.staticflickr.com/6071/6053786432_dfebfd6af0.jpg	16	7ee3645ef32d9ab0f493bc286d402cd9	jpg	vrdier	United States	2011-08-17T18:54:59Z	Attribution-ShareAlike License	2011-08-17T16:02:36Z	Canon EOS 500D	73749195	IMG_1016	6053786432	
New York	[56388928, 28751381, 2459115, 12589342, 2347591, 12761404, 23424977, 56043648]	http://www.flickr.com/photos/51313580@N08/6053236697/			False	http://farm7.staticflickr.com/6188/6053236697_a297c64beb.jpg	16	55de2d6d346e767289eb3785be085d3	jpg	vrdier	United States	2011-08-17T18:55:05Z	Attribution-ShareAlike License	2011-08-17T16:02:37Z	Canon EOS 500D	94328715	IMG_1017	6053236697	
New York	[56388928, 28751381, 2459115, 12589342, 2347591, 12761404, 23424977, 56043648]	http://www.flickr.com/photos/51313580@N08/6053237023/			False	http://farm7.staticflickr.com/6085/6053237023_8a4047bea0.jpg	16	af175ae8defebaa451c2d92a2fe3b87	jpg	vrdier	United States	2011-08-17T18:55:12Z	Attribution-ShareAlike License	2011-08-17T16:02:39Z	Canon EOS 500D	66044611	IMG_1018	6053237023	
New York	[56388928, 28751381, 2459115, 12589342, 2347591, 12761404, 23424977, 56043648]	http://www.flickr.com/photos/51313580@N08/6053237257/			False	http://farm7.staticflickr.com/6182/6053237257_2d73de32ae.jpg	16	7e4195399c697fc8562e41666d1ff3c0	jpg	vrdier	United States	2011-08-17T18:55:17Z	Attribution-ShareAlike License	2011-08-17T16:02:43Z	Canon EOS 500D	50305605	IMG_1019	6053237257	
New York	[56388928, 28751381, 2459115, 12589342, 2347591, 12761404, 23424977, 56043648]	http://www.flickr.com/photos/51313580@N08/6053787480/			False	http://farm7.staticflickr.com/6208/6053787480_3f15fd719d.jpg	16	b2ece2c2bdff15ec366fdaa1610901d	jpg	vrdier	United States	2011-08-17T18:55:22Z	Attribution-ShareAlike License	2011-08-17T16:02:47Z	Canon EOS 500D	3950308	IMG_1020	6053787480	
New York	[56388928, 28751381, 2459115, 12589342, 2347591, 12761404, 23424977, 56043648]	http://www.flickr.com/photos/51313580@N08/6053787964/			False	http://farm7.staticflickr.com/6062/6053787964_32fb10b5f7.jpg	16	c1371f5f3e4cc338402b1649a6f722d1	jpg	vrdier	United States	2011-08-17T18:55:33Z	Attribution-ShareAlike License	2011-08-17T16:02:52Z	Canon EOS 500D	76423698	IMG_1021	6053787964	
New York	[56388928, 28751381, 2459115, 12589342, 2347591, 12761404, 23424977, 56043648]	http://www.flickr.com/photos/51313580@N08/6053788524/			False	http://farm7.staticflickr.com/6197/6053788524_1f8f84f6d3.jpg	16	29fc2b3a810f148479c44c1c1bb5dc2	jpg	vrdier	United States	2011-08-17T18:55:48Z	Attribution-ShareAlike License	2011-08-17T16:03:04Z	Canon EOS 500D	72282291	IMG_1022	6053788524	
New York	[56388928, 28751381, 2459115, 12589342, 2347591, 12761404, 23424977, 56043648]	http://www.flickr.com/photos/51313580@N08/6053238993/			False	http://farm7.staticflickr.com/6073/6053238993_5235eb2a57.jpg	16	3c71a935c61d9d61ecc3d23e06c626a	jpg	vrdier	United States	2011-08-17T18:55:58Z	Attribution-ShareAlike License	2011-08-17T16:03:08Z	Canon EOS 500D	53463610	IMG_1023	6053238993	
New York	[56388928, 28751381, 2459115, 12589342, 2347591, 12761404, 23424977, 56043648]	http://www.flickr.com/photos/51313580@N08/6053789356/			False	http://farm7.staticflickr.com/6196/6053789356_ba2fc3388f.jpg	16	72fec6dfff8c29b2aa72c73450a3dcb	jpg	vrdier	United States	2011-08-17T18:56:07Z	Attribution-ShareAlike License	2011-08-17T16:03:15Z	Canon EOS 500D	75824331	IMG_1024	6053789356	
New York	[56388928, 28751381, 2459115, 12589342, 2347591, 12761404, 23424977, 56043648]	http://www.flickr.com/photos/51313580@N08/6053789684/			False	http://farm7.staticflickr.com/6197/6053789684_b5d011c073.jpg	16	56937e190328c87b0c6d363a9ae788d	jpg	vrdier	United States	2011-08-17T18:56:16Z	Attribution-ShareAlike License	2011-08-17T16:03:23Z	Canon EOS 500D	69981138	IMG_1025	6053789684	
New York	[56388928, 28751381, 2459115, 12589342, 2347591, 12761404, 23424977, 56043648]	http://www.flickr.com/photos/51313580@N08/6053789918/			False	http://farm7.staticflickr.com/6080/6053789918_fb2f955d46.jpg	16	e32db575c2aaf9c7c13a45a59fd32ad	jpg	vrdier	United States	2011-08-17T18:56:21Z	Attribution-ShareAlike License	2011-08-17T16:04:03Z	Canon EOS 500D	88371563	IMG_1026	6053789918	
New York	[56388928, 28751381, 2459115, 12589342, 2347591, 12761404, 23424977, 56043648]	http://www.flickr.com/photos/51313580@N08/6053790116/			False	http://farm7.staticflickr.com/6182/6053790116_84b8b103d7.jpg	16	f44c66ed5847d21fcb36d7bf596e468	jpg	vrdier	United States	2011-08-17T18:56:25Z	Attribution-ShareAlike License	2011-08-17T16:04:06Z	Canon EOS 500D	82382831	IMG_1027	6053790116	
New York	[56388928, 28751381, 2459115, 12589342, 2347591, 12761404, 23424977, 56043648]	http://www.flickr.com/photos/51313580@N08/6053240563/			False	http://farm7.staticflickr.com/6189/6053240563_43c1864f39.jpg	16	768fadccd79cb2a30daf37f485fae6c	jpg	vrdier	United States	2011-08-17T18:56:34Z	Attribution-ShareAlike License	2011-08-17T16:04:12Z	Canon EOS 500D	62443374	IMG_1028	6053240563	
New York	[56388928, 28751381, 2459115, 12589342, 2347591, 12761404, 23424977, 56043648]	http://www.flickr.com/photos/51313580@N08/6053241163/			False	http://farm7.staticflickr.com/6071/6053241163_a818911cfc.jpg	16	f16d97ed474393db53f1f6bb3a575b4c	jpg	vrdier	United States	2011-08-17T18:56:47Z	Attribution-ShareAlike License	2011-08-17T16:04:25Z	Canon EOS 500D	7237618	IMG_1029	6053241163	
New York	[56388928, 28751381, 2459115, 12589342, 2347591, 12761404, 23424977, 56043648]	http://www.flickr.com/photos/51313580@N08/6053242117/			False	http://farm7.staticflickr.com/6063/6053242117_8b7156e1a6.jpg	16	e157428e713c6cc028d09053d9b1d642	jpg	vrdier	United States	2011-08-17T18:57:09Z	Attribution-ShareAlike License	2011-08-17T16:04:32Z	Canon EOS 500D	81201099	IMG_1030	6053242117	
New York	[56388928, 28751381, 2459115, 12589342, 2347591, 12761404, 23424977, 56043648]	http://www.flickr.com/photos/51313580@N08/6053243427/			False	http://farm7.staticflickr.com/6196/6053243427_8b7081a279.jpg	16	c89d7dd9ad39ab104185d5515c61c43	jpg	vrdier	United States	2011-08-17T18:57:40Z	Attribution-ShareAlike License	2011-08-17T16:04:37Z	Canon EOS 500D	68017982	IMG_1031	6053243427	
New York	[56388928, 28751381, 2459115, 12589342, 2347591, 12761404, 23424977, 56043648]	http://www.flickr.com/photos/51313580@N08/6053801202/			False	http://farm7.staticflickr.com/6191/6053801202_a45be25af2.jpg	16	e4c6377d3bcf6051d49e51b65434c783	jpg	vrdier	United States	2011-08-17T19:00:50Z	Attribution-ShareAlike License	2011-08-17T16:10:50Z	Canon EOS 500D	95686169	IMG_1032	6053801202	
New York	[56388928, 28751381, 2459115, 12589342, 2347591, 12761404, 23424977, 56043648]	http://www.flickr.com/photos/51313580@N08/6053801370/			False	http://farm7.staticflickr.com/6184/6053801370_0bd2d70829.jpg	16	d2fd8c8ff71388d5c9ecb117617a885f	jpg	vrdier	United States	2011-08-17T19:00:53Z	Attribution-ShareAlike License	2011-08-17T16:10:52Z	Canon EOS 500D	61850994	IMG_1033	6053801370	
New York	[56388928, 28751381, 2459115, 12589342, 2347591, 12761404, 23424977, 56043648]	http://www.flickr.com/photos/51313580@N08/6053801606/			False	http://farm7.staticflickr.com/6194/6053801606_6d0353bd5a.jpg	16	32abc82b2a58ecf99f32acef3ff88ad	jpg	vrdier	United States	2011-08-17T19:00:58Z	Attribution-ShareAlike License	2011-08-17T16:11:44Z	Canon EOS 500D	38356945	IMG_1034	6053801606	
New York	[56388928, 28751381, 2459115, 12589342, 2347591, 12761404, 23424977, 56043648]	http://www.flickr.com/photos/51313580@N08/6053251955/			False	http://farm7.staticflickr.com/6086/6053251955_3cf7e33eb3.jpg	16	8d34a5e7a28c78a93785599b4593	jpg	vrdier	United States	2011-08-17T19:01:08Z	Attribution-ShareAlike License	2011-08-17T16:11:49Z	Canon EOS 500D	65452170	IMG_1035	6053251955	
New York	[56388928, 28751381, 2459115, 12589342, 2347591, 12761404, 23424977, 56043648]	http://www.flickr.com/photos/51313580@N08/6053802258/			False	http://farm7.staticflickr.com/6182/6053802258_882d5988e2.jpg	16	1a9ac83ac01c4e5ba8b9f50373270aa	jpg	vrdier	United States	2011-08-17T19:01:14Z	Attribution-ShareAlike License	2011-08-17T16:11:51Z	Canon EOS 500D	78016598	IMG_1036	6053802258	
New York	[56388928, 28751381, 2459115, 12589342, 2347591, 12761404, 23424977, 56043648]	http://www.flickr.com/photos/51313580@N08/6053802722/			False	http://farm7.staticflickr.com/6065/6053802722_7914576a24.jpg	16	65587026e42b14778806cfcdb2e237	jpg	vrdier	United States	2011-08-17T19:01:26Z	Attribution-ShareAlike License	2011-08-17T16:11:56Z	Canon EOS 500D	82830364	IMG_1037	6053802722	
New York	[56388928, 28751381, 2459115, 12589342, 2347591, 12761404, 23424977, 56043648]	http://www.flickr.com/photos/51313580@N08/6053253115/			False	http://farm7.staticflickr.com/6192/6053253115_15b2862e6b.jpg	16	a088fdc3b6040fae4bccd245daa2e3b	jpg	vrdier	United States	2011-08-17T19:01:36Z	Attribution-ShareAlike License	2011-08-17T16:12:01Z	Canon EOS 500D	78408383	IMG_1038	6053253115	
New York	[56388928, 28751381, 2459115, 12589342, 2347591, 12761404, 23424977, 56043648]	http://www.flickr.com/photos/51313580@N08/6053803700/			False	http://farm7.staticflickr.com/6088/6053803700_18e848d29f.jpg	16	f478861d2b31ca918c18788890cddf	jpg	vrdier	United States	2011-08-17T19:01:49Z	Attribution-ShareAlike License	2011-08-17T16:12:11Z	Canon EOS 500D	61937473	IMG_1039	6053803700	
New York	[56388928, 28751381, 2459115, 12589342, 2347591, 12761404, 23424977, 56043648]	http://www.flickr.com/photos/51313580@N08/6053803818/			False	http://farm7.staticflickr.com/6192/6053803818_c224fc52ce.jpg	16	5fd082a0f0b1e0937472bf3b5e81691f	jpg	vrdier	United States	2011-08-17T19:01:52Z	Attribution-ShareAlike License	2011-08-17T16:12:26Z	Canon EOS 500D	52836620	IMG_1040	6053803818	
New York	[56388928, 28751381, 2459115, 12589342, 2347591, 12761404, 23424977, 56043648]	http://www.flickr.com/photos/51313580@N08/6053253915/			False	http://farm7.staticflickr.com/6085/6053253915_b2578b502e.jpg	16	ea485926dcaea63557cae8e24dc3bb	jpg	vrdier	United States	2011-08-17T19:01:55Z	Attribution-ShareAlike License	2011-08-17T16:13:39Z	Canon EOS 500D	68641991	IMG_1041	6053253915	
New York	[56388928, 28751381, 2459115, 12589342, 2347591, 12761404, 23424977, 56043648]	http://www.flickr.com/photos/51313580@N08/6053804026/			False	http://farm7.staticflickr.com/6199/6053804026_a53c4c2a47.jpg	16	8fd3d78c72ae6c4d355610d6531595	jpg	vrdier	United States	2011-08-17T19:01:57Z	Attribution-ShareAlike License	2011-08-17T16:13:42Z	Canon EOS 500D	80107872	IMG_1042	6053804026	
New York	[56388928, 28751381, 2459115, 12589342, 2347591, 12761404, 23424977, 56043648]	http://www.flickr.com/photos/51313580@N08/6053804112/			False	http://farm7.staticflickr.com/6189/6053804112_828fc4b9da.jpg	16	945de4f99a2e3348f8d75870277b493	jpg	vrdier	United States	2011-08-17T19:02:00Z	Attribution-ShareAlike License	2011-08-17T16:13:45Z	Canon EOS 500D	87722699	IMG_1043	6053804112	
New York	[56388928, 28751381, 2459115, 12589342, 2347591, 12761404, 23424977, 56043648]	http://www.flickr.com/photos/51313580@N08/6053254399/			False	http://farm7.staticflickr.com/6073/6053254399_7beb8288f2.jpg	16	9b7a1ed332c157ec12fa12e4a4d6e96	jpg	vrdier	United States	2011-08-17T19:02:07Z	Attribution-ShareAlike License	2011-08-17T16:13:47Z	Canon EOS 500D	91259671	IMG_1044	6053254399	
New York	[56388928, 28751381, 2459115, 12589342, 2347591, 12761404, 23424977, 56043648]	http://www.flickr.com/photos/51313580@N08/6053254699/			False	http://farm7.staticflickr.com/6197/6053254699_7a8b71659d.jpg	16	17518b7df8b9f8ac6b5b23d12bf658	jpg	vrdier	United States	2011-08-17T19:02:14Z	Attribution-ShareAlike License	2011-08-17T16:15:11Z	Canon EOS 500D	80336440	IMG_1045	6053254699	
New York	[56388928, 28751381, 2459115, 12589342, 2347591, 12761404, 23424977, 56043648]	http://www.flickr.com/photos/51313580@N08/6053255295/			False	http://farm7.staticflickr.com/6189/6053255295_470026ea64.jpg	16	f89675c5b176b571a7e689c6db4d4f	jpg	vrdier	United States	2011-08-17T19:02:27Z	Attribution-ShareAlike License	2011-08-17T16:15:14Z	Canon EOS 500D	67550141	IMG_1046	6053255295	
New York	[56388928, 28751381, 2459115, 12589342, 2347591, 12761404, 23424977, 56043648]	http://www.flickr.com/photos/51313580@N08/6053805638/			False	http://farm7.staticflickr.com/6199/6053805638_d7e0b0a6b2.jpg	16	bfba9ba3f8c15cc6439343413e863b	jpg	vrdier	United States	2011-08-17T19:02:36Z	Attribution-ShareAlike License	2011-08-17T16:15:19Z	Canon EOS 500D	71056399	IMG_1047	6053805638	
New York	[56388928, 28751381, 2459115, 12589342, 2347591, 12761404, 23424977, 56043648]	http://www.flickr.com/photos/51313580@N08/6053805846/			False	http://farm7.staticflickr.com/6082/6053805846_44fc3b8454.jpg	16	59399c96f5f9c7383456739e2ab118e	jpg	vrdier	United States	2011-08-17T19:02:42Z	Attribution-ShareAlike License	2011-08-17T16:17:21Z	Canon EOS 500D	74876652	IMG_1048	6053805846	
New York	[56388928, 28751381, 2459115, 12589342, 2347591, 12761404, 23424977, 56043648]	http://www.flickr.com/photos/51313580@N08/6053806034/			False	http://farm7.staticflickr.com/6062/6053806034_254f4d09da.jpg	16	116be14aaedafed0f0cd6426f23451bb	jpg	vrdier	United States	2011-08-17T19:02:46Z	Attribution-ShareAlike License	2011-08-17T16:17:34Z	Canon EOS 500D	87663706	IMG_1049	6053806034	
New York	[56388928, 28751381, 2459115, 12589342, 2347591, 12761404, 23424977, 56043648]	http://www.flickr.com/photos/51313580@N08/6053256343/			False	http://farm7.staticflickr.com/6184/6053256343_eae2a838fb.jpg	16	f165838aa7ac7bb8d9789dd6ef5716d6	jpg	vrdier	United States	2011-08-17T19:02:51Z	Attribution-ShareAlike License	2011-08-17T16:17:43Z	Canon EOS 500D	97392374	IMG_1050	6053256343	
New York	[56388928, 28751381, 2459115, 12589342, 2347591, 12761404, 23424977, 56043648]	http://www.flickr.com/photos/51313580@N08/6053256459/			False	http://farm7.staticflickr.com/6084/6053256459_218cf7a776.jpg	16	59affe5834596d9d09d528e528948	jpg	vrdier	United States	2011-08-17T19:02:54Z	Attribution-ShareAlike License	2011-08-17T16:19:07Z	Canon EOS 500D	67697087	IMG_1051	6053256459	
New York	[56388928, 28751381, 2459115, 12589342, 2347591, 12761404, 23424977, 56043648]	http://www.flickr.com/photos/51313580@N08/6053806744/			False	http://farm7.staticflickr.com/6187/6053806744_e3212e99ee.jpg	16	514ce8fff19667e2265d52c056944	jpg	vrdier	United States	2011-08-17T19:03:02Z	Attribution-ShareAlike License	2011-08-17T16:19:11Z	Canon EOS 500D	76151872	IMG_1052	6053806744	
New York	[56388928, 28751381, 2459115, 12589342, 2347591, 12761404, 23424977, 56043648]	http://www.flickr.com/photos/51313580@N08/6053806904/			False	http://farm7.staticflickr.com/6182/6053806904_ea1481bdc8.jpg	16	b3a86ede8a198531b11e26c143c5ce	jpg	vrdier	United States	2011-08-17T19:03:05Z	Attribution-ShareAlike License	2011-08-17T16:19:21Z	Canon EOS 500D	85703600	IMG_1053	6053806904	
New York	[56388928, 28751381, 2459115, 12589342, 2347591, 12761404, 23424977, 56043648]	http://www.flickr.com/photos/51313580@N08/6053257327/			False	http://farm7.staticflickr.com/6191/6053257327_156972bcc1.jpg	16	40c7d1119be6a5d27f558d6cc4fec5d	jpg	vrdier	United States	2011-08-17T19:03:14Z	Attribution-ShareAlike License	2011-08-17T16:19:25Z	Canon EOS 500D	72822544	IMG_1054	6053257327	
New York	[56388928, 28751381, 2459115, 12589342, 2347591, 12761404, 23424977, 56043648]	http://www.flickr.com/photos/51313580@N08/6053807548/			False	http://farm7.staticflickr.com/6210/6053807548_12122c6589.jpg	16	589157d8994efefd848853615d8fd9	jpg	vrdier	United States	2011-08-17T19:03:20Z	Attribution-ShareAlike License	2011-08-17T16:19:43Z	Canon EOS 500D	92230504	IMG_1055	6053807548	
New York	[56388928, 28751381, 2459115, 12589342, 2347591, 12761404, 23424977, 56043648]	http://www.flickr.com/photos/51313580@N08/6053807864/			False	http://farm7.staticflickr.com/6074/6053807864_defd732d83.jpg	16	2ae86d861ea9c8e896abc26aeeb8d2	jpg	vrdier	United States	2011-08-17T19:03:28Z	Attribution-ShareAlike License	2011-08-17T16:19:45Z	Canon EOS 500D	9484776	IMG_1056	6053807864	
New York	[56388928, 28751381, 2459115, 12589342, 2347591, 12761404, 23424977, 56043648]	http://www.flickr.com/photos/51313580@N08/6053258105/			False	http://farm7.staticflickr.com/6195/6053258105_d373abd7bd.jpg	16	efcfbe90917150c3dfeb47f9bc9904	jpg	vrdier	United States	2011-08-17T19:03:33Z	Attribution-ShareAlike License	2011-08-17T16:19:49Z	Canon EOS 500D	79790538	IMG_1057	6053258105	
New York	[56388928, 28751381, 2459115, 12589342, 2347591, 12761404, 23424977, 56043648]	http://www.flickr.com/photos/51313580@N08/6053258543/			False	http://farm7.staticflickr.com/6185/6053258543_5fea9dcdf4.jpg	16	81551435d0b81661f2118d3a6babd3db	jpg	vrdier	United States	2011-08-17T19:03:45Z	Attribution-ShareAlike License	2011-08-17T16:20:23Z	Canon EOS 500D	99965106	IMG_1058	6053258543	
New York	[56388928, 28751381, 2459115, 12589342, 2347591, 12761404, 23424977, 56043648]	http://www.flickr.com/photos/51313580@N08/6053810554/			False	http://farm7.staticflickr.com/6200/6053810554_306f86c133.jpg	16	7455c3d3fde672ccb1fa376796aa41f	jpg	vrdier	United States	2011-08-17T19:04:33Z	Attribution-ShareAlike License	2011-08-17T16:23:10Z	Canon EOS 500D	72775812	IMG_1067	6053810554	
New York	[56388928, 28751381, 2459115, 12589342, 2347591, 12761404, 23424977, 56043648]	http://www.flickr.com/photos/51313580@N08/6053810820/			False	http://farm7.staticflickr.com/6067/6053810820_908828ca7c.jpg	16	502643c974a535d661141b80dbcb94ea	jpg	vrdier	United States	2011-08-17T19:04:39Z	Attribution-ShareAlike License	2011-08-17T16:23:19Z	Canon EOS 500D	51882582	IMG_1068	6053810820	
New York	[56388928, 28751381, 2459115, 12589342, 2347591, 12761404, 23424977, 56043648]	http://www.flickr.com/photos/51313580@N08/6053260999/			False	http://farm7.staticflickr.com/6197/6053260999_3238b38fce.jpg	16	f391e25677886d996b5a726f35369197	jpg	vrdier	United States	2011-08-17T19:04:44Z	Attribution-ShareAlike License	2011-08-17T16:23:34Z	Canon EOS 500D	88157069	IMG_1069	6053260999	
New York	[56388928, 28751381, 2459115, 12589342, 2347591, 12761404, 23424977, 56043648]	http://www.flickr.com/photos/51313580@N08/6053811156/			False	http://farm7.staticflickr.com/6210/6053811156_135499d99e.jpg	16	d3292a5a4df874c84eb48c59864978f7	jpg	vrdier	United States	2011-08-17T19:04:47Z	Attribution-ShareAlike License	2011-08-17T16:24:07Z	Canon EOS 500D	81433414	IMG_1070	6053811156	
New York	[56388928, 28751381, 2459115, 12589342, 2347591, 12761404, 23424977, 56043648]	http://www.flickr.com/photos/51313580@N08/6053261371/			False	http://farm7.staticflickr.com/6200/6053261371_67b5ee530f.jpg	16	ca6bb2b9adae5ddd17e88ca1797dea36	jpg	vrdier	United States	2011-08-17T19:04:52Z	Attribution-ShareAlike License	2011-08-17T16:24:11Z	Canon EOS 500D	85989635	IMG_1071	6053261371	
New York	[56388928, 28751381, 2459115, 12589342, 2347591, 12761404, 23424977, 56043648]	http://www.flickr.com/photos/51313580@N08/6053261563/			False	http://farm7.staticflickr.com/6197/6053261563_9a6b396e8b.jpg	16	aed06bd8829bd6bc3253247973c0f683	jpg	vrdier	United States	2011-08-17T19:04:56Z	Attribution-ShareAlike License	2011-08-17T16:24:13Z	Canon EOS 500D	91577680	IMG_1072	6053261563	
New York	[56388928, 28751381, 2459115, 12589342, 2347591, 12761404, 23424977, 56043648]	http://www.flickr.com/photos/51313580@N08/6053811778/			False	http://farm7.staticflickr.com/6076/6053811778_cdf06b4297.jpg	16	a7eb2590d052afd8796c8146297eb13	jpg	vrdier	United States	2011-08-17T19:05:03Z	Attribution-ShareAlike License	2011-08-17T16:24:15Z	Canon EOS 500D	76497271	IMG_1073	6053811778	
New York	[56388928, 28751381, 2459115, 12589342, 2347591, 12761404, 23424977, 56043648]	http://www.flickr.com/photos/51313580@N08/6053261977/			False	http://farm7.staticflickr.com/6207/6053261977_c2c201844d.jpg	16	32da5dd430c4da9712f8274f7675c642	jpg	vrdier	United States	2011-08-17T19:05:07Z	Attribution-ShareAlike License	2011-08-17T16:24:18Z	Canon EOS 500D	64019149	IMG_1074	6053261977	
New York	[56388928, 28751381, 2459115, 12589342, 2347591, 12761404, 23424977, 56043648]	http://www.flickr.com/photos/51313580@N08/6053812124/			False	http://farm7.staticflickr.com/6066/6053812124_7cb51fcd6e.jpg	16	845d8eab7dfca2fbb81abd991151a4d4	jpg	vrdier	United States	2011-08-17T19:05:11Z	Attribution-ShareAlike License	2011-08-17T16:24:31Z	Canon EOS 500D	24542855	IMG_1075	6053812124	
New York	[56388928, 28751381, 2459115, 12589342, 2347591, 12761404, 23424977, 56043648]	http://www.flickr.com/photos/51313580@N08/6053812284/			False	http://farm7.staticflickr.com/6061/6053812284_b3b76e41ab.jpg	16	e46679497d960357b14abd0755dc314	jpg	vrdier	United States	2011-08-17T19:05:15Z	Attribution-ShareAlike License	2011-08-17T16:24:34Z	Canon EOS 500D	92569241	IMG_1076	6053812284	
New York	[56388928, 28751381, 2459115, 12589342, 2347591, 12761404, 23424977, 56043648]	http://www.flickr.com/photos/51313580@N08/6053262501/			False	http://farm7.staticflickr.com/6069/6053262501_c30b65d64c.jpg	16	5240c294bc8ca38387a4b0bf763638aa	jpg	vrdier	United States	2011-08-17T19:05:19Z	Attribution-ShareAlike License	2011-08-17T16:24:36Z	Canon EOS 500D	3471868	IMG_1077	6053262501	
New York	[56388928, 28751381, 2459115, 12589342, 2347591, 12761404, 23424977, 56043648]	http://www.flickr.com/photos/51313580@N08/6053262933/			False	http://farm7.staticflickr.com/6073/6053262933_2a4a6a881d.jpg	16	ec1d5019e1115180e5cfaa3b6fb0bd23	jpg	vrdier	United States	2011-08-17T19:05:29Z	Attribution-ShareAlike License	2011-08-17T16:24:53Z	Canon EOS 500D	93494744	IMG_1078	6053262933	
New York	[56388928, 28751381, 2459115, 12589342, 2347591, 12761404, 23424977, 56043648]	http://www.flickr.com/photos/51313580@N08/6053263123/			False	http://farm7.staticflickr.com/6190/6053263123_abd2d4aec0.jpg	16	9ad8f07e45efb1723dbf68e2713f0bc	jpg	vrdier	United States	2011-08-17T19:05:35Z	Attribution-ShareAlike License	2011-08-17T16:25:02Z	Canon EOS 500D	77886678	IMG_1079	6053263123	
New York	[56388928, 28751381, 2459115, 12589342, 2347591, 12761404, 23424977, 56043648]	http://www.flickr.com/photos/51313580@N08/6053813386/			False	http://farm7.staticflickr.com/6199/6053813386_18c857c51b.jpg	16	b5b1b173dcfa9acbcede4291148c9679	jpg	vrdier	United States	2011-08-17T19:05:41Z	Attribution-ShareAlike License	2011-08-17T16:25:09Z	Canon EOS 500D	65146761	IMG_1080	6053813386	
New York	[56388928, 28751381, 2459115, 12589342, 2347591, 12761404, 23424977, 56043648]	http://www.flickr.com/photos/51313580@N08/6053263589/			False	http://farm7.staticflickr.com/6201/6053263589_57fa524e52.jpg	16	e632bc2fb66216e0cd54dd23b3a6f1	jpg	vrdier	United States	2011-08-17T19:05:46Z	Attribution-ShareAlike License	2011-08-17T16:25:11Z	Canon EOS 500D	79109045	IMG_1081	6053263589	
New York	[56388928, 28751381, 2459115, 12589342, 2347591, 12761404, 23424977, 56043648]	http://www.flickr.com/photos/51313580@N08/6053813828/			False	http://farm7.staticflickr.com/6065/6053813828_f8c8ab6142.jpg	16	6bf99b813fe115c22273341a42638a92	jpg	vrdier	United States	2011-08-17T19:05:52Z	Attribution-ShareAlike License	2011-08-17T16:25:12Z	Canon EOS 500D	94489942	IMG_1082	6053813828	
New York	[56388928, 28751381, 2459115, 12589342, 2347591, 12761404, 23424977, 56043648]	http://www.flickr.com/photos/51313580@N08/6053814168/			False	http://farm7.staticflickr.com/6073/6053814168_3e312464c6.jpg	16	685bb6c56bc1268d25368419abbbbaa	jpg	vrdier	United States	2011-08-17T19:06:00Z	Attribution-ShareAlike License	2011-08-17T16:25:14Z	Canon EOS 500D	68923551	IMG_1083	6053814168	
New York	[56388928, 28751381, 2459115, 12589342, 2347591, 12761404, 23424977, 56043648]	http://www.flickr.com/photos/51313580@N08/6053264327/			False	http://farm7.staticflickr.com/6193/6053264327_b7f4492949.jpg	16	874d227e8b22c2583da4f9c27656cad9	jpg	vrdier	United States	2011-08-17T19:06:04Z	Attribution-ShareAlike License	2011-08-17T16:25:17Z	Canon EOS 500D	48554215	IMG_1084	6053264327	
New York	[56388928, 28751381, 2459115, 12589342, 2347591, 12761404, 23424977, 56043648]	http://www.flickr.com/photos/51313580@N08/6053264585/			False	http://farm7.staticflickr.com/6078/6053264585_75a52950a0.jpg	16	a9d4968bbc9fd496352270b3265cb6	jpg	vrdier	United States	2011-08-17T19:06:11Z	Attribution-ShareAlike License	2011-08-17T16:25:24Z	Canon EOS 500D	74912729	IMG_1085	6053264585	
New York	[56388928, 28751381, 2459115, 12589342, 2347591, 12761404, 23424977, 56043648]	http://www.flickr.com/photos/51313580@N08/6053265033/			False	http://farm7.staticflickr.com/6188/6053265033_9e23b65134.jpg	16	b4594c5519935dc6f16c7f807d37bb49	jpg	vrdier	United States	2011-08-17T19:06:23Z	Attribution-ShareAlike License	2011-08-17T16:25:27Z	Canon EOS 500D	43957132	IMG_1086	6053265033	
New York	[56388928, 28751381, 2459115, 12589342, 2347591, 12761404, 23424977, 56043648]	http://www.flickr.com/photos/51313580@N08/6053266939/			False	http://farm7.staticflickr.com/6200/6053266939_536ed8589a.jpg	16	789625b2f2d9d8aa228de18c2c688e3f	jpg	vrdier	United States	2011-08-17T19:07:10Z	Attribution-ShareAlike License	2011-08-17T16:26:38Z	Canon EOS 500D	97646604	IMG_1089	6053266939	
New York	[56388928, 28751381, 2459115, 12589342, 2347591, 12761404, 23424977, 56043648]	http://www.flickr.com/photos/51313580@N08/6053267845/			False	http://farm7.staticflickr.com/6090/6053267845_66088ca5bf.jpg	16	e15d2e92a7c79c4a1635b5bb3fd2a5ed	jpg	vrdier	United States	2011-08-17T19:07:31Z	Attribution-ShareAlike License	2011-08-17T16:26:44Z	Canon EOS 500D	71144998	IMG_1090	6053267845	
New York	[56388928, 28751381, 2459115, 12589342, 2347591, 12761404, 23424977, 56043648]	http://www.flickr.com/photos/51313580@N08/6053818904/			False	http://farm7.staticflickr.com/6195/6053818904_2e8a9575b7.jpg	16	cf4f95faf0d8d1f8e67615b783916ab	jpg	vrdier	United States	2011-08-17T19:08:05Z	Attribution-ShareAlike License	2011-08-17T16:26:46Z	Canon EOS 500D	85980765	IMG_1091	6053818904	
New York	[56388928, 28751381, 2459115, 12589342, 2347591, 12761404, 23424977, 56043648]	http://www.flickr.com/photos/51313580@N08/6053269477/			False	http://farm7.staticflickr.com/6090/6053269477_67004acb58.jpg	16	965fcdc448e379d92fc1c3ba1625136	jpg	vrdier	United States	2011-08-17T19:08:12Z	Attribution-ShareAlike License	2011-08-17T16:26:50Z	Canon EOS 500D	85596633	IMG_1092	6053269477	
New York	[56388928, 28751381, 2459115, 12589342, 2347591, 12761404, 23424977, 56043648]	http://www.flickr.com/photos/51313580@N08/6053819552/			False	http://farm7.staticflickr.com/6198/6053819552_e44b67feab.jpg	16	c7561912f0c53bf2be213017cd0b8	jpg	vrdier	United States	2011-08-17T19:08:22Z	Attribution-ShareAlike License	2011-08-17T16:26:54Z	Canon EOS 500D	90379674	IMG_1093	6053819552	
New York	[56388928, 28751381, 2459115, 12589342, 2347591, 12761404, 23424977, 56043648]	http://www.flickr.com/photos/51313580@N08/6053270325/			False	http://farm7.staticflickr.com/6061/6053270325_f496545f72.jpg	16	f6d7786c9bb250a51073c8ac68eae2a	jpg	vrdier	United States	2011-08-17T19:08:34Z	Attribution-ShareAlike License	2011-08-17T16:26:56Z	Canon EOS 500D	64811807	IMG_1094	6053270325	
New York	[56388928, 28751381, 2459115, 12589342, 2347591, 12761404, 23424977, 56043648]	http://www.flickr.com/photos/51313580@N08/6053270785/			False	http://farm7.staticflickr.com/6209/6053270785_3d4ae4ca17.jpg	16	56dabec341c52c2c5453b4d6d2d2557d	jpg	vrdier	United States	2011-08-17T19:08:45Z	Attribution-ShareAlike License	2011-08-17T16:27:02Z	Canon EOS 500D	84482406	IMG_1095	6053270785	
New York	[56388928, 28751381, 2459115, 12589342, 2347591, 12761404, 23424977, 56043648]	http://www.flickr.com/photos/51313580@N08/6053820714/			False	http://farm7.staticflickr.com/6078/6053820714_ab0814b878.jpg	16	abe2e812ebf43462b9acc4ae5423c13	jpg	vrdier	United States	2011-08-17T19:08:50Z	Attribution-ShareAlike License	2011-08-17T16:27:33Z	Canon EOS 500D	79778416	IMG_1096	6053820714	
New York	[56388928, 28751381, 2459115, 12589342, 2347591, 12761404, 23424977, 56043648]	http://www.flickr.com/photos/51313580@N08/6053271143/			False	http://farm7.staticflickr.com/6187/6053271143_ace22219e7.jpg	16	598324186de166d3fd4adf4e6649280	jpg	vrdier	United States	2011-08-17T19:08:55Z	Attribution-ShareAlike License	2011-08-17T16:27:37Z	Canon EOS 500D	91666199	IMG_1097	6053271143	
New York	[56388928, 28751381, 2459115, 12589342, 2347591, 12761404, 23424977, 56043648]	http://www.flickr.com/photos/51313580@N08/6053271389/			False	http://farm7.staticflickr.com/6197/6053271389_05f98f5889.jpg	16	b0a0daff7134d4ec77714edff348d580	jpg	vrdier	United States	2011-08-17T19:09:02Z	Attribution-ShareAlike License	2011-08-17T16:30:07Z	Canon EOS 500D	94369489	IMG_1098	6053271389	
New York	[56388928, 28751381, 2459115, 12589342, 2347591, 12761404, 23424977, 56043648]	http://www.flickr.com/photos/51313580@N08/6053821598/			False	http://farm7.staticflickr.com/6089/6053821598_984eacf2f8.jpg	16	5c7ef9996973e2aff2904f88e391d4	jpg	vrdier	United States	2011-08-17T19:09:13Z	Attribution-ShareAlike License	2011-08-17T16:30:15Z	Canon EOS 500D	73689161	IMG_1099	6053821598	
New York	[56388928, 28751381, 2459115, 12589342, 2347591, 12761404, 23424977, 56043648]	http://www.flickr.com/photos/51313580@N08/6053822048/			False	http://farm7.staticflickr.com/6082/6053822048_142851cd1c.jpg	16	c69e6867305f9e4ef08635e395297a94	jpg	vrdier	United States	2011-08-17T19:09:24Z	Attribution-ShareAlike License	2011-08-17T16:30:20Z	Canon EOS 500D	47319214	IMG_1100	6053822048	
New York	[56388928, 28751381, 2459115, 12589342, 2347591, 12761404, 23424977, 56043648]	http://www.flickr.com/photos/51313580@N08/6053822214/			False	http://farm7.staticflickr.com/6090/6053822214_f5a256b47a.jpg	16	2742591df13751589d83825336fff932	jpg	vrdier	United States	2011-08-17T19:09:28Z	Attribution-ShareAlike License	2011-08-17T16:30:27Z	Canon EOS 500D	84170956	IMG_1101	6053822214	
New York	[56388928, 28751381, 2459115, 12589342, 2347591, 12761404, 23424977, 56043648]	http://www.flickr.com/photos/51313580@N08/6053272605/			False	http://farm7.staticflickr.com/6206/6053272605_9c5119836c.jpg	16	3ec5b6f2bdb97a28313cecb84399c9d7	jpg	vrdier	United States	2011-08-17T19:09:33Z	Attribution-ShareAlike License	2011-08-17T16:30:28Z	Canon EOS 500D	92406526	IMG_1102	6053272605	
New York	[56388928, 28751381, 2459115, 12589342, 2347591, 12761404, 23424977, 56043648]	http://www.flickr.com/photos/51313580@N08/6053272855/			False	http://farm7.staticflickr.com/6196/6053272855_349ed4cc6a.jpg	16	785df7fd274354fd755dd4156be45e3	jpg	vrdier	United States	2011-08-17T19:09:40Z	Attribution-ShareAlike License	2011-08-17T16:30:47Z	Canon EOS 500D	89691912	IMG_1103	6053272855	
New York	[56388928, 28751381, 2459115, 12589342, 2347591, 12761404, 23424977, 56043648]	http://www.flickr.com/photos/51313580@N08/6053273503/			False	http://farm7.staticflickr.com/6066/6053273503_fccee2a272.jpg	16	c79c8179a3e5da2a8dc01ce753b0fbd8	jpg	vrdier	United States	2011-08-17T19:09:58Z	Attribution-ShareAlike License	2011-08-17T16:30:58Z	Canon EOS 500D	78530319	IMG_1104	6053273503	
New York	[56388928, 28751381, 2459115, 12589342, 2347591, 12761404, 23424977, 56043648]	http://www.flickr.com/photos/51313580@N08/6053823584/			False	http://farm7.staticflickr.com/6071/6053823584_4e300d6dec.jpg	16	e85aaa531cdd2f7b4d13183c9892419	jpg	vrdier	United States	2011-08-17T19:10:03Z	Attribution-ShareAlike License	2011-08-17T16:32:30Z	Canon EOS 500D	98166705	IMG_1105	6053823584	
New York	[56388928, 28751381, 2459115, 12589342, 2347591, 12761404, 23424977, 56043648]	http://www.flickr.com/photos/51313580@N08/6053824248/			False	http://farm7.staticflickr.com/6208/6053824248_163241e3c2.jpg	16	1ba1f3ac45b217dab34acfa6e2f225b3	jpg	vrdier	United States	2011-08-17T19:10:19Z	Attribution-ShareAlike License	2011-08-17T16:35:44Z	Canon EOS 500D	1655097	IMG_1106	6053824248	
New York	[56388928, 28751381, 2459115, 12589342, 2347591, 12761404, 23424977, 56043648]	http://www.flickr.com/photos/51313580@N08/6053274651/			False	http://farm7.staticflickr.com/6197/6053274651_45364c304b.jpg	16	a429b0a04c3566993f1d6f43e2932540	jpg	vrdier	United States	2011-08-17T19:10:30Z	Attribution-ShareAlike License	2011-08-17T16:35:54Z	Canon EOS 500D	71036955	IMG_1107	6053274651	
New York	[2484381, 2459115, 12589342, 2347591, 12761374, 23424977, 56043648]	http://www.flickr.com/photos/51313580@N08/6054346179/			False	http://farm7.staticflickr.com/6186/6054346179_b45489a317.jpg	21	dfa91831e2fd6187d7ec74f18232709d	jpg	vrdier	United States	2011-08-18T02:24:10Z	Attribution-ShareAlike License	2011-08-17T21:26:58Z	Canon EOS 500D	79262193	IMG_1114	6054346179	
New York	[2484381, 2459115, 12589342, 2347591, 12761374, 23424977, 56043648]	http://www.flickr.com/photos/51313580@N08/6054346419/			False	http://farm7.staticflickr.com/6062/6054346419_4f66065b19.jpg	21	dc697d4361822d81f6921a4b71278de5	jpg	vrdier	United States	2011-08-18T02:24:17Z	Attribution-ShareAlike License	2011-08-17T21:27:06Z	Canon EOS 500D	55652051	IMG_1115	6054346419	
New York	[2484381, 2459115, 12589342, 2347591, 12761374, 23424977, 56043648]	http://www.flickr.com/photos/51313580@N08/6054346593/			False	http://farm7.staticflickr.com/6086/6054346593_f232a85f86.jpg	21	924e9fa39b6ea8238025179cf8e969e6	jpg	vrdier	United States	2011-08-18T02:24:21Z	Attribution-ShareAlike License	2011-08-17T21:28:09Z	Canon EOS 500D	98293374	IMG_1116	6054346593	
New York	[2484381, 2459115, 12589342, 2347591, 12761374, 23424977, 56043648]	http://www.flickr.com/photos/51313580@N08/6054897364/			False	http://farm7.staticflickr.com/6184/6054897364_a783b57974.jpg	21	172323765fa49f385b24a1057267470	jpg	vrdier	United States	2011-08-18T02:24:23Z	Attribution-ShareAlike License	2011-08-17T21:29:04Z	Canon EOS 500D	88369399	IMG_1117	6054897364	
New York	[2484381, 2459115, 12589342, 2347591, 12761374, 23424977, 56043648]	http://www.flickr.com/photos/51313580@N08/6054897468/			False	http://farm7.staticflickr.com/6074/6054897468_25ba172a03.jpg	21	f017bf5472ef51b85ea6784fac18468	jpg	vrdier	United States	2011-08-18T02:24:26Z	Attribution-ShareAlike License	2011-08-17T21:29:48Z	Canon EOS 500D	78127701	IMG_1118	6054897468	
New York	[2484381, 2459115, 12589342, 2347591, 12761374, 23424977, 56043648]	http://www.flickr.com/photos/51313580@N08/6054347019/			False	http://farm7.staticflickr.com/6210/6054347019_60bdd96086.jpg	21	7a51ae5b51f432a74d4ee291bc2791	jpg	vrdier	United States	2011-08-18T02:24:32Z	Attribution-ShareAlike License	2011-08-17T21:29:57Z	Canon EOS 500D	16071707	IMG_1119	6054347019	
New York	[2484381, 2459115, 12589342, 2347591, 12761374, 23424977, 56043648]	http://www.flickr.com/photos/51313580@N08/6054347361/			False	http://farm7.staticflickr.com/6070/6054347361_caec6d0b92.jpg	21	12f407ea16972233cf1dcc32dac63e	jpg	vrdier	United States	2011-08-18T02:24:40Z	Attribution-ShareAlike License	2011-08-17T21:29:59Z	Canon EOS 500D	80178950	IMG_1120	6054347361	
New York	[2484381, 2459115, 12589342, 2347591, 12761374, 23424977, 56043648]	http://www.flickr.com/photos/51313580@N08/6054347503/			False	http://farm7.staticflickr.com/6089/6054347503_18580fab37.jpg	21	a0d6759ad0706cc41de8f2a9da3775	jpg	vrdier	United States	2011-08-18T02:24:44Z	Attribution-ShareAlike License	2011-08-17T21:30:03Z	Canon EOS 500D	36596884	IMG_1121	6054347503	
New York	[2484381, 2459115, 12589342, 2347591, 12761374, 23424977, 56043648]	http://www.flickr.com/photos/51313580@N08/6054898394/			False	http://farm7.staticflickr.com/6082/6054898394_44d04a6eed.jpg	21	3edaf0356d873cb401e4f1479c862fb	jpg	vrdier	United States	2011-08-18T02:24:51Z	Attribution-ShareAlike License	2011-08-17T21:30:10Z	Canon EOS 500D	89798915	IMG_1122	6054898394	
New York	[2484381, 2459115, 12589342, 2347591, 12761374, 23424977, 56043648]	http://www.flickr.com/photos/51313580@N08/6054898504/			False	http://farm7.staticflickr.com/6073/6054898504_d6b9c9813e.jpg	21	4016ff19f7efd5b9e889ce9a28d07413	jpg	vrdier	United States	2011-08-18T02:24:53Z	Attribution-ShareAlike License	2011-08-17T21:30:12Z	Canon EOS 500D	60390073	IMG_1123	6054898504	
New York	[2484381, 2459115, 12589342, 2347591, 12761374, 23424977, 56043648]	http://www.flickr.com/photos/51313580@N08/6054898626/			False	http://farm7.staticflickr.com/6210/6054898626_41a5195e7e.jpg	21	ec77498a7e73ed9a47664f2cc3ec76b6	jpg	vrdier	United States	2011-08-18T02:24:56Z	Attribution-ShareAlike License	2011-08-17T21:30:18Z	Canon EOS 500D	75987813	IMG_1124	6054898626	
New York	[2484381, 2459115, 12589342, 2347591, 12761374, 23424977, 56043648]	http://www.flickr.com/photos/51313580@N08/6054898784/			False	http://farm7.staticflickr.com/6081/6054898784_97199c93cf.jpg	21	4b6d11abaa66c197572922a0d39e6	jpg	vrdier	United States	2011-08-18T02:25:01Z	Attribution-ShareAlike License	2011-08-17T21:31:17Z	Canon EOS 500D	60286596	IMG_1125	6054898784	
New York	[2484381, 2459115, 12589342, 2347591, 12761374, 23424977, 56043648]	http://www.flickr.com/photos/51313580@N08/6054899110/			False	http://farm7.staticflickr.com/6069/6054899110_f0e4f58806.jpg	21	8ae5396e3781362ffa823544fe8e7b81	jpg	vrdier	United States	2011-08-18T02:25:09Z	Attribution-ShareAlike License	2011-08-17T21:31:20Z	Canon EOS 500D	66542885	IMG_1126	6054899110	
New York	[2484381, 2459115, 12589342, 2347591, 12761374, 23424977, 56043648]	http://www.flickr.com/photos/51313580@N08/6054899256/			False	http://farm7.staticflickr.com/6081/6054899256_d4afede4dd.jpg	21	8c192911546dd7a7c6eeaf65ce62676	jpg	vrdier	United States	2011-08-18T02:25:13Z	Attribution-ShareAlike License	2011-08-17T21:32:14Z	Canon EOS 500D	86799081	IMG_1127	6054899256	
New York	[2484381, 2459115, 12589342, 2347591, 12761374, 23424977, 56043648]	http://www.flickr.com/photos/51313580@N08/6054899426/			False	http://farm7.staticflickr.com/6089/6054899426_c0a83801fd.jpg	21	d5b6fd94b6c018b8268a487b1675f56	jpg	vrdier	United States	2011-08-18T02:25:17Z	Attribution-ShareAlike License	2011-08-17T21:33:07Z	Canon EOS 500D	95126770	IMG_1128	6054899426	
New York	[2484381, 2459115, 12589342, 2347591, 12761374, 23424977, 56043648]	http://www.flickr.com/photos/51313580@N08/6054899618/			False	http://farm7.staticflickr.com/6197/6054899618_de64ab436e.jpg	21	b8f39d9b9b8018fcf395d65432b8999b	jpg	vrdier	United States	2011-08-18T02:25:22Z	Attribution-ShareAlike License	2011-08-17T21:35:32Z	Canon EOS 500D	32772207	IMG_1129	6054899618	
New York	[2484381, 2459115, 12589342, 2347591, 12761374, 23424977, 56043648]	http://www.flickr.com/photos/51313580@N08/6054349313/			False	http://farm7.staticflickr.com/6076/6054349313_bf15212fa2.jpg	21	ca07245a3e540c3491c05b2bedff18	jpg	vrdier	United States	2011-08-18T02:25:31Z	Attribution-ShareAlike License	2011-08-17T21:37:28Z	Canon EOS 500D	9766142	IMG_1130	6054349313	
New York	[2484381, 2459115, 12589342, 2347591, 12761374, 23424977, 56043648]	http://www.flickr.com/photos/51313580@N08/6054350147/			False	http://farm7.staticflickr.com/6187/6054350147_5f8b129608.jpg	21	a26b3230cf9d238bfd139137a55a17	jpg	vrdier	United States	2011-08-18T02:25:51Z	Attribution-ShareAlike License	2011-08-17T21:37:36Z	Canon EOS 500D	17583441	IMG_1131	6054350147	
New York	[2484381, 2459115, 12589342, 2347591, 12761374, 23424977, 56043648]	http://www.flickr.com/photos/51313580@N08/6054902362/			False	http://farm7.staticflickr.com/6066/6054902362_f64a7d61e1.jpg	21	c523feefd3102da299055c95ac9e043	jpg	vrdier	United States	2011-08-18T02:26:35Z	Attribution-ShareAlike License	2011-08-17T21:42:02Z	Canon EOS 500D	48914082	IMG_1132	6054902362	
New York	[92124268, 28751381, 2459115, 12589342, 2347591, 12761348, 23424977, 56043648]	http://www.flickr.com/photos/51313580@N08/6054366307/			False	http://farm7.staticflickr.com/6077/6054366307_dc19975fef.jpg	23	2e1f87aa18bad807d8a8371b7baec8d	jpg	vrdier	United States	2011-08-18T02:32:35Z	Attribution-ShareAlike License	2011-08-17T23:59:13Z	Canon EOS 500D	77327759	IMG_1169	6054366307	
New York	[92124268, 28751381, 2459115, 12589342, 2347591, 12761348, 23424977, 56043648]	http://www.flickr.com/photos/51313580@N08/6054366475/			False	http://farm7.staticflickr.com/6182/6054366475_b2d32a4dfb.jpg	23	17b73e3fd89cf12d07bb28bbd20d98a	jpg	vrdier	United States	2011-08-18T02:32:39Z	Attribution-ShareAlike License	2011-08-17T23:59:18Z	Canon EOS 500D	88239514	IMG_1170	6054366475	
New York	[92124268, 28751381, 2459115, 12589342, 2347591, 12761348, 23424977, 56043648]	http://www.flickr.com/photos/51313580@N08/6054366651/			False	http://farm7.staticflickr.com/6185/6054366651_60a4c8d606.jpg	23	cae397f37f87370ccba5317c2b89cef	jpg	vrdier	United States	2011-08-18T02:32:43Z	Attribution-ShareAlike License	2011-08-17T23:59:20Z	Canon EOS 500D	97676100	IMG_1171	6054366651	
