town_s	woe_is	urlpage_s	machine_ss	desc_ws	video_b	url_s	hour_i	hash_s	ext_s	user_s	country_s	upload_dt	license_s	taken_dt	device_s	line_i	title_s	id	tag_ss
New York	[91801527, 91842898, 2459115, 12589335, 2347591, 12761742, 23424977, 56043648]	http://www.flickr.com/photos/48587703@N00/5867883219/			False	http://farm6.staticflickr.com/5315/5867883219_24de50eca2.jpg	1	7774338d19bc75695838179510bc5db0	jpg	reinholdbehringer	United States	2011-06-25T02:29:22Z	Attribution-NonCommercial-ShareAlike License	2011-06-24T01:14:24Z	OLYMPUS IMAGING CORP. uT8000,ST8000	98196364	Brighton Beach Avenue	5867883219	[u'brooklyn', u'new york 2011']
New York	[91801527, 2384115, 91983031, 2459115, 12589335, 2347591, 12761742, 23424977, 56043648]	http://www.flickr.com/photos/48587703@N00/5867884993/			False	http://farm4.staticflickr.com/3059/5867884993_ec01fe8c7c.jpg	13	df28cb275c3d34ead75aba63de87949	jpg	reinholdbehringer	United States	2011-06-25T02:30:12Z	Attribution-NonCommercial-ShareAlike License	2011-06-24T13:35:02Z	OLYMPUS IMAGING CORP. uT8000,ST8000	70134981	Near Brighton Beach, Brooklyn	5867884993	[u'brooklyn', u'new york 2011']
New York	[91801527, 2459115, 12589335, 2347591, 12761742, 23424977, 56204680, 56043648]	http://www.flickr.com/photos/48587703@N00/5867886845/			False	http://farm4.staticflickr.com/3102/5867886845_d8a19d1db6.jpg	15	7887d8658032efa6b43706fb4f1ed8	jpg	reinholdbehringer	United States	2011-06-25T02:31:04Z	Attribution-NonCommercial-ShareAlike License	2011-06-24T15:22:40Z	OLYMPUS IMAGING CORP. uT8000,ST8000	94126483	Near Brighton Beach, Brooklyn	5867886845	[u'brooklyn', u'new york 2011']
New York	[91801527, 2459115, 12589335, 2347591, 12761742, 23424977, 56204680, 56043648]	http://www.flickr.com/photos/48587703@N00/5867918999/			False	http://farm6.staticflickr.com/5080/5867918999_cc733603c1.jpg	15	9ef61909ac7891a583cb685bc323a8f	jpg	reinholdbehringer	United States	2011-06-25T02:47:22Z	Attribution-NonCommercial-ShareAlike License	2011-06-24T15:22:48Z	OLYMPUS IMAGING CORP. uT8000,ST8000	83983671	Near Brighton Beach, Brooklyn	5867918999	[u'brooklyn', u'new york 2011']
New York	[91801527, 2459115, 12589335, 2347591, 12761742, 23424977, 56204680, 56043648]	http://www.flickr.com/photos/48587703@N00/5868477938/			False	http://farm6.staticflickr.com/5226/5868477938_44113cb772.jpg	15	4864e2eebaa421a91d40145dca49fc	jpg	reinholdbehringer	United States	2011-06-25T02:47:27Z	Attribution-NonCommercial-ShareAlike License	2011-06-24T15:25:02Z	OLYMPUS IMAGING CORP. uT8000,ST8000	70994434	Near Brighton Beach, Brooklyn	5868477938	[u'brooklyn', u'new york 2011']
New York	[91801527, 2459115, 12589335, 2347591, 12761742, 23424977, 56204680, 56043648]	http://www.flickr.com/photos/48587703@N00/5867919297/			False	http://farm6.staticflickr.com/5144/5867919297_b593a26678.jpg	15	6ec2191c6eb85a6696af5a5b30a1fe18	jpg	reinholdbehringer	United States	2011-06-25T02:47:32Z	Attribution-NonCommercial-ShareAlike License	2011-06-24T15:26:57Z	OLYMPUS IMAGING CORP. uT8000,ST8000	67117071	Subway Near Brighton Beach, Brooklyn	5867919297	[u'brooklyn', u'new york 2011']
New York	[91801527, 2459115, 12589335, 2347591, 12761742, 23424977, 56204680, 56043648]	http://www.flickr.com/photos/48587703@N00/5867919461/			False	http://farm6.staticflickr.com/5074/5867919461_29b5bb3cf8.jpg	15	20169c1a8f792ddb5fddfc6fd2d3598	jpg	reinholdbehringer	United States	2011-06-25T02:47:36Z	Attribution-NonCommercial-ShareAlike License	2011-06-24T15:27:22Z	OLYMPUS IMAGING CORP. uT8000,ST8000	90442923	Subway Near Brighton Beach, Brooklyn	5867919461	[u'brooklyn', u'new york 2011']
New York	[91801527, 2459115, 12589335, 2347591, 12761742, 23424977, 56204680, 56043648]	http://www.flickr.com/photos/48587703@N00/5868478410/			False	http://farm4.staticflickr.com/3084/5868478410_ec4c4fe331.jpg	15	e43b23c6464c28cc358a6a17e8ebb8	jpg	reinholdbehringer	United States	2011-06-25T02:47:41Z	Attribution-NonCommercial-ShareAlike License	2011-06-24T15:28:02Z	OLYMPUS IMAGING CORP. uT8000,ST8000	83165463	Near Brighton Beach, Brooklyn	5868478410	[u'brooklyn', u'new york 2011']
New York	[91801527, 2459115, 12589335, 2347591, 12761742, 23424977, 56204680, 56043648]	http://www.flickr.com/photos/48587703@N00/5868478560/			False	http://farm4.staticflickr.com/3104/5868478560_71830a3139.jpg	15	2876fef3166c3a7863f102b4e4f6957	jpg	reinholdbehringer	United States	2011-06-25T02:47:46Z	Attribution-NonCommercial-ShareAlike License	2011-06-24T15:29:31Z	OLYMPUS IMAGING CORP. uT8000,ST8000	61947402	Brooklyn, near Brighton Beach	5868478560	[u'brooklyn', u'new york 2011']
New York	[91801527, 2459115, 12589335, 2347591, 12761742, 23424977, 55836178, 56043648]	http://www.flickr.com/photos/48587703@N00/5868478712/			False	http://farm6.staticflickr.com/5152/5868478712_73e8faab4e.jpg	15	f6e24dd9882dd25360401e1ed22a78f	jpg	reinholdbehringer	United States	2011-06-25T02:47:50Z	Attribution-NonCommercial-ShareAlike License	2011-06-24T15:30:43Z	OLYMPUS IMAGING CORP. uT8000,ST8000	81696423	Asser Levy Park	5868478712	[u'brooklyn', u'new york 2011']
New York	[91801527, 91983031, 2384115, 2459115, 12589335, 2347591, 12761742, 23424977, 56043648]	http://www.flickr.com/photos/48587703@N00/5867919985/			False	http://farm6.staticflickr.com/5184/5867919985_bee86a733b.jpg	15	47528d6bb73570ff189c374a9c61c5	jpg	reinholdbehringer	United States	2011-06-25T02:47:55Z	Attribution-NonCommercial-ShareAlike License	2011-06-24T15:32:26Z	OLYMPUS IMAGING CORP. uT8000,ST8000	17018830	Riegelman Boardwalk	5867919985	[u'brooklyn', u'new york 2011']
New York	[91801527, 2384115, 91983031, 2459115, 12589335, 2347591, 12761742, 23424977, 56043648]	http://www.flickr.com/photos/48587703@N00/5867920163/			False	http://farm7.staticflickr.com/6004/5867920163_caa374822e.jpg	15	ea4b8ef2d7f64f7fa3e0e7dba133fcef	jpg	reinholdbehringer	United States	2011-06-25T02:48:00Z	Attribution-NonCommercial-ShareAlike License	2011-06-24T15:32:32Z	OLYMPUS IMAGING CORP. uT8000,ST8000	80683207	Riegelman Boardwalk	5867920163	[u'brooklyn', u'new york 2011']
New York	[91801527, 91983031, 2384115, 2459115, 12589335, 2347591, 12761742, 23424977, 56043648]	http://www.flickr.com/photos/48587703@N00/5867920309/			False	http://farm6.staticflickr.com/5068/5867920309_189eecb6a1.jpg	15	3e12d8e77028d98a444a3411d9824d	jpg	reinholdbehringer	United States	2011-06-25T02:48:04Z	Attribution-NonCommercial-ShareAlike License	2011-06-24T15:36:28Z	OLYMPUS IMAGING CORP. uT8000,ST8000	93501711	Coney Island	5867920309	[u'brooklyn', u'new york 2011']
New York	[91801527, 91983031, 2384115, 2459115, 12589335, 2347591, 12761742, 23424977, 56043648]	http://www.flickr.com/photos/48587703@N00/5868479246/			False	http://farm6.staticflickr.com/5319/5868479246_701cfc8cc9.jpg	15	d47e9711efe845ad3e5d0a0e1a4ea0	jpg	reinholdbehringer	United States	2011-06-25T02:48:09Z	Attribution-NonCommercial-ShareAlike License	2011-06-24T15:36:48Z	OLYMPUS IMAGING CORP. uT8000,ST8000	61846842	Coney Island	5868479246	[u'brooklyn', u'new york 2011']
New York	[91801527, 91983031, 2384115, 2459115, 12589335, 2347591, 12761742, 23424977, 56043648]	http://www.flickr.com/photos/48587703@N00/5868479412/			False	http://farm4.staticflickr.com/3114/5868479412_c3e82cd4bb.jpg	15	c7b273df3cf62da0df9e1f83829b47	jpg	reinholdbehringer	United States	2011-06-25T02:48:14Z	Attribution-NonCommercial-ShareAlike License	2011-06-24T15:37:35Z	OLYMPUS IMAGING CORP. uT8000,ST8000	80644728	Coney Island	5868479412	[u'brooklyn', u'new york 2011']
New York	[91637462, 91801527, 91983031, 2459115, 12589335, 2347591, 12761742, 23424977, 56043648]	http://www.flickr.com/photos/48587703@N00/5868479536/			False	http://farm6.staticflickr.com/5280/5868479536_a84e3483bf.jpg	15	f79257f51e6940b1b5c756d1e2d83e7	jpg	reinholdbehringer	United States	2011-06-25T02:48:19Z	Attribution-NonCommercial-ShareAlike License	2011-06-24T15:38:41Z	OLYMPUS IMAGING CORP. uT8000,ST8000	85971554	Coney Island	5868479536	[u'brooklyn', u'new york 2011']
New York	[91637462, 91801527, 91983031, 2459115, 12589335, 2347591, 12761742, 23424977, 56043648]	http://www.flickr.com/photos/48587703@N00/5867921635/			False	http://farm4.staticflickr.com/3152/5867921635_d977f51835.jpg	15	44b4eaafd66cadc9d31399f8abfa9e7	jpg	reinholdbehringer	United States	2011-06-25T02:48:47Z	Attribution-NonCommercial-ShareAlike License	2011-06-24T15:40:56Z	OLYMPUS IMAGING CORP. uT8000,ST8000	85337151	Coney Island	5867921635	[u'brooklyn', u'new york 2011']
New York	[91637462, 91801527, 91983031, 2459115, 12589335, 2347591, 12761742, 23424977, 56043648]	http://www.flickr.com/photos/48587703@N00/5867922763/			False	http://farm7.staticflickr.com/6048/5867922763_cf3923b2f1.jpg	15	4e3f276c204017ba45accf486884ae23	jpg	reinholdbehringer	United States	2011-06-25T02:49:27Z	Attribution-NonCommercial-ShareAlike License	2011-06-24T15:41:03Z	OLYMPUS IMAGING CORP. uT8000,ST8000	88540907	Coney Island	5867922763	[u'brooklyn', u'new york 2011']
New York	[91801527, 2384115, 91983031, 2459115, 12589335, 2347591, 12761742, 23424977, 56043648]	http://www.flickr.com/photos/48587703@N00/5869342510/			False	http://farm6.staticflickr.com/5228/5869342510_1f047a87e6.jpg	15	b6cdef5be29a88cf67d0e07ec17abb55	jpg	reinholdbehringer	United States	2011-06-25T11:32:10Z	Attribution-NonCommercial-ShareAlike License	2011-06-24T15:48:35Z	OLYMPUS IMAGING CORP. uT8000,ST8000	79977999	Old Building in Coney Island	5869342510	[u'2011', u'brooklyn', u'new york 2011']
New York	[91801527, 2384115, 91983031, 2459115, 12589335, 2347591, 12761742, 23424977, 56043648]	http://www.flickr.com/photos/48587703@N00/5868784601/			False	http://farm6.staticflickr.com/5227/5868784601_028c1bee3a.jpg	15	93982caedc28fe53cc81af7cc74f63	jpg	reinholdbehringer	United States	2011-06-25T11:32:14Z	Attribution-NonCommercial-ShareAlike License	2011-06-24T15:49:39Z	OLYMPUS IMAGING CORP. uT8000,ST8000	83690286	Old Building in Coney Island	5868784601	[u'2011', u'brooklyn', u'new york 2011']
New York	[91801527, 91983031, 2384115, 2459115, 12589335, 2347591, 12761742, 23424977, 56043648]	http://www.flickr.com/photos/48587703@N00/5868784705/			False	http://farm6.staticflickr.com/5316/5868784705_dc88a36fa3.jpg	15	15457b279cd4758de3a66c14cc6ee0c	jpg	reinholdbehringer	United States	2011-06-25T11:32:19Z	Attribution-NonCommercial-ShareAlike License	2011-06-24T15:50:04Z	OLYMPUS IMAGING CORP. uT8000,ST8000	24190117	Old Building in Coney Island	5868784705	[u'2011', u'brooklyn', u'new york 2011']
New York	[91801527, 2384115, 91983031, 2459115, 12589335, 2347591, 12761742, 23424977, 56043648]	http://www.flickr.com/photos/48587703@N00/5869342850/			False	http://farm6.staticflickr.com/5223/5869342850_0abc144326.jpg	15	cdd98b243991c18fbcbdb2c37843f0	jpg	reinholdbehringer	United States	2011-06-25T11:32:23Z	Attribution-NonCommercial-ShareAlike License	2011-06-24T15:50:25Z	OLYMPUS IMAGING CORP. uT8000,ST8000	83379826	Old Building in Coney Island	5869342850	[u'2011', u'brooklyn', u'new york 2011']
New York	[91801527, 2384115, 91983031, 2459115, 12589335, 2347591, 12761742, 23424977, 56043648]	http://www.flickr.com/photos/48587703@N00/5868784989/			False	http://farm6.staticflickr.com/5235/5868784989_a653c4637f.jpg	15	eb416a68dd51e8ffa917f28b39a1dc75	jpg	reinholdbehringer	United States	2011-06-25T11:32:28Z	Attribution-NonCommercial-ShareAlike License	2011-06-24T15:51:15Z	OLYMPUS IMAGING CORP. uT8000,ST8000	21754071	Allotments in Coney Island	5868784989	[u'2011', u'brooklyn', u'new york 2011']
New York	[91801527, 91983031, 2384115, 2459115, 12589335, 2347591, 12761742, 23424977, 56043648]	http://www.flickr.com/photos/48587703@N00/5868785107/			False	http://farm6.staticflickr.com/5061/5868785107_aed4d53f8a.jpg	15	15afafaf618515189a5ad1c9423d28	jpg	reinholdbehringer	United States	2011-06-25T11:32:33Z	Attribution-NonCommercial-ShareAlike License	2011-06-24T15:51:20Z	OLYMPUS IMAGING CORP. uT8000,ST8000	5272268	Allotments in Coney Island	5868785107	[u'2011', u'brooklyn', u'new york 2011']
New York	[91801527, 2384115, 91983031, 2459115, 12589335, 2347591, 12761742, 23424977, 56043648]	http://www.flickr.com/photos/48587703@N00/5868785217/			False	http://farm6.staticflickr.com/5270/5868785217_c4f9c474f6.jpg	15	52f1eece4da5244e7661f8dfc116477b	jpg	reinholdbehringer	United States	2011-06-25T11:32:37Z	Attribution-NonCommercial-ShareAlike License	2011-06-24T15:52:19Z	OLYMPUS IMAGING CORP. uT8000,ST8000	50892099	Coney Island	5868785217	[u'2011', u'brooklyn', u'new york 2011']
New York	[91801527, 91983031, 2384115, 2459115, 12589335, 2347591, 12761742, 23424977, 56043648]	http://www.flickr.com/photos/48587703@N00/5869343338/			False	http://farm6.staticflickr.com/5262/5869343338_b25967b009.jpg	16	935a1db8657daf71dc1320fd6011e433	jpg	reinholdbehringer	United States	2011-06-25T11:32:42Z	Attribution-NonCommercial-ShareAlike License	2011-06-24T16:21:32Z	OLYMPUS IMAGING CORP. uT8000,ST8000	85003560	Coney Island	5869343338	[u'2011', u'brooklyn', u'new york 2011']
New York	[91801527, 91983031, 2384115, 2459115, 12589335, 2347591, 12761742, 23424977, 56043648]	http://www.flickr.com/photos/48587703@N00/5868785423/			False	http://farm6.staticflickr.com/5192/5868785423_5ba59a6c45.jpg	16	94e34c6d62ae541d81bb1d15c4c9b45b	jpg	reinholdbehringer	United States	2011-06-25T11:32:46Z	Attribution-NonCommercial-ShareAlike License	2011-06-24T16:21:35Z	OLYMPUS IMAGING CORP. uT8000,ST8000	64985337	Coney Island	5868785423	[u'2011', u'brooklyn', u'new york 2011']
New York	[91801527, 91983031, 2384115, 2459115, 12589335, 2347591, 12761742, 23424977, 56043648]	http://www.flickr.com/photos/48587703@N00/5868785553/			False	http://farm6.staticflickr.com/5269/5868785553_aee6186971.jpg	16	6f84dc1520cfdb3bab17928b4b8ba9fa	jpg	reinholdbehringer	United States	2011-06-25T11:32:50Z	Attribution-NonCommercial-ShareAlike License	2011-06-24T16:21:54Z	OLYMPUS IMAGING CORP. uT8000,ST8000	98075504	Coney Island	5868785553	[u'2011', u'brooklyn', u'new york 2011']
New York	[56204311, 91801527, 91983031, 2459115, 12589335, 2347591, 12761742, 23424977, 56043648]	http://www.flickr.com/photos/48587703@N00/5869343672/		They are apparently in a very representative stately building.	False	http://farm4.staticflickr.com/3158/5869343672_6022ec268b.jpg	16	868c173318ba20652be6c516d15dcc40	jpg	reinholdbehringer	United States	2011-06-25T11:32:54Z	Attribution-NonCommercial-ShareAlike License	2011-06-24T16:23:02Z	OLYMPUS IMAGING CORP. uT8000,ST8000	76072109	Coney Island Headquarters	5869343672	[u'2011', u'brooklyn', u'new york 2011']
New York	[91801527, 2384115, 91983031, 2459115, 12589335, 2347591, 12761742, 23424977, 56043648]	http://www.flickr.com/photos/48587703@N00/5868785807/			False	http://farm4.staticflickr.com/3026/5868785807_06caca2cef.jpg	16	b2a550c8f6adfa085124236445ea436	jpg	reinholdbehringer	United States	2011-06-25T11:32:59Z	Attribution-NonCommercial-ShareAlike License	2011-06-24T16:24:27Z	OLYMPUS IMAGING CORP. uT8000,ST8000	93075872	Coney Island	5868785807	[u'2011', u'brooklyn', u'new york 2011']
New York	[91801527, 2384115, 91983031, 2459115, 12589335, 2347591, 12761742, 23424977, 56043648]	http://www.flickr.com/photos/48587703@N00/5868785927/			False	http://farm4.staticflickr.com/3148/5868785927_058d4a8cc4.jpg	16	3388ad88fe11985c80854bc818b3799	jpg	reinholdbehringer	United States	2011-06-25T11:33:03Z	Attribution-NonCommercial-ShareAlike License	2011-06-24T16:28:59Z	OLYMPUS IMAGING CORP. uT8000,ST8000	17661465	Coney Island	5868785927	[u'2011', u'brooklyn', u'new york 2011']
New York	[91801527, 91637462, 91983031, 2459115, 12589335, 2347591, 12761742, 23424977, 56043648]	http://www.flickr.com/photos/48587703@N00/5869344072/			False	http://farm4.staticflickr.com/3295/5869344072_c931d528c7.jpg	16	8f58859853154cd7f6d49becd79963	jpg	reinholdbehringer	United States	2011-06-25T11:33:08Z	Attribution-NonCommercial-ShareAlike License	2011-06-24T16:33:43Z	OLYMPUS IMAGING CORP. uT8000,ST8000	84441910	Coney Island	5869344072	[u'2011', u'brooklyn', u'new york 2011']
New York	[91637462, 91801527, 91983031, 2459115, 12589335, 2347591, 12761742, 23424977, 56043648]	http://www.flickr.com/photos/48587703@N00/5868786195/			False	http://farm6.staticflickr.com/5302/5868786195_74cf96b3a2.jpg	16	d772aed55b50ae46e117bcd37089aa	jpg	reinholdbehringer	United States	2011-06-25T11:33:12Z	Attribution-NonCommercial-ShareAlike License	2011-06-24T16:33:58Z	OLYMPUS IMAGING CORP. uT8000,ST8000	66314718	Coney Island	5868786195	[u'2011', u'brooklyn', u'new york 2011']
New York	[91801527, 91637462, 91983031, 2459115, 12589335, 2347591, 12761742, 23424977, 56043648]	http://www.flickr.com/photos/48587703@N00/5869344352/			False	http://farm6.staticflickr.com/5308/5869344352_479b876912.jpg	16	ebc1a6d2f2e19dd7f73f2c754987a31	jpg	reinholdbehringer	United States	2011-06-25T11:33:17Z	Attribution-NonCommercial-ShareAlike License	2011-06-24T16:40:17Z	OLYMPUS IMAGING CORP. uT8000,ST8000	67890138	Coney Island	5869344352	[u'2011', u'brooklyn', u'new york 2011']
New York	[91637462, 91801527, 91983031, 2459115, 12589335, 2347591, 12761742, 23424977, 56043648]	http://www.flickr.com/photos/48587703@N00/5868786441/			False	http://farm4.staticflickr.com/3077/5868786441_2e91375823.jpg	16	87bb0dfdfea46c28a6fd86b90f2a1	jpg	reinholdbehringer	United States	2011-06-25T11:33:22Z	Attribution-NonCommercial-ShareAlike License	2011-06-24T16:40:55Z	OLYMPUS IMAGING CORP. uT8000,ST8000	87169621	Coney Island	5868786441	[u'2011', u'brooklyn', u'new york 2011']
New York	[91801527, 91983031, 2384115, 2459115, 12589335, 2347591, 12761742, 23424977, 56043648]	http://www.flickr.com/photos/48587703@N00/5868786593/			False	http://farm4.staticflickr.com/3008/5868786593_5cfb1c0a64.jpg	16	7f2e31e5a5f49424254349be887a1ede	jpg	reinholdbehringer	United States	2011-06-25T11:33:26Z	Attribution-NonCommercial-ShareAlike License	2011-06-24T16:41:08Z	OLYMPUS IMAGING CORP. uT8000,ST8000	60745087	Coney Island	5868786593	[u'2011', u'brooklyn', u'new york 2011']
New York	[91801527, 2384115, 91983031, 2459115, 12589335, 2347591, 12761742, 23424977, 56043648]	http://www.flickr.com/photos/48587703@N00/5868786723/			False	http://farm6.staticflickr.com/5120/5868786723_f23c65f3f4.jpg	16	46e965c173984de31cb016d4b11a92	jpg	reinholdbehringer	United States	2011-06-25T11:33:31Z	Attribution-NonCommercial-ShareAlike License	2011-06-24T16:41:30Z	OLYMPUS IMAGING CORP. uT8000,ST8000	71334264	Coney Island	5868786723	[u'2011', u'brooklyn', u'new york 2011']
New York	[91801527, 2384115, 91983031, 2459115, 12589335, 2347591, 12761742, 23424977, 56043648]	http://www.flickr.com/photos/48587703@N00/5869344880/			False	http://farm6.staticflickr.com/5070/5869344880_3e925bf86e.jpg	16	a644706cc18e9c04e5213f72b7cbe9	jpg	reinholdbehringer	United States	2011-06-25T11:33:35Z	Attribution-NonCommercial-ShareAlike License	2011-06-24T16:41:49Z	OLYMPUS IMAGING CORP. uT8000,ST8000	43307505	Coney Island	5869344880	[u'2011', u'brooklyn', u'new york 2011']
New York	[91801527, 2384115, 91983031, 2459115, 12589335, 2347591, 12761742, 23424977, 56043648]	http://www.flickr.com/photos/48587703@N00/5869345012/			False	http://farm6.staticflickr.com/5263/5869345012_d23eca9dfc.jpg	16	dab6e79161f1145ee673178c43c9308d	jpg	reinholdbehringer	United States	2011-06-25T11:33:40Z	Attribution-NonCommercial-ShareAlike License	2011-06-24T16:42:53Z	OLYMPUS IMAGING CORP. uT8000,ST8000	25088587	Coney Island	5869345012	[u'2011', u'brooklyn', u'new york 2011']
New York	[91801527, 91983031, 2384115, 2459115, 12589335, 2347591, 12761742, 23424977, 56043648]	http://www.flickr.com/photos/48587703@N00/5869345178/			False	http://farm4.staticflickr.com/3080/5869345178_08a875e540.jpg	16	434b894f369ea11dccd5ed3a9cd5ba25	jpg	reinholdbehringer	United States	2011-06-25T11:33:45Z	Attribution-NonCommercial-ShareAlike License	2011-06-24T16:44:09Z	OLYMPUS IMAGING CORP. uT8000,ST8000	79190894	Entrance to NY Aquarium	5869345178	[u'2011', u'brooklyn', u'new york 2011']
New York	[91801527, 2459115, 12589335, 2347591, 12761742, 23424977, 56204800, 56043648]	http://www.flickr.com/photos/48587703@N00/5868787213/			False	http://farm4.staticflickr.com/3081/5868787213_0bc33c88ba.jpg	16	dccc6dbf58194ee45322410dabbd1d3	jpg	reinholdbehringer	United States	2011-06-25T11:33:50Z	Attribution-NonCommercial-ShareAlike License	2011-06-24T16:45:23Z	OLYMPUS IMAGING CORP. uT8000,ST8000	77249641	Riegelman Boardwalk, Brooklyn	5868787213	[u'2011', u'brooklyn', u'new york 2011']
New York	[91801527, 2459115, 12589335, 2347591, 12761742, 23424977, 56204800, 56043648]	http://www.flickr.com/photos/48587703@N00/5869345454/			False	http://farm6.staticflickr.com/5191/5869345454_6e3ca3654f.jpg	16	2229d0c8a3bab735dd1684513e72bea5	jpg	reinholdbehringer	United States	2011-06-25T11:33:55Z	Attribution-NonCommercial-ShareAlike License	2011-06-24T16:52:36Z	OLYMPUS IMAGING CORP. uT8000,ST8000	61377773	Riegelman Boardwalk, Brooklyn	5869345454	[u'2011', u'brooklyn', u'new york 2011']
New York	[91801527, 2459115, 12589335, 2347591, 12761742, 23424977, 56204800, 56043648]	http://www.flickr.com/photos/48587703@N00/5869345600/			False	http://farm6.staticflickr.com/5062/5869345600_17ba6b6ac6.jpg	16	c94a35f258cc7768a2179c6794c32d5c	jpg	reinholdbehringer	United States	2011-06-25T11:34:00Z	Attribution-NonCommercial-ShareAlike License	2011-06-24T16:52:44Z	OLYMPUS IMAGING CORP. uT8000,ST8000	93271230	Riegelman Boardwalk, Brooklyn	5869345600	[u'2011', u'brooklyn', u'new york 2011']
New York	[91801527, 2459115, 12589335, 2347591, 12761742, 23424977, 56204800, 56043648]	http://www.flickr.com/photos/48587703@N00/5869345956/			False	http://farm4.staticflickr.com/3087/5869345956_d34e811877.jpg	16	4b5ede6839aa1373dd5d581fea95c789	jpg	reinholdbehringer	United States	2011-06-25T11:34:11Z	Attribution-NonCommercial-ShareAlike License	2011-06-24T16:53:06Z	OLYMPUS IMAGING CORP. uT8000,ST8000	56281314	Riegelman Boardwalk, Brooklyn	5869345956	[u'2011', u'brooklyn', u'new york 2011']
New York	[91801527, 2459115, 12589335, 2347591, 12761742, 23424977, 56204800, 56043648]	http://www.flickr.com/photos/48587703@N00/5868788027/			False	http://farm7.staticflickr.com/6056/5868788027_591490bb3b.jpg	16	1e6a6a4d7f452af7d407915b26e25a	jpg	reinholdbehringer	United States	2011-06-25T11:34:17Z	Attribution-NonCommercial-ShareAlike License	2011-06-24T16:53:10Z	OLYMPUS IMAGING CORP. uT8000,ST8000	84087078	Riegelman Boardwalk, Brooklyn	5868788027	[u'2011', u'brooklyn', u'new york 2011']
New York	[91801527, 91983031, 2459115, 12589335, 2347591, 12761752, 23424977, 56204801, 56043648]	http://www.flickr.com/photos/48587703@N00/5869346882/			False	http://farm6.staticflickr.com/5195/5869346882_1e831b7a6a.jpg	16	a954af3e3b6a867285fbda4eae2be5de	jpg	reinholdbehringer	United States	2011-06-25T11:34:43Z	Attribution-NonCommercial-ShareAlike License	2011-06-24T16:53:49Z	OLYMPUS IMAGING CORP. uT8000,ST8000	61643546	Riegelman Boardwalk, Brooklyn	5869346882	[u'2011', u'brooklyn', u'new york 2011']
New York	[91801527, 91983031, 2459115, 12589335, 2347591, 12761752, 23424977, 56204801, 56043648]	http://www.flickr.com/photos/48587703@N00/5869347462/			False	http://farm4.staticflickr.com/3261/5869347462_1f1c8c3ced.jpg	16	389aae3ffdb9f61c7868627cfccfb340	jpg	reinholdbehringer	United States	2011-06-25T11:35:04Z	Attribution-NonCommercial-ShareAlike License	2011-06-24T16:55:31Z	OLYMPUS IMAGING CORP. uT8000,ST8000	91245849	Near Riegelman Boardwalk, Brooklyn	5869347462	[u'2011', u'brooklyn', u'new york 2011']
New York	[91801527, 91983031, 2459115, 12589335, 2347591, 12761752, 23424977, 56204801, 56043648]	http://www.flickr.com/photos/48587703@N00/5869348358/			False	http://farm4.staticflickr.com/3138/5869348358_47ca8fccdf.jpg	16	dcd0a1b58d6765b67623f41a60eb81f0	jpg	reinholdbehringer	United States	2011-06-25T11:35:35Z	Attribution-NonCommercial-ShareAlike License	2011-06-24T16:55:45Z	OLYMPUS IMAGING CORP. uT8000,ST8000	67656804	Riegelman Boardwalk, Brooklyn	5869348358	[u'2011', u'brooklyn', u'new york 2011']
New York	[91801527, 2459115, 12589335, 2347591, 12761742, 23424977, 56204800, 56043648]	http://www.flickr.com/photos/48587703@N00/5868790675/			False	http://farm6.staticflickr.com/5187/5868790675_99444eded4.jpg	16	94db5b37331d2e97cbfd992ddd58b65d	jpg	reinholdbehringer	United States	2011-06-25T11:35:46Z	Attribution-NonCommercial-ShareAlike License	2011-06-24T16:57:33Z	OLYMPUS IMAGING CORP. uT8000,ST8000	91397455	Near Brighton Beach, Brooklyn	5868790675	[u'2011', u'brooklyn', u'new york 2011']
New York	[91801527, 91983031, 2459115, 12589335, 2347591, 12761752, 23424977, 56204801, 56043648]	http://www.flickr.com/photos/48587703@N00/5869348800/			False	http://farm4.staticflickr.com/3290/5869348800_101b4cb94d.jpg	17	5448d65d5d374498248177fbff85b	jpg	reinholdbehringer	United States	2011-06-25T11:35:52Z	Attribution-NonCommercial-ShareAlike License	2011-06-24T17:52:58Z	OLYMPUS IMAGING CORP. uT8000,ST8000	90807478	Watermelons at Brighton Beach Avenue	5869348800	[u'2011', u'brooklyn', u'new york 2011']
New York	[91801527, 91983031, 2459115, 12589335, 2347591, 12761752, 23424977, 56204801, 56043648]	http://www.flickr.com/photos/48587703@N00/5868791059/			False	http://farm4.staticflickr.com/3012/5868791059_ca28d7dd76.jpg	17	b57d21614ab747913bb5b8e19a36ed	jpg	reinholdbehringer	United States	2011-06-25T11:35:57Z	Attribution-NonCommercial-ShareAlike License	2011-06-24T17:53:39Z	OLYMPUS IMAGING CORP. uT8000,ST8000	96198454	Brighton Beach Avenue	5868791059	[u'2011', u'brooklyn', u'new york 2011']
New York	[91801527, 91983031, 2459115, 12589335, 2347591, 12761752, 23424977, 56204801, 56043648]	http://www.flickr.com/photos/48587703@N00/5868791173/			False	http://farm6.staticflickr.com/5028/5868791173_0ae6e74da3.jpg	17	d3985e663efd8cd566ae9d96aa1c7784	jpg	reinholdbehringer	United States	2011-06-25T11:36:03Z	Attribution-NonCommercial-ShareAlike License	2011-06-24T17:54:34Z	OLYMPUS IMAGING CORP. uT8000,ST8000	97320626	Burnt House at Brighton Beach Avenue	5868791173	[u'2011', u'brooklyn', u'new york 2011']
New York	[91801527, 2459115, 12589335, 2347591, 12761742, 23424977, 56204800, 56043648]	http://www.flickr.com/photos/48587703@N00/5868791347/			False	http://farm6.staticflickr.com/5034/5868791347_e09251bc53.jpg	17	ee8d84fc815c7e8f0ee27bd5c201fea	jpg	reinholdbehringer	United States	2011-06-25T11:36:09Z	Attribution-NonCommercial-ShareAlike License	2011-06-24T17:55:09Z	OLYMPUS IMAGING CORP. uT8000,ST8000	92066720	Brighton Beach Avenue	5868791347	[u'2011', u'brooklyn', u'new york 2011']
New York	[91801527, 2459115, 12589335, 2347591, 12761742, 23424977, 56204800, 56043648]	http://www.flickr.com/photos/48587703@N00/5869349422/			False	http://farm6.staticflickr.com/5200/5869349422_0aedbc8278.jpg	17	30f12dd041e2a86a35993bfe423392f	jpg	reinholdbehringer	United States	2011-06-25T11:36:14Z	Attribution-NonCommercial-ShareAlike License	2011-06-24T17:55:18Z	OLYMPUS IMAGING CORP. uT8000,ST8000	73427917	Cloths Shop at Brighton Beach Avenue	5869349422	[u'2011', u'brooklyn', u'new york 2011']
New York	[91801527, 2459115, 12589335, 2347591, 12761742, 23424977, 56204800, 56043648]	http://www.flickr.com/photos/48587703@N00/5868792309/			False	http://farm4.staticflickr.com/3182/5868792309_9c83fb0374.jpg	17	d8549947d5d36c961319f83d5f5017	jpg	reinholdbehringer	United States	2011-06-25T11:36:42Z	Attribution-NonCommercial-ShareAlike License	2011-06-24T17:56:20Z	OLYMPUS IMAGING CORP. uT8000,ST8000	75257437	Brighton Beach Avenue	5868792309	[u'2011', u'brooklyn', u'new york 2011']
New York	[91801527, 2459115, 12589335, 2347591, 12761742, 23424977, 56204800, 56043648]	http://www.flickr.com/photos/48587703@N00/5869351410/			False	http://farm6.staticflickr.com/5232/5869351410_14c5b5ab40.jpg	18	40c922f88915fe2c081ae21bd69e25	jpg	reinholdbehringer	United States	2011-06-25T11:37:20Z	Attribution-NonCommercial-ShareAlike License	2011-06-24T18:07:53Z	OLYMPUS IMAGING CORP. uT8000,ST8000	97578581	Brighton Beach Avenue	5869351410	[u'2011', u'brooklyn', u'new york 2011']
New York	[91801527, 2459115, 12589335, 2347591, 12761742, 23424977, 56204800, 56043648]	http://www.flickr.com/photos/48587703@N00/5869351698/			False	http://farm4.staticflickr.com/3195/5869351698_d27d3a11d7.jpg	18	236d867caf923010d25f7ed521cd561d	jpg	reinholdbehringer	United States	2011-06-25T11:37:30Z	Attribution-NonCommercial-ShareAlike License	2011-06-24T18:23:26Z	OLYMPUS IMAGING CORP. uT8000,ST8000	88064967	Russion Posters at Brighton Beach Avenue	5869351698	[u'2011', u'brooklyn', u'new york 2011']
New York	[91801527, 2459115, 12589335, 2347591, 12761742, 23424977, 56204800, 56043648]	http://www.flickr.com/photos/48587703@N00/5868793899/			False	http://farm6.staticflickr.com/5115/5868793899_aeb58abb2c.jpg	18	4093d6f8ae2ac37cb715cb62fee5169b	jpg	reinholdbehringer	United States	2011-06-25T11:37:36Z	Attribution-NonCommercial-ShareAlike License	2011-06-24T18:24:41Z	OLYMPUS IMAGING CORP. uT8000,ST8000	33475378	Brighton Beach Avenue	5868793899	[u'2011', u'brooklyn', u'new york 2011']
New York	[91801527, 2459115, 12589335, 2347591, 12761742, 23424977, 56204680, 56043648]	http://www.flickr.com/photos/48587703@N00/5869352184/			False	http://farm6.staticflickr.com/5149/5869352184_5af03ba9bf.jpg	18	3eb153d20da34266ba512a075b43e17	jpg	reinholdbehringer	United States	2011-06-25T11:37:45Z	Attribution-NonCommercial-ShareAlike License	2011-06-24T18:42:55Z	OLYMPUS IMAGING CORP. uT8000,ST8000	91101478	Brooklyn, near Brighton Beach	5869352184	[u'2011', u'brooklyn', u'new york 2011']
New York	[91801527, 2459115, 12589335, 2347591, 12761742, 23424977, 56204680, 56043648]	http://www.flickr.com/photos/48587703@N00/5869352848/			False	http://farm4.staticflickr.com/3029/5869352848_a9306e26a4.jpg	18	14a64fe13d17b97f5619445c1de665	jpg	reinholdbehringer	United States	2011-06-25T11:38:05Z	Attribution-NonCommercial-ShareAlike License	2011-06-24T18:46:28Z	OLYMPUS IMAGING CORP. uT8000,ST8000	82866358	Brooklyn, near Brighton Beach	5869352848	[u'2011', u'brooklyn', u'new york 2011']
New York	[91801527, 2459115, 12589335, 2347591, 12761742, 23424977, 56204680, 56043648]	http://www.flickr.com/photos/48587703@N00/5869353022/			False	http://farm6.staticflickr.com/5224/5869353022_c415266c1a.jpg	18	eb8f13a0bfe519a22232daa4f689a67	jpg	reinholdbehringer	United States	2011-06-25T11:38:11Z	Attribution-NonCommercial-ShareAlike License	2011-06-24T18:46:56Z	OLYMPUS IMAGING CORP. uT8000,ST8000	5637117	Brooklyn, near Brighton Beach	5869353022	[u'2011', u'brooklyn', u'new york 2011']
New York	[91801527, 2459115, 12589335, 2347591, 12761742, 23424977, 56204680, 56043648]	http://www.flickr.com/photos/48587703@N00/5869353148/			False	http://farm7.staticflickr.com/6034/5869353148_2d6ab92326.jpg	18	422763d144c185627f54873950840d6	jpg	reinholdbehringer	United States	2011-06-25T11:38:16Z	Attribution-NonCommercial-ShareAlike License	2011-06-24T18:50:31Z	OLYMPUS IMAGING CORP. uT8000,ST8000	96743684	Brooklyn, near Brighton Beach	5869353148	[u'2011', u'brooklyn', u'new york 2011']
New York	[91801527, 2459115, 12589335, 2347591, 12761742, 23424977, 56204680, 56043648]	http://www.flickr.com/photos/48587703@N00/5868795237/			False	http://farm6.staticflickr.com/5231/5868795237_b8343b9d34.jpg	18	20ac1932ceaec7591316ae2bc825c25	jpg	reinholdbehringer	United States	2011-06-25T11:38:20Z	Attribution-NonCommercial-ShareAlike License	2011-06-24T18:52:14Z	OLYMPUS IMAGING CORP. uT8000,ST8000	63177293	Brooklyn, near Brighton Beach	5868795237	[u'2011', u'brooklyn', u'new york 2011']
New York	[91801527, 2459115, 12589335, 2347591, 12761742, 23424977, 55836178, 56043648]	http://www.flickr.com/photos/48587703@N00/5869353376/			False	http://farm6.staticflickr.com/5226/5869353376_88a5ca131f.jpg	19	b1c693505a27b534c1fcbbc7aa4dca16	jpg	reinholdbehringer	United States	2011-06-25T11:38:24Z	Attribution-NonCommercial-ShareAlike License	2011-06-24T19:44:55Z	OLYMPUS IMAGING CORP. uT8000,ST8000	72762872	Brighton Beach	5869353376	[u'2011', u'brooklyn', u'new york 2011']
New York	[91801527, 2459115, 12589335, 2347591, 12761742, 23424977, 55836178, 56043648]	http://www.flickr.com/photos/48587703@N00/5869353518/			False	http://farm7.staticflickr.com/6037/5869353518_b21c1c5d83.jpg	19	9c20dee65c569c9fa29ae920e854fa56	jpg	reinholdbehringer	United States	2011-06-25T11:38:28Z	Attribution-NonCommercial-ShareAlike License	2011-06-24T19:46:51Z	OLYMPUS IMAGING CORP. uT8000,ST8000	79451837	Brighton Beach	5869353518	[u'2011', u'brooklyn', u'new york 2011']
New York	[91801527, 2459115, 12589335, 2347591, 12761742, 23424977, 55836178, 56043648]	http://www.flickr.com/photos/48587703@N00/5869353662/			False	http://farm6.staticflickr.com/5261/5869353662_84f859b48c.jpg	19	26472b7b7923e83f7465e7faf22778	jpg	reinholdbehringer	United States	2011-06-25T11:38:32Z	Attribution-NonCommercial-ShareAlike License	2011-06-24T19:48:02Z	OLYMPUS IMAGING CORP. uT8000,ST8000	87159472	Brighton Beach	5869353662	[u'2011', u'brooklyn', u'new york 2011']
New York	[91801527, 2459115, 12589335, 2347591, 12761742, 23424977, 56204680, 56043648]	http://www.flickr.com/photos/48587703@N00/5869353888/			False	http://farm4.staticflickr.com/3170/5869353888_7b409110fa.jpg	19	d1299b997be1df44c06585d627dabf42	jpg	reinholdbehringer	United States	2011-06-25T11:38:40Z	Attribution-NonCommercial-ShareAlike License	2011-06-24T19:52:05Z	OLYMPUS IMAGING CORP. uT8000,ST8000	89074678	Riegelman Board Walk, Brooklyn	5869353888	[u'2011', u'brooklyn', u'new york 2011']
New York	[91801527, 2459115, 12589335, 2347591, 12761742, 23424977, 56204800, 56043648]	http://www.flickr.com/photos/48587703@N00/5869354016/			False	http://farm6.staticflickr.com/5145/5869354016_40ff0b08ba.jpg	19	eef1dfe5ad3b5a750af51f0d986ee0	jpg	reinholdbehringer	United States	2011-06-25T11:38:44Z	Attribution-NonCommercial-ShareAlike License	2011-06-24T19:54:20Z	OLYMPUS IMAGING CORP. uT8000,ST8000	5726471	Riegelman Board Walk, Brooklyn	5869354016	[u'2011', u'brooklyn', u'new york 2011']
New York	[91801527, 2459115, 12589335, 2347591, 12761742, 23424977, 56204800, 56043648]	http://www.flickr.com/photos/48587703@N00/5869354184/			False	http://farm6.staticflickr.com/5147/5869354184_9d5932b7bf.jpg	19	c44aa0b3a2ac70be3adf655634531ce	jpg	reinholdbehringer	United States	2011-06-25T11:38:49Z	Attribution-NonCommercial-ShareAlike License	2011-06-24T19:54:25Z	OLYMPUS IMAGING CORP. uT8000,ST8000	13505263	Riegelman Board Walk, Brooklyn	5869354184	[u'2011', u'brooklyn', u'new york 2011']
New York	[91801527, 2459115, 12589335, 2347591, 12761742, 23424977, 56204800, 56043648]	http://www.flickr.com/photos/48587703@N00/5869354336/			False	http://farm6.staticflickr.com/5199/5869354336_4285b086bf.jpg	19	e7afb1303ebe72704dd713a1dcced942	jpg	reinholdbehringer	United States	2011-06-25T11:38:53Z	Attribution-NonCommercial-ShareAlike License	2011-06-24T19:55:16Z	OLYMPUS IMAGING CORP. uT8000,ST8000	66460176	Riegelman Board Walk, Brooklyn	5869354336	[u'2011', u'brooklyn', u'new york 2011']
New York	[91801527, 91983031, 2459115, 12589335, 2347591, 12761752, 23424977, 56204801, 56043648]	http://www.flickr.com/photos/48587703@N00/5868796529/			False	http://farm6.staticflickr.com/5066/5868796529_400bd82e1b.jpg	20	4bf1d65dc65040bb1574a711316d1ead	jpg	reinholdbehringer	United States	2011-06-25T11:39:01Z	Attribution-NonCommercial-ShareAlike License	2011-06-24T20:00:22Z	OLYMPUS IMAGING CORP. uT8000,ST8000	70296626	Mobile Police Observation Tower	5868796529	[u'2011', u'brooklyn', u'new york 2011']
New York	[91801527, 91983031, 2459115, 12589335, 2347591, 12761752, 23424977, 56204801, 56043648]	http://www.flickr.com/photos/48587703@N00/5868796723/			False	http://farm4.staticflickr.com/3120/5868796723_d445ff049b.jpg	20	b4174b801f4e03eb52df275c13fa	jpg	reinholdbehringer	United States	2011-06-25T11:39:06Z	Attribution-NonCommercial-ShareAlike License	2011-06-24T20:02:50Z	OLYMPUS IMAGING CORP. uT8000,ST8000	88447501	Near Brighton Beach	5868796723	[u'2011', u'brooklyn', u'new york 2011']
New York	[91801527, 91983031, 2459115, 12589335, 2347591, 12761752, 23424977, 56204801, 56043648]	http://www.flickr.com/photos/48587703@N00/5868796887/			False	http://farm6.staticflickr.com/5148/5868796887_5595437f25.jpg	20	9b37296fa3162eb426d915a69c546afc	jpg	reinholdbehringer	United States	2011-06-25T11:39:11Z	Attribution-NonCommercial-ShareAlike License	2011-06-24T20:03:03Z	OLYMPUS IMAGING CORP. uT8000,ST8000	91167950	Near Brighton Beach	5868796887	[u'2011', u'brooklyn', u'new york 2011']
New York	[91801527, 91983031, 2459115, 12589335, 2347591, 12761752, 23424977, 56204801, 56043648]	http://www.flickr.com/photos/48587703@N00/5868797025/			False	http://farm7.staticflickr.com/6041/5868797025_427e28a606.jpg	20	4921624ab3a2ae1aed9f309ce4413db	jpg	reinholdbehringer	United States	2011-06-25T11:39:16Z	Attribution-NonCommercial-ShareAlike License	2011-06-24T20:03:54Z	OLYMPUS IMAGING CORP. uT8000,ST8000	34736552	Near Brighton Beach	5868797025	[u'2011', u'brooklyn', u'new york 2011']
New York	[91801527, 91983031, 2459115, 12589335, 2347591, 12761752, 23424977, 56204801, 56043648]	http://www.flickr.com/photos/48587703@N00/5868797189/			False	http://farm6.staticflickr.com/5269/5868797189_03f1003bef.jpg	20	48b278fd284b4fcd8e827c1c76e4ce32	jpg	reinholdbehringer	United States	2011-06-25T11:39:21Z	Attribution-NonCommercial-ShareAlike License	2011-06-24T20:04:08Z	OLYMPUS IMAGING CORP. uT8000,ST8000	36757532	Art Deco Door	5868797189	[u'2011', u'brooklyn', u'new york 2011']
New York	[91801527, 91983031, 2459115, 12589335, 2347591, 12761752, 23424977, 56204801, 56043648]	http://www.flickr.com/photos/48587703@N00/5868797351/		this car seems to have parked here for a lopng time. There are weeds growing from its front wheel.	False	http://farm4.staticflickr.com/3171/5868797351_3260858faa.jpg	20	9780b74ff7905e806229a7ecf69090bc	jpg	reinholdbehringer	United States	2011-06-25T11:39:25Z	Attribution-NonCommercial-ShareAlike License	2011-06-24T20:06:58Z	OLYMPUS IMAGING CORP. uT8000,ST8000	39685946	Car	5868797351	[u'2011', u'brooklyn', u'new york 2011']
New York	[55992180, 91983031, 2459115, 12589335, 2347591, 23424977, 56043648]	http://www.flickr.com/photos/48587703@N00/5868797517/			False	http://farm4.staticflickr.com/3126/5868797517_9216a0d840.jpg	20	f007719d9ac4ac0a2a35ceacccbcd6	jpg	reinholdbehringer	United States	2011-06-25T11:39:30Z	Attribution-NonCommercial-ShareAlike License	2011-06-24T20:20:53Z	OLYMPUS IMAGING CORP. uT8000,ST8000	94141843	Doors at Brighton Beach Avenue	5868797517	[u'2011', u'brooklyn', u'new york 2011']
New York	[91801527, 91983031, 2459115, 12589335, 2347591, 12761752, 23424977, 56204801, 56043648]	http://www.flickr.com/photos/48587703@N00/5869355640/			False	http://farm6.staticflickr.com/5265/5869355640_7df87eb64a.jpg	20	959e7e36e53d198ab8cd9271b1b858d5	jpg	reinholdbehringer	United States	2011-06-25T11:39:36Z	Attribution-NonCommercial-ShareAlike License	2011-06-24T20:31:34Z	OLYMPUS IMAGING CORP. uT8000,ST8000	17030114	Brighton Beach Avenue	5869355640	[u'2011', u'brooklyn', u'new york 2011']
New York	[55992180, 91983031, 2459115, 12589335, 2347591, 23424977, 56043648]	http://www.flickr.com/photos/48587703@N00/5868797903/			False	http://farm6.staticflickr.com/5027/5868797903_882789fd1a.jpg	20	19f672cc6cb082637077f1e93457734	jpg	reinholdbehringer	United States	2011-06-25T11:39:44Z	Attribution-NonCommercial-ShareAlike License	2011-06-24T20:34:13Z	OLYMPUS IMAGING CORP. uT8000,ST8000	93111607	Brighton Beach Avenue	5868797903	[u'2011', u'brooklyn', u'new york 2011']
New York	[91801527, 91983031, 2459115, 12589335, 2347591, 12761752, 23424977, 56204801, 56043648]	http://www.flickr.com/photos/48587703@N00/5869361984/			False	http://farm4.staticflickr.com/3089/5869361984_3f0ef2e19d.jpg	21	db9a9a944b6e2826490131d62228590	jpg	reinholdbehringer	United States	2011-06-25T11:42:59Z	Attribution-NonCommercial-ShareAlike License	2011-06-24T21:03:46Z	OLYMPUS IMAGING CORP. uT8000,ST8000	76417031	Brighton Beach Avenue	5869361984	[u'2011', u'brooklyn', u'new york 2011']
New York	[91801527, 91983031, 2459115, 12589335, 2347591, 12761752, 23424977, 56204801, 56043648]	http://www.flickr.com/photos/48587703@N00/5868813145/			False	http://farm6.staticflickr.com/5308/5868813145_82579aee2e.jpg	21	134b1db7cf49c2b76cf156b5effedf7	jpg	reinholdbehringer	United States	2011-06-25T11:47:53Z	Attribution-NonCommercial-ShareAlike License	2011-06-24T21:05:48Z	OLYMPUS IMAGING CORP. uT8000,ST8000	55636406	Brighton Beach Avenue	5868813145	[u'2011', u'brooklyn', u'new york 2011']
New York	[91801527, 91983031, 2459115, 12589335, 2347591, 12761752, 23424977, 56204801, 56043648]	http://www.flickr.com/photos/48587703@N00/5868814293/			False	http://farm6.staticflickr.com/5224/5868814293_dbd9f47b0b.jpg	21	69d8f83ebb276daa117f67dede1ef99	jpg	reinholdbehringer	United States	2011-06-25T11:48:31Z	Attribution-NonCommercial-ShareAlike License	2011-06-24T21:06:53Z	OLYMPUS IMAGING CORP. uT8000,ST8000	72902645	Brighton Beach Avenue	5868814293	[u'2011', u'brooklyn', u'new york 2011']
New York	[91801527, 91983031, 2459115, 12589335, 2347591, 12761752, 23424977, 56204801, 56043648]	http://www.flickr.com/photos/48587703@N00/5869374014/			False	http://farm6.staticflickr.com/5302/5869374014_75a4b3732d.jpg	21	a2ed5aff24950c6773920d45a57e08f	jpg	reinholdbehringer	United States	2011-06-25T11:49:29Z	Attribution-NonCommercial-ShareAlike License	2011-06-24T21:11:08Z	OLYMPUS IMAGING CORP. uT8000,ST8000	36337497	Brighton Beach Avenue	5869374014	[u'2011', u'brooklyn', u'new york 2011']
New York	[91983031, 55992180, 2459115, 12589335, 2347591, 23424977, 56043648]	http://www.flickr.com/photos/48587703@N00/5868859729/			False	http://farm6.staticflickr.com/5153/5868859729_265991c2e2.jpg	21	b77332557c60ab614737a7991a38ae4c	jpg	reinholdbehringer	United States	2011-06-25T12:12:53Z	Attribution-NonCommercial-ShareAlike License	2011-06-24T21:18:01Z	OLYMPUS IMAGING CORP. uT8000,ST8000	23254931	Brighton Beach Avenue	5868859729	[u'2011', u'brooklyn', u'new york 2011']
New York	[91801527, 2459115, 12589335, 2347591, 12761742, 23424977, 56204680, 56043648]	http://www.flickr.com/photos/48587703@N00/5869417856/			False	http://farm6.staticflickr.com/5120/5869417856_22b0f05dd8.jpg	21	ac6ae89236134e9c475396fcadeb15	jpg	reinholdbehringer	United States	2011-06-25T12:12:58Z	Attribution-NonCommercial-ShareAlike License	2011-06-24T21:19:02Z	OLYMPUS IMAGING CORP. uT8000,ST8000	67731967	Brighton Beach Avenue	5869417856	[u'2011', u'brooklyn', u'new york 2011']
New York	[91801527, 2459115, 12589335, 2347591, 12761742, 23424977, 56204680, 56043648]	http://www.flickr.com/photos/48587703@N00/5868859997/			False	http://farm6.staticflickr.com/5152/5868859997_6770a59192.jpg	21	59a3a5ba22db30129713acc13d8358	jpg	reinholdbehringer	United States	2011-06-25T12:13:04Z	Attribution-NonCommercial-ShareAlike License	2011-06-24T21:23:56Z	OLYMPUS IMAGING CORP. uT8000,ST8000	86601392	Brighton Beach Avenue	5868859997	[u'2011', u'brooklyn', u'new york 2011']
New York	[91801527, 2459115, 12589335, 2347591, 12761742, 23424977, 56204680, 56043648]	http://www.flickr.com/photos/48587703@N00/5869418170/			False	http://farm4.staticflickr.com/3032/5869418170_d12ed2e436.jpg	21	475d3942a22cd4bb32bc76d5fa813	jpg	reinholdbehringer	United States	2011-06-25T12:13:09Z	Attribution-NonCommercial-ShareAlike License	2011-06-24T21:25:04Z	OLYMPUS IMAGING CORP. uT8000,ST8000	91925391	Brighton Beach Avenue	5869418170	[u'2011', u'brooklyn', u'new york 2011']
New York	[91801527, 2459115, 12589335, 2347591, 12761742, 23424977, 56204680, 56043648]	http://www.flickr.com/photos/48587703@N00/5869418290/			False	http://farm7.staticflickr.com/6050/5869418290_33922203b6.jpg	21	fc364bc332bbca83a35d338f73f3fee	jpg	reinholdbehringer	United States	2011-06-25T12:13:14Z	Attribution-NonCommercial-ShareAlike License	2011-06-24T21:28:08Z	OLYMPUS IMAGING CORP. uT8000,ST8000	37099447	Brighton Beach Avenue	5869418290	[u'2011', u'brooklyn', u'new york 2011']
New York	[91801527, 2459115, 12589335, 2347591, 12761742, 23424977, 56204680, 56043648]	http://www.flickr.com/photos/48587703@N00/5869418514/			False	http://farm4.staticflickr.com/3229/5869418514_572fa7ef15.jpg	21	5d479f8e698a4f1e98f5fb4a529bf295	jpg	reinholdbehringer	United States	2011-06-25T12:13:22Z	Attribution-NonCommercial-ShareAlike License	2011-06-24T21:30:08Z	OLYMPUS IMAGING CORP. uT8000,ST8000	66570430	Brighton Beach Avenue	5869418514	[u'2011', u'brooklyn', u'new york 2011']
New York	[91801527, 91983031, 2459115, 12589335, 2347591, 12761752, 23424977, 56204801, 56043648]	http://www.flickr.com/photos/48587703@N00/5868860709/			False	http://farm4.staticflickr.com/3149/5868860709_e8e7d206a9.jpg	21	50ee4279f558dc6a0f6b0eb1e522b8	jpg	reinholdbehringer	United States	2011-06-25T12:13:27Z	Attribution-NonCommercial-ShareAlike License	2011-06-24T21:49:02Z	OLYMPUS IMAGING CORP. uT8000,ST8000	85009986	Subway Station Brighton Beach	5868860709	[u'2011', u'brooklyn', u'new york 2011']
New York	[91801527, 91983031, 2459115, 12589335, 2347591, 12761752, 23424977, 56204801, 56043648]	http://www.flickr.com/photos/48587703@N00/5869418818/			False	http://farm4.staticflickr.com/3171/5869418818_5865781901.jpg	21	54dc8d37157b1b807be4edba836ea3a2	jpg	reinholdbehringer	United States	2011-06-25T12:13:32Z	Attribution-NonCommercial-ShareAlike License	2011-06-24T21:49:21Z	OLYMPUS IMAGING CORP. uT8000,ST8000	83984163	Subway Station Brighton Beach	5869418818	[u'2011', u'brooklyn', u'new york 2011']
New York	[91801527, 91983031, 2459115, 12589335, 2347591, 12761752, 23424977, 56204801, 56043648]	http://www.flickr.com/photos/48587703@N00/5868860999/			False	http://farm4.staticflickr.com/3277/5868860999_c7180114f9.jpg	21	21379c1d4b95c82cc1b81cd4cad686ea	jpg	reinholdbehringer	United States	2011-06-25T12:13:37Z	Attribution-NonCommercial-ShareAlike License	2011-06-24T21:51:21Z	OLYMPUS IMAGING CORP. uT8000,ST8000	64127409	Subway Station Brighton Beach	5868860999	[u'2011', u'brooklyn', u'new york 2011']
