town_s	woe_is	urlpage_s	machine_ss	desc_ws	video_b	url_s	hour_i	hash_s	ext_s	user_s	country_s	upload_dt	license_s	taken_dt	device_s	line_i	title_s	id	tag_ss
New York	[56054471, 23511896, 2459115, 12589342, 2347591, 12761343, 23424977, 56043648]	http://www.flickr.com/photos/48587703@N00/5887498705/			False	http://farm6.staticflickr.com/5261/5887498705_f3ac05ba63.jpg	15	f03dd1c4c4a26a9f7ba63e72d12b2	jpg	reinholdbehringer	United States	2011-06-30T15:13:20Z	Attribution-NonCommercial-ShareAlike License	2011-06-29T15:08:09Z	OLYMPUS IMAGING CORP. uT8000,ST8000	97898308	View from Brooklyn to Manhattan	5887498705	[u'brooklyn', u'new york']
New York	[56054471, 23511896, 2459115, 12589342, 2347591, 12761343, 23424977, 56043648]	http://www.flickr.com/photos/48587703@N00/5887498991/			False	http://farm6.staticflickr.com/5195/5887498991_952f645a95.jpg	15	5420c7f8e22c8e309bbc526593dfc8a	jpg	reinholdbehringer	United States	2011-06-30T15:13:26Z	Attribution-NonCommercial-ShareAlike License	2011-06-29T15:08:30Z	OLYMPUS IMAGING CORP. uT8000,ST8000	74747904	View from Brooklyn to Manhattan	5887498991	[u'brooklyn', u'new york']
New York	[91801527, 2459115, 12589335, 2347591, 12761742, 23424977, 56204680, 56043648]	http://www.flickr.com/photos/48587703@N00/5887499317/			False	http://farm6.staticflickr.com/5071/5887499317_37b419dee2.jpg	16	fd65c8fe1bba86b78cc866da650d59	jpg	reinholdbehringer	United States	2011-06-30T15:13:33Z	Attribution-NonCommercial-ShareAlike License	2011-06-29T16:30:35Z	OLYMPUS IMAGING CORP. uT8000,ST8000	83530717	Bus Stop, Brooklyn, Neptune Ave	5887499317	[u'brooklyn', u'new york']
New York	[91801527, 23682693, 91983031, 2459115, 12589335, 2347591, 12761752, 23424977, 56043648]	http://www.flickr.com/photos/48587703@N00/5887500569/			False	http://farm7.staticflickr.com/6031/5887500569_197b6d584e.jpg	17	201e984237ba944d5f28d7efc9d41c	jpg	reinholdbehringer	United States	2011-06-30T15:14:00Z	Attribution-NonCommercial-ShareAlike License	2011-06-29T17:23:26Z	OLYMPUS IMAGING CORP. uT8000,ST8000	84850433	Brighton Beach Ave	5887500569	[u'brooklyn', u'new york']
New York	[23682693, 91801527, 91983031, 2459115, 12589335, 2347591, 12761752, 23424977, 56043648]	http://www.flickr.com/photos/48587703@N00/5887500829/			False	http://farm6.staticflickr.com/5308/5887500829_1c9e2d376f.jpg	17	5e60964dbe481986843d48fe522f8d9f	jpg	reinholdbehringer	United States	2011-06-30T15:14:06Z	Attribution-NonCommercial-ShareAlike License	2011-06-29T17:25:18Z	OLYMPUS IMAGING CORP. uT8000,ST8000	99853815	Brighton Beach Ave	5887500829	[u'brooklyn', u'new york']
New York	[91801527, 23682693, 91983031, 2459115, 12589335, 2347591, 12761752, 23424977, 56043648]	http://www.flickr.com/photos/48587703@N00/5888067682/			False	http://farm6.staticflickr.com/5261/5888067682_ddc90eb4b1.jpg	17	1d6f976edadff868ca1ea8314e9c58e7	jpg	reinholdbehringer	United States	2011-06-30T15:14:11Z	Attribution-NonCommercial-ShareAlike License	2011-06-29T17:29:21Z	OLYMPUS IMAGING CORP. uT8000,ST8000	86213551	Brighton Beach Ave	5888067682	[u'brooklyn', u'new york']
New York	[91801527, 91983031, 2459115, 12589335, 2347591, 12761752, 23424977, 56204801, 56043648]	http://www.flickr.com/photos/48587703@N00/5888067988/			False	http://farm6.staticflickr.com/5023/5888067988_03368fd4a4.jpg	17	58c073ce53d5c27db4af33f2fad6652	jpg	reinholdbehringer	United States	2011-06-30T15:14:17Z	Attribution-NonCommercial-ShareAlike License	2011-06-29T17:33:31Z	OLYMPUS IMAGING CORP. uT8000,ST8000	31433317	Subway Station Brighton Beach Ave	5888067988	[u'brooklyn', u'new york']
New York	[91801527, 91983031, 2459115, 12589335, 2347591, 12761752, 23424977, 56204801, 56043648]	http://www.flickr.com/photos/48587703@N00/5887501553/			False	http://farm6.staticflickr.com/5239/5887501553_273a32ef4a.jpg	17	28b8196587565592fb9d8762af6b5ef6	jpg	reinholdbehringer	United States	2011-06-30T15:14:23Z	Attribution-NonCommercial-ShareAlike License	2011-06-29T17:33:51Z	OLYMPUS IMAGING CORP. uT8000,ST8000	70116675	Subway Station Brighton Beach Ave	5887501553	[u'brooklyn', u'new york']
New York	[91801527, 91983031, 2459115, 12589335, 2347591, 12761752, 23424977, 56204801, 56043648]	http://www.flickr.com/photos/48587703@N00/5887501783/			False	http://farm6.staticflickr.com/5240/5887501783_1899dda474.jpg	17	b26aee8ff4478f26ec7e79589b87b4aa	jpg	reinholdbehringer	United States	2011-06-30T15:14:29Z	Attribution-NonCommercial-ShareAlike License	2011-06-29T17:36:41Z	OLYMPUS IMAGING CORP. uT8000,ST8000	77574180	Subway Station Brighton Beach Ave	5887501783	[u'brooklyn', u'new york']
New York	[91801527, 91983031, 2459115, 12589335, 2347591, 12761752, 23424977, 56204801, 56043648]	http://www.flickr.com/photos/48587703@N00/5887502037/			False	http://farm6.staticflickr.com/5303/5887502037_02cbd22f6f.jpg	17	7162541a26d6d5249272762d84599a2	jpg	reinholdbehringer	United States	2011-06-30T15:14:35Z	Attribution-NonCommercial-ShareAlike License	2011-06-29T17:40:33Z	OLYMPUS IMAGING CORP. uT8000,ST8000	8721961	Subway Station Brighton Beach Ave	5887502037	[u'brooklyn', u'new york']
New York	[91801527, 91983031, 2384115, 2459115, 12589335, 2347591, 12761742, 23424977, 56043648]	http://www.flickr.com/photos/48587703@N00/5888069006/			False	http://farm6.staticflickr.com/5072/5888069006_e8ab014453.jpg	17	dae25ba3c6fa252189e9616f384f95c	jpg	reinholdbehringer	United States	2011-06-30T15:14:40Z	Attribution-NonCommercial-ShareAlike License	2011-06-29T17:42:17Z	OLYMPUS IMAGING CORP. uT8000,ST8000	92643921	In Subway	5888069006	[u'brooklyn', u'new york']
New York	[91801527, 2459115, 12589335, 2347591, 12761742, 23424977, 56204680, 56043648]	http://www.flickr.com/photos/48587703@N00/5888069250/			False	http://farm6.staticflickr.com/5108/5888069250_2494d4fbbc.jpg	17	e7354bd2c89540297c416a744fdf687	jpg	reinholdbehringer	United States	2011-06-30T15:14:46Z	Attribution-NonCommercial-ShareAlike License	2011-06-29T17:42:39Z	OLYMPUS IMAGING CORP. uT8000,ST8000	97748084	In Subway	5888069250	[u'brooklyn', u'new york']
New York	[91801527, 2459115, 12589335, 2347591, 12761742, 23424977, 56204680, 56043648]	http://www.flickr.com/photos/48587703@N00/5888069644/			False	http://farm6.staticflickr.com/5199/5888069644_78f61a0071.jpg	17	1374a5808fd7981c3b718cafe7753	jpg	reinholdbehringer	United States	2011-06-30T15:14:55Z	Attribution-NonCommercial-ShareAlike License	2011-06-29T17:42:43Z	OLYMPUS IMAGING CORP. uT8000,ST8000	60659846	In Subway	5888069644	[u'brooklyn', u'new york']
New York	[91801527, 28746217, 56203634, 2459115, 12589335, 2347591, 12761733, 23424977, 56043648]	http://www.flickr.com/photos/48587703@N00/5888069882/			False	http://farm6.staticflickr.com/5271/5888069882_8219fccbe3.jpg	18	ce7fe16c90368e5d79f9ccfa12dff3b	jpg	reinholdbehringer	United States	2011-06-30T15:15:01Z	Attribution-NonCommercial-ShareAlike License	2011-06-29T18:15:56Z	OLYMPUS IMAGING CORP. uT8000,ST8000	79468556	Pep Boys, Brooklyn	5888069882	[u'brooklyn', u'new york']
New York	[91801527, 56203634, 28746217, 2459115, 12589335, 2347591, 12761733, 23424977, 56043648]	http://www.flickr.com/photos/48587703@N00/5888070172/			False	http://farm6.staticflickr.com/5064/5888070172_26684ffaba.jpg	19	45cd37f869ce513242220256e5ebab3	jpg	reinholdbehringer	United States	2011-06-30T15:15:06Z	Attribution-NonCommercial-ShareAlike License	2011-06-29T19:02:54Z	OLYMPUS IMAGING CORP. uT8000,ST8000	62035831	Old Derilict Building in Brooklyn	5888070172	[u'brooklyn', u'new york']
New York	[91801527, 56203634, 28746217, 2459115, 12589335, 2347591, 12761733, 23424977, 56043648]	http://www.flickr.com/photos/48587703@N00/5888070400/			False	http://farm6.staticflickr.com/5270/5888070400_3c1f3d2f65.jpg	19	eaa5c862166abd3e81ce93209639cea4	jpg	reinholdbehringer	United States	2011-06-30T15:15:12Z	Attribution-NonCommercial-ShareAlike License	2011-06-29T19:04:23Z	OLYMPUS IMAGING CORP. uT8000,ST8000	96995169	Old Derilict Building in Brooklyn	5888070400	[u'brooklyn', u'new york']
New York	[91801527, 28746217, 56203634, 2459115, 12589335, 2347591, 12761733, 23424977, 56043648]	http://www.flickr.com/photos/48587703@N00/5888070602/			False	http://farm6.staticflickr.com/5199/5888070602_ccc6da0212.jpg	19	d2fc9fa4e6a76cbce7a1fcd5b3555d	jpg	reinholdbehringer	United States	2011-06-30T15:15:17Z	Attribution-NonCommercial-ShareAlike License	2011-06-29T19:04:57Z	OLYMPUS IMAGING CORP. uT8000,ST8000	92320951	Whole Foods Market Construction in Brooklyn	5888070602	[u'brooklyn', u'new york']
New York	[91801527, 23678084, 91982379, 2459115, 12589335, 2347591, 12761735, 23424977, 56043648]	http://www.flickr.com/photos/48587703@N00/5888070832/			False	http://farm7.staticflickr.com/6022/5888070832_1422037294.jpg	19	a18336a88a749e82cea366fb972999a9	jpg	reinholdbehringer	United States	2011-06-30T15:15:22Z	Attribution-NonCommercial-ShareAlike License	2011-06-29T19:05:36Z	OLYMPUS IMAGING CORP. uT8000,ST8000	98937143	Williamsburgh Bank Tower, Brooklyn	5888070832	[u'brooklyn', u'new york']
New York	[23678084, 91801527, 91982379, 2459115, 12589335, 2347591, 12761735, 23424977, 56043648]	http://www.flickr.com/photos/48587703@N00/5887504111/			False	http://farm6.staticflickr.com/5116/5887504111_7bdc660deb.jpg	19	d0e0f4ee71a8dd1927c2b3ae2ce33de9	jpg	reinholdbehringer	United States	2011-06-30T15:15:26Z	Attribution-NonCommercial-ShareAlike License	2011-06-29T19:05:44Z	OLYMPUS IMAGING CORP. uT8000,ST8000	77099911	Williamsburgh Bank tower, Brooklyn	5887504111	[u'brooklyn', u'new york']
New York	[91801527, 56203634, 28746217, 2459115, 12589335, 2347591, 12761733, 23424977, 56043648]	http://www.flickr.com/photos/48587703@N00/5888071246/			False	http://farm6.staticflickr.com/5156/5888071246_31759d0923.jpg	19	7f7be544328465eaf7d105bf49b4595	jpg	reinholdbehringer	United States	2011-06-30T15:15:32Z	Attribution-NonCommercial-ShareAlike License	2011-06-29T19:06:12Z	OLYMPUS IMAGING CORP. uT8000,ST8000	3900538	Old Derilict Building in Brooklyn	5888071246	[u'brooklyn', u'new york']
New York	[91801527, 28746217, 56203634, 2459115, 12589335, 2347591, 12761733, 23424977, 56043648]	http://www.flickr.com/photos/48587703@N00/5887504667/			False	http://farm6.staticflickr.com/5200/5887504667_b9d1d1fa0b.jpg	19	9a38f58c1951a32af67849b485af9	jpg	reinholdbehringer	United States	2011-06-30T15:15:40Z	Attribution-NonCommercial-ShareAlike License	2011-06-29T19:06:35Z	OLYMPUS IMAGING CORP. uT8000,ST8000	67781221	Old Derilict Building in Brooklyn	5887504667	[u'brooklyn', u'new york']
New York	[91801527, 28746217, 2459115, 12589335, 2347591, 12761735, 23424977, 56204809, 56043648]	http://www.flickr.com/photos/48587703@N00/5888071858/			False	http://farm7.staticflickr.com/6043/5888071858_ab79bc3af1.jpg	19	bf2586a8cf832e664db808b1943ebc5	jpg	reinholdbehringer	United States	2011-06-30T15:15:46Z	Attribution-NonCommercial-ShareAlike License	2011-06-29T19:07:07Z	OLYMPUS IMAGING CORP. uT8000,ST8000	53007440	Old Derilict Building in Brooklyn	5888071858	[u'brooklyn', u'new york']
New York	[91801527, 28746217, 2459115, 12589335, 2347591, 12761735, 23424977, 56204809, 56043648]	http://www.flickr.com/photos/48587703@N00/5888072054/			False	http://farm6.staticflickr.com/5111/5888072054_d3cc6537f0.jpg	19	c11d33be32648d2458c1d16b7b9059	jpg	reinholdbehringer	United States	2011-06-30T15:15:51Z	Attribution-NonCommercial-ShareAlike License	2011-06-29T19:07:49Z	OLYMPUS IMAGING CORP. uT8000,ST8000	81613808	Old Derilict Building in Brooklyn	5888072054	[u'brooklyn', u'new york']
New York	[91801527, 28746217, 2459115, 12589335, 2347591, 12761735, 23424977, 56204809, 56043648]	http://www.flickr.com/photos/48587703@N00/5887505279/			False	http://farm6.staticflickr.com/5268/5887505279_e84c311eb4.jpg	19	20dabde57b6bfc2985ad854a5ea7aad9	jpg	reinholdbehringer	United States	2011-06-30T15:15:56Z	Attribution-NonCommercial-ShareAlike License	2011-06-29T19:09:22Z	OLYMPUS IMAGING CORP. uT8000,ST8000	95652093	Industrial Brooklyn	5887505279	[u'brooklyn', u'new york']
New York	[91801527, 28746217, 2459115, 12589335, 2347591, 12761735, 23424977, 56204809, 56043648]	http://www.flickr.com/photos/48587703@N00/5887505493/			False	http://farm6.staticflickr.com/5155/5887505493_01410493d7.jpg	19	c0f5d4a57bc466498242815fe8809143	jpg	reinholdbehringer	United States	2011-06-30T15:16:01Z	Attribution-NonCommercial-ShareAlike License	2011-06-29T19:09:30Z	OLYMPUS IMAGING CORP. uT8000,ST8000	90924894	Industrial Brooklyn	5887505493	[u'brooklyn', u'new york']
New York	[91801527, 28746217, 2459115, 12589335, 2347591, 12761735, 23424977, 56204809, 56043648]	http://www.flickr.com/photos/48587703@N00/5887505711/			False	http://farm6.staticflickr.com/5200/5887505711_36f01b6b13.jpg	19	bba5287b176e1dac7df6bd4db9a55	jpg	reinholdbehringer	United States	2011-06-30T15:16:07Z	Attribution-NonCommercial-ShareAlike License	2011-06-29T19:14:50Z	OLYMPUS IMAGING CORP. uT8000,ST8000	90851934	Industrial Brooklyn	5887505711	[u'brooklyn', u'new york']
New York	[91801527, 28746217, 2459115, 12589335, 2347591, 12761735, 23424977, 56204809, 56043648]	http://www.flickr.com/photos/48587703@N00/5888072926/			False	http://farm6.staticflickr.com/5199/5888072926_1ef91a47df.jpg	19	7e52e8e6ce324cafc07e3d9ff0367ad	jpg	reinholdbehringer	United States	2011-06-30T15:16:13Z	Attribution-NonCommercial-ShareAlike License	2011-06-29T19:16:25Z	OLYMPUS IMAGING CORP. uT8000,ST8000	93833848	Industrial Brooklyn	5888072926	[u'brooklyn', u'new york']
New York	[91801527, 28746217, 2459115, 12589335, 2347591, 12761735, 23424977, 56204809, 56043648]	http://www.flickr.com/photos/48587703@N00/5887506223/			False	http://farm7.staticflickr.com/6046/5887506223_98aa9f17e1.jpg	19	4ff0901f371a50531d10f5c05deb3a61	jpg	reinholdbehringer	United States	2011-06-30T15:16:18Z	Attribution-NonCommercial-ShareAlike License	2011-06-29T19:16:58Z	OLYMPUS IMAGING CORP. uT8000,ST8000	71737225	Industrial Brooklyn	5887506223	[u'brooklyn', u'new york']
New York	[91801527, 28746217, 2459115, 12589335, 2347591, 12761735, 23424977, 56204809, 56043648]	http://www.flickr.com/photos/48587703@N00/5888073334/			False	http://farm7.staticflickr.com/6002/5888073334_b8cbdfaa00.jpg	19	a09cbf91b6d591f6f2a2b27b1f5a8e	jpg	reinholdbehringer	United States	2011-06-30T15:16:22Z	Attribution-NonCommercial-ShareAlike License	2011-06-29T19:17:16Z	OLYMPUS IMAGING CORP. uT8000,ST8000	5405855	Industrial Brooklyn	5888073334	[u'brooklyn', u'new york']
New York	[91801527, 28746217, 2459115, 12589335, 2347591, 12761735, 23424977, 56204809, 56043648]	http://www.flickr.com/photos/48587703@N00/5887506645/			False	http://farm6.staticflickr.com/5320/5887506645_e5b8b50bf0.jpg	19	15d0148bd1a4403eb9f89b598f26893b	jpg	reinholdbehringer	United States	2011-06-30T15:16:28Z	Attribution-NonCommercial-ShareAlike License	2011-06-29T19:17:46Z	OLYMPUS IMAGING CORP. uT8000,ST8000	74763256	Brooklyn	5887506645	[u'brooklyn', u'new york']
New York	[91801527, 28746217, 2459115, 12589335, 2347591, 12761735, 23424977, 56204809, 56043648]	http://www.flickr.com/photos/48587703@N00/5888073818/			False	http://farm7.staticflickr.com/6039/5888073818_c074255027.jpg	19	c2dee3c56b537f7a5f1a3eb16c39813	jpg	reinholdbehringer	United States	2011-06-30T15:16:34Z	Attribution-NonCommercial-ShareAlike License	2011-06-29T19:17:49Z	OLYMPUS IMAGING CORP. uT8000,ST8000	92554022	Brooklyn	5888073818	[u'brooklyn', u'new york']
New York	[91801527, 28746217, 2459115, 12589335, 2347591, 12761735, 23424977, 56204809, 56043648]	http://www.flickr.com/photos/48587703@N00/5887516021/			False	http://farm7.staticflickr.com/6058/5887516021_fa1868f1ca.jpg	19	d660bb2c5da71fb8a76d662fd96193f	jpg	reinholdbehringer	United States	2011-06-30T15:20:07Z	Attribution-NonCommercial-ShareAlike License	2011-06-29T19:18:20Z	OLYMPUS IMAGING CORP. uT8000,ST8000	76466448	Zebra Ford	5887516021	[u'brooklyn', u'new york']
New York	[91801527, 28746217, 2459115, 12589335, 2347591, 12761735, 23424977, 56204809, 56043648]	http://www.flickr.com/photos/48587703@N00/5888083278/			False	http://farm7.staticflickr.com/6022/5888083278_fdac8e5e7e.jpg	19	8fdb86c69bc912f77a346495dc90d2	jpg	reinholdbehringer	United States	2011-06-30T15:20:12Z	Attribution-NonCommercial-ShareAlike License	2011-06-29T19:18:43Z	OLYMPUS IMAGING CORP. uT8000,ST8000	45723887	Stationwagon	5888083278	[u'brooklyn', u'new york']
New York	[28746217, 2459115, 12589335, 2347591, 23424977, 56204804, 56043648]	http://www.flickr.com/photos/48587703@N00/5887516485/			False	http://farm7.staticflickr.com/6052/5887516485_7c962b6250.jpg	19	5f9cb3bc37a618b1e886e7699c545a	jpg	reinholdbehringer	United States	2011-06-30T15:20:18Z	Attribution-NonCommercial-ShareAlike License	2011-06-29T19:19:34Z	OLYMPUS IMAGING CORP. uT8000,ST8000	19900769	Stone Masonry	5887516485	[u'brooklyn', u'new york']
New York	[28746217, 2459115, 12589335, 2347591, 23424977, 56204804, 56043648]	http://www.flickr.com/photos/48587703@N00/5888083736/			False	http://farm7.staticflickr.com/6035/5888083736_cce5cd3d0a.jpg	19	8ec9404c629c511ebc482a2e51bec36	jpg	reinholdbehringer	United States	2011-06-30T15:20:23Z	Attribution-NonCommercial-ShareAlike License	2011-06-29T19:20:29Z	OLYMPUS IMAGING CORP. uT8000,ST8000	84462306	Open Door	5888083736	[u'brooklyn', u'new york']
New York	[91801527, 28746217, 2459115, 12589335, 2347591, 12761735, 23424977, 56204809, 56043648]	http://www.flickr.com/photos/48587703@N00/5888083980/			False	http://farm6.staticflickr.com/5040/5888083980_e104f8709b.jpg	19	be6e1809411bcfaab2166a8631df831	jpg	reinholdbehringer	United States	2011-06-30T15:20:29Z	Attribution-NonCommercial-ShareAlike License	2011-06-29T19:20:59Z	OLYMPUS IMAGING CORP. uT8000,ST8000	64911393	Industrial Brooklyn	5888083980	[u'brooklyn', u'new york']
New York	[91801527, 28746217, 56203634, 2459115, 12589335, 2347591, 12761733, 23424977, 56043648]	http://www.flickr.com/photos/48587703@N00/5887517213/			False	http://farm6.staticflickr.com/5030/5887517213_756950a373.jpg	19	bd1e2b83734aa3c3d63937aabf217d	jpg	reinholdbehringer	United States	2011-06-30T15:20:34Z	Attribution-NonCommercial-ShareAlike License	2011-06-29T19:22:23Z	OLYMPUS IMAGING CORP. uT8000,ST8000	62814870	Whole Foods Market Construction in Brooklyn	5887517213	[u'brooklyn', u'new york']
New York	[91801527, 28746217, 56203634, 2459115, 12589335, 2347591, 12761733, 23424977, 56043648]	http://www.flickr.com/photos/48587703@N00/5888084396/			False	http://farm7.staticflickr.com/6026/5888084396_9452c5249b.jpg	19	95f675be359d7ccc711af849b412538e	jpg	reinholdbehringer	United States	2011-06-30T15:20:40Z	Attribution-NonCommercial-ShareAlike License	2011-06-29T19:22:49Z	OLYMPUS IMAGING CORP. uT8000,ST8000	87658698	Jeep Wrangler	5888084396	[u'brooklyn', u'new york']
New York	[91801527, 28746217, 2459115, 12589335, 2347591, 12761735, 23424977, 56204809, 56043648]	http://www.flickr.com/photos/48587703@N00/5888084640/			False	http://farm6.staticflickr.com/5103/5888084640_a64994817c.jpg	19	3a409c9584dd19f881639b2e922a95ae	jpg	reinholdbehringer	United States	2011-06-30T15:20:45Z	Attribution-NonCommercial-ShareAlike License	2011-06-29T19:36:11Z	OLYMPUS IMAGING CORP. uT8000,ST8000	55750786	Brooklyn, 4th Avenue	5888084640	[u'brooklyn', u'new york']
New York	[28746217, 56203637, 2459115, 12589335, 2347591, 23424977, 56043648]	http://www.flickr.com/photos/48587703@N00/5887517985/			False	http://farm6.staticflickr.com/5068/5887517985_4b68d4156f.jpg	19	22d5d4ca7d48119d0c082e045acb6d	jpg	reinholdbehringer	United States	2011-06-30T15:20:51Z	Attribution-NonCommercial-ShareAlike License	2011-06-29T19:38:19Z	OLYMPUS IMAGING CORP. uT8000,ST8000	64793771	Brooklyn, 4th Avenue	5887517985	[u'brooklyn', u'new york']
New York	[28746217, 56203637, 2459115, 12589335, 2347591, 23424977, 56043648]	http://www.flickr.com/photos/48587703@N00/5888085142/			False	http://farm6.staticflickr.com/5159/5888085142_5333f23fee.jpg	19	6fe96431e3a736fb10c12657881d5cdd	jpg	reinholdbehringer	United States	2011-06-30T15:20:57Z	Attribution-NonCommercial-ShareAlike License	2011-06-29T19:38:23Z	OLYMPUS IMAGING CORP. uT8000,ST8000	64022751	Brooklyn, 4th Avenue	5888085142	[u'brooklyn', u'new york']
New York	[28746217, 56203637, 2459115, 12589335, 2347591, 23424977, 56043648]	http://www.flickr.com/photos/48587703@N00/5888085350/			False	http://farm7.staticflickr.com/6040/5888085350_ba8fd70088.jpg	19	aaffa056f25bfd2474e38250c3aa8257	jpg	reinholdbehringer	United States	2011-06-30T15:21:02Z	Attribution-NonCommercial-ShareAlike License	2011-06-29T19:39:53Z	OLYMPUS IMAGING CORP. uT8000,ST8000	69050055	Brooklyn, 4th Avenue	5888085350	[u'brooklyn', u'new york']
New York	[23678084, 91801527, 91982379, 2459115, 12589335, 2347591, 12761735, 23424977, 56043648]	http://www.flickr.com/photos/48587703@N00/5887518781/			False	http://farm6.staticflickr.com/5187/5887518781_11358ffb3c.jpg	19	fdf7e8fba377b5729583a85ff678a	jpg	reinholdbehringer	United States	2011-06-30T15:21:08Z	Attribution-NonCommercial-ShareAlike License	2011-06-29T19:51:58Z	OLYMPUS IMAGING CORP. uT8000,ST8000	91671307	Brooklyn, Williamsburgh Bank Tower	5887518781	[u'brooklyn', u'new york']
New York	[23678084, 91801527, 91982379, 2459115, 12589335, 2347591, 12761735, 23424977, 56043648]	http://www.flickr.com/photos/48587703@N00/5888085862/			False	http://farm6.staticflickr.com/5023/5888085862_8c358bf580.jpg	19	86c40ef689fa8c8a28f728a7256e3	jpg	reinholdbehringer	United States	2011-06-30T15:21:14Z	Attribution-NonCommercial-ShareAlike License	2011-06-29T19:52:37Z	OLYMPUS IMAGING CORP. uT8000,ST8000	80518095	Brooklyn, Atlantic Ave	5888085862	[u'brooklyn', u'new york']
New York	[23678084, 91801527, 91982379, 2459115, 12589335, 2347591, 12761735, 23424977, 56043648]	http://www.flickr.com/photos/48587703@N00/5888086212/			False	http://farm7.staticflickr.com/6045/5888086212_72b47b20a4.jpg	19	1452bd72a61e65e857935adcc6bee311	jpg	reinholdbehringer	United States	2011-06-30T15:21:23Z	Attribution-NonCommercial-ShareAlike License	2011-06-29T19:52:50Z	OLYMPUS IMAGING CORP. uT8000,ST8000	76878203	Brooklyn, Williamsburgh Bank Tower	5888086212	[u'brooklyn', u'new york']
New York	[23617045, 28751381, 2459115, 12589342, 2347591, 12761367, 23424977, 56043648]	http://www.flickr.com/photos/48587703@N00/5888199530/			False	http://farm6.staticflickr.com/5278/5888199530_e081f03d6a.jpg	20	1d4a79572d31e11389dfb33b38ac785e	jpg	reinholdbehringer	United States	2011-06-30T16:02:36Z	Attribution-NonCommercial-ShareAlike License	2011-06-29T20:44:31Z	OLYMPUS IMAGING CORP. uT8000,ST8000	23056116	In Manhattan	5888199530	[u'manhattan', u'new york']
New York	[23617045, 28751381, 2459115, 12589342, 2347591, 12761367, 23424977, 56043648]	http://www.flickr.com/photos/48587703@N00/5888199856/			False	http://farm7.staticflickr.com/6034/5888199856_269943c464.jpg	20	d77ff9249a6696789099b691af7ddf26	jpg	reinholdbehringer	United States	2011-06-30T16:02:44Z	Attribution-NonCommercial-ShareAlike License	2011-06-29T20:49:00Z	OLYMPUS IMAGING CORP. uT8000,ST8000	70039411	Times Square	5888199856	[u'manhattan', u'new york']
New York	[23617045, 28751381, 2459115, 12589342, 2347591, 12761367, 23424977, 56043648]	http://www.flickr.com/photos/48587703@N00/5887634043/			False	http://farm6.staticflickr.com/5104/5887634043_a787698af0.jpg	20	5bafe730ab496f5258cb15879e4aed10	jpg	reinholdbehringer	United States	2011-06-30T16:02:50Z	Attribution-NonCommercial-ShareAlike License	2011-06-29T20:49:11Z	OLYMPUS IMAGING CORP. uT8000,ST8000	15075108	Times Square	5887634043	[u'manhattan', u'new york']
New York	[23617045, 28751381, 2459115, 12589342, 2347591, 12761367, 23424977, 56043648]	http://www.flickr.com/photos/48587703@N00/5888200326/			False	http://farm6.staticflickr.com/5032/5888200326_ae88e69c32.jpg	20	532262b4ccea3b1f9c1155c355b469c8	jpg	reinholdbehringer	United States	2011-06-30T16:02:54Z	Attribution-NonCommercial-ShareAlike License	2011-06-29T20:49:47Z	OLYMPUS IMAGING CORP. uT8000,ST8000	24345603	Times Square	5888200326	[u'manhattan', u'new york']
New York	[23617045, 28751381, 2459115, 12589342, 2347591, 12761367, 23424977, 56043648]	http://www.flickr.com/photos/48587703@N00/5887634487/			False	http://farm6.staticflickr.com/5120/5887634487_7d0069a69a.jpg	20	3fe496f3da786bfaa61b9432740aa38	jpg	reinholdbehringer	United States	2011-06-30T16:03:00Z	Attribution-NonCommercial-ShareAlike License	2011-06-29T20:50:01Z	OLYMPUS IMAGING CORP. uT8000,ST8000	69697183	Times Square	5887634487	[u'manhattan', u'new york']
New York	[23617045, 28751381, 2459115, 12589342, 2347591, 12761367, 23424977, 56043648]	http://www.flickr.com/photos/48587703@N00/5887634713/			False	http://farm7.staticflickr.com/6032/5887634713_98d9d920b4.jpg	20	7f5d96fed4d5f94c286f6dbf6fce9e4	jpg	reinholdbehringer	United States	2011-06-30T16:03:04Z	Attribution-NonCommercial-ShareAlike License	2011-06-29T20:50:16Z	OLYMPUS IMAGING CORP. uT8000,ST8000	22299599	Times Square	5887634713	[u'manhattan', u'new york']
New York	[23617045, 28751381, 2459115, 12589342, 2347591, 12761367, 23424977, 56043648]	http://www.flickr.com/photos/48587703@N00/5888201124/			False	http://farm6.staticflickr.com/5120/5888201124_f25d690dcc.jpg	20	94f6f6406e5448e4879c72164cf7e27b	jpg	reinholdbehringer	United States	2011-06-30T16:03:10Z	Attribution-NonCommercial-ShareAlike License	2011-06-29T20:51:47Z	OLYMPUS IMAGING CORP. uT8000,ST8000	75424447	Sumo Ringer	5888201124	[u'manhattan', u'new york']
New York	[23617045, 28751381, 2459115, 12589342, 2347591, 12761367, 23424977, 56043648]	http://www.flickr.com/photos/48587703@N00/5888201356/			False	http://farm7.staticflickr.com/6006/5888201356_bfe9c5cf6b.jpg	20	e8a7c3f95f286983f70eb4286b9de	jpg	reinholdbehringer	United States	2011-06-30T16:03:15Z	Attribution-NonCommercial-ShareAlike License	2011-06-29T20:52:07Z	OLYMPUS IMAGING CORP. uT8000,ST8000	87400863	Sumo Ringer	5888201356	[u'manhattan', u'new york']
New York	[23617045, 28751381, 2459115, 12589342, 2347591, 12761367, 23424977, 56043648]	http://www.flickr.com/photos/48587703@N00/5888201584/			False	http://farm6.staticflickr.com/5151/5888201584_d8ed8d5682.jpg	20	35b02d7f75c9a1214f6c538c9cbe9f7	jpg	reinholdbehringer	United States	2011-06-30T16:03:21Z	Attribution-NonCommercial-ShareAlike License	2011-06-29T20:52:15Z	OLYMPUS IMAGING CORP. uT8000,ST8000	50644541	Sumo Ringer	5888201584	[u'manhattan', u'new york']
New York	[23617045, 28751381, 2459115, 12589342, 2347591, 12761367, 23424977, 56043648]	http://www.flickr.com/photos/48587703@N00/5888201858/			False	http://farm7.staticflickr.com/6012/5888201858_05cdca098a.jpg	20	de8bbebd201e232d73aa550b7e38b	jpg	reinholdbehringer	United States	2011-06-30T16:03:26Z	Attribution-NonCommercial-ShareAlike License	2011-06-29T20:52:43Z	OLYMPUS IMAGING CORP. uT8000,ST8000	28640746	Sumo Ringer	5888201858	[u'manhattan', u'new york']
New York	[23617045, 28751381, 2459115, 12589342, 2347591, 12761367, 23424977, 56043648]	http://www.flickr.com/photos/48587703@N00/5887636051/			False	http://farm7.staticflickr.com/6038/5887636051_ae7209ac4d.jpg	20	40ae8538ee2cb360b6814d2b87e1b45c	jpg	reinholdbehringer	United States	2011-06-30T16:03:31Z	Attribution-NonCommercial-ShareAlike License	2011-06-29T20:52:52Z	OLYMPUS IMAGING CORP. uT8000,ST8000	59323593	Sumo Ringer	5887636051	[u'manhattan', u'new york']
New York	[91568307, 28751381, 2459115, 12589342, 2347591, 12761367, 23424977, 56043648]	http://www.flickr.com/photos/48587703@N00/5887636311/			False	http://farm6.staticflickr.com/5235/5887636311_edf0bebffd.jpg	20	57958e121279ac77da1a5089c47759ff	jpg	reinholdbehringer	United States	2011-06-30T16:03:37Z	Attribution-NonCommercial-ShareAlike License	2011-06-29T20:53:46Z	OLYMPUS IMAGING CORP. uT8000,ST8000	76868310	Times Square	5887636311	[u'manhattan', u'new york']
New York	[91568307, 28751381, 2459115, 12589342, 2347591, 12761367, 23424977, 56043648]	http://www.flickr.com/photos/48587703@N00/5888202756/			False	http://farm6.staticflickr.com/5028/5888202756_e87e933476.jpg	20	effaf84155c1f87b9a8a1cfe7044b8ee	jpg	reinholdbehringer	United States	2011-06-30T16:03:44Z	Attribution-NonCommercial-ShareAlike License	2011-06-29T20:53:54Z	OLYMPUS IMAGING CORP. uT8000,ST8000	67905235	Near Times Square	5888202756	[u'manhattan', u'new york']
New York	[91568307, 28751381, 2459115, 12589342, 2347591, 12761367, 23424977, 56043648]	http://www.flickr.com/photos/48587703@N00/5888203004/			False	http://farm6.staticflickr.com/5074/5888203004_9cfa5d658b.jpg	20	7a93c847abe4617d1ebe5b7a056a66d	jpg	reinholdbehringer	United States	2011-06-30T16:03:49Z	Attribution-NonCommercial-ShareAlike License	2011-06-29T20:54:47Z	OLYMPUS IMAGING CORP. uT8000,ST8000	75464961	Times Square	5888203004	[u'manhattan', u'new york']
New York	[91568307, 28751381, 2459115, 12589342, 2347591, 12761367, 23424977, 56043648]	http://www.flickr.com/photos/48587703@N00/5887637149/			False	http://farm7.staticflickr.com/6001/5887637149_2106e5a2d4.jpg	20	da8528dddeac9ed78e796ecc6eb4f2d	jpg	reinholdbehringer	United States	2011-06-30T16:03:55Z	Attribution-NonCommercial-ShareAlike License	2011-06-29T20:55:25Z	OLYMPUS IMAGING CORP. uT8000,ST8000	95966377	Times Square	5887637149	[u'manhattan', u'new york']
New York	[91568307, 28751381, 2459115, 12589342, 2347591, 12761367, 23424977, 56043648]	http://www.flickr.com/photos/48587703@N00/5887637447/			False	http://farm6.staticflickr.com/5156/5887637447_6167201f77.jpg	20	93538c8bd69f828a6419224b94e6a4f	jpg	reinholdbehringer	United States	2011-06-30T16:04:00Z	Attribution-NonCommercial-ShareAlike License	2011-06-29T20:56:03Z	OLYMPUS IMAGING CORP. uT8000,ST8000	84911305	Times Square	5887637447	[u'manhattan', u'new york']
New York	[91590853, 28751381, 2459115, 12589342, 2347591, 12761367, 23424977, 56043648]	http://www.flickr.com/photos/48587703@N00/5888203758/			False	http://farm7.staticflickr.com/6059/5888203758_dc75e5b81e.jpg	20	b14ff90e6437bcf1c16be193d7e5aaa	jpg	reinholdbehringer	United States	2011-06-30T16:04:06Z	Attribution-NonCommercial-ShareAlike License	2011-06-29T20:56:52Z	OLYMPUS IMAGING CORP. uT8000,ST8000	82567170	Filming at Times Square	5888203758	[u'manhattan', u'new york']
New York	[91568307, 28751381, 2459115, 12589342, 2347591, 12761367, 23424977, 56043648]	http://www.flickr.com/photos/48587703@N00/5888203996/			False	http://farm6.staticflickr.com/5068/5888203996_cbcd68c564.jpg	20	a34e356f61a0c52c872c73e44b5da90	jpg	reinholdbehringer	United States	2011-06-30T16:04:11Z	Attribution-NonCommercial-ShareAlike License	2011-06-29T20:57:28Z	OLYMPUS IMAGING CORP. uT8000,ST8000	99876326	Times Square	5888203996	[u'manhattan', u'new york']
New York	[91568307, 28751381, 2459115, 12589342, 2347591, 12761367, 23424977, 56043648]	http://www.flickr.com/photos/48587703@N00/5887638243/			False	http://farm6.staticflickr.com/5274/5887638243_d737e72298.jpg	20	38d27a399426597a38da201197c430	jpg	reinholdbehringer	United States	2011-06-30T16:04:16Z	Attribution-NonCommercial-ShareAlike License	2011-06-29T20:57:32Z	OLYMPUS IMAGING CORP. uT8000,ST8000	17475051	Times Square	5887638243	[u'manhattan', u'new york']
New York	[91568307, 28751381, 2459115, 12589342, 2347591, 12761367, 23424977, 56043648]	http://www.flickr.com/photos/48587703@N00/5888204600/			False	http://farm7.staticflickr.com/6039/5888204600_26a0e941f0.jpg	20	5e7010f3a85470dce1f2caca3b867a1a	jpg	reinholdbehringer	United States	2011-06-30T16:04:23Z	Attribution-NonCommercial-ShareAlike License	2011-06-29T20:57:39Z	OLYMPUS IMAGING CORP. uT8000,ST8000	36738845	Times Square	5888204600	[u'manhattan', u'new york']
New York	[91568307, 28751381, 2459115, 12589342, 2347591, 12761367, 23424977, 56043648]	http://www.flickr.com/photos/48587703@N00/5888204858/			False	http://farm7.staticflickr.com/6058/5888204858_362213a32f.jpg	20	2834487fcea6c21bad368a31ee4780	jpg	reinholdbehringer	United States	2011-06-30T16:04:28Z	Attribution-NonCommercial-ShareAlike License	2011-06-29T20:59:09Z	OLYMPUS IMAGING CORP. uT8000,ST8000	72353689	Times Square	5888204858	[u'manhattan', u'new york']
New York	[91568307, 28751381, 2459115, 12589342, 2347591, 12761367, 23424977, 56043648]	http://www.flickr.com/photos/48587703@N00/5887639067/			False	http://farm6.staticflickr.com/5070/5887639067_d7c4576773.jpg	20	f04b812f365dfb36092f5f198a24c34	jpg	reinholdbehringer	United States	2011-06-30T16:04:33Z	Attribution-NonCommercial-ShareAlike License	2011-06-29T20:59:20Z	OLYMPUS IMAGING CORP. uT8000,ST8000	90901216	In Manhattan	5887639067	[u'manhattan', u'new york']
New York	[91568307, 28751381, 2459115, 12589342, 2347591, 12761367, 23424977, 56043648]	http://www.flickr.com/photos/48587703@N00/5887639371/			False	http://farm6.staticflickr.com/5073/5887639371_62e7e0912d.jpg	21	8547f8969e7d2f11429a827d023bae0	jpg	reinholdbehringer	United States	2011-06-30T16:04:40Z	Attribution-NonCommercial-ShareAlike License	2011-06-29T21:00:21Z	OLYMPUS IMAGING CORP. uT8000,ST8000	63582309	In Manhattan	5887639371	[u'manhattan', u'new york']
New York	[91568307, 28751381, 2459115, 12589342, 2347591, 12761367, 23424977, 56043648]	http://www.flickr.com/photos/48587703@N00/5887639817/			False	http://farm6.staticflickr.com/5061/5887639817_43602c42b2.jpg	21	d0c39ed33691168c9b64deb9c258196	jpg	reinholdbehringer	United States	2011-06-30T16:04:48Z	Attribution-NonCommercial-ShareAlike License	2011-06-29T21:00:37Z	OLYMPUS IMAGING CORP. uT8000,ST8000	74865722	In Manhattan	5887639817	[u'manhattan', u'new york']
New York	[28288823, 28751381, 2459115, 12589342, 2347591, 23424977, 56043648]	http://www.flickr.com/photos/48587703@N00/5887640075/			False	http://farm6.staticflickr.com/5280/5887640075_6d7a05bb3f.jpg	21	792518a2a42d8cc4c469a22c9c0ac50	jpg	reinholdbehringer	United States	2011-06-30T16:04:54Z	Attribution-NonCommercial-ShareAlike License	2011-06-29T21:05:23Z	OLYMPUS IMAGING CORP. uT8000,ST8000	67588177	In Manhattan	5887640075	[u'manhattan', u'new york']
New York	[23682897, 28751381, 2459115, 12589342, 2347591, 12761351, 23424977, 56043648]	http://www.flickr.com/photos/48587703@N00/5888206254/			False	http://farm6.staticflickr.com/5306/5888206254_d4382dd649.jpg	21	6c90ab1490ccd7e61762de7cd6569eeb	jpg	reinholdbehringer	United States	2011-06-30T16:05:00Z	Attribution-NonCommercial-ShareAlike License	2011-06-29T21:05:27Z	OLYMPUS IMAGING CORP. uT8000,ST8000	50185563	In Manhattan	5888206254	[u'manhattan', u'new york']
New York	[23682897, 28751381, 2459115, 12589342, 2347591, 12761351, 23424977, 56043648]	http://www.flickr.com/photos/48587703@N00/5888206444/			False	http://farm7.staticflickr.com/6002/5888206444_29a9232744.jpg	21	e9152d7575a74dcbba53afc0f06959c	jpg	reinholdbehringer	United States	2011-06-30T16:05:04Z	Attribution-NonCommercial-ShareAlike License	2011-06-29T21:05:38Z	OLYMPUS IMAGING CORP. uT8000,ST8000	73700722	In Manhattan	5888206444	[u'manhattan', u'new york']
New York	[92123189, 28751381, 2459115, 12589342, 2347591, 12761350, 23424977, 56043648]	http://www.flickr.com/photos/48587703@N00/5888206726/			False	http://farm6.staticflickr.com/5312/5888206726_9401c8c6ff.jpg	21	1bad5db29487215af9345fc164ead5	jpg	reinholdbehringer	United States	2011-06-30T16:05:09Z	Attribution-NonCommercial-ShareAlike License	2011-06-29T21:15:16Z	OLYMPUS IMAGING CORP. uT8000,ST8000	43704892	In manhattan	5888206726	[u'manhattan', u'new york']
New York	[92121981, 28751381, 2459115, 12589342, 2347591, 12761367, 23424977, 56043648]	http://www.flickr.com/photos/48587703@N00/5887641211/			False	http://farm6.staticflickr.com/5188/5887641211_8bddae9363.jpg	21	b1d83dcf958cd9cf3239b7a9c19f4b7	jpg	reinholdbehringer	United States	2011-06-30T16:05:18Z	Attribution-NonCommercial-ShareAlike License	2011-06-29T21:19:04Z	OLYMPUS IMAGING CORP. uT8000,ST8000	68895646	Manhattan Midtown	5887641211	[u'manhattan', u'new york']
New York	[91586587, 28751381, 2459115, 12589342, 2347591, 12761367, 23424977, 56043648]	http://www.flickr.com/photos/48587703@N00/5887641447/			False	http://farm6.staticflickr.com/5076/5887641447_5b312ef4c9.jpg	21	ddc5502c42ecae49603cfbca7ce82d38	jpg	reinholdbehringer	United States	2011-06-30T16:05:22Z	Attribution-NonCommercial-ShareAlike License	2011-06-29T21:24:29Z	OLYMPUS IMAGING CORP. uT8000,ST8000	94990881	Manhattan Midtown	5887641447	[u'manhattan', u'new york']
New York	[91590799, 2459115, 12589342, 2347591, 12761349, 23424977, 56043648]	http://www.flickr.com/photos/48587703@N00/5887641739/			False	http://farm6.staticflickr.com/5104/5887641739_4d2e0f5cb8.jpg	21	dca9b50dbf6fbedd9bc549515cd72da	jpg	reinholdbehringer	United States	2011-06-30T16:05:28Z	Attribution-NonCommercial-ShareAlike License	2011-06-29T21:31:11Z	OLYMPUS IMAGING CORP. uT8000,ST8000	81377688	Manhattan	5887641739	[u'manhattan', u'new york']
New York	[23617734, 28751381, 2459115, 12589342, 2347591, 12761333, 23424977, 56043648]	http://www.flickr.com/photos/48587703@N00/5888207940/			False	http://farm6.staticflickr.com/5022/5888207940_e3e8da69b8.jpg	21	ff97937939c89960ddaac2baa2505b66	jpg	reinholdbehringer	United States	2011-06-30T16:05:34Z	Attribution-NonCommercial-ShareAlike License	2011-06-29T21:31:23Z	OLYMPUS IMAGING CORP. uT8000,ST8000	90881325	Manhattan	5888207940	[u'manhattan', u'new york']
New York	[91590799, 2459115, 12589342, 2347591, 12761349, 23424977, 56043648]	http://www.flickr.com/photos/48587703@N00/5888208218/			False	http://farm6.staticflickr.com/5188/5888208218_95b5a43774.jpg	21	a5461e2624668125b4682ae24765ac8	jpg	reinholdbehringer	United States	2011-06-30T16:05:40Z	Attribution-NonCommercial-ShareAlike License	2011-06-29T21:32:16Z	OLYMPUS IMAGING CORP. uT8000,ST8000	65070293	Bryant Square	5888208218	[u'manhattan', u'new york']
New York	[91653592, 2459115, 12589342, 2347591, 12761349, 23424977, 56043648]	http://www.flickr.com/photos/48587703@N00/5887642631/			False	http://farm6.staticflickr.com/5309/5887642631_503dcd558e.jpg	22	41537922747e68fe248aa1e55495d73	jpg	reinholdbehringer	United States	2011-06-30T16:05:46Z	Attribution-NonCommercial-ShareAlike License	2011-06-29T22:24:22Z	OLYMPUS IMAGING CORP. uT8000,ST8000	91907781	Manhattan	5887642631	[u'manhattan', u'new york']
New York	[56388928, 28751381, 2459115, 12589342, 2347591, 12761404, 23424977, 56043648]	http://www.flickr.com/photos/48587703@N00/5888208808/			False	http://farm7.staticflickr.com/6033/5888208808_4df41b8950.jpg	22	e86923c76d4bfb1e5e78f65b9e3ebd52	jpg	reinholdbehringer	United States	2011-06-30T16:05:52Z	Attribution-NonCommercial-ShareAlike License	2011-06-29T22:28:22Z	OLYMPUS IMAGING CORP. uT8000,ST8000	38789951	Empire State Building	5888208808	[u'manhattan', u'new york']
New York	[28751330, 28751381, 2459115, 12589342, 2347591, 23424977, 56043648]	http://www.flickr.com/photos/48587703@N00/5888209046/			False	http://farm6.staticflickr.com/5028/5888209046_efe7374df9.jpg	22	edd9ce29968387a26234266ba253bd87	jpg	reinholdbehringer	United States	2011-06-30T16:05:57Z	Attribution-NonCommercial-ShareAlike License	2011-06-29T22:28:26Z	OLYMPUS IMAGING CORP. uT8000,ST8000	79425407	Garbage	5888209046	[u'manhattan', u'new york']
New York	[28751330, 28751381, 2459115, 12589342, 2347591, 23424977, 56043648]	http://www.flickr.com/photos/48587703@N00/5888209336/			False	http://farm6.staticflickr.com/5066/5888209336_8c4e8ba3a7.jpg	22	1e8a2e7f841690539da7bc62a068b6e6	jpg	reinholdbehringer	United States	2011-06-30T16:06:03Z	Attribution-NonCommercial-ShareAlike License	2011-06-29T22:28:40Z	OLYMPUS IMAGING CORP. uT8000,ST8000	74448608	Garbage	5888209336	[u'manhattan', u'new york']
New York	[23684141, 28751381, 2459115, 12589342, 2347591, 12761333, 23424977, 56043648]	http://www.flickr.com/photos/48587703@N00/5887643683/			False	http://farm6.staticflickr.com/5072/5887643683_8e84107c05.jpg	22	aa45f3f3648352f761ff61823115f359	jpg	reinholdbehringer	United States	2011-06-30T16:06:08Z	Attribution-NonCommercial-ShareAlike License	2011-06-29T22:31:34Z	OLYMPUS IMAGING CORP. uT8000,ST8000	68870722	Pink Piano	5887643683	[u'manhattan', u'new york']
New York	[23684141, 28751381, 2459115, 12589342, 2347591, 12761333, 23424977, 56043648]	http://www.flickr.com/photos/48587703@N00/5887643985/			False	http://farm6.staticflickr.com/5068/5887643985_25c3f9fd4a.jpg	22	e3625f4a3fed39fa72f50aa8cdd22c8	jpg	reinholdbehringer	United States	2011-06-30T16:06:15Z	Attribution-NonCommercial-ShareAlike License	2011-06-29T22:31:46Z	OLYMPUS IMAGING CORP. uT8000,ST8000	9468380	Pink Piano	5887643985	[u'manhattan', u'new york']
New York	[23684141, 28751381, 2459115, 12589342, 2347591, 12761333, 23424977, 56043648]	http://www.flickr.com/photos/48587703@N00/5888210352/			False	http://farm7.staticflickr.com/6023/5888210352_5f4908b64c.jpg	22	b45636e32f5bd934bc93897d693eac9	jpg	reinholdbehringer	United States	2011-06-30T16:06:23Z	Attribution-NonCommercial-ShareAlike License	2011-06-29T22:32:01Z	OLYMPUS IMAGING CORP. uT8000,ST8000	86671356	Pink Piano	5888210352	[u'manhattan', u'new york']
New York	[56064102, 28751381, 2459115, 12589342, 2347591, 12761333, 23424977, 56043648]	http://www.flickr.com/photos/48587703@N00/5887644721/			False	http://farm6.staticflickr.com/5075/5887644721_7e4e273ec7.jpg	22	98115b9df5cdf98adca93d3477f1a74f	jpg	reinholdbehringer	United States	2011-06-30T16:06:30Z	Attribution-NonCommercial-ShareAlike License	2011-06-29T22:32:46Z	OLYMPUS IMAGING CORP. uT8000,ST8000	24888411	Manhattan	5887644721	[u'manhattan', u'new york']
New York	[23682857, 28751381, 2459115, 12589342, 2347591, 12761333, 23424977, 56043648]	http://www.flickr.com/photos/48587703@N00/5887644945/			False	http://farm6.staticflickr.com/5265/5887644945_3c5d0f4f3a.jpg	22	7c8f3d40a3ef2a2395f35569c0ce45b2	jpg	reinholdbehringer	United States	2011-06-30T16:06:35Z	Attribution-NonCommercial-ShareAlike License	2011-06-29T22:33:33Z	OLYMPUS IMAGING CORP. uT8000,ST8000	91445702	Manhattan	5887644945	[u'manhattan', u'new york']
New York	[23678061, 28751381, 2459115, 12589342, 2347591, 12761333, 23424977, 56043648]	http://www.flickr.com/photos/48587703@N00/5887645261/			False	http://farm7.staticflickr.com/6050/5887645261_65c5d30c9b.jpg	22	fa1e7277952841c976e3c158d465611	jpg	reinholdbehringer	United States	2011-06-30T16:06:41Z	Attribution-NonCommercial-ShareAlike License	2011-06-29T22:34:16Z	OLYMPUS IMAGING CORP. uT8000,ST8000	64974872	Macy's Department Store	5887645261	[u'manhattan', u'new york']
New York	[23678061, 28751381, 2459115, 12589342, 2347591, 12761333, 23424977, 56043648]	http://www.flickr.com/photos/48587703@N00/5888211432/			False	http://farm6.staticflickr.com/5234/5888211432_2eafcf93a7.jpg	22	597e5ba130fa2946fb82b48ddded51e6	jpg	reinholdbehringer	United States	2011-06-30T16:06:47Z	Attribution-NonCommercial-ShareAlike License	2011-06-29T22:34:19Z	OLYMPUS IMAGING CORP. uT8000,ST8000	5999142	Macy's Department Store	5888211432	[u'manhattan', u'new york']
New York	[56388426, 28751381, 2459115, 12589342, 2347591, 12761350, 23424977, 56043648]	http://www.flickr.com/photos/48587703@N00/5888211678/			False	http://farm6.staticflickr.com/5312/5888211678_52ce0ee88e.jpg	22	77eff36a65ad6a55118c615d74055	jpg	reinholdbehringer	United States	2011-06-30T16:06:53Z	Attribution-NonCommercial-ShareAlike License	2011-06-29T22:38:32Z	OLYMPUS IMAGING CORP. uT8000,ST8000	79353540	Subway Station in Manhattan	5888211678	[u'manhattan', u'new york']
