town_s	woe_is	urlpage_s	machine_ss	desc_ws	video_b	url_s	hour_i	hash_s	ext_s	user_s	country_s	upload_dt	license_s	taken_dt	device_s	line_i	title_s	id	tag_ss
New York	[56256857, 2459115, 12589342, 2347591, 23424977, 56043648]	http://www.flickr.com/photos/48587703@N00/5916829843/			False	http://farm7.staticflickr.com/6018/5916829843_bbfa29f27f.jpg	18	608d1044aa36174923accd7252ec17b	jpg	reinholdbehringer	United States	2011-07-09T01:55:09Z	Attribution-NonCommercial-ShareAlike License	2011-07-08T18:23:38Z	OLYMPUS IMAGING CORP. uT8000,ST8000	62240052	BMW 2002	5916829843	[u'bridge', u'new york', u'williamsburg']
New York	[55864586, 92059582, 2459115, 12589342, 2347591, 12761334, 23424977, 56043648]	http://www.flickr.com/photos/48587703@N00/5916829997/			False	http://farm7.staticflickr.com/6136/5916829997_e7ac1aac6a.jpg	18	c7b0fdd86113ab8cab2916ad4bf74111	jpg	reinholdbehringer	United States	2011-07-09T01:55:13Z	Attribution-NonCommercial-ShareAlike License	2011-07-08T18:41:20Z	OLYMPUS IMAGING CORP. uT8000,ST8000	63631776	Williamsburg Bridge	5916829997	[u'bridge', u'new york', u'williamsburg']
New York	[92059582, 55864586, 2459115, 12589342, 2347591, 12761334, 23424977, 56043648]	http://www.flickr.com/photos/48587703@N00/5917391194/			False	http://farm7.staticflickr.com/6136/5917391194_9e4ae24837.jpg	18	76587913175625fe24b348b98c60152	jpg	reinholdbehringer	United States	2011-07-09T01:55:18Z	Attribution-NonCommercial-ShareAlike License	2011-07-08T18:41:39Z	OLYMPUS IMAGING CORP. uT8000,ST8000	80769881	Williamsburg Bridge	5917391194	[u'bridge', u'new york', u'williamsburg']
New York	[92059582, 55864586, 2459115, 12589342, 2347591, 12761334, 23424977, 56043648]	http://www.flickr.com/photos/48587703@N00/5916830389/			False	http://farm7.staticflickr.com/6021/5916830389_5811e3b921.jpg	18	6b865510f2457c62ca2144fa845dd24d	jpg	reinholdbehringer	United States	2011-07-09T01:55:23Z	Attribution-NonCommercial-ShareAlike License	2011-07-08T18:41:53Z	OLYMPUS IMAGING CORP. uT8000,ST8000	74667627	Williamsburg Bridge	5916830389	[u'bridge', u'new york', u'williamsburg']
New York	[55864586, 92059582, 2459115, 12589342, 2347591, 12761334, 23424977, 56043648]	http://www.flickr.com/photos/48587703@N00/5916830577/			False	http://farm7.staticflickr.com/6142/5916830577_d9e5bdf242.jpg	18	6d1432d334b5aaea99ca1e86edfd9f3	jpg	reinholdbehringer	United States	2011-07-09T01:55:28Z	Attribution-NonCommercial-ShareAlike License	2011-07-08T18:43:01Z	OLYMPUS IMAGING CORP. uT8000,ST8000	2135521	Williamsburg Bridge	5916830577	[u'bridge', u'new york', u'williamsburg']
New York	[92059582, 55864586, 2459115, 12589342, 2347591, 12761334, 23424977, 56043648]	http://www.flickr.com/photos/48587703@N00/5917391732/			False	http://farm7.staticflickr.com/6020/5917391732_f36c4607b6.jpg	18	1979a3dac51cfeab43e60b48c0612d	jpg	reinholdbehringer	United States	2011-07-09T01:55:33Z	Attribution-NonCommercial-ShareAlike License	2011-07-08T18:43:21Z	OLYMPUS IMAGING CORP. uT8000,ST8000	94128327	Williamsburg Bridge	5917391732	[u'bridge', u'new york', u'williamsburg']
New York	[92059582, 55864586, 2459115, 12589342, 2347591, 12761334, 23424977, 56043648]	http://www.flickr.com/photos/48587703@N00/5916830975/			False	http://farm7.staticflickr.com/6003/5916830975_a2b118b105.jpg	18	d0c2f03349e4f1928b9963e85457ef4	jpg	reinholdbehringer	United States	2011-07-09T01:55:38Z	Attribution-NonCommercial-ShareAlike License	2011-07-08T18:50:22Z	OLYMPUS IMAGING CORP. uT8000,ST8000	62916441	Williamsburg Bridge	5916830975	[u'bridge', u'new york', u'williamsburg']
New York	[91801527, 91982835, 2459115, 12589335, 2347591, 12761765, 23424977, 56204763, 56043648]	http://www.flickr.com/photos/48587703@N00/5917392080/			False	http://farm7.staticflickr.com/6009/5917392080_14e5c3e552.jpg	18	c8d5705321a439ac5b504d644b8b2d32	jpg	reinholdbehringer	United States	2011-07-09T01:55:42Z	Attribution-NonCommercial-ShareAlike License	2011-07-08T18:50:37Z	OLYMPUS IMAGING CORP. uT8000,ST8000	72567832	Williamsburg Bridge	5917392080	[u'bridge', u'new york', u'williamsburg']
New York	[2459115, 12589342, 2347591, 12761334, 23424977, 56205043, 56043648]	http://www.flickr.com/photos/48587703@N00/5916831275/			False	http://farm7.staticflickr.com/6023/5916831275_76986621a7.jpg	18	821845483ed84d5f3812ce89d83d36aa	jpg	reinholdbehringer	United States	2011-07-09T01:55:47Z	Attribution-NonCommercial-ShareAlike License	2011-07-08T18:50:45Z	OLYMPUS IMAGING CORP. uT8000,ST8000	77934775	Williamsburg Bridge	5916831275	[u'bridge', u'new york', u'williamsburg']
New York	[2459115, 12589342, 2347591, 12761334, 23424977, 56205043, 56043648]	http://www.flickr.com/photos/48587703@N00/5917392464/			False	http://farm7.staticflickr.com/6134/5917392464_01ca51fa56.jpg	18	373b7080289c1d922061e6a36e2d1ed6	jpg	reinholdbehringer	United States	2011-07-09T01:55:52Z	Attribution-NonCommercial-ShareAlike License	2011-07-08T18:51:10Z	OLYMPUS IMAGING CORP. uT8000,ST8000	73330843	Williamsburg Bridge	5917392464	[u'bridge', u'new york', u'williamsburg']
New York	[2459115, 12589342, 2347591, 12761334, 23424977, 56205043, 56043648]	http://www.flickr.com/photos/48587703@N00/5916831615/			False	http://farm7.staticflickr.com/6022/5916831615_ae40ffc8a3.jpg	18	daca13a670b11ae0e9058bffe81463	jpg	reinholdbehringer	United States	2011-07-09T01:55:57Z	Attribution-NonCommercial-ShareAlike License	2011-07-08T18:51:21Z	OLYMPUS IMAGING CORP. uT8000,ST8000	86331256	Williamsburg Bridge	5916831615	[u'bridge', u'new york', u'williamsburg']
New York	[2459115, 12589342, 2347591, 12761334, 23424977, 56205043, 56043648]	http://www.flickr.com/photos/48587703@N00/5916831801/			False	http://farm7.staticflickr.com/6141/5916831801_8a7520dc45.jpg	18	e551329aec41cbb42ba1f34d111569	jpg	reinholdbehringer	United States	2011-07-09T01:56:02Z	Attribution-NonCommercial-ShareAlike License	2011-07-08T18:51:38Z	OLYMPUS IMAGING CORP. uT8000,ST8000	89035093	Williamsburg Bridge	5916831801	[u'bridge', u'new york', u'williamsburg']
New York	[2459115, 12589342, 2347591, 12761334, 23424977, 56205043, 56043648]	http://www.flickr.com/photos/48587703@N00/5916832871/			False	http://farm7.staticflickr.com/6145/5916832871_44309ed82d.jpg	18	e13262d5daf46bf29c59031a0aa1e3a	jpg	reinholdbehringer	United States	2011-07-09T01:56:30Z	Attribution-NonCommercial-ShareAlike License	2011-07-08T18:53:08Z	OLYMPUS IMAGING CORP. uT8000,ST8000	68112936	Williamsburg Bridge	5916832871	[u'bridge', u'new york', u'williamsburg']
New York	[2459115, 12589342, 2347591, 12761334, 23424977, 56205043, 56043648]	http://www.flickr.com/photos/48587703@N00/5917394588/			False	http://farm7.staticflickr.com/6013/5917394588_a8b6fe1ce3.jpg	18	3641f67f7cb7fda34a7bfb41175c5f0	jpg	reinholdbehringer	United States	2011-07-09T01:56:48Z	Attribution-NonCommercial-ShareAlike License	2011-07-08T18:53:12Z	OLYMPUS IMAGING CORP. uT8000,ST8000	70938710	Williamsburg Bridge	5917394588	[u'bridge', u'new york', u'williamsburg']
New York	[2459115, 12589342, 2347591, 12761334, 23424977, 56205043, 56043648]	http://www.flickr.com/photos/48587703@N00/5916833817/			False	http://farm7.staticflickr.com/6029/5916833817_aabec2141a.jpg	18	12b38390303ccbb49131fda0b03e5d32	jpg	reinholdbehringer	United States	2011-07-09T01:56:55Z	Attribution-NonCommercial-ShareAlike License	2011-07-08T18:54:06Z	OLYMPUS IMAGING CORP. uT8000,ST8000	873727	Williamsburg Bridge	5916833817	[u'bridge', u'new york', u'williamsburg']
New York	[2459115, 12589342, 2347591, 12761334, 23424977, 56205043, 56043648]	http://www.flickr.com/photos/48587703@N00/5916834017/			False	http://farm7.staticflickr.com/6021/5916834017_202ba8925b.jpg	18	27ab429b98c01bd20b67bb76dfdf832	jpg	reinholdbehringer	United States	2011-07-09T01:57:00Z	Attribution-NonCommercial-ShareAlike License	2011-07-08T18:54:11Z	OLYMPUS IMAGING CORP. uT8000,ST8000	83012172	Williamsburg Bridge	5916834017	[u'bridge', u'new york', u'williamsburg']
New York	[2459115, 12589342, 2347591, 12761334, 23424977, 56205043, 56043648]	http://www.flickr.com/photos/48587703@N00/5917395408/			False	http://farm7.staticflickr.com/6017/5917395408_2137e9dba4.jpg	18	a324146ac9addd762407bb4b8a4bb1	jpg	reinholdbehringer	United States	2011-07-09T01:57:10Z	Attribution-NonCommercial-ShareAlike License	2011-07-08T18:54:36Z	OLYMPUS IMAGING CORP. uT8000,ST8000	98534177	Williamsburg Bridge	5917395408	[u'bridge', u'new york', u'williamsburg']
New York	[23677868, 2459115, 12589335, 2347591, 23424977, 56043648]	http://www.flickr.com/photos/48587703@N00/5917395640/			False	http://farm7.staticflickr.com/6128/5917395640_bbd29f36c7.jpg	18	2e8ba32d276ac7328658abe2a39a414	jpg	reinholdbehringer	United States	2011-07-09T01:57:16Z	Attribution-NonCommercial-ShareAlike License	2011-07-08T18:55:43Z	OLYMPUS IMAGING CORP. uT8000,ST8000	18327613	Williamsburg Bridge	5917395640	[u'bridge', u'new york', u'williamsburg']
New York	[23677868, 2459115, 12589335, 2347591, 23424977, 56043648]	http://www.flickr.com/photos/48587703@N00/5917401014/			False	http://farm7.staticflickr.com/6127/5917401014_e5c1b0f366.jpg	18	95bf94be76466bf5cafcf09fc94744f	jpg	reinholdbehringer	United States	2011-07-09T01:59:44Z	Attribution-NonCommercial-ShareAlike License	2011-07-08T18:55:56Z	OLYMPUS IMAGING CORP. uT8000,ST8000	39699225	Williamsburg Bridge	5917401014	[u'bridge', u'new york', u'williamsburg']
New York	[23677868, 2459115, 12589335, 2347591, 23424977, 56043648]	http://www.flickr.com/photos/48587703@N00/5917401236/			False	http://farm7.staticflickr.com/6003/5917401236_0848ef4e60.jpg	18	495baaa4b7859e6901e9f46dcffff5d	jpg	reinholdbehringer	United States	2011-07-09T01:59:49Z	Attribution-NonCommercial-ShareAlike License	2011-07-08T18:56:05Z	OLYMPUS IMAGING CORP. uT8000,ST8000	78142870	Williamsburg Bridge	5917401236	[u'bridge', u'new york', u'williamsburg']
New York	[23677868, 2459115, 12589335, 2347591, 23424977, 56043648]	http://www.flickr.com/photos/48587703@N00/5917401438/			False	http://farm7.staticflickr.com/6014/5917401438_ca3e5c9fdd.jpg	18	fbbd7f5ef35ca8bd128a858863fa275	jpg	reinholdbehringer	United States	2011-07-09T01:59:54Z	Attribution-NonCommercial-ShareAlike License	2011-07-08T18:59:41Z	OLYMPUS IMAGING CORP. uT8000,ST8000	69538777	Williamsburg Bridge	5917401438	[u'bridge', u'new york', u'williamsburg']
New York	[91801527, 91982379, 2459115, 12589335, 2347591, 12761719, 23424977, 56205021, 56043648]	http://www.flickr.com/photos/48587703@N00/5916840853/			False	http://farm7.staticflickr.com/6149/5916840853_959ea51650.jpg	19	a04029c7ca6ca3191fa879aad5b837	jpg	reinholdbehringer	United States	2011-07-09T01:59:58Z	Attribution-NonCommercial-ShareAlike License	2011-07-08T19:00:13Z	OLYMPUS IMAGING CORP. uT8000,ST8000	73087829	Manhattan and Brooklyn Bridges	5916840853	[u'bridge', u'new york', u'williamsburg']
New York	[91801527, 91982835, 2459115, 12589335, 2347591, 12761740, 23424977, 56204970, 56043648]	http://www.flickr.com/photos/48587703@N00/5916841035/			False	http://farm7.staticflickr.com/6146/5916841035_cd6919486b.jpg	19	b8facf9aa9b393d0e3d0c0cb68d4c6	jpg	reinholdbehringer	United States	2011-07-09T02:00:03Z	Attribution-NonCommercial-ShareAlike License	2011-07-08T19:00:43Z	OLYMPUS IMAGING CORP. uT8000,ST8000	91265927	Subway on Williamsburg Bridge	5916841035	[u'bridge', u'new york', u'williamsburg']
New York	[91801527, 91982835, 2459115, 12589335, 2347591, 12761740, 23424977, 56204970, 56043648]	http://www.flickr.com/photos/48587703@N00/5917401976/			False	http://farm7.staticflickr.com/6122/5917401976_6d4974ff75.jpg	19	7de74520e161f6c18fbc40a14eceb8fb	jpg	reinholdbehringer	United States	2011-07-09T02:00:08Z	Attribution-NonCommercial-ShareAlike License	2011-07-08T19:01:19Z	OLYMPUS IMAGING CORP. uT8000,ST8000	83853750	Subway on Williamsburg Bridge	5917401976	[u'bridge', u'new york', u'williamsburg']
New York	[91801527, 91982835, 2459115, 12589335, 2347591, 12761740, 23424977, 56204970, 56043648]	http://www.flickr.com/photos/48587703@N00/5916841467/			False	http://farm7.staticflickr.com/6147/5916841467_d2fa717dcc.jpg	19	9ad9358464d5b47443e1a226c9db342	jpg	reinholdbehringer	United States	2011-07-09T02:00:13Z	Attribution-NonCommercial-ShareAlike License	2011-07-08T19:01:26Z	OLYMPUS IMAGING CORP. uT8000,ST8000	85926749	Subway on Williamsburg Bridge	5916841467	[u'bridge', u'new york', u'williamsburg']
New York	[91801527, 91982835, 2459115, 12589335, 2347591, 12761740, 23424977, 56204970, 56043648]	http://www.flickr.com/photos/48587703@N00/5917402356/			False	http://farm7.staticflickr.com/6025/5917402356_ff1eca26a7.jpg	19	a1523a2104a1592c755bcad7388437d	jpg	reinholdbehringer	United States	2011-07-09T02:00:18Z	Attribution-NonCommercial-ShareAlike License	2011-07-08T19:01:37Z	OLYMPUS IMAGING CORP. uT8000,ST8000	98105322	Subway on Williamsburg Bridge	5917402356	[u'bridge', u'new york', u'williamsburg']
New York	[91801527, 91982835, 2459115, 12589335, 2347591, 12761740, 23424977, 56204970, 56043648]	http://www.flickr.com/photos/48587703@N00/5917402542/			False	http://farm7.staticflickr.com/6005/5917402542_ea431fcb95.jpg	19	f2db7e74cb61da299d1ab1d637d46579	jpg	reinholdbehringer	United States	2011-07-09T02:00:23Z	Attribution-NonCommercial-ShareAlike License	2011-07-08T19:01:46Z	OLYMPUS IMAGING CORP. uT8000,ST8000	84282901	Subway on Williamsburg Bridge	5917402542	[u'bridge', u'new york', u'williamsburg']
New York	[91801527, 91982835, 2459115, 12589335, 2347591, 12761740, 23424977, 56204970, 56043648]	http://www.flickr.com/photos/48587703@N00/5917402724/			False	http://farm7.staticflickr.com/6146/5917402724_ea594ddab0.jpg	19	627b6f8a1a5a6a8eb4057845d9248	jpg	reinholdbehringer	United States	2011-07-09T02:00:28Z	Attribution-NonCommercial-ShareAlike License	2011-07-08T19:02:14Z	OLYMPUS IMAGING CORP. uT8000,ST8000	89444248	Williamsburg Bridge	5917402724	[u'bridge', u'new york', u'williamsburg']
New York	[91801527, 91982835, 2459115, 12589335, 2347591, 12761740, 23424977, 56204970, 56043648]	http://www.flickr.com/photos/48587703@N00/5917402932/			False	http://farm7.staticflickr.com/6136/5917402932_5600f616a1.jpg	19	21aab6970e9ddacc4c7a6a5ad42965	jpg	reinholdbehringer	United States	2011-07-09T02:00:33Z	Attribution-NonCommercial-ShareAlike License	2011-07-08T19:02:17Z	OLYMPUS IMAGING CORP. uT8000,ST8000	70764664	Williamsburg Bridge	5917402932	[u'bridge', u'new york', u'williamsburg']
New York	[91801527, 91982835, 2459115, 12589335, 2347591, 12761740, 23424977, 56204970, 56043648]	http://www.flickr.com/photos/48587703@N00/5916842377/			False	http://farm7.staticflickr.com/6017/5916842377_41a0aaa3c6.jpg	19	d6516ed5bce1f2536d4627987f9086	jpg	reinholdbehringer	United States	2011-07-09T02:00:37Z	Attribution-NonCommercial-ShareAlike License	2011-07-08T19:02:30Z	OLYMPUS IMAGING CORP. uT8000,ST8000	83396626	From Williamsburg Bridge	5916842377	[u'bridge', u'new york', u'williamsburg']
New York	[91801527, 91982835, 2459115, 12589335, 2347591, 12761740, 23424977, 56204970, 56043648]	http://www.flickr.com/photos/48587703@N00/5916842523/			False	http://farm7.staticflickr.com/6008/5916842523_cb82d39dc2.jpg	19	eaec239ecfde2a24556b16d0a0e58437	jpg	reinholdbehringer	United States	2011-07-09T02:00:42Z	Attribution-NonCommercial-ShareAlike License	2011-07-08T19:05:00Z	OLYMPUS IMAGING CORP. uT8000,ST8000	73145597	East River from Williamsburg Bridge	5916842523	[u'bridge', u'new york', u'williamsburg']
New York	[91801527, 91982835, 2459115, 12589335, 2347591, 12761765, 23424977, 56204763, 56043648]	http://www.flickr.com/photos/48587703@N00/5917403420/			False	http://farm7.staticflickr.com/6139/5917403420_c819556938.jpg	19	14ce9f4c4d86c93faa640bb194aed7	jpg	reinholdbehringer	United States	2011-07-09T02:00:46Z	Attribution-NonCommercial-ShareAlike License	2011-07-08T19:06:25Z	OLYMPUS IMAGING CORP. uT8000,ST8000	79181233	From Williamsburg Bridge	5917403420	[u'bridge', u'new york', u'williamsburg']
New York	[91801527, 91982835, 2459115, 12589335, 2347591, 12761765, 23424977, 56204763, 56043648]	http://www.flickr.com/photos/48587703@N00/5916842881/			False	http://farm7.staticflickr.com/6030/5916842881_262b4c43dc.jpg	19	c0451fd6d78a1f75b1344dee9fe9	jpg	reinholdbehringer	United States	2011-07-09T02:00:51Z	Attribution-NonCommercial-ShareAlike License	2011-07-08T19:06:38Z	OLYMPUS IMAGING CORP. uT8000,ST8000	70344307	Williamsburg Bridge	5916842881	[u'bridge', u'new york', u'williamsburg']
New York	[91801527, 91982835, 2459115, 12589335, 2347591, 12761765, 23424977, 56204763, 56043648]	http://www.flickr.com/photos/48587703@N00/5917403846/			False	http://farm7.staticflickr.com/6029/5917403846_3fc7b3187f.jpg	19	af31f0c4f9b733bdad6da8fe1fde97c7	jpg	reinholdbehringer	United States	2011-07-09T02:00:56Z	Attribution-NonCommercial-ShareAlike License	2011-07-08T19:07:00Z	OLYMPUS IMAGING CORP. uT8000,ST8000	99424376	Williamsburg Bridge	5917403846	[u'bridge', u'new york', u'williamsburg']
New York	[91801527, 91982835, 2459115, 12589335, 2347591, 12761765, 23424977, 56204763, 56043648]	http://www.flickr.com/photos/48587703@N00/5916843249/			False	http://farm7.staticflickr.com/6014/5916843249_2d00daf5f9.jpg	19	6c3a9d3ea92aa6e4547986f9a284b3e3	jpg	reinholdbehringer	United States	2011-07-09T02:01:00Z	Attribution-NonCommercial-ShareAlike License	2011-07-08T19:07:53Z	OLYMPUS IMAGING CORP. uT8000,ST8000	46275861	Subway on Williamsburg Bridge	5916843249	[u'bridge', u'new york', u'williamsburg']
New York	[91801527, 91982835, 2459115, 12589335, 2347591, 12761765, 23424977, 56204763, 56043648]	http://www.flickr.com/photos/48587703@N00/5917404152/			False	http://farm7.staticflickr.com/6139/5917404152_0d8bedbdd7.jpg	19	1b819bf158eb8fe7e73a1d226167b	jpg	reinholdbehringer	United States	2011-07-09T02:01:05Z	Attribution-NonCommercial-ShareAlike License	2011-07-08T19:10:01Z	OLYMPUS IMAGING CORP. uT8000,ST8000	71885153	Williamsburg Bridge	5917404152	[u'bridge', u'new york', u'williamsburg']
New York	[91801527, 91982835, 2459115, 12589335, 2347591, 12761765, 23424977, 56204763, 56043648]	http://www.flickr.com/photos/48587703@N00/5917404300/			False	http://farm7.staticflickr.com/6134/5917404300_e58920e27a.jpg	19	b2b23afe5c2a5f221d9e6316d3e051e5	jpg	reinholdbehringer	United States	2011-07-09T02:01:09Z	Attribution-NonCommercial-ShareAlike License	2011-07-08T19:10:16Z	OLYMPUS IMAGING CORP. uT8000,ST8000	77265560	Williamsburg Bridge	5917404300	[u'bridge', u'new york', u'williamsburg']
New York	[91801527, 91982835, 2459115, 12589335, 2347591, 12761729, 23424977, 56204725, 56043648]	http://www.flickr.com/photos/48587703@N00/5916843941/			False	http://farm7.staticflickr.com/6003/5916843941_8a4bbc9576.jpg	19	b92116d2618971e233ee3b88a85ff01b	jpg	reinholdbehringer	United States	2011-07-09T02:01:18Z	Attribution-NonCommercial-ShareAlike License	2011-07-08T19:10:51Z	OLYMPUS IMAGING CORP. uT8000,ST8000	83943002	Williamsburg Bridge	5916843941	[u'bridge', u'new york', u'williamsburg']
New York	[91801527, 91982835, 2459115, 12589335, 2347591, 12761729, 23424977, 56204725, 56043648]	http://www.flickr.com/photos/48587703@N00/5917404830/			False	http://farm7.staticflickr.com/6147/5917404830_b298d767f4.jpg	19	6d282d8b4b371832b17fda335ae4fd1	jpg	reinholdbehringer	United States	2011-07-09T02:01:23Z	Attribution-NonCommercial-ShareAlike License	2011-07-08T19:11:17Z	OLYMPUS IMAGING CORP. uT8000,ST8000	82367122	From Williamsburg Bridge	5917404830	[u'bridge', u'new york', u'williamsburg']
New York	[91801527, 91982835, 2459115, 12589335, 2347591, 12761729, 23424977, 56204725, 56043648]	http://www.flickr.com/photos/48587703@N00/5916844305/			False	http://farm7.staticflickr.com/6144/5916844305_f21f617845.jpg	19	393a4127ba46a2f36272fb363d5e9be	jpg	reinholdbehringer	United States	2011-07-09T02:01:28Z	Attribution-NonCommercial-ShareAlike License	2011-07-08T19:13:54Z	OLYMPUS IMAGING CORP. uT8000,ST8000	68745153	Williamsburg	5916844305	[u'bridge', u'new york', u'williamsburg']
New York	[91801527, 91982835, 2459115, 12589335, 2347591, 12761729, 23424977, 56204725, 56043648]	http://www.flickr.com/photos/48587703@N00/5917405432/			False	http://farm7.staticflickr.com/6134/5917405432_cb2bd7533f.jpg	19	ec9e39794ea64d874ebd42ad9adc675d	jpg	reinholdbehringer	United States	2011-07-09T02:01:39Z	Attribution-NonCommercial-ShareAlike License	2011-07-08T19:14:13Z	OLYMPUS IMAGING CORP. uT8000,ST8000	16870495	Williamsburg Bridge	5917405432	[u'bridge', u'new york', u'williamsburg']
New York	[91801527, 91982835, 2459115, 12589335, 2347591, 12761729, 23424977, 56204725, 56043648]	http://www.flickr.com/photos/48587703@N00/5917405600/			False	http://farm7.staticflickr.com/6008/5917405600_d146413c4f.jpg	19	fb7c474166a2b4f11e924d9a7bbb629	jpg	reinholdbehringer	United States	2011-07-09T02:01:44Z	Attribution-NonCommercial-ShareAlike License	2011-07-08T19:18:49Z	OLYMPUS IMAGING CORP. uT8000,ST8000	82137230	Williamsburg	5917405600	[u'bridge', u'new york', u'williamsburg']
New York	[91801527, 91982835, 2459115, 12589335, 2347591, 12761729, 23424977, 56204725, 56043648]	http://www.flickr.com/photos/48587703@N00/5917406198/			False	http://farm7.staticflickr.com/6008/5917406198_230a697c79.jpg	19	c0e61799f519b1272a5c05b9e13e92	jpg	reinholdbehringer	United States	2011-07-09T02:01:59Z	Attribution-NonCommercial-ShareAlike License	2011-07-08T19:19:50Z	OLYMPUS IMAGING CORP. uT8000,ST8000	75704216	Church in Williamsburg	5917406198	[u'bridge', u'new york', u'williamsburg']
New York	[91801527, 91982835, 2459115, 12589335, 2347591, 12761729, 23424977, 56204725, 56043648]	http://www.flickr.com/photos/48587703@N00/5917406364/			False	http://farm7.staticflickr.com/6012/5917406364_19ebf89830.jpg	19	f1ee4be1ae8f482c85a55e4e25865cf5	jpg	reinholdbehringer	United States	2011-07-09T02:02:04Z	Attribution-NonCommercial-ShareAlike License	2011-07-08T19:19:59Z	OLYMPUS IMAGING CORP. uT8000,ST8000	76755749	Subway in Williamsburg	5917406364	[u'bridge', u'new york', u'williamsburg']
New York	[91801527, 91982835, 2459115, 12589335, 2347591, 12761729, 23424977, 56204725, 56043648]	http://www.flickr.com/photos/48587703@N00/5917406576/			False	http://farm7.staticflickr.com/6021/5917406576_fbf44ca961.jpg	19	3c151689d8d578c7688fa9cc146bd9	jpg	reinholdbehringer	United States	2011-07-09T02:02:09Z	Attribution-NonCommercial-ShareAlike License	2011-07-08T19:21:18Z	OLYMPUS IMAGING CORP. uT8000,ST8000	69147218	Subway in Williamsburg	5917406576	[u'bridge', u'new york', u'williamsburg']
New York	[91801527, 91982835, 2459115, 12589335, 2347591, 12761729, 23424977, 56204725, 56043648]	http://www.flickr.com/photos/48587703@N00/5917406776/			False	http://farm7.staticflickr.com/6127/5917406776_8317aebf34.jpg	19	aa3350abf050b24ea1d1219dd1fe7730	jpg	reinholdbehringer	United States	2011-07-09T02:02:13Z	Attribution-NonCommercial-ShareAlike License	2011-07-08T19:24:57Z	OLYMPUS IMAGING CORP. uT8000,ST8000	70797431	New Muscle Car	5917406776	[u'bridge', u'new york', u'williamsburg']
New York	[91801527, 91982835, 2459115, 12589335, 2347591, 12761729, 23424977, 56204725, 56043648]	http://www.flickr.com/photos/48587703@N00/5916846409/			False	http://farm7.staticflickr.com/6004/5916846409_eca9dccdaf.jpg	19	571dbfec9b643230f65361f11227ff8c	jpg	reinholdbehringer	United States	2011-07-09T02:02:23Z	Attribution-NonCommercial-ShareAlike License	2011-07-08T19:27:10Z	OLYMPUS IMAGING CORP. uT8000,ST8000	91741589	Marcy Street	5916846409	[u'bridge', u'new york', u'williamsburg']
New York	[91801527, 91982835, 2459115, 12589335, 2347591, 12761729, 23424977, 56204725, 56043648]	http://www.flickr.com/photos/48587703@N00/5917407890/			False	http://farm7.staticflickr.com/6139/5917407890_72f847fae2.jpg	19	4c58c4c6112c20457e15e5b823ee428	jpg	reinholdbehringer	United States	2011-07-09T02:02:45Z	Attribution-NonCommercial-ShareAlike License	2011-07-08T19:27:17Z	OLYMPUS IMAGING CORP. uT8000,ST8000	60655191	Marcy Street	5917407890	[u'bridge', u'new york', u'williamsburg']
New York	[91801527, 91982835, 2459115, 12589335, 2347591, 12761729, 23424977, 56204725, 56043648]	http://www.flickr.com/photos/48587703@N00/5917409108/			False	http://farm7.staticflickr.com/6123/5917409108_a0662a7be5.jpg	19	768dd0f57ff266676bf92942c689ac97	jpg	reinholdbehringer	United States	2011-07-09T02:03:21Z	Attribution-NonCommercial-ShareAlike License	2011-07-08T19:29:46Z	OLYMPUS IMAGING CORP. uT8000,ST8000	95946987	Marcy Street	5917409108	[u'bridge', u'new york', u'williamsburg']
New York	[91801527, 91982835, 2459115, 12589335, 2347591, 12761729, 23424977, 56204725, 56043648]	http://www.flickr.com/photos/48587703@N00/5916848761/			False	http://farm7.staticflickr.com/6006/5916848761_3bec103838.jpg	19	c89dabe1e74d3ec8e81e13452ab35f19	jpg	reinholdbehringer	United States	2011-07-09T02:03:32Z	Attribution-NonCommercial-ShareAlike License	2011-07-08T19:29:53Z	OLYMPUS IMAGING CORP. uT8000,ST8000	85189613	Marcy Street	5916848761	[u'bridge', u'new york', u'williamsburg']
New York	[91801527, 91982835, 2459115, 12589335, 2347591, 12761729, 23424977, 56204725, 56043648]	http://www.flickr.com/photos/48587703@N00/5916848955/			False	http://farm7.staticflickr.com/6142/5916848955_51e83e32fb.jpg	19	b2cf49f69bf966582258bdc81472dd	jpg	reinholdbehringer	United States	2011-07-09T02:03:37Z	Attribution-NonCommercial-ShareAlike License	2011-07-08T19:29:57Z	OLYMPUS IMAGING CORP. uT8000,ST8000	66351611	Marcy Street	5916848955	[u'bridge', u'new york', u'williamsburg']
New York	[91801527, 91982835, 2459115, 12589335, 2347591, 12761729, 23424977, 56204725, 56043648]	http://www.flickr.com/photos/48587703@N00/5916849127/			False	http://farm7.staticflickr.com/6013/5916849127_58c74574ff.jpg	19	982ac26b29288784dadbb69e9f759ea	jpg	reinholdbehringer	United States	2011-07-09T02:03:42Z	Attribution-NonCommercial-ShareAlike License	2011-07-08T19:30:31Z	OLYMPUS IMAGING CORP. uT8000,ST8000	72884187	Marcy Street	5916849127	[u'bridge', u'new york', u'williamsburg']
New York	[23682572, 91801527, 2459115, 12589335, 2347591, 12761729, 23424977, 56043648]	http://www.flickr.com/photos/48587703@N00/5917410112/			False	http://farm7.staticflickr.com/6131/5917410112_bfa968c196.jpg	19	d1200a2f75fc2c77728a4848571a787	jpg	reinholdbehringer	United States	2011-07-09T02:03:47Z	Attribution-NonCommercial-ShareAlike License	2011-07-08T19:31:50Z	OLYMPUS IMAGING CORP. uT8000,ST8000	67201806	Marcy Street Subway Station	5917410112	[u'bridge', u'new york', u'williamsburg']
New York	[91801527, 23682572, 2459115, 12589335, 2347591, 12761729, 23424977, 56043648]	http://www.flickr.com/photos/48587703@N00/5916849517/			False	http://farm7.staticflickr.com/6015/5916849517_891bc9a9bd.jpg	19	2ddbe67a7f546434111ce6401f8d6bca	jpg	reinholdbehringer	United States	2011-07-09T02:03:52Z	Attribution-NonCommercial-ShareAlike License	2011-07-08T19:31:54Z	OLYMPUS IMAGING CORP. uT8000,ST8000	81091734	Marcy Street Subway Station	5916849517	[u'bridge', u'new york', u'williamsburg']
New York	[91801527, 23615742, 2459115, 12589335, 2347591, 12761729, 23424977, 56043648]	http://www.flickr.com/photos/48587703@N00/5917410474/			False	http://farm7.staticflickr.com/6025/5917410474_f29acf4356.jpg	19	82fcff3348f747cc53e3595a2ccf9	jpg	reinholdbehringer	United States	2011-07-09T02:03:56Z	Attribution-NonCommercial-ShareAlike License	2011-07-08T19:32:47Z	OLYMPUS IMAGING CORP. uT8000,ST8000	68402659	278 Freeway - Brooklyn-Queens Expressway	5917410474	[u'bridge', u'new york', u'williamsburg']
New York	[91801527, 23682572, 2459115, 12589335, 2347591, 12761729, 23424977, 56043648]	http://www.flickr.com/photos/48587703@N00/5917410686/			False	http://farm7.staticflickr.com/6023/5917410686_a6fdb07f77.jpg	19	47955d6cce38d02c7b86d22d1bfb9ba	jpg	reinholdbehringer	United States	2011-07-09T02:04:01Z	Attribution-NonCommercial-ShareAlike License	2011-07-08T19:33:19Z	OLYMPUS IMAGING CORP. uT8000,ST8000	69000669	Marcy Street Subway Station	5917410686	[u'bridge', u'new york', u'williamsburg']
New York	[91801527, 23682572, 2459115, 12589335, 2347591, 12761729, 23424977, 56043648]	http://www.flickr.com/photos/48587703@N00/5917410888/			False	http://farm7.staticflickr.com/6009/5917410888_24288b6c67.jpg	19	6dab06be45b5a4c1be7946f9f3d3be	jpg	reinholdbehringer	United States	2011-07-09T02:04:06Z	Attribution-NonCommercial-ShareAlike License	2011-07-08T19:33:42Z	OLYMPUS IMAGING CORP. uT8000,ST8000	64520687	Marcy Street Subway Station	5917410888	[u'bridge', u'new york', u'williamsburg']
New York	[23682572, 91801527, 2459115, 12589335, 2347591, 12761729, 23424977, 56043648]	http://www.flickr.com/photos/48587703@N00/5916850283/			False	http://farm7.staticflickr.com/6122/5916850283_003378ef1b.jpg	19	ec5a50b1c2630bcecb1f8a1fd2a06c	jpg	reinholdbehringer	United States	2011-07-09T02:04:11Z	Attribution-NonCommercial-ShareAlike License	2011-07-08T19:33:53Z	OLYMPUS IMAGING CORP. uT8000,ST8000	37989156	Marcy Street Subway Station	5916850283	[u'bridge', u'new york', u'williamsburg']
New York	[91801527, 23682572, 2459115, 12589335, 2347591, 12761729, 23424977, 56043648]	http://www.flickr.com/photos/48587703@N00/5916850481/			False	http://farm7.staticflickr.com/6015/5916850481_afd59746cc.jpg	19	1c262ae8fabf78db10d76d62e68b2582	jpg	reinholdbehringer	United States	2011-07-09T02:04:15Z	Attribution-NonCommercial-ShareAlike License	2011-07-08T19:35:21Z	OLYMPUS IMAGING CORP. uT8000,ST8000	75734516	Marcy Street Subway Station	5916850481	[u'bridge', u'new york', u'williamsburg']
New York	[91801527, 23682572, 2459115, 12589335, 2347591, 12761729, 23424977, 56043648]	http://www.flickr.com/photos/48587703@N00/5917411378/			False	http://farm7.staticflickr.com/6010/5917411378_43213bc995.jpg	19	21e52264971f0c9e5fe8cbcc08542	jpg	reinholdbehringer	United States	2011-07-09T02:04:20Z	Attribution-NonCommercial-ShareAlike License	2011-07-08T19:35:32Z	OLYMPUS IMAGING CORP. uT8000,ST8000	92249614	Marcy Street Subway Station	5917411378	[u'bridge', u'new york', u'williamsburg']
New York	[91801527, 91982835, 2459115, 12589335, 2347591, 12761765, 23424977, 56204763, 56043648]	http://www.flickr.com/photos/48587703@N00/5917411608/			False	http://farm7.staticflickr.com/6127/5917411608_b1e9efd478.jpg	19	7aae9dcbc84e72fac7a538e31a12f7	jpg	reinholdbehringer	United States	2011-07-09T02:04:24Z	Attribution-NonCommercial-ShareAlike License	2011-07-08T19:37:26Z	OLYMPUS IMAGING CORP. uT8000,ST8000	67627438	Williamsburg Bridge	5917411608	[u'bridge', u'new york', u'williamsburg']
New York	[91801527, 91982835, 2459115, 12589335, 2347591, 12761765, 23424977, 56204763, 56043648]	http://www.flickr.com/photos/48587703@N00/5916850995/			False	http://farm7.staticflickr.com/6014/5916850995_23839ed2c6.jpg	19	97dfc51a98cd2f3a68779f0f4c0833b	jpg	reinholdbehringer	United States	2011-07-09T02:04:29Z	Attribution-NonCommercial-ShareAlike License	2011-07-08T19:37:34Z	OLYMPUS IMAGING CORP. uT8000,ST8000	87044380	Williamsburg Bridge	5916850995	[u'bridge', u'new york', u'williamsburg']
New York	[91801527, 91982835, 2459115, 12589335, 2347591, 12761765, 23424977, 56204763, 56043648]	http://www.flickr.com/photos/48587703@N00/5916851157/			False	http://farm7.staticflickr.com/6138/5916851157_70c5c286f3.jpg	19	881c1ea8bc6e2c7140c0938b32c4c4a3	jpg	reinholdbehringer	United States	2011-07-09T02:04:34Z	Attribution-NonCommercial-ShareAlike License	2011-07-08T19:37:41Z	OLYMPUS IMAGING CORP. uT8000,ST8000	6605985	Williamsburg Bridge	5916851157	[u'bridge', u'new york', u'williamsburg']
New York	[56256857, 2459115, 12589342, 2347591, 23424977, 56043648]	http://www.flickr.com/photos/48587703@N00/5916889993/			False	http://farm7.staticflickr.com/6138/5916889993_a1c2efd11d.jpg	21	5a9e1ef3a94d57b11282a952b25da15	jpg	reinholdbehringer	United States	2011-07-09T02:21:04Z	Attribution-NonCommercial-ShareAlike License	2011-07-08T21:34:33Z	OLYMPUS IMAGING CORP. uT8000,ST8000	88199051	Empire State Building	5916889993	[u'manhattan', u'new york', u'rain']
New York	[23682831, 55864586, 2459115, 12589342, 2347591, 12761335, 23424977, 56043648]	http://www.flickr.com/photos/48587703@N00/5916890185/			False	http://farm7.staticflickr.com/6148/5916890185_15063624c1.jpg	21	84cd6afbbbe9d1f312b294b5f57b2	jpg	reinholdbehringer	United States	2011-07-09T02:21:09Z	Attribution-NonCommercial-ShareAlike License	2011-07-08T21:39:08Z	OLYMPUS IMAGING CORP. uT8000,ST8000	27441633	Union Square	5916890185	[u'manhattan', u'new york', u'rain']
New York	[23682831, 55864586, 2459115, 12589342, 2347591, 12761335, 23424977, 56043648]	http://www.flickr.com/photos/48587703@N00/5916890397/			False	http://farm7.staticflickr.com/6016/5916890397_1c30160970.jpg	21	22dc9b86dbefd512a83c44f206dd8d3	jpg	reinholdbehringer	United States	2011-07-09T02:21:14Z	Attribution-NonCommercial-ShareAlike License	2011-07-08T21:40:16Z	OLYMPUS IMAGING CORP. uT8000,ST8000	29664300	Union Square	5916890397	[u'manhattan', u'new york', u'rain']
New York	[23682831, 55864586, 2459115, 12589342, 2347591, 12761335, 23424977, 56043648]	http://www.flickr.com/photos/48587703@N00/5916890779/			False	http://farm7.staticflickr.com/6137/5916890779_be7a6bf39c.jpg	21	c92347b9c9f1877af0d6f1207635c	jpg	reinholdbehringer	United States	2011-07-09T02:21:24Z	Attribution-NonCommercial-ShareAlike License	2011-07-08T21:40:27Z	OLYMPUS IMAGING CORP. uT8000,ST8000	75407656	Union Square	5916890779	[u'manhattan', u'new york', u'rain']
New York	[91587617, 28751381, 2459115, 12589342, 2347591, 12761350, 23424977, 56043648]	http://www.flickr.com/photos/48587703@N00/5917451642/			False	http://farm7.staticflickr.com/6006/5917451642_b5b0f0e5ee.jpg	21	5e9333f5d23691c8fb3cfb7e3b5bfe9	jpg	reinholdbehringer	United States	2011-07-09T02:21:29Z	Attribution-NonCommercial-ShareAlike License	2011-07-08T21:59:57Z	OLYMPUS IMAGING CORP. uT8000,ST8000	74970026	Carnegie Hall	5917451642	[u'manhattan', u'new york', u'rain']
New York	[91587617, 28751381, 2459115, 12589342, 2347591, 12761350, 23424977, 56043648]	http://www.flickr.com/photos/48587703@N00/5916892623/			False	http://farm7.staticflickr.com/6015/5916892623_a5c0f0de62.jpg	22	b9d02fa7dc28516f6ea4f470db88c	jpg	reinholdbehringer	United States	2011-07-09T02:22:12Z	Attribution-NonCommercial-ShareAlike License	2011-07-08T22:00:58Z	OLYMPUS IMAGING CORP. uT8000,ST8000	67933428	Carnegie Hall	5916892623	[u'manhattan', u'new york', u'rain']
New York	[28751381, 28288823, 2459115, 12589342, 2347591, 23424977, 56043648]	http://www.flickr.com/photos/48587703@N00/5916893165/			False	http://farm7.staticflickr.com/6013/5916893165_cb8ab9ba02.jpg	22	1892785a3fe7b12aaf9fc9afa528b284	jpg	reinholdbehringer	United States	2011-07-09T02:22:25Z	Attribution-NonCommercial-ShareAlike License	2011-07-08T22:01:44Z	OLYMPUS IMAGING CORP. uT8000,ST8000	79131158	7th Ave	5916893165	[u'manhattan', u'new york', u'rain']
New York	[28751381, 28288823, 2459115, 12589342, 2347591, 23424977, 56043648]	http://www.flickr.com/photos/48587703@N00/5916893529/			False	http://farm7.staticflickr.com/6012/5916893529_0fb1e2f868.jpg	22	59d611fbe3baacbac88ef95943966861	jpg	reinholdbehringer	United States	2011-07-09T02:22:34Z	Attribution-NonCommercial-ShareAlike License	2011-07-08T22:02:51Z	OLYMPUS IMAGING CORP. uT8000,ST8000	86637361	Near Central Park	5916893529	[u'manhattan', u'new york', u'rain']
New York	[28297838, 2459115, 12589342, 2347591, 12761350, 23424977, 56043648]	http://www.flickr.com/photos/48587703@N00/5916894007/			False	http://farm7.staticflickr.com/6013/5916894007_5303f9516c.jpg	22	b9271489f3c3273308c12cf7e2b467b	jpg	reinholdbehringer	United States	2011-07-09T02:22:45Z	Attribution-NonCommercial-ShareAlike License	2011-07-08T22:03:46Z	OLYMPUS IMAGING CORP. uT8000,ST8000	64373245	7th Ave	5916894007	[u'manhattan', u'new york', u'rain']
New York	[28297838, 2459115, 12589342, 2347591, 12761350, 23424977, 56043648]	http://www.flickr.com/photos/48587703@N00/5917455230/			False	http://farm7.staticflickr.com/6143/5917455230_fd69543b76.jpg	22	11c1748eca5a84e402e6963e4ce96	jpg	reinholdbehringer	United States	2011-07-09T02:22:56Z	Attribution-NonCommercial-ShareAlike License	2011-07-08T22:04:27Z	OLYMPUS IMAGING CORP. uT8000,ST8000	93754839	59th Street	5917455230	[u'manhattan', u'new york', u'rain']
New York	[28297838, 2459115, 12589342, 2347591, 12761350, 23424977, 56043648]	http://www.flickr.com/photos/48587703@N00/5916894729/			False	http://farm7.staticflickr.com/6138/5916894729_905720c347.jpg	22	a68d5dcab5a28bd723b87874dd02c67	jpg	reinholdbehringer	United States	2011-07-09T02:23:01Z	Attribution-NonCommercial-ShareAlike License	2011-07-08T22:05:08Z	OLYMPUS IMAGING CORP. uT8000,ST8000	68187744	59th Street	5916894729	[u'manhattan', u'new york', u'rain']
New York	[28297838, 2459115, 12589342, 2347591, 12761350, 23424977, 56043648]	http://www.flickr.com/photos/48587703@N00/5917455650/			False	http://farm7.staticflickr.com/6150/5917455650_e38075cc16.jpg	22	861c70ad6a1fc1b08b3c3354f67aecc5	jpg	reinholdbehringer	United States	2011-07-09T02:23:06Z	Attribution-NonCommercial-ShareAlike License	2011-07-08T22:05:16Z	OLYMPUS IMAGING CORP. uT8000,ST8000	83758712	59th Street	5917455650	[u'manhattan', u'new york', u'rain']
New York	[28297838, 2459115, 12589342, 2347591, 12761350, 23424977, 56043648]	http://www.flickr.com/photos/48587703@N00/5917455872/			False	http://farm7.staticflickr.com/6003/5917455872_accda39394.jpg	22	884b57bc2ea7aad7358d602e87dbad77	jpg	reinholdbehringer	United States	2011-07-09T02:23:11Z	Attribution-NonCommercial-ShareAlike License	2011-07-08T22:05:24Z	OLYMPUS IMAGING CORP. uT8000,ST8000	68720010	59th Street	5917455872	[u'manhattan', u'new york', u'rain']
New York	[28297838, 2459115, 12589342, 2347591, 12761350, 23424977, 56043648]	http://www.flickr.com/photos/48587703@N00/5916895399/			False	http://farm7.staticflickr.com/6138/5916895399_60c6fbe291.jpg	22	cbcbf69e9662cdfb9923649927be7e5	jpg	reinholdbehringer	United States	2011-07-09T02:23:16Z	Attribution-NonCommercial-ShareAlike License	2011-07-08T22:05:37Z	OLYMPUS IMAGING CORP. uT8000,ST8000	86688600	59th Street	5916895399	[u'manhattan', u'new york', u'rain']
New York	[28297838, 2459115, 12589342, 2347591, 12761350, 23424977, 56043648]	http://www.flickr.com/photos/48587703@N00/5916895543/			False	http://farm7.staticflickr.com/6030/5916895543_38621a2d69.jpg	22	1dc283292a73db185ca76e3c80a76410	jpg	reinholdbehringer	United States	2011-07-09T02:23:20Z	Attribution-NonCommercial-ShareAlike License	2011-07-08T22:08:51Z	OLYMPUS IMAGING CORP. uT8000,ST8000	93660654	Central Park	5916895543	[u'manhattan', u'new york', u'rain']
New York	[28288823, 28751381, 2459115, 12589342, 2347591, 23424977, 56043648]	http://www.flickr.com/photos/48587703@N00/5916895687/			False	http://farm7.staticflickr.com/6136/5916895687_2e6926ef3b.jpg	22	63b68087649dcbd6c4b745692fb434	jpg	reinholdbehringer	United States	2011-07-09T02:23:25Z	Attribution-NonCommercial-ShareAlike License	2011-07-08T22:10:04Z	OLYMPUS IMAGING CORP. uT8000,ST8000	63330199	Central Park	5916895687	[u'manhattan', u'new york', u'rain']
New York	[28751381, 2459115, 12589342, 2347591, 12761350, 23424977, 55837138, 56043648]	http://www.flickr.com/photos/48587703@N00/5916895861/			False	http://farm7.staticflickr.com/6134/5916895861_466fd1956c.jpg	22	235d461bf12addd9766d4d0d0aefdbf	jpg	reinholdbehringer	United States	2011-07-09T02:23:29Z	Attribution-NonCommercial-ShareAlike License	2011-07-08T22:14:54Z	OLYMPUS IMAGING CORP. uT8000,ST8000	63690033	Central Park	5916895861	[u'manhattan', u'new york', u'rain']
New York	[28751381, 2459115, 12589342, 2347591, 12761350, 23424977, 55837138, 56043648]	http://www.flickr.com/photos/48587703@N00/5916896021/			False	http://farm7.staticflickr.com/6026/5916896021_bd8f86e58d.jpg	22	66b57f1f21f69e21a9fc040f4515065	jpg	reinholdbehringer	United States	2011-07-09T02:23:34Z	Attribution-NonCommercial-ShareAlike License	2011-07-08T22:15:02Z	OLYMPUS IMAGING CORP. uT8000,ST8000	81172987	Central Park	5916896021	[u'manhattan', u'new york', u'rain']
New York	[92129563, 28751381, 2459115, 12589342, 2347591, 12761350, 23424977, 56043648]	http://www.flickr.com/photos/48587703@N00/5916896161/			False	http://farm7.staticflickr.com/6150/5916896161_87b56ceb63.jpg	22	e7847c51dddd46bef333b5ac3ce326e	jpg	reinholdbehringer	United States	2011-07-09T02:23:38Z	Attribution-NonCommercial-ShareAlike License	2011-07-08T22:16:03Z	OLYMPUS IMAGING CORP. uT8000,ST8000	98498406	59th street	5916896161	[u'manhattan', u'new york', u'rain']
New York	[92129563, 28751381, 2459115, 12589342, 2347591, 12761350, 23424977, 56043648]	http://www.flickr.com/photos/48587703@N00/5916896337/			False	http://farm7.staticflickr.com/6127/5916896337_14dc52410b.jpg	22	582597251e7b5994a42bb25a61caa	jpg	reinholdbehringer	United States	2011-07-09T02:23:42Z	Attribution-NonCommercial-ShareAlike License	2011-07-08T22:17:03Z	OLYMPUS IMAGING CORP. uT8000,ST8000	68506592	59th Street	5916896337	[u'manhattan', u'new york', u'rain']
New York	[56388426, 28751381, 2459115, 12589342, 2347591, 12761350, 23424977, 56043648]	http://www.flickr.com/photos/48587703@N00/5916896497/			False	http://farm7.staticflickr.com/6146/5916896497_e126c95210.jpg	22	498e9acbe6b48f9917da48d2c9bdff2	jpg	reinholdbehringer	United States	2011-07-09T02:23:47Z	Attribution-NonCommercial-ShareAlike License	2011-07-08T22:26:02Z	OLYMPUS IMAGING CORP. uT8000,ST8000	79847133	NY Subway, 57th Street	5916896497	[u'manhattan', u'new york', u'rain']
New York	[91801527, 2384115, 91983031, 2459115, 12589335, 2347591, 12761742, 23424977, 56043648]	http://www.flickr.com/photos/48587703@N00/5917457578/			False	http://farm7.staticflickr.com/6014/5917457578_845f49877c.jpg	23	daab157b92fd40742b9c39d45f1ee1a	jpg	reinholdbehringer	United States	2011-07-09T02:23:52Z	Attribution-NonCommercial-ShareAlike License	2011-07-08T23:34:10Z	OLYMPUS IMAGING CORP. uT8000,ST8000	73269244	Subway Station NY Aquarium	5917457578	[u'manhattan', u'new york', u'rain']
New York	[91801527, 91983031, 2384115, 2459115, 12589335, 2347591, 12761742, 23424977, 56043648]	http://www.flickr.com/photos/48587703@N00/5916911885/			False	http://farm7.staticflickr.com/6021/5916911885_8ee5819c23.jpg	23	76d0333e722fd045b490c111babbf8b8	jpg	reinholdbehringer	United States	2011-07-09T02:30:06Z	Attribution-NonCommercial-ShareAlike License	2011-07-08T23:35:03Z	OLYMPUS IMAGING CORP. uT8000,ST8000	69000812	Subway Station Aquarium	5916911885	[u'brooklyn', u'new york']
New York	[91801527, 91983031, 2384115, 2459115, 12589335, 2347591, 12761742, 23424977, 56043648]	http://www.flickr.com/photos/48587703@N00/5917473926/			False	http://farm7.staticflickr.com/6007/5917473926_845e40d9f0.jpg	23	5fdf13a8fd219a95f7290144bd112ec	jpg	reinholdbehringer	United States	2011-07-09T02:30:37Z	Attribution-NonCommercial-ShareAlike License	2011-07-08T23:36:26Z	OLYMPUS IMAGING CORP. uT8000,ST8000	70926032	Subway Station Aquarium	5917473926	[u'brooklyn', u'new york']
New York	[91801527, 91983031, 2384115, 2459115, 12589335, 2347591, 12761742, 23424977, 56043648]	http://www.flickr.com/photos/48587703@N00/5917474866/			False	http://farm7.staticflickr.com/6133/5917474866_7737429ca4.jpg	23	d2caeee066795485ae3fb9ec85feeb7	jpg	reinholdbehringer	United States	2011-07-09T02:30:57Z	Attribution-NonCommercial-ShareAlike License	2011-07-08T23:36:37Z	OLYMPUS IMAGING CORP. uT8000,ST8000	90303212	Subway Station Aquarium	5917474866	[u'brooklyn', u'new york']
New York	[91801527, 2384115, 91983031, 2459115, 12589335, 2347591, 12761742, 23424977, 56043648]	http://www.flickr.com/photos/48587703@N00/5917475034/			False	http://farm7.staticflickr.com/6121/5917475034_e6029fa9ac.jpg	23	a5c2f4e08acf2e5fed2e51aadc46e1	jpg	reinholdbehringer	United States	2011-07-09T02:31:02Z	Attribution-NonCommercial-ShareAlike License	2011-07-08T23:37:46Z	OLYMPUS IMAGING CORP. uT8000,ST8000	78552648	Subway Station Aquarium	5917475034	[u'brooklyn', u'new york']
New York	[91801527, 2384115, 91983031, 2459115, 12589335, 2347591, 12761742, 23424977, 56043648]	http://www.flickr.com/photos/48587703@N00/5917475244/			False	http://farm7.staticflickr.com/6008/5917475244_a222331a86.jpg	23	a145d04978393786fb6783d5572fe351	jpg	reinholdbehringer	United States	2011-07-09T02:31:06Z	Attribution-NonCommercial-ShareAlike License	2011-07-08T23:38:01Z	OLYMPUS IMAGING CORP. uT8000,ST8000	61380156	Subway Station Aquarium	5917475244	[u'brooklyn', u'new york']
New York	[91801527, 2384115, 91983031, 2459115, 12589335, 2347591, 12761742, 23424977, 56043648]	http://www.flickr.com/photos/48587703@N00/5917475436/			False	http://farm7.staticflickr.com/6133/5917475436_f32aa74a9f.jpg	23	f099173e9e38d6bddc31c060e1379251	jpg	reinholdbehringer	United States	2011-07-09T02:31:10Z	Attribution-NonCommercial-ShareAlike License	2011-07-08T23:38:08Z	OLYMPUS IMAGING CORP. uT8000,ST8000	90631312	Subway Station Aquarium	5917475436	[u'brooklyn', u'new york']
New York	[91801527, 91983031, 2384115, 2459115, 12589335, 2347591, 12761742, 23424977, 56043648]	http://www.flickr.com/photos/48587703@N00/5917475668/			False	http://farm7.staticflickr.com/6001/5917475668_0a0ea0a547.jpg	23	14c7d440d5661883f64e7cc517ec438	jpg	reinholdbehringer	United States	2011-07-09T02:31:15Z	Attribution-NonCommercial-ShareAlike License	2011-07-08T23:38:14Z	OLYMPUS IMAGING CORP. uT8000,ST8000	75620063	Subway Station Aquarium	5917475668	[u'brooklyn', u'new york']
New York	[91801527, 2384115, 91983031, 2459115, 12589335, 2347591, 12761742, 23424977, 56043648]	http://www.flickr.com/photos/48587703@N00/5917475886/			False	http://farm7.staticflickr.com/6017/5917475886_dd5eef6e5d.jpg	23	3e4cd2dd1c4fa7531295f924c4ebbd	jpg	reinholdbehringer	United States	2011-07-09T02:31:20Z	Attribution-NonCommercial-ShareAlike License	2011-07-08T23:38:18Z	OLYMPUS IMAGING CORP. uT8000,ST8000	17779304	Subway Station Aquarium	5917475886	[u'brooklyn', u'new york']
