town_s	woe_is	urlpage_s	machine_ss	desc_ws	video_b	url_s	hour_i	hash_s	ext_s	user_s	country_s	upload_dt	license_s	taken_dt	device_s	line_i	title_s	id	tag_ss
New York	[2484381, 2459115, 12589342, 2347591, 12761374, 23424977, 56043648]	http://www.flickr.com/photos/43524737@N02/8198808486/			False	http://farm9.staticflickr.com/8058/8198808486_5bf3ed9e32.jpg	13	f297d5ca3e55b4f740cb1675598782	jpg	Guru Sno Studios	United States	2012-11-19T02:38:08Z	Attribution-NoDerivs License	2012-08-25T13:47:01Z	Canon EOS DIGITAL REBEL XSi	93184170	Ed Kotch Bridge aka Queensburo bridge aka 59th Street bridge	8198808486	[u'canon', u'color', u'guru sno studios', u'nyc', u'park', u'people', u'queensborobridge', u'roseveltisland', u'street']
New York	[2484381, 2459115, 12589342, 2347591, 12761374, 23424977, 56043648]	http://www.flickr.com/photos/43524737@N02/8197715153/			False	http://farm9.staticflickr.com/8480/8197715153_14f237c17f.jpg	13	c2334e6986847b71ef1d83a5f8b7	jpg	Guru Sno Studios	United States	2012-11-19T02:37:41Z	Attribution-NoDerivs License	2012-08-25T13:48:48Z	Canon EOS DIGITAL REBEL XSi	96166838	7190	8197715153	[u'canon', u'color', u'guru sno studios', u'nyc', u'park', u'people', u'roseveltisland', u'street']
New York	[2484381, 2459115, 12589342, 2347591, 12761374, 23424977, 56043648]	http://www.flickr.com/photos/43524737@N02/8200092271/			False	http://farm9.staticflickr.com/8058/8200092271_24bf3189ee.jpg	13	c31b90b447971724f97339ec53122ae1	jpg	Guru Sno Studios	United States	2012-11-19T20:42:03Z	Attribution-NoDerivs License	2012-08-25T13:50:28Z	Canon EOS DIGITAL REBEL XSi	59355616	Upper manhatten	8200092271	[u'bridge', u'canon', u'city', u'color', u'nyc', u'shore', u'street']
New York	[2484381, 2459115, 12589342, 2347591, 12761374, 23424977, 56043648]	http://www.flickr.com/photos/43524737@N02/8201180304/			False	http://farm9.staticflickr.com/8208/8201180304_bc624ded95.jpg	13	1b3ce9f74114689f2533ca0278ccd2	jpg	Guru Sno Studios	United States	2012-11-19T20:40:42Z	Attribution-NoDerivs License	2012-08-25T13:50:43Z	Canon EOS DIGITAL REBEL XSi	84464323	59th Street Bridge	8201180304	[u'bridge', u'canon', u'city', u'color', u'nyc', u'queensborobridge', u'shore', u'street']
New York	[2484381, 2459115, 12589342, 2347591, 12761374, 23424977, 56043648]	http://www.flickr.com/photos/43524737@N02/8220716765/		Nothing going on today at the UN building.... Or is there?	False	http://farm9.staticflickr.com/8060/8220716765_855af364bf.jpg	13	8e722827f3d4654bf87da469cb1a243	jpg	Guru Sno Studios	United States	2012-11-26T18:35:07Z	Attribution-NoDerivs License	2012-08-25T13:51:50Z	Canon EOS DIGITAL REBEL XSi	60623880	United Nations	8220716765	[u'buildings', u'canon', u'city', u'color', u'new york', u'nyc', u'roseveltisland', u'un', u'unitednations']
New York	[2484381, 2459115, 12589342, 2347591, 12761374, 23424977, 56043648]	http://www.flickr.com/photos/43524737@N02/8220715699/			False	http://farm9.staticflickr.com/8347/8220715699_bd13d8cd32.jpg	13	90af429d36aec08a2939d412a01883a	jpg	Guru Sno Studios	United States	2012-11-26T18:34:43Z	Attribution-NoDerivs License	2012-08-25T13:53:37Z	Canon EOS DIGITAL REBEL XSi	67910324	7195	8220715699	[u'canon', u'city', u'color', u'new york', u'nyc', u'park', u'people', u'roseveltisland']
New York	[2484381, 2459115, 12589342, 2347591, 12761374, 23424977, 56043648]	http://www.flickr.com/photos/43524737@N02/8220714667/			False	http://farm9.staticflickr.com/8197/8220714667_a922513c1d.jpg	13	455498ebf950fa80f115364592101f	jpg	Guru Sno Studios	United States	2012-11-26T18:34:18Z	Attribution-NoDerivs License	2012-08-25T13:54:45Z	Canon EOS DIGITAL REBEL XSi	84755699	Queensboro Bridge	8220714667	[u'bridge', u'canon', u'city', u'color', u'new york', u'nyc', u'queensborobridge', u'roseveltisland']
New York	[2484381, 2459115, 12589342, 2347591, 12761374, 23424977, 56043648]	http://www.flickr.com/photos/43524737@N02/8220713665/			False	http://farm9.staticflickr.com/8058/8220713665_3361d74f44.jpg	13	1c101ead5d61ba12e97167a69ea934e	jpg	Guru Sno Studios	United States	2012-11-26T18:33:56Z	Attribution-NoDerivs License	2012-08-25T13:54:54Z	Canon EOS DIGITAL REBEL XSi	71993563	7198	8220713665	[u'bridge', u'canon', u'city', u'color', u'new york', u'nyc', u'queensborobridge', u'roseveltisland']
New York	[2484381, 2459115, 12589342, 2347591, 12761374, 23424977, 56043648]	http://www.flickr.com/photos/43524737@N02/8198805772/			False	http://farm9.staticflickr.com/8479/8198805772_62e95cb009.jpg	13	9a3f87693975da299f1798f9f1d19c6	jpg	Guru Sno Studios	United States	2012-11-19T02:37:10Z	Attribution-NoDerivs License	2012-08-25T13:58:03Z	Canon EOS DIGITAL REBEL XSi	82736840	Feeding the birds	8198805772	[u'canon', u'color', u'guru sno studios', u'nyc', u'park', u'people', u'roseveltisland', u'street']
New York	[2484381, 2459115, 12589342, 2347591, 12761374, 23424977, 56043648]	http://www.flickr.com/photos/43524737@N02/8221789500/			False	http://farm9.staticflickr.com/8477/8221789500_8cc49d5255.jpg	13	ac3ced3cb4de2729e036e64de93a1d38	jpg	Guru Sno Studios	United States	2012-11-26T18:33:19Z	Attribution-NoDerivs License	2012-08-25T13:58:28Z	Canon EOS DIGITAL REBEL XSi	65830852	Birds of a feather	8221789500	[u'animals', u'birds', u'canon', u'city', u'color', u'new york', u'nyc', u'roseveltisland']
New York	[2484381, 2459115, 12589342, 2347591, 12761374, 23424977, 56043648]	http://www.flickr.com/photos/43524737@N02/8225152485/			False	http://farm9.staticflickr.com/8344/8225152485_d48dfd5e74.jpg	14	d8b575b256aa9f80cacf36255797c0aa	jpg	Guru Sno Studios	United States	2012-11-28T03:38:28Z	Attribution-NoDerivs License	2012-08-25T14:18:00Z	Canon EOS DIGITAL REBEL XSi	57652242	7201	8225152485	[u'buildings', u'canon', u'city', u'color', u'guru sno studios', u'new york', u'nyc', u'park', u'roseveltisland']
New York	[2484381, 2459115, 12589342, 2347591, 12761374, 23424977, 56043648]	http://www.flickr.com/photos/43524737@N02/8226223734/			False	http://farm9.staticflickr.com/8199/8226223734_d1464a72ca.jpg	14	64e23471b9f3bec2725beb7c31bf18	jpg	Guru Sno Studios	United States	2012-11-28T03:37:54Z	Attribution-NoDerivs License	2012-08-25T14:18:03Z	Canon EOS DIGITAL REBEL XSi	15840628	Restore	8226223734	[u'buildings', u'canon', u'city', u'color', u'guru sno studios', u'new york', u'nyc', u'park', u'roseveltisland']
New York	[2484381, 2459115, 12589342, 2347591, 12761374, 23424977, 56043648]	http://www.flickr.com/photos/43524737@N02/8225150197/			False	http://farm9.staticflickr.com/8064/8225150197_c43e74c2af.jpg	14	fad3719ef58c85b767a2e2f2e97914f	jpg	Guru Sno Studios	United States	2012-11-28T03:37:26Z	Attribution-NoDerivs License	2012-08-25T14:18:14Z	Canon EOS DIGITAL REBEL XSi	90827441	7204	8225150197	[u'buildings', u'canon', u'city', u'color', u'guru sno studios', u'new york', u'nyc', u'park', u'roseveltisland']
New York	[2484381, 2459115, 12589342, 2347591, 12761374, 23424977, 56043648]	http://www.flickr.com/photos/43524737@N02/8225149015/			False	http://farm9.staticflickr.com/8197/8225149015_f59ef1fa11.jpg	14	10bb123a7e7ac8470d962b28dc090eb	jpg	Guru Sno Studios	United States	2012-11-28T03:36:53Z	Attribution-NoDerivs License	2012-08-25T14:22:27Z	Canon EOS DIGITAL REBEL XSi	74355608	Silver cup	8225149015	[u'buildings', u'canon', u'city', u'color', u'guru sno studios', u'new york', u'nyc', u'park', u'roseveltisland']
New York	[2484381, 2459115, 12589342, 2347591, 12761374, 23424977, 56043648]	http://www.flickr.com/photos/43524737@N02/8197712833/		one of the few big movie studios in the city. They shoot a few scenes for Boardwalk Empire here	False	http://farm9.staticflickr.com/8061/8197712833_314dcb23be.jpg	14	c2d5a8fe207bd8ed1503075dca01b47	jpg	Guru Sno Studios	United States	2012-11-19T02:36:46Z	Attribution-NoDerivs License	2012-08-25T14:22:46Z	Canon EOS DIGITAL REBEL XSi	78465509	Silver cup studios	8197712833	[u'canon', u'color', u'guru sno studios', u'nyc', u'park', u'people', u'roseveltisland', u'street']
New York	[2484381, 2459115, 12589342, 2347591, 12761374, 23424977, 56043648]	http://www.flickr.com/photos/43524737@N02/8225148083/			False	http://farm9.staticflickr.com/8489/8225148083_dc079b1dbd.jpg	14	b9c118bf7bd923cd238a1338d58f46	jpg	Guru Sno Studios	United States	2012-11-28T03:36:29Z	Attribution-NoDerivs License	2012-08-25T14:24:05Z	Canon EOS DIGITAL REBEL XSi	74289991	Park view	8225148083	[u'buildings', u'canon', u'city', u'color', u'guru sno studios', u'new york', u'nyc', u'park', u'roseveltisland']
New York	[2484381, 2459115, 12589342, 2347591, 12761374, 23424977, 56043648]	http://www.flickr.com/photos/43524737@N02/8242138434/			False	http://farm9.staticflickr.com/8200/8242138434_634c576bf0.jpg	14	f1bfef7ce23108432c7fd26c23e5bf	jpg	Guru Sno Studios	United States	2012-12-03T17:18:49Z	Attribution-NoDerivs License	2012-08-25T14:24:14Z	Canon EOS DIGITAL REBEL XSi	77516187	7208	8242138434	[u'canon', u'city', u'color', u'guru sno studios', u'new york', u'nyc', u'roseveltisland', u'sky']
New York	[2484381, 2459115, 12589342, 2347591, 12761374, 23424977, 56043648]	http://www.flickr.com/photos/43524737@N02/8201182562/			False	http://farm9.staticflickr.com/8346/8201182562_210d650d8e.jpg	14	dc793080f8658169587a3b251fff73d9	jpg	Guru Sno Studios	United States	2012-11-19T20:41:31Z	Attribution-NoDerivs License	2012-08-25T14:28:51Z	Canon EOS DIGITAL REBEL XSi	92179466	Pepsi	8201182562	[u'bridge', u'canon', u'city', u'color', u'nyc', u'shore', u'street']
New York	[2484381, 2459115, 12589342, 2347591, 12761374, 23424977, 56043648]	http://www.flickr.com/photos/43524737@N02/8241068085/			False	http://farm9.staticflickr.com/8199/8241068085_aa32d495d2.jpg	14	94e1f938f22c925879e45dfd1ce3e2	jpg	Guru Sno Studios	United States	2012-12-03T17:18:25Z	Attribution-NoDerivs License	2012-08-25T14:29:46Z	Canon EOS DIGITAL REBEL XSi	71722083	Park Life 2	8241068085	[u'animals', u'birds', u'canon', u'city', u'color', u'guru sno studios', u'nature', u'new york', u'nyc', u'park', u'roseveltisland']
New York	[2484381, 2459115, 12589342, 2347591, 12761374, 23424977, 56043648]	http://www.flickr.com/photos/43524737@N02/8241067129/			False	http://farm9.staticflickr.com/8067/8241067129_9a96686523.jpg	14	0613e0e6eb9de5872b97311cd0c933	jpg	Guru Sno Studios	United States	2012-12-03T17:18:01Z	Attribution-NoDerivs License	2012-08-25T14:30:21Z	Canon EOS DIGITAL REBEL XSi	88454400	Park life	8241067129	[u'animals', u'birds', u'canon', u'city', u'color', u'guru sno studios', u'nature', u'new york', u'nyc', u'park', u'remember that moment level 1', u'roseveltisland']
New York	[2484381, 2459115, 12589342, 2347591, 12761374, 23424977, 56043648]	http://www.flickr.com/photos/43524737@N02/8242135150/			False	http://farm9.staticflickr.com/8199/8242135150_59efcc9b3f.jpg	14	afd6917c1e87f59eceb84ca2e4d8cae2	jpg	Guru Sno Studios	United States	2012-12-03T17:17:32Z	Attribution-NoDerivs License	2012-08-25T14:31:23Z	Canon EOS DIGITAL REBEL XSi	89951693	7215	8242135150	[u'buildings', u'canon', u'city', u'color', u'guru sno studios', u'new york', u'nyc', u'roseveltisland', u'sky']
New York	[2484381, 2459115, 12589342, 2347591, 12761374, 23424977, 56043648]	http://www.flickr.com/photos/43524737@N02/8242134240/			False	http://farm9.staticflickr.com/8057/8242134240_2b6acfd4dd.jpg	14	77ad27dfb9c0fff487abfe59e9baa154	jpg	Guru Sno Studios	United States	2012-12-03T17:17:11Z	Attribution-NoDerivs License	2012-08-25T14:33:04Z	Canon EOS DIGITAL REBEL XSi	63319334	UN Building	8242134240	[u'buildings', u'canon', u'city', u'color', u'guru sno studios', u'new york', u'nyc', u'roseveltisland', u'sky', u'un', u'unitednations']
New York	[2484381, 2459115, 12589342, 2347591, 12761374, 23424977, 56043648]	http://www.flickr.com/photos/43524737@N02/8251202430/			False	http://farm9.staticflickr.com/8070/8251202430_53c586c169.jpg	14	a75b4499ffc068e553afb3e0e87f1069	jpg	Guru Sno Studios	United States	2012-12-06T22:30:11Z	Attribution-NoDerivs License	2012-08-25T14:35:23Z	Canon EOS DIGITAL REBEL XSi	61463491	7217	8251202430	[u'bridge', u'buildings', u'canon', u'city', u'color', u'new york', u'nyc', u'queensborobridge', u'roseveltisland']
New York	[2484381, 2459115, 12589342, 2347591, 12761374, 23424977, 56043648]	http://www.flickr.com/photos/43524737@N02/8250132277/			False	http://farm9.staticflickr.com/8210/8250132277_e34c725f64.jpg	14	af5a43de441663f7a04d9bd5b9ffa3	jpg	Guru Sno Studios	United States	2012-12-06T22:29:48Z	Attribution-NoDerivs License	2012-08-25T14:36:16Z	Canon EOS DIGITAL REBEL XSi	53016156	The Empire	8250132277	[u'buildings', u'canon', u'city', u'color', u'new york', u'nyc', u'roseveltisland']
New York	[2484381, 2459115, 12589342, 2347591, 12761374, 23424977, 56043648]	http://www.flickr.com/photos/43524737@N02/8251200822/			False	http://farm9.staticflickr.com/8203/8251200822_2ee1ed9507.jpg	14	a35ccad3b2e4c97d26fbe4681746bcb	jpg	Guru Sno Studios	United States	2012-12-06T22:29:27Z	Attribution-NoDerivs License	2012-08-25T14:38:59Z	Canon EOS DIGITAL REBEL XSi	62198771	Turkish Center	8251200822	[u'buildings', u'canon', u'city', u'color', u'new york', u'nyc', u'roseveltisland']
New York	[2484381, 2459115, 12589342, 2347591, 12761374, 23424977, 56043648]	http://www.flickr.com/photos/43524737@N02/8251199068/			False	http://farm9.staticflickr.com/8483/8251199068_984d105d16.jpg	14	46d881d5b45f32b6b50e026a61e9678	jpg	Guru Sno Studios	United States	2012-12-06T22:28:41Z	Attribution-NoDerivs License	2012-08-25T14:49:16Z	Canon EOS DIGITAL REBEL XSi	98984218	Working	8251199068	[u'bridge', u'buildings', u'canon', u'city', u'color', u'new york', u'nyc', u'queensborobridge', u'roseveltisland']
New York	[2484381, 2459115, 12589342, 2347591, 12761374, 23424977, 56043648]	http://www.flickr.com/photos/43524737@N02/8250128765/			False	http://farm9.staticflickr.com/8342/8250128765_854d6226a9.jpg	14	67e519fdb9fada6cb97a39cf58afefc	jpg	Guru Sno Studios	United States	2012-12-06T22:28:11Z	Attribution-NoDerivs License	2012-08-25T14:50:14Z	Canon EOS DIGITAL REBEL XSi	46709033	7221	8250128765	[u'buildings', u'canon', u'city', u'color', u'new york', u'nyc', u'roseveltisland']
New York	[2484381, 2459115, 12589342, 2347591, 12761374, 23424977, 56043648]	http://www.flickr.com/photos/43524737@N02/8253204166/			False	http://farm9.staticflickr.com/8481/8253204166_a77176d42a.jpg	14	d81e795f3d4671e223c942a376c4	jpg	Guru Sno Studios	United States	2012-12-07T18:37:42Z	Attribution-NoDerivs License	2012-08-25T14:51:56Z	Canon EOS DIGITAL REBEL XSi	69392847	7222	8253204166	[u'bridge', u'canon', u'city', u'color', u'day', u'guru sno studios', u'new york', u'nyc', u'queensborobridge', u'roseveltisland']
New York	[2484381, 2459115, 12589342, 2347591, 12761374, 23424977, 56043648]	http://www.flickr.com/photos/43524737@N02/8252133739/			False	http://farm9.staticflickr.com/8204/8252133739_b6b80bc6fd.jpg	14	f78b6d731d747aaa999851842ce116c1	jpg	Guru Sno Studios	United States	2012-12-07T18:37:27Z	Attribution-NoDerivs License	2012-08-25T14:56:32Z	Canon EOS DIGITAL REBEL XSi	99961153	7224	8252133739	[u'bridge', u'canon', u'city', u'color', u'day', u'guru sno studios', u'new york', u'nyc', u'queensborobridge', u'roseveltisland']
New York	[23677864, 2484381, 2459115, 12589342, 2347591, 12761374, 23424977, 56043648]	http://www.flickr.com/photos/43524737@N02/8253202808/			False	http://farm9.staticflickr.com/8490/8253202808_bbc77f4239.jpg	14	17af7d3a6e69a3ab1707048ec40b98	jpg	Guru Sno Studios	United States	2012-12-07T18:37:03Z	Attribution-NoDerivs License	2012-08-25T14:59:36Z	Canon EOS DIGITAL REBEL XSi	97037928	7225	8253202808	[u'bridge', u'canon', u'city', u'color', u'day', u'guru sno studios', u'new york', u'nyc', u'queensborobridge', u'roseveltisland']
New York	[23677864, 2484381, 2459115, 12589342, 2347591, 12761374, 23424977, 56043648]	http://www.flickr.com/photos/43524737@N02/8252132075/			False	http://farm9.staticflickr.com/8337/8252132075_8a301743af.jpg	15	d23fb8a0163819c5c5b9e8487abe49e	jpg	Guru Sno Studios	United States	2012-12-07T18:36:38Z	Attribution-NoDerivs License	2012-08-25T15:00:16Z	Canon EOS DIGITAL REBEL XSi	4991527	Tracks under bridge	8252132075	[u'bridge', u'canon', u'city', u'color', u'day', u'guru sno studios', u'new york', u'nyc', u'queensborobridge', u'roseveltisland']
New York	[23677864, 2484381, 2459115, 12589342, 2347591, 12761374, 23424977, 56043648]	http://www.flickr.com/photos/43524737@N02/8252131355/			False	http://farm9.staticflickr.com/8339/8252131355_a0e56fb7bb.jpg	15	32e5ee8fc19a560b1e7e0a6445388e5	jpg	Guru Sno Studios	United States	2012-12-07T18:36:18Z	Attribution-NoDerivs License	2012-08-25T15:00:30Z	Canon EOS DIGITAL REBEL XSi	90224023	Under the bridge	8252131355	[u'bridge', u'canon', u'city', u'color', u'day', u'guru sno studios', u'new york', u'nyc', u'queensborobridge', u'roseveltisland']
New York	[23677864, 2484381, 2459115, 12589342, 2347591, 12761374, 23424977, 56043648]	http://www.flickr.com/photos/43524737@N02/8264092029/			False	http://farm9.staticflickr.com/8063/8264092029_f19dd96560.jpg	15	7645f8417cddabc47e8ef27124dc3	jpg	Guru Sno Studios	United States	2012-12-11T18:53:20Z	Attribution-NoDerivs License	2012-08-25T15:00:43Z	Canon EOS DIGITAL REBEL XSi	91790996	Peek	8264092029	[u'bridge', u'canon', u'city', u'color', u'new york', u'nyc', u'queensborobridge', u'roseveltisland', u'street']
New York	[23677864, 2484381, 2459115, 12589342, 2347591, 12761374, 23424977, 56043648]	http://www.flickr.com/photos/43524737@N02/8264091451/			False	http://farm9.staticflickr.com/8082/8264091451_102af8a42c.jpg	15	ab1350f022fdeccc4c853bacb2cf383c	jpg	Guru Sno Studios	United States	2012-12-11T18:53:04Z	Attribution-NoDerivs License	2012-08-25T15:01:03Z	Canon EOS DIGITAL REBEL XSi	76019800	7229	8264091451	[u'bridge', u'canon', u'city', u'color', u'new york', u'nyc', u'queensborobridge', u'roseveltisland', u'street']
New York	[23677864, 2484381, 2459115, 12589342, 2347591, 12761374, 23424977, 56043648]	http://www.flickr.com/photos/43524737@N02/8265159142/			False	http://farm9.staticflickr.com/8484/8265159142_363df6f852.jpg	15	208e1eb1eb331137ea8045c3f34a22cf	jpg	Guru Sno Studios	United States	2012-12-11T18:52:50Z	Attribution-NoDerivs License	2012-08-25T15:01:26Z	Canon EOS DIGITAL REBEL XSi	27776109	7230	8265159142	[u'bridge', u'canon', u'city', u'color', u'new york', u'nyc', u'queensborobridge', u'roseveltisland', u'street']
New York	[23677864, 2484381, 2459115, 12589342, 2347591, 12761374, 23424977, 56043648]	http://www.flickr.com/photos/43524737@N02/8264089775/			False	http://farm9.staticflickr.com/8059/8264089775_e02586b6d1.jpg	15	411f7cdd1c249885cf7b97899e37093	jpg	Guru Sno Studios	United States	2012-12-11T18:52:27Z	Attribution-NoDerivs License	2012-08-25T15:04:05Z	Canon EOS DIGITAL REBEL XSi	63194141	7231	8264089775	[u'bridge', u'canon', u'city', u'color', u'new york', u'nyc', u'queensborobridge', u'roseveltisland', u'street']
New York	[2484381, 2459115, 12589342, 2347591, 12761374, 23424977, 56043648]	http://www.flickr.com/photos/43524737@N02/8264088689/			False	http://farm9.staticflickr.com/8338/8264088689_7b45f49479.jpg	15	9b3c8ddd8f3e37b9fb5d101073653d34	jpg	Guru Sno Studios	United States	2012-12-11T18:52:01Z	Attribution-NoDerivs License	2012-08-25T15:48:50Z	Canon EOS DIGITAL REBEL XSi	69437919	Island church	8264088689	[u'canon', u'church', u'city', u'color', u'new york', u'nyc', u'roseveltisland', u'street']
New York	[2484381, 2459115, 12589342, 2347591, 12761374, 23424977, 56043648]	http://www.flickr.com/photos/43524737@N02/8269630909/			False	http://farm9.staticflickr.com/8197/8269630909_9c71027176.jpg	15	1316edd23f2fd757650ccb58ad66ae2	jpg	Guru Sno Studios	United States	2012-12-13T19:33:52Z	Attribution-NoDerivs License	2012-08-25T15:49:37Z	Canon EOS DIGITAL REBEL XSi	66905244	7233	8269630909	[u'canon', u'church', u'city', u'color', u'guru sno studios', u'new york', u'nyc', u'roseveltisland']
New York	[2484381, 2459115, 12589342, 2347591, 12761374, 23424977, 56043648]	http://www.flickr.com/photos/43524737@N02/8269630199/			False	http://farm9.staticflickr.com/8203/8269630199_56c0458af9.jpg	15	24e2bbef2144242b8f6b33466530fc3	jpg	Guru Sno Studios	United States	2012-12-13T19:33:34Z	Attribution-NoDerivs License	2012-08-25T15:49:42Z	Canon EOS DIGITAL REBEL XSi	50181094	Old with New	8269630199	[u'canon', u'church', u'city', u'color', u'guru sno studios', u'new york', u'nyc', u'roseveltisland']
New York	[2484381, 2459115, 12589342, 2347591, 12761374, 23424977, 56043648]	http://www.flickr.com/photos/43524737@N02/8270694820/			False	http://farm9.staticflickr.com/8360/8270694820_cc52407002.jpg	15	d67cf882bcb3ba462d888161970d374	jpg	Guru Sno Studios	United States	2012-12-13T19:33:13Z	Attribution-NoDerivs License	2012-08-25T15:51:39Z	Canon EOS DIGITAL REBEL XSi	61099347	Bell	8270694820	[u'bell', u'canon', u'church', u'city', u'color', u'guru sno studios', u'new york', u'nyc', u'roseveltisland']
New York	[2484381, 2459115, 12589342, 2347591, 12761374, 23424977, 56043648]	http://www.flickr.com/photos/43524737@N02/8270693994/			False	http://farm9.staticflickr.com/8206/8270693994_6ff8512b6f.jpg	15	4ef865f4f8ac875f3569aca3add3eab	jpg	Guru Sno Studios	United States	2012-12-13T19:32:51Z	Attribution-NoDerivs License	2012-08-25T15:51:48Z	Canon EOS DIGITAL REBEL XSi	76497864	Worn Bell	8270693994	[u'bell', u'canon', u'church', u'city', u'color', u'guru sno studios', u'new york', u'nyc', u'roseveltisland']
New York	[2484381, 2459115, 12589342, 2347591, 12761374, 23424977, 56043648]	http://www.flickr.com/photos/43524737@N02/8270692906/			False	http://farm9.staticflickr.com/8082/8270692906_df5b238183.jpg	15	3931c131e237ae0ecc87e57daf638a7	jpg	Guru Sno Studios	United States	2012-12-13T19:32:26Z	Attribution-NoDerivs License	2012-08-25T15:52:33Z	Canon EOS DIGITAL REBEL XSi	59282605	Cracks	8270692906	[u'bell', u'canon', u'church', u'city', u'color', u'guru sno studios', u'new york', u'nyc', u'roseveltisland']
New York	[2484381, 2459115, 12589342, 2347591, 12761374, 23424977, 56043648]	http://www.flickr.com/photos/43524737@N02/8281327963/			False	http://farm9.staticflickr.com/8338/8281327963_2405a98793.jpg	15	4a19908e62a9bd8e74b4ddba6c5dc4ca	jpg	Guru Sno Studios	United States	2012-12-17T20:47:15Z	Attribution-NoDerivs License	2012-08-25T15:52:36Z	Canon EOS DIGITAL REBEL XSi	67583657	Cracks in the bell	8281327963	[u'bell', u'canon', u'city', u'color', u'metal', u'new york', u'nyc', u'park', u'roseveltisland']
New York	[2484381, 2459115, 12589342, 2347591, 12761374, 23424977, 56043648]	http://www.flickr.com/photos/43524737@N02/8282381608/			False	http://farm9.staticflickr.com/8491/8282381608_6c2d747229.jpg	15	2225f6778eb9451cc39f7e721209284	jpg	Guru Sno Studios	United States	2012-12-17T20:46:30Z	Attribution-NoDerivs License	2012-08-25T15:57:17Z	Canon EOS DIGITAL REBEL XSi	62127094	The city	8282381608	[u'buildings', u'canon', u'city', u'color', u'new york', u'nyc', u'park', u'roseveltisland', u'skyline']
New York	[2484381, 2459115, 12589342, 2347591, 12761374, 23424977, 56043648]	http://www.flickr.com/photos/43524737@N02/8281326803/			False	http://farm9.staticflickr.com/8344/8281326803_e24fe392fb.jpg	16	9736fc219143f767bda1319b32779a22	jpg	Guru Sno Studios	United States	2012-12-17T20:46:52Z	Attribution-NoDerivs License	2012-08-25T16:02:26Z	Canon EOS DIGITAL REBEL XSi	85806268	Out for a ride	8281326803	[u'canon', u'city', u'color', u'kids', u'new york', u'nyc', u'park', u'people', u'roseveltisland']
New York	[2484381, 2459115, 12589342, 2347591, 12761374, 23424977, 56043648]	http://www.flickr.com/photos/43524737@N02/8281324453/			False	http://farm9.staticflickr.com/8348/8281324453_4844161900.jpg	16	7a96b9684f323b3cefd4affc139ffc9	jpg	Guru Sno Studios	United States	2012-12-17T20:46:03Z	Attribution-NoDerivs License	2012-08-25T16:02:30Z	Canon EOS DIGITAL REBEL XSi	79745640	Cruising Gals	8281324453	[u'canon', u'city', u'color', u'kids', u'new york', u'nyc', u'park', u'people', u'roseveltisland']
New York	[2484381, 2459115, 12589342, 2347591, 12761374, 23424977, 55836383, 56043648]	http://www.flickr.com/photos/43524737@N02/8282379300/			False	http://farm9.staticflickr.com/8071/8282379300_f2698491fe.jpg	16	811787b5438eab7ff8988f8157463181	jpg	Guru Sno Studios	United States	2012-12-17T20:45:41Z	Attribution-NoDerivs License	2012-08-25T16:08:19Z	Canon EOS DIGITAL REBEL XSi	61281668	7243	8282379300	[u'canon', u'city', u'color', u'metal', u'new york', u'nyc', u'park', u'roseveltisland']
New York	[2484381, 2459115, 12589342, 2347591, 12761374, 23424977, 55836383, 56043648]	http://www.flickr.com/photos/43524737@N02/8317622336/			False	http://farm9.staticflickr.com/8500/8317622336_f0342e021b.jpg	16	ba2a22eba433f6c3c75b6268b9d0ad9d	jpg	Guru Sno Studios	United States	2012-12-28T08:13:48Z	Attribution-NoDerivs License	2012-08-25T16:08:27Z	Canon EOS DIGITAL REBEL XSi	84204575	Phone call	8317622336	[u'canon', u'city', u'color', u'new york', u'nyc', u'park', u'river', u'roseveltisland', u'scupture', u'water']
New York	[2484381, 2459115, 12589342, 2347591, 12761374, 23424977, 55836383, 56043648]	http://www.flickr.com/photos/43524737@N02/8317621330/			False	http://farm9.staticflickr.com/8076/8317621330_0fed3181ae.jpg	16	11d435c728bd8d62771ef2c19bb11ef	jpg	Guru Sno Studios	United States	2012-12-28T08:13:18Z	Attribution-NoDerivs License	2012-08-25T16:08:29Z	Canon EOS DIGITAL REBEL XSi	60789580	7245	8317621330	[u'canon', u'city', u'color', u'new york', u'nyc', u'park', u'river', u'roseveltisland', u'scupture', u'water']
New York	[2484381, 2459115, 12589342, 2347591, 12761374, 23424977, 55836383, 56043648]	http://www.flickr.com/photos/43524737@N02/8316566565/		In today's economy it sometimes feel like your money is being washed away	False	http://farm9.staticflickr.com/8224/8316566565_0859748ebc.jpg	16	b3fbfee8cc872c677aadf9cf6388b22	jpg	Guru Sno Studios	United States	2012-12-28T08:13:00Z	Attribution-NoDerivs License	2012-08-25T16:09:05Z	Canon EOS DIGITAL REBEL XSi	22668614	Money takes a swim	8316566565	[u'canon', u'city', u'color', u'new york', u'nyc', u'park', u'river', u'roseveltisland', u'scupture', u'water']
New York	[2484381, 2459115, 12589342, 2347591, 12761374, 23424977, 55836383, 56043648]	http://www.flickr.com/photos/43524737@N02/8317619974/			False	http://farm9.staticflickr.com/8081/8317619974_e112cd2614.jpg	16	52bfc58555dbb812c4ae156644167	jpg	Guru Sno Studios	United States	2012-12-28T08:12:36Z	Attribution-NoDerivs License	2012-08-25T16:10:29Z	Canon EOS DIGITAL REBEL XSi	48845118	The wedding	8317619974	[u'canon', u'city', u'color', u'new york', u'nyc', u'park', u'remember that moment level 1', u'river', u'roseveltisland', u'scupture', u'water']
New York	[2484381, 2459115, 12589342, 2347591, 12761374, 23424977, 55836383, 56043648]	http://www.flickr.com/photos/43524737@N02/8316564847/			False	http://farm9.staticflickr.com/8084/8316564847_c2cd5c356e.jpg	16	f35a8cfc5f5c580a4a1326366ad1ad	jpg	Guru Sno Studios	United States	2012-12-28T08:12:07Z	Attribution-NoDerivs License	2012-08-25T16:10:50Z	Canon EOS DIGITAL REBEL XSi	53007652	Money & Real Estate	8316564847	[u'canon', u'city', u'color', u'new york', u'nyc', u'park', u'river', u'roseveltisland', u'scupture', u'water']
New York	[2484381, 2459115, 12589342, 2347591, 12761374, 23424977, 55836383, 56043648]	http://www.flickr.com/photos/43524737@N02/8333054424/			False	http://farm9.staticflickr.com/8356/8333054424_37f169fb4c.jpg	16	a396f10103b3c96f823382c378464a	jpg	Guru Sno Studios	United States	2013-01-01T08:58:59Z	Attribution-NoDerivs License	2012-08-25T16:11:13Z	Canon EOS DIGITAL REBEL XSi	78240152	House out for a swim	8333054424	[u'art', u'canon', u'city', u'color', u'guru sno studios', u'new york', u'nyc', u'river', u'roseveltisland', u'statue', u'water']
New York	[2484381, 2459115, 12589342, 2347591, 12761374, 23424977, 55836383, 56043648]	http://www.flickr.com/photos/43524737@N02/8331996185/			False	http://farm9.staticflickr.com/8223/8331996185_85c7ab1462.jpg	16	e5bedc876f49694676bb7d315a62053	jpg	Guru Sno Studios	United States	2013-01-01T08:58:31Z	Attribution-NoDerivs License	2012-08-25T16:16:17Z	Canon EOS DIGITAL REBEL XSi	98797689	Homes in it Deep	8331996185	[u'art', u'b&w', u'canon', u'city', u'guru sno studios', u'new york', u'nyc', u'river', u'roseveltisland', u'statue', u'water']
New York	[2484381, 2459115, 12589342, 2347591, 12761374, 23424977, 55836383, 56043648]	http://www.flickr.com/photos/43524737@N02/8331995119/			False	http://farm9.staticflickr.com/8358/8331995119_3cf9675a50.jpg	16	e45c8db2d74242321e29b639868620	jpg	Guru Sno Studios	United States	2013-01-01T08:57:56Z	Attribution-NoDerivs License	2012-08-25T16:28:31Z	Canon EOS DIGITAL REBEL XSi	61676452	White Rose?	8331995119	[u'art', u'canon', u'city', u'color', u'guru sno studios', u'new york', u'nyc', u'roseveltisland', u'statue']
New York	[2484381, 2459115, 12589342, 2347591, 12761374, 23424977, 55836383, 56043648]	http://www.flickr.com/photos/43524737@N02/8331993745/			False	http://farm9.staticflickr.com/8354/8331993745_f7c6eccb07.jpg	16	ee783722979dd7d8178057171bceec	jpg	Guru Sno Studios	United States	2013-01-01T08:57:12Z	Attribution-NoDerivs License	2012-08-25T16:29:04Z	Canon EOS DIGITAL REBEL XSi	55517642	7255	8331993745	[u'art', u'b&w', u'canon', u'city', u'guru sno studios', u'new york', u'nyc', u'roseveltisland', u'statue']
New York	[2484381, 2459115, 12589342, 2347591, 12761374, 23424977, 55836383, 56043648]	http://www.flickr.com/photos/43524737@N02/8331992591/			False	http://farm9.staticflickr.com/8353/8331992591_7bc0621b80.jpg	16	949acfd94b1a2d72383aa8da761ada2	jpg	Guru Sno Studios	United States	2013-01-01T08:56:35Z	Attribution-NoDerivs License	2012-08-25T16:30:12Z	Canon EOS DIGITAL REBEL XSi	96816111	7256	8331992591	[u'art', u'canon', u'city', u'color', u'guru sno studios', u'new york', u'nyc', u'roseveltisland', u'statue']
