town_s	woe_is	urlpage_s	machine_ss	desc_ws	video_b	url_s	hour_i	hash_s	ext_s	user_s	country_s	upload_dt	license_s	taken_dt	device_s	line_i	title_s	id	tag_ss
New York	[91801630, 28751185, 2459115, 12589314, 2347591, 12761512, 23424977, 56043648]	http://www.flickr.com/photos/81365121@N00/4497917465/			False	http://farm3.staticflickr.com/2783/4497917465_6a78670e72.jpg	9	8e7895c65b1fe969c3b67fed2a9036	jpg	pelcinary	United States	2010-04-06T23:25:46Z	Attribution-NonCommercial-NoDerivs License	2010-04-02T09:16:24Z	Canon EOS 5D Mark II	75352724	Kitchen Zoo Nightmare  001	4497917465	[u'bronx', u'zoo']
New York	[91801630, 28751185, 2459115, 12589314, 2347591, 12761512, 23424977, 56043648]	http://www.flickr.com/photos/81365121@N00/4498554728/			False	http://farm5.staticflickr.com/4060/4498554728_215f1bbc7a.jpg	9	7784ffc1ee46d94855a9174bdf67640	jpg	pelcinary	United States	2010-04-06T23:26:00Z	Attribution-NonCommercial-NoDerivs License	2010-04-02T09:21:59Z	Canon EOS 5D Mark II	82784364	Kitchen Zoo Nightmare  003	4498554728	[u'bronx', u'zoo']
New York	[91801630, 28751185, 2459115, 12589314, 2347591, 12761512, 23424977, 56043648]	http://www.flickr.com/photos/81365121@N00/4497921307/			False	http://farm3.staticflickr.com/2678/4497921307_893ebc39f2.jpg	9	f55edc66dbd2a18c73b2fc6d8971935	jpg	pelcinary	United States	2010-04-06T23:27:30Z	Attribution-NonCommercial-NoDerivs License	2010-04-02T09:29:06Z	Canon EOS 5D Mark II	42174070	Kitchen Zoo Nightmare  005	4497921307	[u'bronx', u'zoo']
New York	[91801630, 28751185, 2459115, 12589314, 2347591, 12761512, 23424977, 56043648]	http://www.flickr.com/photos/81365121@N00/4497920569/			False	http://farm3.staticflickr.com/2716/4497920569_a3eaa0f718.jpg	9	8a3ecfff2318ed643aff5fa7861f3a	jpg	pelcinary	United States	2010-04-06T23:27:08Z	Attribution-NonCommercial-NoDerivs License	2010-04-02T09:29:06Z	Canon EOS 5D Mark II	44560669	Kitchen Zoo Nightmare  005 - Version 2	4497920569	[u'bronx', u'zoo']
New York	[91801630, 28751185, 2459115, 12589314, 2347591, 12761512, 23424977, 56043648]	http://www.flickr.com/photos/81365121@N00/4498555626/			False	http://farm5.staticflickr.com/4007/4498555626_3c49071fa3.jpg	9	2d7d8747a33d31ac5995c8c54f64f32	jpg	pelcinary	United States	2010-04-06T23:26:24Z	Attribution-NonCommercial-NoDerivs License	2010-04-02T09:29:06Z	Canon EOS 5D Mark II	88838930	Kitchen Zoo Nightmare  004 - Version 2	4498555626	[u'bronx', u'zoo']
New York	[91801630, 28751185, 2459115, 12589314, 2347591, 12761512, 23424977, 56043648]	http://www.flickr.com/photos/81365121@N00/4498556362/			False	http://farm5.staticflickr.com/4018/4498556362_5bcca9d345.jpg	9	468c98e34fa0cd14bc36663d24565f3	jpg	pelcinary	United States	2010-04-06T23:26:45Z	Attribution-NonCommercial-NoDerivs License	2010-04-02T09:29:06Z	Canon EOS 5D Mark II	98613700	Kitchen Zoo Nightmare  004	4498556362	[u'bronx', u'zoo']
New York	[91801630, 28751185, 2459115, 12589314, 2347591, 12761512, 23424977, 56043648]	http://www.flickr.com/photos/81365121@N00/4498558660/			False	http://farm3.staticflickr.com/2793/4498558660_e6f7021371.jpg	9	ae7475844959f6a8c8e1ae606818	jpg	pelcinary	United States	2010-04-06T23:27:50Z	Attribution-NonCommercial-NoDerivs License	2010-04-02T09:29:47Z	Canon EOS 5D Mark II	70357050	Kitchen Zoo Nightmare  007 - Version 2	4498558660	[u'bronx', u'zoo']
New York	[91801630, 28751185, 2459115, 12589314, 2347591, 12761512, 23424977, 56043648]	http://www.flickr.com/photos/81365121@N00/4498559546/			False	http://farm5.staticflickr.com/4053/4498559546_ab0aa4d489.jpg	9	becbbfdb4fefe28e1d02192c69ece34	jpg	pelcinary	United States	2010-04-06T23:28:17Z	Attribution-NonCommercial-NoDerivs License	2010-04-02T09:29:47Z	Canon EOS 5D Mark II	81073700	Kitchen Zoo Nightmare  007	4498559546	[u'bronx', u'zoo']
New York	[91801630, 28751185, 2459115, 12589314, 2347591, 12761512, 23424977, 56043648]	http://www.flickr.com/photos/81365121@N00/4498560058/			False	http://farm5.staticflickr.com/4047/4498560058_d7f378de97.jpg	9	a365b689718cc3e2c56c1561bd436f0	jpg	pelcinary	United States	2010-04-06T23:28:31Z	Attribution-NonCommercial-NoDerivs License	2010-04-02T09:39:23Z	Canon EOS 5D Mark II	98961150	Kitchen Zoo Nightmare  009	4498560058	[u'bronx', u'zoo']
New York	[91801630, 28751185, 2459115, 12589314, 2347591, 12761512, 23424977, 56043648]	http://www.flickr.com/photos/81365121@N00/4497923665/			False	http://farm5.staticflickr.com/4039/4497923665_f978ea2c37.jpg	10	2ba36a152495f2c9440e6211c1ca085	jpg	pelcinary	United States	2010-04-06T23:28:40Z	Attribution-NonCommercial-NoDerivs License	2010-04-02T10:02:49Z	Canon EOS 5D Mark II	97383132	Kitchen Zoo Nightmare  016	4497923665	[u'bronx', u'zoo']
New York	[91801630, 28751185, 2459115, 12589314, 2347591, 12761512, 23424977, 56043648]	http://www.flickr.com/photos/81365121@N00/4498560590/			False	http://farm5.staticflickr.com/4010/4498560590_dd6bf2eb22.jpg	10	7215247694963dad83c7bb0c0f8ecc1	jpg	pelcinary	United States	2010-04-06T23:28:48Z	Attribution-NonCommercial-NoDerivs License	2010-04-02T10:02:55Z	Canon EOS 5D Mark II	93839496	Kitchen Zoo Nightmare  018	4498560590	[u'bronx', u'zoo']
New York	[91801630, 28751185, 2459115, 12589314, 2347591, 12761512, 23424977, 56043648]	http://www.flickr.com/photos/81365121@N00/4497924307/			False	http://farm5.staticflickr.com/4019/4497924307_e23f2d3434.jpg	10	eb7d8ece6e8d6c676bb3bc74acc255	jpg	pelcinary	United States	2010-04-06T23:28:57Z	Attribution-NonCommercial-NoDerivs License	2010-04-02T10:03:28Z	Canon EOS 5D Mark II	17854339	Kitchen Zoo Nightmare  019	4497924307	[u'bronx', u'zoo']
New York	[91801630, 28751185, 2459115, 12589314, 2347591, 12761512, 23424977, 56043648]	http://www.flickr.com/photos/81365121@N00/4497924637/			False	http://farm5.staticflickr.com/4002/4497924637_b88196e05f.jpg	10	e31c452b2d1b5d8625042bc7a5fd48	jpg	pelcinary	United States	2010-04-06T23:29:06Z	Attribution-NonCommercial-NoDerivs License	2010-04-02T10:04:01Z	Canon EOS 5D Mark II	77461340	Kitchen Zoo Nightmare  021	4497924637	[u'bronx', u'zoo']
New York	[91801630, 28751185, 2459115, 12589314, 2347591, 12761512, 23424977, 56043648]	http://www.flickr.com/photos/81365121@N00/4497925071/			False	http://farm3.staticflickr.com/2801/4497925071_13c01ec6f2.jpg	10	f14538a9818547955092498cedfd7446	jpg	pelcinary	United States	2010-04-06T23:29:19Z	Attribution-NonCommercial-NoDerivs License	2010-04-02T10:04:49Z	Canon EOS 5D Mark II	71435424	Kitchen Zoo Nightmare  024	4497925071	[u'bronx', u'zoo']
New York	[91801630, 28751185, 2459115, 12589314, 2347591, 12761512, 23424977, 56043648]	http://www.flickr.com/photos/81365121@N00/4498561996/			False	http://farm5.staticflickr.com/4016/4498561996_2695dd558f.jpg	10	fe3c1abf08f9b8c676e5b649d929fcb	jpg	pelcinary	United States	2010-04-06T23:29:30Z	Attribution-NonCommercial-NoDerivs License	2010-04-02T10:05:19Z	Canon EOS 5D Mark II	41615766	Kitchen Zoo Nightmare  025	4498561996	[u'bronx', u'zoo']
New York	[91801630, 28751185, 2459115, 12589314, 2347591, 12761512, 23424977, 56043648]	http://www.flickr.com/photos/81365121@N00/4498562436/			False	http://farm5.staticflickr.com/4011/4498562436_512f15b535.jpg	10	9da8c8cbc6f64b7c436ef424a28e8613	jpg	pelcinary	United States	2010-04-06T23:29:44Z	Attribution-NonCommercial-NoDerivs License	2010-04-02T10:12:17Z	Canon EOS 5D Mark II	15156456	Kitchen Zoo Nightmare  028	4498562436	[u'bronx', u'zoo']
New York	[91801630, 28751185, 2459115, 12589314, 2347591, 12761512, 23424977, 56043648]	http://www.flickr.com/photos/81365121@N00/4498563086/			False	http://farm5.staticflickr.com/4013/4498563086_11f8fdbb1a.jpg	10	43d6e4eeff4f2847d2aa3eb5b3ad9af2	jpg	pelcinary	United States	2010-04-06T23:30:03Z	Attribution-NonCommercial-NoDerivs License	2010-04-02T10:12:18Z	Canon EOS 5D Mark II	89804929	Kitchen Zoo Nightmare  029	4498563086	[u'bronx', u'zoo']
New York	[91801630, 28751185, 2459115, 12589314, 2347591, 12761512, 23424977, 56043648]	http://www.flickr.com/photos/81365121@N00/4498563502/			False	http://farm5.staticflickr.com/4062/4498563502_7e997ce59f.jpg	10	1f1e7f66cc501226c6525c71239140cc	jpg	pelcinary	United States	2010-04-06T23:30:17Z	Attribution-NonCommercial-NoDerivs License	2010-04-02T10:12:29Z	Canon EOS 5D Mark II	88575983	Kitchen Zoo Nightmare  031	4498563502	[u'bronx', u'zoo']
New York	[91801630, 28751185, 2459115, 12589314, 2347591, 12761512, 23424977, 56043648]	http://www.flickr.com/photos/81365121@N00/4498564054/			False	http://farm5.staticflickr.com/4056/4498564054_b1fc1734a6.jpg	10	5093456bd56d5eda52c4369394db5da	jpg	pelcinary	United States	2010-04-06T23:30:33Z	Attribution-NonCommercial-NoDerivs License	2010-04-02T10:13:29Z	Canon EOS 5D Mark II	70231192	Kitchen Zoo Nightmare  032	4498564054	[u'bronx', u'zoo']
New York	[91801630, 28751185, 2459115, 12589314, 2347591, 12761512, 23424977, 56043648]	http://www.flickr.com/photos/81365121@N00/4498564640/			False	http://farm5.staticflickr.com/4058/4498564640_48bf2cda12.jpg	10	608db867eebb1d8979ab8d34e8a9e0	jpg	pelcinary	United States	2010-04-06T23:30:49Z	Attribution-NonCommercial-NoDerivs License	2010-04-02T10:13:40Z	Canon EOS 5D Mark II	79573600	Kitchen Zoo Nightmare  034	4498564640	[u'bronx', u'zoo']
New York	[91801630, 28751185, 2459115, 12589314, 2347591, 12761512, 23424977, 56043648]	http://www.flickr.com/photos/81365121@N00/4497928367/			False	http://farm3.staticflickr.com/2701/4497928367_0372a6fa75.jpg	10	ff8ae841bde566989f245c7e73aa3	jpg	pelcinary	United States	2010-04-06T23:30:58Z	Attribution-NonCommercial-NoDerivs License	2010-04-02T10:13:57Z	Canon EOS 5D Mark II	12621002	Kitchen Zoo Nightmare  035	4497928367	[u'bronx', u'zoo']
New York	[91801630, 28751185, 2459115, 12589314, 2347591, 12761512, 23424977, 56043648]	http://www.flickr.com/photos/81365121@N00/4498565226/			False	http://farm5.staticflickr.com/4036/4498565226_0db27aae68.jpg	10	abdc2b56d655f1138955ef6734cf0ee	jpg	pelcinary	United States	2010-04-06T23:31:08Z	Attribution-NonCommercial-NoDerivs License	2010-04-02T10:14:07Z	Canon EOS 5D Mark II	68674491	Kitchen Zoo Nightmare  037	4498565226	[u'bronx', u'zoo']
New York	[91801630, 28751185, 2459115, 12589314, 2347591, 12761512, 23424977, 56043648]	http://www.flickr.com/photos/81365121@N00/4498565548/			False	http://farm5.staticflickr.com/4010/4498565548_d0c2a17636.jpg	10	e59483d538fd42aee9a4a2b1aa0298b	jpg	pelcinary	United States	2010-04-06T23:31:19Z	Attribution-NonCommercial-NoDerivs License	2010-04-02T10:14:52Z	Canon EOS 5D Mark II	83016679	Kitchen Zoo Nightmare  039	4498565548	[u'bronx', u'zoo']
New York	[91801630, 28751185, 2459115, 12589314, 2347591, 12761512, 23424977, 56043648]	http://www.flickr.com/photos/81365121@N00/4497929467/			False	http://farm5.staticflickr.com/4007/4497929467_8699ca097e.jpg	10	b8751bd6f73b995725c4f9e41d977b	jpg	pelcinary	United States	2010-04-06T23:31:30Z	Attribution-NonCommercial-NoDerivs License	2010-04-02T10:14:54Z	Canon EOS 5D Mark II	57969278	Kitchen Zoo Nightmare  040	4497929467	[u'bronx', u'zoo']
New York	[91801630, 28751185, 2459115, 12589314, 2347591, 12761512, 23424977, 56043648]	http://www.flickr.com/photos/81365121@N00/4498566306/			False	http://farm3.staticflickr.com/2727/4498566306_8a4704cfe4.jpg	10	fa16ad86744e835dbf66aba58d9d2f9	jpg	pelcinary	United States	2010-04-06T23:31:42Z	Attribution-NonCommercial-NoDerivs License	2010-04-02T10:15:33Z	Canon EOS 5D Mark II	60943086	Kitchen Zoo Nightmare  041	4498566306	[u'bronx', u'zoo']
New York	[91801630, 28751185, 2459115, 12589314, 2347591, 12761512, 23424977, 56043648]	http://www.flickr.com/photos/81365121@N00/4498566776/			False	http://farm3.staticflickr.com/2698/4498566776_f2a190c3aa.jpg	10	e51fe5bcad3bd9a583ac5051b38613f2	jpg	pelcinary	United States	2010-04-06T23:31:56Z	Attribution-NonCommercial-NoDerivs License	2010-04-02T10:17:11Z	Canon EOS 5D Mark II	65581076	Kitchen Zoo Nightmare  044	4498566776	[u'bronx', u'zoo']
New York	[91801630, 28751185, 2459115, 12589314, 2347591, 12761512, 23424977, 56043648]	http://www.flickr.com/photos/81365121@N00/4497931013/			False	http://farm3.staticflickr.com/2749/4497931013_fded619827.jpg	10	cdcac0bb1e1560fc942ae9e36eec8f83	jpg	pelcinary	United States	2010-04-06T23:32:12Z	Attribution-NonCommercial-NoDerivs License	2010-04-02T10:25:14Z	Canon EOS 5D Mark II	84708880	Kitchen Zoo Nightmare  051	4497931013	[u'bronx', u'zoo']
New York	[91801630, 28751185, 2459115, 12589314, 2347591, 12761512, 23424977, 56043648]	http://www.flickr.com/photos/81365121@N00/4498567598/			False	http://farm3.staticflickr.com/2777/4498567598_1ff418c148.jpg	10	cd1785d03015d5333c5ee417b7b0c8	jpg	pelcinary	United States	2010-04-06T23:32:21Z	Attribution-NonCommercial-NoDerivs License	2010-04-02T10:30:01Z	Canon EOS 5D Mark II	95923765	Kitchen Zoo Nightmare  052	4498567598	[u'bronx', u'zoo']
New York	[91801630, 28751185, 2459115, 12589314, 2347591, 12761512, 23424977, 56043648]	http://www.flickr.com/photos/81365121@N00/4498567904/			False	http://farm3.staticflickr.com/2709/4498567904_1bb1843484.jpg	10	1037a8beab290d682391fdca8af23b	jpg	pelcinary	United States	2010-04-06T23:32:30Z	Attribution-NonCommercial-NoDerivs License	2010-04-02T10:30:04Z	Canon EOS 5D Mark II	3491228	Kitchen Zoo Nightmare  053	4498567904	[u'bronx', u'zoo']
New York	[91801630, 28751185, 2459115, 12589314, 2347591, 12761512, 23424977, 56043648]	http://www.flickr.com/photos/81365121@N00/4497932043/			False	http://farm3.staticflickr.com/2711/4497932043_7071a6848b.jpg	10	1b818ca11cac55efeb883da046948841	jpg	pelcinary	United States	2010-04-06T23:32:43Z	Attribution-NonCommercial-NoDerivs License	2010-04-02T10:39:33Z	Canon EOS 5D Mark II	87745227	Kitchen Zoo Nightmare  056	4497932043	[u'bronx', u'zoo']
New York	[91801630, 28751185, 2459115, 12589314, 2347591, 12761512, 23424977, 56043648]	http://www.flickr.com/photos/81365121@N00/4498568850/			False	http://farm5.staticflickr.com/4034/4498568850_77cec95ef5.jpg	10	6a96ee8203219e5d95af86affb75cdd	jpg	pelcinary	United States	2010-04-06T23:32:59Z	Attribution-NonCommercial-NoDerivs License	2010-04-02T10:40:11Z	Canon EOS 5D Mark II	71793516	Kitchen Zoo Nightmare  059	4498568850	[u'bronx', u'zoo']
New York	[91801630, 28751185, 2459115, 12589314, 2347591, 12761512, 23424977, 56043648]	http://www.flickr.com/photos/81365121@N00/4498569382/			False	http://farm5.staticflickr.com/4034/4498569382_ee17d95f75.jpg	10	bd778a2c5c823aae4454595232a521	jpg	pelcinary	United States	2010-04-06T23:33:14Z	Attribution-NonCommercial-NoDerivs License	2010-04-02T10:40:22Z	Canon EOS 5D Mark II	42392145	Kitchen Zoo Nightmare  061	4498569382	[u'bronx', u'zoo']
New York	[91801630, 28751185, 2459115, 12589314, 2347591, 12761512, 23424977, 56043648]	http://www.flickr.com/photos/81365121@N00/4498569934/			False	http://farm3.staticflickr.com/2757/4498569934_082bee0cf1.jpg	10	dafd4c888f4e144a57f1f3a6173470	jpg	pelcinary	United States	2010-04-06T23:33:30Z	Attribution-NonCommercial-NoDerivs License	2010-04-02T10:40:50Z	Canon EOS 5D Mark II	63781768	Kitchen Zoo Nightmare  063	4498569934	[u'bronx', u'zoo']
New York	[91801630, 28751185, 2459115, 12589314, 2347591, 12761512, 23424977, 56043648]	http://www.flickr.com/photos/81365121@N00/4497934297/			False	http://farm5.staticflickr.com/4046/4497934297_415035bf18.jpg	10	523e57bf74387b5105e2fed1aaf3212	jpg	pelcinary	United States	2010-04-06T23:33:43Z	Attribution-NonCommercial-NoDerivs License	2010-04-02T10:44:25Z	Canon EOS 5D Mark II	87954975	Kitchen Zoo Nightmare  064	4497934297	[u'bronx', u'zoo']
New York	[91801630, 28751185, 2459115, 12589314, 2347591, 12761512, 23424977, 56043648]	http://www.flickr.com/photos/81365121@N00/4498570882/			False	http://farm3.staticflickr.com/2797/4498570882_a40562608f.jpg	10	a6fb37681b4ddbfe713c78e1d2e4a2b3	jpg	pelcinary	United States	2010-04-06T23:33:57Z	Attribution-NonCommercial-NoDerivs License	2010-04-02T10:44:30Z	Canon EOS 5D Mark II	80053352	Kitchen Zoo Nightmare  065	4498570882	[u'bronx', u'zoo']
New York	[91801630, 28751185, 2459115, 12589314, 2347591, 12761512, 23424977, 56043648]	http://www.flickr.com/photos/81365121@N00/4497935201/			False	http://farm5.staticflickr.com/4068/4497935201_1c4bf12edd.jpg	10	44959550c75c9ba3b24cd7c2c7a4d11a	jpg	pelcinary	United States	2010-04-06T23:34:07Z	Attribution-NonCommercial-NoDerivs License	2010-04-02T10:48:57Z	Canon EOS 5D Mark II	95191372	Kitchen Zoo Nightmare  066	4497935201	[u'bronx', u'zoo']
New York	[91801630, 28751185, 2459115, 12589314, 2347591, 12761512, 23424977, 56043648]	http://www.flickr.com/photos/81365121@N00/4498571472/			False	http://farm5.staticflickr.com/4014/4498571472_bab0cb4e26.jpg	10	30b8cb59d97911c3d92dd8dae13bb99	jpg	pelcinary	United States	2010-04-06T23:34:16Z	Attribution-NonCommercial-NoDerivs License	2010-04-02T10:49:09Z	Canon EOS 5D Mark II	90219267	Kitchen Zoo Nightmare  068	4498571472	[u'bronx', u'zoo']
New York	[91801630, 28751185, 2459115, 12589314, 2347591, 12761512, 23424977, 56043648]	http://www.flickr.com/photos/81365121@N00/4497935787/			False	http://farm5.staticflickr.com/4055/4497935787_0a7ba0e514.jpg	10	8549fccd94e4d7f4514cc76568abff	jpg	pelcinary	United States	2010-04-06T23:34:26Z	Attribution-NonCommercial-NoDerivs License	2010-04-02T10:50:01Z	Canon EOS 5D Mark II	83997898	Kitchen Zoo Nightmare  069	4497935787	[u'bronx', u'zoo']
New York	[91801630, 28751185, 2459115, 12589314, 2347591, 12761512, 23424977, 56043648]	http://www.flickr.com/photos/81365121@N00/4497936109/			False	http://farm5.staticflickr.com/4066/4497936109_95bd24e8ec.jpg	10	f168bbe73cbbaa6635ccac3dbe2b142d	jpg	pelcinary	United States	2010-04-06T23:34:37Z	Attribution-NonCommercial-NoDerivs License	2010-04-02T10:50:05Z	Canon EOS 5D Mark II	99467915	Kitchen Zoo Nightmare  070	4497936109	[u'bronx', u'zoo']
New York	[91801630, 28751185, 2459115, 12589314, 2347591, 12761512, 23424977, 56043648]	http://www.flickr.com/photos/81365121@N00/4497936423/			False	http://farm5.staticflickr.com/4041/4497936423_0fe5c636b9.jpg	10	3a7c7376acb3feee73f2cfd55c1fc93	jpg	pelcinary	United States	2010-04-06T23:34:47Z	Attribution-NonCommercial-NoDerivs License	2010-04-02T10:50:08Z	Canon EOS 5D Mark II	91698814	Kitchen Zoo Nightmare  071	4497936423	[u'bronx', u'zoo']
New York	[91801630, 28751185, 2459115, 12589314, 2347591, 12761512, 23424977, 56043648]	http://www.flickr.com/photos/81365121@N00/4497936833/			False	http://farm3.staticflickr.com/2713/4497936833_08b2f88288.jpg	10	3caf6641d0bd69d839838bdbff1f43	jpg	pelcinary	United States	2010-04-06T23:34:59Z	Attribution-NonCommercial-NoDerivs License	2010-04-02T10:56:49Z	Canon EOS 5D Mark II	71275546	Kitchen Zoo Nightmare  073	4497936833	[u'bronx', u'zoo']
New York	[91801630, 28751185, 2459115, 12589314, 2347591, 12761512, 23424977, 56043648]	http://www.flickr.com/photos/81365121@N00/4498573406/			False	http://farm3.staticflickr.com/2748/4498573406_cb951ac0ba.jpg	10	aaa5b06f7eeb6483cf256b76bdd922	jpg	pelcinary	United States	2010-04-06T23:35:13Z	Attribution-NonCommercial-NoDerivs License	2010-04-02T10:56:51Z	Canon EOS 5D Mark II	84776588	Kitchen Zoo Nightmare  074	4498573406	[u'bronx', u'zoo']
New York	[91801630, 28751185, 2459115, 12589314, 2347591, 12761512, 23424977, 56043648]	http://www.flickr.com/photos/81365121@N00/4497937691/			False	http://farm3.staticflickr.com/2788/4497937691_e9f10e0170.jpg	11	2b637a92b9a5de6de49f2a761f4558a7	jpg	pelcinary	United States	2010-04-06T23:35:24Z	Attribution-NonCommercial-NoDerivs License	2010-04-02T11:26:07Z	Canon EOS 5D Mark II	61549722	Kitchen Zoo Nightmare  077	4497937691	[u'bronx', u'zoo']
New York	[91801630, 28751185, 2459115, 12589314, 2347591, 12761512, 23424977, 56043648]	http://www.flickr.com/photos/81365121@N00/4497938077/			False	http://farm3.staticflickr.com/2721/4497938077_133ec4c831.jpg	11	7656d6ef4420bbe0b39f2b345c348084	jpg	pelcinary	United States	2010-04-06T23:35:35Z	Attribution-NonCommercial-NoDerivs License	2010-04-02T11:26:11Z	Canon EOS 5D Mark II	68382315	Kitchen Zoo Nightmare  079	4497938077	[u'bronx', u'zoo']
New York	[91801630, 28751185, 2459115, 12589314, 2347591, 12761512, 23424977, 56043648]	http://www.flickr.com/photos/81365121@N00/4498574552/			False	http://farm5.staticflickr.com/4013/4498574552_ea81ca30c0.jpg	11	8e606e24fba64beaa89e9e77351753	jpg	pelcinary	United States	2010-04-06T23:35:46Z	Attribution-NonCommercial-NoDerivs License	2010-04-02T11:26:23Z	Canon EOS 5D Mark II	95444518	Kitchen Zoo Nightmare  080	4498574552	[u'bronx', u'zoo']
New York	[91801630, 28751185, 2459115, 12589314, 2347591, 12761512, 23424977, 56043648]	http://www.flickr.com/photos/81365121@N00/4498575174/			False	http://farm5.staticflickr.com/4015/4498575174_aeb2382ce7.jpg	11	9f1a1f98a1f4595a518b6afda1dfff	jpg	pelcinary	United States	2010-04-06T23:36:04Z	Attribution-NonCommercial-NoDerivs License	2010-04-02T11:33:08Z	Canon EOS 5D Mark II	72546589	Kitchen Zoo Nightmare  081	4498575174	[u'bronx', u'zoo']
New York	[91801630, 28751185, 2459115, 12589314, 2347591, 12761512, 23424977, 56043648]	http://www.flickr.com/photos/81365121@N00/4498575668/			False	http://farm3.staticflickr.com/2719/4498575668_55b5ce05b3.jpg	11	67ed72872b1bcb21248d2219b56313c	jpg	pelcinary	United States	2010-04-06T23:36:18Z	Attribution-NonCommercial-NoDerivs License	2010-04-02T11:35:08Z	Canon EOS 5D Mark II	99444226	Kitchen Zoo Nightmare  085	4498575668	[u'bronx', u'zoo']
New York	[91801630, 28751185, 2459115, 12589314, 2347591, 12761512, 23424977, 56043648]	http://www.flickr.com/photos/81365121@N00/4497939925/			False	http://farm5.staticflickr.com/4055/4497939925_7a716f2e62.jpg	11	7991b35128c67ef79189e137d1dff1	jpg	pelcinary	United States	2010-04-06T23:36:31Z	Attribution-NonCommercial-NoDerivs License	2010-04-02T11:35:30Z	Canon EOS 5D Mark II	42133200	Kitchen Zoo Nightmare  088	4497939925	[u'bronx', u'zoo']
New York	[91801630, 28751185, 2459115, 12589314, 2347591, 12761512, 23424977, 56043648]	http://www.flickr.com/photos/81365121@N00/4498576640/			False	http://farm5.staticflickr.com/4027/4498576640_ee0e4111e5.jpg	11	d1ee535bf14eb02b4ef195dd8dce8a	jpg	pelcinary	United States	2010-04-06T23:36:46Z	Attribution-NonCommercial-NoDerivs License	2010-04-02T11:35:47Z	Canon EOS 5D Mark II	96411301	Kitchen Zoo Nightmare  090	4498576640	[u'bronx', u'zoo']
New York	[91801630, 28751185, 2459115, 12589314, 2347591, 12761512, 23424977, 56043648]	http://www.flickr.com/photos/81365121@N00/4498576946/			False	http://farm5.staticflickr.com/4065/4498576946_99fcaa618d.jpg	11	6f2cba3fd89b33f7a0ff9016cbe4711a	jpg	pelcinary	United States	2010-04-06T23:36:56Z	Attribution-NonCommercial-NoDerivs License	2010-04-02T11:41:38Z	Canon EOS 5D Mark II	87972983	Kitchen Zoo Nightmare  092	4498576946	[u'bronx', u'zoo']
New York	[91801630, 28751185, 2459115, 12589314, 2347591, 12761512, 23424977, 56043648]	http://www.flickr.com/photos/81365121@N00/4498577364/			False	http://farm5.staticflickr.com/4043/4498577364_eecb87b410.jpg	11	2da1736dc744fde5f17b99b715189d7	jpg	pelcinary	United States	2010-04-06T23:37:07Z	Attribution-NonCommercial-NoDerivs License	2010-04-02T11:41:40Z	Canon EOS 5D Mark II	78532442	Kitchen Zoo Nightmare  094	4498577364	[u'bronx', u'zoo']
New York	[91801630, 28751185, 2459115, 12589314, 2347591, 12761512, 23424977, 56043648]	http://www.flickr.com/photos/81365121@N00/4497941895/			False	http://farm5.staticflickr.com/4028/4497941895_ccf97dd91a.jpg	11	e9afb889bc8ece47a8fddb60e56cbf	jpg	pelcinary	United States	2010-04-06T23:37:25Z	Attribution-NonCommercial-NoDerivs License	2010-04-02T11:42:14Z	Canon EOS 5D Mark II	81230698	Kitchen Zoo Nightmare  095	4497941895	[u'bronx', u'zoo']
New York	[91801630, 28751185, 2459115, 12589314, 2347591, 12761512, 23424977, 56043648]	http://www.flickr.com/photos/81365121@N00/4497943195/			False	http://farm5.staticflickr.com/4002/4497943195_0c553b1b93.jpg	11	bc6ff12d6251407049de75d39d56f153	jpg	pelcinary	United States	2010-04-06T23:38:01Z	Attribution-NonCommercial-NoDerivs License	2010-04-02T11:52:04Z	Canon EOS 5D Mark II	67036939	Kitchen Zoo Nightmare  099	4497943195	[u'bronx', u'zoo']
New York	[91801630, 28751185, 2459115, 12589314, 2347591, 12761512, 23424977, 56043648]	http://www.flickr.com/photos/81365121@N00/4498578728/			False	http://farm5.staticflickr.com/4050/4498578728_9f792f8174.jpg	11	d1803ba88623cdfd43fc53df34f6847	jpg	pelcinary	United States	2010-04-06T23:37:43Z	Attribution-NonCommercial-NoDerivs License	2010-04-02T11:52:04Z	Canon EOS 5D Mark II	91854284	Kitchen Zoo Nightmare  098	4498578728	[u'bronx', u'zoo']
New York	[91801630, 28751185, 2459115, 12589314, 2347591, 12761512, 23424977, 56043648]	http://www.flickr.com/photos/81365121@N00/4497943899/			False	http://farm5.staticflickr.com/4065/4497943899_9ee4a81404.jpg	11	985e6e6cb73c80caae4c2d8bde4133e0	jpg	pelcinary	United States	2010-04-06T23:38:19Z	Attribution-NonCommercial-NoDerivs License	2010-04-02T11:52:05Z	Canon EOS 5D Mark II	77652256	Kitchen Zoo Nightmare  100	4497943899	[u'bronx', u'zoo']
