town_s	woe_is	urlpage_s	machine_ss	desc_ws	video_b	url_s	hour_i	hash_s	ext_s	user_s	country_s	upload_dt	license_s	taken_dt	device_s	line_i	title_s	id	tag_ss
New York	[28746217, 2459115, 12589335, 2347591, 23424977, 56204804, 56043648]	http://www.flickr.com/photos/29737472@N00/6562845149/	[u'flickrandroidapp:filter=none']		False	http://farm8.staticflickr.com/7157/6562845149_c896782389.jpg	1	d59c10783b593aba8a80f992dbe3b97d	jpg	AP...	United States	2011-12-24T06:13:24Z	Attribution-NonCommercial-NoDerivs License	2011-12-24T01:13:24Z	HTC PG86100	73121071		6562845149	
New York	[28746217, 2459115, 12589335, 2347591, 23424977, 56204804, 56043648]	http://www.flickr.com/photos/29737472@N00/6562847769/	[u'flickrandroidapp:filter=none']		False	http://farm8.staticflickr.com/7011/6562847769_4e63d63462.jpg	1	93a12bc876d18afc566bc75f2e3844a	jpg	AP...	United States	2011-12-24T06:14:10Z	Attribution-NonCommercial-NoDerivs License	2011-12-24T01:14:10Z	HTC PG86100	91382582		6562847769	
New York	[28746217, 2459115, 12589335, 2347591, 23424977, 56204807, 56043648]	http://www.flickr.com/photos/29737472@N00/6564878803/	[u'flickrandroidapp:filter=none']		False	http://farm8.staticflickr.com/7004/6564878803_4d8bd40b84.jpg	12	4b61019f86c333771ffa7072568c	jpg	AP...	United States	2011-12-24T17:12:35Z	Attribution-NonCommercial-NoDerivs License	2011-12-24T12:12:35Z	HTC PG86100	78101953		6564878803	
New York	[2459115, 12589342, 2347591, 12761338, 23424977, 56043648]	http://www.flickr.com/photos/29737472@N00/6566874155/	[u'flickrandroidapp:filter=none']		False	http://farm8.staticflickr.com/7005/6566874155_8415ecec24.jpg	21	fac855a6efff23c243546125fb1bbd	jpg	AP...	United States	2011-12-25T02:13:04Z	Attribution-NonCommercial-NoDerivs License	2011-12-24T21:13:04Z	HTC PG86100	56957883		6566874155	
New York	[2459115, 12589342, 2347591, 12761338, 23424977, 56043648]	http://www.flickr.com/photos/29737472@N00/6566892365/	[u'flickrandroidapp:filter=none']		False	http://farm8.staticflickr.com/7172/6566892365_c1136228d3.jpg	21	82e6b2a55a8efa2a9eac44a1112ab7d	jpg	AP...	United States	2011-12-25T02:18:17Z	Attribution-NonCommercial-NoDerivs License	2011-12-24T21:18:17Z	HTC PG86100	79277641		6566892365	
New York	[2459115, 12589342, 2347591, 12761338, 23424977, 56043648]	http://www.flickr.com/photos/29737472@N00/6566892993/	[u'flickrandroidapp:filter=none']		False	http://farm8.staticflickr.com/7150/6566892993_1651d909b2.jpg	21	5d7d49ec91c95580ecab4c4a8624824e	jpg	AP...	United States	2011-12-25T02:18:29Z	Attribution-NonCommercial-NoDerivs License	2011-12-24T21:18:29Z	HTC PG86100	95429439		6566892993	
New York	[2360037, 55864586, 2459115, 12589342, 2347591, 23424977, 56043648]	http://www.flickr.com/photos/29737472@N00/6566893527/	[u'flickrandroidapp:filter=none']		False	http://farm8.staticflickr.com/7023/6566893527_62b1a1c77b.jpg	21	e77030687fd1745d87665f80a7758269	jpg	AP...	United States	2011-12-25T02:18:39Z	Attribution-NonCommercial-NoDerivs License	2011-12-24T21:18:39Z	HTC PG86100	81694288		6566893527	
New York	[2360037, 55864586, 2459115, 12589342, 2347591, 23424977, 56043648]	http://www.flickr.com/photos/29737472@N00/6566894021/	[u'flickrandroidapp:filter=none']		False	http://farm8.staticflickr.com/7007/6566894021_a986a10399.jpg	21	25e47948595d15679e76e3098f5a841	jpg	AP...	United States	2011-12-25T02:18:47Z	Attribution-NonCommercial-NoDerivs License	2011-12-24T21:18:47Z	HTC PG86100	66773194		6566894021	
New York	[2459115, 12589342, 2347591, 12761338, 23424977, 56043648]	http://www.flickr.com/photos/29737472@N00/6566894717/	[u'flickrandroidapp:filter=none']		False	http://farm8.staticflickr.com/7003/6566894717_3455a6b9c6.jpg	21	883be6a8d0b0827cc5c3ad3c5a7de46	jpg	AP...	United States	2011-12-25T02:18:58Z	Attribution-NonCommercial-NoDerivs License	2011-12-24T21:18:58Z	HTC PG86100	99962170		6566894717	
New York	[2360037, 55864586, 2459115, 12589342, 2347591, 23424977, 56043648]	http://www.flickr.com/photos/29737472@N00/6566895495/	[u'flickrandroidapp:filter=none']		False	http://farm8.staticflickr.com/7031/6566895495_5cddd83dd2.jpg	21	e8b41b0598b29408512317b95e84487	jpg	AP...	United States	2011-12-25T02:19:12Z	Attribution-NonCommercial-NoDerivs License	2011-12-24T21:19:12Z	HTC PG86100	83543302		6566895495	
New York	[2459115, 12589342, 2347591, 12761338, 23424977, 56043648]	http://www.flickr.com/photos/29737472@N00/6566895957/	[u'flickrandroidapp:filter=none']		False	http://farm8.staticflickr.com/7002/6566895957_99c914df36.jpg	21	bc5715e2e0e4461c3b2615dd85c818c8	jpg	AP...	United States	2011-12-25T02:19:20Z	Attribution-NonCommercial-NoDerivs License	2011-12-24T21:19:20Z	HTC PG86100	83962143		6566895957	
New York	[2459115, 12589342, 2347591, 12761338, 23424977, 56043648]	http://www.flickr.com/photos/29737472@N00/6566897195/	[u'flickrandroidapp:filter=none']		False	http://farm8.staticflickr.com/7158/6566897195_a78418d4ae.jpg	21	2387f71681d4aefc6346628583775a	jpg	AP...	United States	2011-12-25T02:19:42Z	Attribution-NonCommercial-NoDerivs License	2011-12-24T21:19:42Z	HTC PG86100	71081224		6566897195	
New York	[2459115, 12589342, 2347591, 12761338, 23424977, 56043648]	http://www.flickr.com/photos/29737472@N00/6566897837/	[u'flickrandroidapp:filter=none']		False	http://farm8.staticflickr.com/7171/6566897837_0da2e689ba.jpg	21	d471df972938e2c6d1a3967051cfd3	jpg	AP...	United States	2011-12-25T02:19:54Z	Attribution-NonCommercial-NoDerivs License	2011-12-24T21:19:54Z	HTC PG86100	40496938		6566897837	
New York	[2459115, 12589342, 2347591, 12761338, 23424977, 56043648]	http://www.flickr.com/photos/29737472@N00/6566898401/	[u'flickrandroidapp:filter=none']		False	http://farm8.staticflickr.com/7159/6566898401_bdaa202151.jpg	21	9d943f9483447fa6d6e837b4c0765	jpg	AP...	United States	2011-12-25T02:20:04Z	Attribution-NonCommercial-NoDerivs License	2011-12-24T21:20:04Z	HTC PG86100	94787853		6566898401	
New York	[2459115, 12589342, 2347591, 12761338, 23424977, 56043648]	http://www.flickr.com/photos/29737472@N00/6566898943/	[u'flickrandroidapp:filter=none']		False	http://farm8.staticflickr.com/7150/6566898943_3965214da6.jpg	21	b5a733c2062e537eb88697622b8a8bf	jpg	AP...	United States	2011-12-25T02:20:13Z	Attribution-NonCommercial-NoDerivs License	2011-12-24T21:20:13Z	HTC PG86100	66294632		6566898943	
New York	[2360037, 55864586, 2459115, 12589342, 2347591, 23424977, 56043648]	http://www.flickr.com/photos/29737472@N00/6566899489/	[u'flickrandroidapp:filter=none']		False	http://farm8.staticflickr.com/7156/6566899489_bdeb3ae275.jpg	21	ccd0e78bee9a24ae48d4ccef9b856841	jpg	AP...	United States	2011-12-25T02:20:23Z	Attribution-NonCommercial-NoDerivs License	2011-12-24T21:20:23Z	HTC PG86100	48481343		6566899489	
New York	[2459115, 12589342, 2347591, 12761338, 23424977, 56043648]	http://www.flickr.com/photos/29737472@N00/6566899867/	[u'flickrandroidapp:filter=none']		False	http://farm8.staticflickr.com/7173/6566899867_ed92fc95ce.jpg	21	82f7d9b750159cf8af6e4aee29b31d96	jpg	AP...	United States	2011-12-25T02:20:30Z	Attribution-NonCommercial-NoDerivs License	2011-12-24T21:20:30Z	HTC PG86100	77169490		6566899867	
New York	[2459115, 12589342, 2347591, 12761338, 23424977, 56043648]	http://www.flickr.com/photos/29737472@N00/6566900551/	[u'flickrandroidapp:filter=none']		False	http://farm8.staticflickr.com/7153/6566900551_8cac8e6991.jpg	21	39907ef93e5fd4ba6f48b8ba3e2e63d	jpg	AP...	United States	2011-12-25T02:20:42Z	Attribution-NonCommercial-NoDerivs License	2011-12-24T21:20:42Z	HTC PG86100	74346276		6566900551	
New York	[2459115, 12589342, 2347591, 12761338, 23424977, 56043648]	http://www.flickr.com/photos/29737472@N00/6566901259/	[u'flickrandroidapp:filter=none']		False	http://farm8.staticflickr.com/7011/6566901259_b58f220a31.jpg	21	9a6d80f94a27112e26626716766f24f	jpg	AP...	United States	2011-12-25T02:20:53Z	Attribution-NonCommercial-NoDerivs License	2011-12-24T21:20:53Z	HTC PG86100	87715375		6566901259	
New York	[2459115, 12589342, 2347591, 12761338, 23424977, 56043648]	http://www.flickr.com/photos/29737472@N00/6566901873/	[u'flickrandroidapp:filter=none']		False	http://farm8.staticflickr.com/7160/6566901873_1a109670c8.jpg	21	7b2ec81f40bb9c143a2a6f58ea4d581	jpg	AP...	United States	2011-12-25T02:21:05Z	Attribution-NonCommercial-NoDerivs License	2011-12-24T21:21:05Z	HTC PG86100	91718938		6566901873	
New York	[2459115, 12589342, 2347591, 12761338, 23424977, 56043648]	http://www.flickr.com/photos/29737472@N00/6566902497/	[u'flickrandroidapp:filter=none']		False	http://farm8.staticflickr.com/7142/6566902497_8e759a5b49.jpg	21	7292020d3dd1d86a74a1835dd1fc31	jpg	AP...	United States	2011-12-25T02:21:17Z	Attribution-NonCommercial-NoDerivs License	2011-12-24T21:21:17Z	HTC PG86100	61361256		6566902497	
New York	[2459115, 12589342, 2347591, 12761338, 23424977, 56043648]	http://www.flickr.com/photos/29737472@N00/6566904167/	[u'flickrandroidapp:filter=none']		False	http://farm8.staticflickr.com/7171/6566904167_3c73d57983.jpg	21	c19dc3c7a926de6edfe6899dbe39737	jpg	AP...	United States	2011-12-25T02:21:48Z	Attribution-NonCommercial-NoDerivs License	2011-12-24T21:21:48Z	HTC PG86100	78769418		6566904167	
New York	[2459115, 12589342, 2347591, 12761338, 23424977, 56043648]	http://www.flickr.com/photos/29737472@N00/6566904981/	[u'flickrandroidapp:filter=none']		False	http://farm8.staticflickr.com/7017/6566904981_5bcef96fe3.jpg	21	3d771fd59ca4aba34b2ba9c83dcba131	jpg	AP...	United States	2011-12-25T02:22:04Z	Attribution-NonCommercial-NoDerivs License	2011-12-24T21:22:04Z	HTC PG86100	96891647		6566904981	
New York	[91649626, 2459115, 12589342, 2347591, 12761339, 23424977, 56043648]	http://www.flickr.com/photos/29737472@N00/6566905621/	[u'flickrandroidapp:filter=none']		False	http://farm8.staticflickr.com/7012/6566905621_7536df0271.jpg	21	7288fc2fd6464bfbfba2fa36c2a295a	jpg	AP...	United States	2011-12-25T02:22:16Z	Attribution-NonCommercial-NoDerivs License	2011-12-24T21:22:16Z	HTC PG86100	95010539		6566905621	
New York	[91649626, 2459115, 12589342, 2347591, 12761339, 23424977, 56043648]	http://www.flickr.com/photos/29737472@N00/6566906335/	[u'flickrandroidapp:filter=none']		False	http://farm8.staticflickr.com/7163/6566906335_9534b7cac1.jpg	21	f5688ddbf695ec89f85fc1e7cd898	jpg	AP...	United States	2011-12-25T02:22:29Z	Attribution-NonCommercial-NoDerivs License	2011-12-24T21:22:29Z	HTC PG86100	73013578		6566906335	
New York	[2459115, 12589342, 2347591, 12761338, 23424977, 56043648]	http://www.flickr.com/photos/29737472@N00/6566907305/	[u'flickrandroidapp:filter=none']		False	http://farm8.staticflickr.com/7164/6566907305_ba33812d03.jpg	21	6cde86beee1e8347a81d4a61851d205d	jpg	AP...	United States	2011-12-25T02:22:46Z	Attribution-NonCommercial-NoDerivs License	2011-12-24T21:22:46Z	HTC PG86100	83503994		6566907305	
New York	[2459115, 12589342, 2347591, 12761338, 23424977, 56043648]	http://www.flickr.com/photos/29737472@N00/6566909515/	[u'flickrandroidapp:filter=none']		False	http://farm8.staticflickr.com/7175/6566909515_50b1d1d617.jpg	21	6ecb3f4b277519edcd129590522128a0	jpg	AP...	United States	2011-12-25T02:23:26Z	Attribution-NonCommercial-NoDerivs License	2011-12-24T21:23:26Z	HTC PG86100	85518094		6566909515	
New York	[2459115, 12589342, 2347591, 12761338, 23424977, 56043648]	http://www.flickr.com/photos/29737472@N00/6566911457/	[u'flickrandroidapp:filter=none']		False	http://farm8.staticflickr.com/7142/6566911457_c4a717fe53.jpg	21	bfa447dbee91dd17518dd536dbd77	jpg	AP...	United States	2011-12-25T02:23:58Z	Attribution-NonCommercial-NoDerivs License	2011-12-24T21:23:58Z	HTC PG86100	73210492		6566911457	
New York	[2459115, 12589342, 2347591, 12761338, 23424977, 56043648]	http://www.flickr.com/photos/29737472@N00/6566912115/	[u'flickrandroidapp:filter=none']		False	http://farm8.staticflickr.com/7141/6566912115_21ab1f6365.jpg	21	ddccd4ad3961d2f99c9dac1a1d65331a	jpg	AP...	United States	2011-12-25T02:24:09Z	Attribution-NonCommercial-NoDerivs License	2011-12-24T21:24:09Z	HTC PG86100	21412152		6566912115	
New York	[56256857, 2459115, 12589342, 2347591, 23424977, 56043648]	http://www.flickr.com/photos/29737472@N00/6566913435/	[u'flickrandroidapp:filter=none']		False	http://farm8.staticflickr.com/7005/6566913435_f379b70227.jpg	21	8e7650f2d27e7785c8b7b33709ef19e	jpg	AP...	United States	2011-12-25T02:24:31Z	Attribution-NonCommercial-NoDerivs License	2011-12-24T21:24:31Z	HTC PG86100	67143919		6566913435	
New York	[56256857, 2459115, 12589342, 2347591, 23424977, 56043648]	http://www.flickr.com/photos/29737472@N00/6566914599/	[u'flickrandroidapp:filter=none']		False	http://farm8.staticflickr.com/7159/6566914599_61ec25d4c1.jpg	21	fbee44a92fb623b48951d23ad67cdfd7	jpg	AP...	United States	2011-12-25T02:24:50Z	Attribution-NonCommercial-NoDerivs License	2011-12-24T21:24:50Z	HTC PG86100	69709962		6566914599	
New York	[56256857, 2459115, 12589342, 2347591, 23424977, 56043648]	http://www.flickr.com/photos/29737472@N00/6566915439/	[u'flickrandroidapp:filter=none']		False	http://farm8.staticflickr.com/7021/6566915439_90994a4460.jpg	21	882876f8e4a0a2e13a1e41b6deb7af1	jpg	AP...	United States	2011-12-25T02:25:04Z	Attribution-NonCommercial-NoDerivs License	2011-12-24T21:25:04Z	HTC PG86100	40251883		6566915439	
New York	[56256857, 2459115, 12589342, 2347591, 23424977, 56043648]	http://www.flickr.com/photos/29737472@N00/6566916701/	[u'flickrandroidapp:filter=none']		False	http://farm8.staticflickr.com/7165/6566916701_7e26fc2c1a.jpg	21	ffa79ff32956c3e58cf56155d2344e	jpg	AP...	United States	2011-12-25T02:25:24Z	Attribution-NonCommercial-NoDerivs License	2011-12-24T21:25:24Z	HTC PG86100	76517604		6566916701	
New York	[23682886, 28751381, 2459115, 12589342, 2347591, 12761343, 23424977, 56043648]	http://www.flickr.com/photos/29737472@N00/6566918097/	[u'flickrandroidapp:filter=none']		False	http://farm8.staticflickr.com/7141/6566918097_d2b0d9b0da.jpg	21	fad9af54bf1c1a91787d3a658f5f41d	jpg	AP...	United States	2011-12-25T02:25:44Z	Attribution-NonCommercial-NoDerivs License	2011-12-24T21:25:44Z	HTC PG86100	71692555		6566918097	
New York	[28751381, 2459115, 12589342, 2347591, 12761335, 23424977, 23506243, 56043648]	http://www.flickr.com/photos/29737472@N00/6566918899/	[u'flickrandroidapp:filter=none']		False	http://farm8.staticflickr.com/7171/6566918899_a507c70388.jpg	21	842eac4c5ec961f9e974b32c78d3ace	jpg	AP...	United States	2011-12-25T02:25:56Z	Attribution-NonCommercial-NoDerivs License	2011-12-24T21:25:56Z	HTC PG86100	88570316		6566918899	
New York	[23617301, 28751381, 2459115, 12589342, 2347591, 12761342, 23424977, 56043648]	http://www.flickr.com/photos/29737472@N00/6566919903/	[u'flickrandroidapp:filter=none']		False	http://farm8.staticflickr.com/7015/6566919903_f8ae757b5e.jpg	21	75af475bd127772fdeae325ad848293	jpg	AP...	United States	2011-12-25T02:26:11Z	Attribution-NonCommercial-NoDerivs License	2011-12-24T21:26:11Z	HTC PG86100	85849504		6566919903	
