town_s	woe_is	urlpage_s	machine_ss	desc_ws	video_b	url_s	hour_i	hash_s	ext_s	user_s	country_s	upload_dt	license_s	taken_dt	device_s	line_i	title_s	id	tag_ss
New York	[28746217, 2459115, 12589335, 2347591, 23424977, 56204807, 56043648]	http://www.flickr.com/photos/29737472@N00/8141828735/	[u'flickrandroidapp:filter=none']		False	http://farm9.staticflickr.com/8043/8141828735_348acd6d76.jpg	14	72d19b6f648b15a2e2f38dca3f70a1ff	jpg	AP...	United States	2012-10-31T15:41:28Z	Attribution-NonCommercial-NoDerivs License	2012-10-30T14:23:18Z	HTC PG86100	75934897		8141828735	[u'brooklyn', u'carroll gardens', u'hurricane sandy', u'sandy']
New York	[28746217, 2459115, 12589335, 2347591, 23424977, 56204807, 56043648]	http://www.flickr.com/photos/29737472@N00/8141868656/	[u'flickrandroidapp:filter=none']		False	http://farm9.staticflickr.com/8056/8141868656_a35bcd650c.jpg	14	164fa0c2c0c98e936f8ce682a4c02e	jpg	AP...	United States	2012-10-31T15:45:04Z	Attribution-NonCommercial-NoDerivs License	2012-10-30T14:23:33Z	HTC PG86100	94822589		8141868656	[u'brooklyn', u'carroll gardens', u'hurricane sandy', u'sandy']
New York	[28746217, 2459115, 12589335, 2347591, 23424977, 56204807, 56043648]	http://www.flickr.com/photos/29737472@N00/8141872748/	[u'flickrandroidapp:filter=none']		False	http://farm9.staticflickr.com/8469/8141872748_b14fa56b0a.jpg	14	a7d88fb51a7089f84718a4f61eece6ef	jpg	AP...	United States	2012-10-31T15:46:33Z	Attribution-NonCommercial-NoDerivs License	2012-10-30T14:24:17Z	HTC PG86100	75824312		8141872748	[u'brooklyn', u'carroll gardens', u'hurricane sandy', u'sandy']
New York	[91801527, 28746217, 2459115, 12589335, 2347591, 12761748, 23424977, 56204806, 56043648]	http://www.flickr.com/photos/29737472@N00/8141867779/	[u'flickrandroidapp:filter=none']		False	http://farm9.staticflickr.com/8470/8141867779_0d1ff6ae22.jpg	14	2231f02b902133e07c1ae73b0917b77	jpg	AP...	United States	2012-10-31T15:55:51Z	Attribution-NonCommercial-NoDerivs License	2012-10-30T14:26:15Z	HTC PG86100	80323777		8141867779	[u'brooklyn', u'carroll gardens', u'hurricane sandy', u'sandy']
New York	[91801527, 28746217, 2459115, 12589335, 2347591, 12761748, 23424977, 56204806, 56043648]	http://www.flickr.com/photos/29737472@N00/8141906722/	[u'flickrandroidapp:filter=none']		False	http://farm9.staticflickr.com/8336/8141906722_307b756092.jpg	14	2c775cdb9e15fef575e075b412a88020	jpg	AP...	United States	2012-10-31T15:59:23Z	Attribution-NonCommercial-NoDerivs License	2012-10-30T14:29:02Z	HTC PG86100	74862542		8141906722	[u'brooklyn', u'carroll gardens', u'hurricane sandy', u'sandy']
New York	[91801527, 28746217, 2459115, 12589335, 2347591, 12761748, 23424977, 56204806, 56043648]	http://www.flickr.com/photos/29737472@N00/8141909172/	[u'flickrandroidapp:filter=none']		False	http://farm9.staticflickr.com/8043/8141909172_071af16a83.jpg	14	5c8fbcb3a902d67d94cbe987ef5c310	jpg	AP...	United States	2012-10-31T16:00:20Z	Attribution-NonCommercial-NoDerivs License	2012-10-30T14:29:19Z	HTC PG86100	80050670		8141909172	[u'brooklyn', u'carroll gardens', u'hurricane sandy', u'sandy']
New York	[91801527, 28746217, 2459115, 12589335, 2347591, 12761748, 23424977, 56204806, 56043648]	http://www.flickr.com/photos/29737472@N00/8141912484/	[u'flickrandroidapp:filter=none']		False	http://farm9.staticflickr.com/8191/8141912484_0161498620.jpg	14	3981173a1299b08df3c510b0accf76d7	jpg	AP...	United States	2012-10-31T16:01:35Z	Attribution-NonCommercial-NoDerivs License	2012-10-30T14:29:45Z	HTC PG86100	92425357		8141912484	[u'brooklyn', u'carroll gardens', u'hurricane sandy', u'sandy']
New York	[91801527, 28746217, 2459115, 12589335, 2347591, 12761748, 23424977, 56204806, 56043648]	http://www.flickr.com/photos/29737472@N00/8141885961/	[u'flickrandroidapp:filter=none']		False	http://farm9.staticflickr.com/8050/8141885961_7dddd2b2bc.jpg	14	3c59b8b5b1a4851ba88fc4539b117	jpg	AP...	United States	2012-10-31T16:02:52Z	Attribution-NonCommercial-NoDerivs License	2012-10-30T14:30:04Z	HTC PG86100	42485703		8141885961	[u'brooklyn', u'carroll gardens', u'hurricane sandy', u'sandy']
New York	[91801527, 28746217, 2459115, 12589335, 2347591, 12761748, 23424977, 56204806, 56043648]	http://www.flickr.com/photos/29737472@N00/8141918396/	[u'flickrandroidapp:filter=none']		False	http://farm9.staticflickr.com/8335/8141918396_d96af75af1.jpg	14	fd1634e71071a8702a79c82e3eed447	jpg	AP...	United States	2012-10-31T16:03:47Z	Attribution-NonCommercial-NoDerivs License	2012-10-30T14:31:00Z	HTC PG86100	60275547		8141918396	[u'brooklyn', u'carroll gardens', u'hurricane sandy', u'sandy']
New York	[91801527, 28746217, 2459115, 12589335, 2347591, 12761748, 23424977, 56204806, 56043648]	http://www.flickr.com/photos/29737472@N00/8141894239/	[u'flickrandroidapp:filter=none']		False	http://farm9.staticflickr.com/8329/8141894239_4bc43800e3.jpg	14	142958f8a91747777cc638b295a68245	jpg	AP...	United States	2012-10-31T16:05:59Z	Attribution-NonCommercial-NoDerivs License	2012-10-30T14:33:13Z	HTC PG86100	91158196		8141894239	[u'brooklyn', u'carroll gardens', u'hurricane sandy', u'sandy']
New York	[91801527, 28746217, 2459115, 12589335, 2347591, 12761748, 23424977, 56204806, 56043648]	http://www.flickr.com/photos/29737472@N00/8141929746/	[u'flickrandroidapp:filter=none']		False	http://farm9.staticflickr.com/8468/8141929746_4a909f61b6.jpg	14	1ef38689c815072339bc19b635dc0d1	jpg	AP...	United States	2012-10-31T16:08:08Z	Attribution-NonCommercial-NoDerivs License	2012-10-30T14:33:43Z	HTC PG86100	68625404		8141929746	[u'brooklyn', u'carroll gardens', u'hurricane sandy', u'sandy']
New York	[91801527, 28746217, 2459115, 12589335, 2347591, 12761748, 23424977, 56204806, 56043648]	http://www.flickr.com/photos/29737472@N00/8141906385/	[u'flickrandroidapp:filter=none']		False	http://farm9.staticflickr.com/8323/8141906385_c8cb3f8ca6.jpg	14	b8dd9f8c5b3a3ca910e9539a864ee2b6	jpg	AP...	United States	2012-10-31T16:10:40Z	Attribution-NonCommercial-NoDerivs License	2012-10-30T14:34:12Z	HTC PG86100	80390791		8141906385	[u'brooklyn', u'carroll gardens', u'hurricane sandy', u'sandy']
New York	[91801527, 28746217, 2459115, 12589335, 2347591, 12761748, 23424977, 56204806, 56043648]	http://www.flickr.com/photos/29737472@N00/8141914311/	[u'flickrandroidapp:filter=none']		False	http://farm9.staticflickr.com/8050/8141914311_017c449fea.jpg	14	2d38ff89e97be72f4e5a294be774129	jpg	AP...	United States	2012-10-31T16:13:35Z	Attribution-NonCommercial-NoDerivs License	2012-10-30T14:34:24Z	HTC PG86100	98827263		8141914311	[u'brooklyn', u'carroll gardens', u'hurricane sandy', u'sandy']
New York	[91801527, 28746217, 2459115, 12589335, 2347591, 12761748, 23424977, 56204806, 56043648]	http://www.flickr.com/photos/29737472@N00/8142009862/	[u'flickrandroidapp:filter=none']		False	http://farm9.staticflickr.com/8051/8142009862_ba65750154.jpg	14	98c997724cd8854cb8e31ce68d2c23	jpg	AP...	United States	2012-10-31T16:37:47Z	Attribution-NonCommercial-NoDerivs License	2012-10-30T14:35:14Z	HTC PG86100	59905271		8142009862	[u'hurricane sandy', u'sandy']
New York	[91801527, 28746217, 2459115, 12589335, 2347591, 12761748, 23424977, 56204806, 56043648]	http://www.flickr.com/photos/29737472@N00/8142017952/	[u'flickrandroidapp:filter=none']		False	http://farm9.staticflickr.com/8327/8142017952_525fbffa25.jpg	14	af969187eeb2d13dfb8cd1c84ba19926	jpg	AP...	United States	2012-10-31T16:40:39Z	Attribution-NonCommercial-NoDerivs License	2012-10-30T14:41:34Z	HTC PG86100	85800156		8142017952	[u'hurricane sandy', u'sandy']
New York	[91801527, 28746217, 2459115, 12589335, 2347591, 12761748, 23424977, 56204806, 56043648]	http://www.flickr.com/photos/29737472@N00/8142023584/	[u'flickrandroidapp:filter=none']		False	http://farm9.staticflickr.com/8328/8142023584_58f41d8e39.jpg	14	757eaea57499bcaee7542ebe32e55bb	jpg	AP...	United States	2012-10-31T16:42:46Z	Attribution-NonCommercial-NoDerivs License	2012-10-30T14:42:04Z	HTC PG86100	85523176		8142023584	[u'hurricane sandy', u'sandy']
New York	[91801527, 28746217, 2459115, 12589335, 2347591, 12761748, 23424977, 56204806, 56043648]	http://www.flickr.com/photos/29737472@N00/8142028220/	[u'flickrandroidapp:filter=none']		False	http://farm9.staticflickr.com/8183/8142028220_09f6ef465c.jpg	14	38105cc185b555f138a3335c851886e	jpg	AP...	United States	2012-10-31T16:44:28Z	Attribution-NonCommercial-NoDerivs License	2012-10-30T14:43:32Z	HTC PG86100	97719207		8142028220	[u'hurricane sandy', u'sandy']
New York	[91801527, 28746217, 2459115, 12589335, 2347591, 12761748, 23424977, 56204806, 56043648]	http://www.flickr.com/photos/29737472@N00/8142000523/	[u'flickrandroidapp:filter=none']		False	http://farm9.staticflickr.com/8326/8142000523_9b57cc2df3.jpg	14	925aa7665dade02e53030aa9cc8421e	jpg	AP...	United States	2012-10-31T16:45:31Z	Attribution-NonCommercial-NoDerivs License	2012-10-30T14:43:41Z	HTC PG86100	97606955		8142000523	[u'hurricane sandy', u'sandy']
New York	[91801527, 28746217, 2459115, 12589335, 2347591, 12761748, 23424977, 56204846, 56043648]	http://www.flickr.com/photos/29737472@N00/8142034564/	[u'flickrandroidapp:filter=none']		False	http://farm9.staticflickr.com/8326/8142034564_dfa2d20b3e.jpg	14	8c8d5ef0e7c3df5d92615749579a8998	jpg	AP...	United States	2012-10-31T16:46:45Z	Attribution-NonCommercial-NoDerivs License	2012-10-30T14:44:01Z	HTC PG86100	62287476		8142034564	[u'hurricane sandy', u'sandy']
New York	[91801527, 28746217, 2459115, 12589335, 2347591, 12761748, 23424977, 56204846, 56043648]	http://www.flickr.com/photos/29737472@N00/8142038232/	[u'flickrandroidapp:filter=none']		False	http://farm9.staticflickr.com/8326/8142038232_f023418e0a.jpg	14	ee30e5458d924945dec2aea29181072	jpg	AP...	United States	2012-10-31T16:48:02Z	Attribution-NonCommercial-NoDerivs License	2012-10-30T14:44:21Z	HTC PG86100	77864227		8142038232	[u'hurricane sandy', u'sandy']
New York	[91801527, 28746217, 2459115, 12589335, 2347591, 12761748, 23424977, 56204806, 56043648]	http://www.flickr.com/photos/29737472@N00/8142044862/	[u'flickrandroidapp:filter=none']		False	http://farm9.staticflickr.com/8191/8142044862_361f63d2c6.jpg	14	526ec3a6e3aa8e3881eea6c1534018d2	jpg	AP...	United States	2012-10-31T16:50:21Z	Attribution-NonCommercial-NoDerivs License	2012-10-30T14:44:41Z	HTC PG86100	67553740		8142044862	[u'hurricane sandy', u'sandy']
New York	[91801527, 28746217, 2459115, 12589335, 2347591, 12761748, 23424977, 56204806, 56043648]	http://www.flickr.com/photos/29737472@N00/8142051474/	[u'flickrandroidapp:filter=none']		False	http://farm9.staticflickr.com/8054/8142051474_43fa4d23f4.jpg	14	3ade6eb244b3cac7517837b8e341c2	jpg	AP...	United States	2012-10-31T16:52:33Z	Attribution-NonCommercial-NoDerivs License	2012-10-30T14:44:45Z	HTC PG86100	93238566		8142051474	[u'hurricane sandy', u'sandy']
New York	[91801527, 28746217, 2459115, 12589335, 2347591, 12761748, 23424977, 56204806, 56043648]	http://www.flickr.com/photos/29737472@N00/8142024481/	[u'flickrandroidapp:filter=none']		False	http://farm9.staticflickr.com/8183/8142024481_150f410f17.jpg	14	61ef47ad8611feda6818c1eeba0ab12	jpg	AP...	United States	2012-10-31T16:54:12Z	Attribution-NonCommercial-NoDerivs License	2012-10-30T14:44:53Z	HTC PG86100	81971788		8142024481	[u'hurricane sandy', u'sandy']
New York	[91801527, 28746217, 2459115, 12589335, 2347591, 12761748, 23424977, 56204806, 56043648]	http://www.flickr.com/photos/29737472@N00/8142028071/	[u'flickrandroidapp:filter=none']		False	http://farm9.staticflickr.com/8190/8142028071_3d9860f9f6.jpg	14	f6b7ea881f66891cd31f1a73cbadf7f4	jpg	AP...	United States	2012-10-31T16:56:18Z	Attribution-NonCommercial-NoDerivs License	2012-10-30T14:45:00Z	HTC PG86100	81528523		8142028071	[u'hurricane sandy', u'sandy']
New York	[91801527, 28746217, 2459115, 12589335, 2347591, 12761748, 23424977, 56204846, 56043648]	http://www.flickr.com/photos/29737472@N00/8142033521/	[u'flickrandroidapp:filter=none']		False	http://farm9.staticflickr.com/8329/8142033521_f7ce398f15.jpg	14	624a42868a14a2115bc24ba348d83e5	jpg	AP...	United States	2012-10-31T16:59:55Z	Attribution-NonCommercial-NoDerivs License	2012-10-30T14:45:16Z	HTC PG86100	61843158		8142033521	[u'hurricane sandy', u'sandy']
New York	[91801527, 28746217, 2459115, 12589335, 2347591, 12761748, 23424977, 56204806, 56043648]	http://www.flickr.com/photos/29737472@N00/8142035751/	[u'flickrandroidapp:filter=none']		False	http://farm9.staticflickr.com/8331/8142035751_7e1b036ff1.jpg	14	ba106142ef937a55c881cbb95780d5	jpg	AP...	United States	2012-10-31T17:01:31Z	Attribution-NonCommercial-NoDerivs License	2012-10-30T14:47:41Z	HTC PG86100	75177930		8142035751	[u'hurricane sandy', u'sandy']
New York	[91801527, 28746217, 2459115, 12589335, 2347591, 12761748, 23424977, 56204806, 56043648]	http://www.flickr.com/photos/29737472@N00/8142038493/	[u'flickrandroidapp:filter=none']		False	http://farm9.staticflickr.com/8190/8142038493_7dcf716962.jpg	14	83912af2c4594a537d275114d5b03242	jpg	AP...	United States	2012-10-31T17:03:21Z	Attribution-NonCommercial-NoDerivs License	2012-10-30T14:47:51Z	HTC PG86100	67999190		8142038493	[u'hurricane sandy', u'sandy']
New York	[91801527, 28746217, 2459115, 12589335, 2347591, 12761748, 23424977, 56204806, 56043648]	http://www.flickr.com/photos/29737472@N00/8142072404/	[u'flickrandroidapp:filter=none']		False	http://farm9.staticflickr.com/8324/8142072404_9914d5653c.jpg	14	4f11615eb8695ef8a99daf067ac769	jpg	AP...	United States	2012-10-31T17:05:14Z	Attribution-NonCommercial-NoDerivs License	2012-10-30T14:48:14Z	HTC PG86100	38291614		8142072404	[u'hurricane sandy', u'sandy']
New York	[91801527, 28746217, 2459115, 12589335, 2347591, 12761748, 23424977, 56204806, 56043648]	http://www.flickr.com/photos/29737472@N00/8142079274/	[u'flickrandroidapp:filter=none']		False	http://farm9.staticflickr.com/8050/8142079274_3448c18029.jpg	14	ec6ecd02342eddf1e6eb6e6a723550	jpg	AP...	United States	2012-10-31T17:08:46Z	Attribution-NonCommercial-NoDerivs License	2012-10-30T14:48:35Z	HTC PG86100	97330197		8142079274	[u'hurricane sandy', u'sandy']
New York	[91801527, 28746217, 2459115, 12589335, 2347591, 12761748, 23424977, 56204806, 56043648]	http://www.flickr.com/photos/29737472@N00/8142091914/	[u'flickrandroidapp:filter=none']		False	http://farm9.staticflickr.com/8466/8142091914_9ae4b3096b.jpg	14	6062162fc3773ef55b14d8dfc69a45b6	jpg	AP...	United States	2012-10-31T17:13:29Z	Attribution-NonCommercial-NoDerivs License	2012-10-30T14:49:30Z	HTC PG86100	37112125		8142091914	[u'hurricane sandy', u'sandy']
New York	[91801527, 28746217, 2459115, 12589335, 2347591, 12761748, 23424977, 56204806, 56043648]	http://www.flickr.com/photos/29737472@N00/8142066821/	[u'flickrandroidapp:filter=none']		False	http://farm9.staticflickr.com/8470/8142066821_d7b231f6a1.jpg	14	714b66bef6869ac7bd3029e7c78c4d8	jpg	AP...	United States	2012-10-31T17:15:47Z	Attribution-NonCommercial-NoDerivs License	2012-10-30T14:50:07Z	HTC PG86100	89617057		8142066821	[u'hurricane sandy', u'sandy']
New York	[91801527, 28746217, 2459115, 12589335, 2347591, 12761748, 23424977, 56204806, 56043648]	http://www.flickr.com/photos/29737472@N00/8142070277/	[u'flickrandroidapp:filter=none']		False	http://farm9.staticflickr.com/8185/8142070277_39613fc8b1.jpg	14	f9f1efde199a7168ab9c4c348f1	jpg	AP...	United States	2012-10-31T17:17:07Z	Attribution-NonCommercial-NoDerivs License	2012-10-30T14:51:10Z	HTC PG86100	7554343		8142070277	[u'hurricane sandy', u'sandy']
New York	[91801527, 28746217, 2459115, 12589335, 2347591, 12761748, 23424977, 56204806, 56043648]	http://www.flickr.com/photos/29737472@N00/8142074739/	[u'flickrandroidapp:filter=none']		False	http://farm9.staticflickr.com/8471/8142074739_dd9c5125f2.jpg	14	26c103f71ded3f0e98d80a45f617f6e	jpg	AP...	United States	2012-10-31T17:18:46Z	Attribution-NonCommercial-NoDerivs License	2012-10-30T14:52:04Z	HTC PG86100	90321931		8142074739	[u'hurricane sandy', u'sandy']
New York	[56052458, 91801527, 28746217, 2459115, 12589335, 2347591, 12761748, 23424977, 56043648]	http://www.flickr.com/photos/29737472@N00/8142109414/	[u'flickrandroidapp:filter=none']		False	http://farm9.staticflickr.com/8193/8142109414_522cf98ecc.jpg	15	9bdfd6b3bbc5981c3689e2862a9f34e7	jpg	AP...	United States	2012-10-31T17:20:10Z	Attribution-NonCommercial-NoDerivs License	2012-10-30T15:25:33Z	HTC PG86100	80318035		8142109414	[u'hurricane sandy', u'sandy']
New York	[91801527, 56052458, 28746217, 2459115, 12589335, 2347591, 12761748, 23424977, 56043648]	http://www.flickr.com/photos/29737472@N00/8142113806/	[u'flickrandroidapp:filter=none']		False	http://farm9.staticflickr.com/8331/8142113806_62f1a85a51.jpg	15	5de9e549fec06e9d9c3b2fb014a0b1fa	jpg	AP...	United States	2012-10-31T17:21:46Z	Attribution-NonCommercial-NoDerivs License	2012-10-30T15:27:02Z	HTC PG86100	87681622		8142113806	[u'hurricane sandy', u'sandy']
New York	[91801527, 56052458, 28746217, 2459115, 12589335, 2347591, 12761748, 23424977, 56043648]	http://www.flickr.com/photos/29737472@N00/8142116588/	[u'flickrandroidapp:filter=none']		False	http://farm9.staticflickr.com/8465/8142116588_758cc7d794.jpg	15	115dacad5b1260bd53ba7fe532b8777	jpg	AP...	United States	2012-10-31T17:22:46Z	Attribution-NonCommercial-NoDerivs License	2012-10-30T15:52:52Z	HTC PG86100	67838611		8142116588	[u'hurricane sandy', u'sandy']
New York	[91801527, 56052458, 28746217, 2459115, 12589335, 2347591, 12761748, 23424977, 56043648]	http://www.flickr.com/photos/29737472@N00/8142118644/	[u'flickrandroidapp:filter=none']		False	http://farm9.staticflickr.com/8184/8142118644_4c68208676.jpg	15	6470605ccdcd91d7108205b1ed8cd42	jpg	AP...	United States	2012-10-31T17:23:33Z	Attribution-NonCommercial-NoDerivs License	2012-10-30T15:53:06Z	HTC PG86100	69250480		8142118644	[u'hurricane sandy', u'sandy']
