town_s	woe_is	urlpage_s	machine_ss	desc_ws	video_b	url_s	hour_i	hash_s	ext_s	user_s	country_s	upload_dt	license_s	taken_dt	device_s	line_i	title_s	id	tag_ss
New York	[92123649, 28751381, 2459115, 12589342, 2347591, 12761348, 23424977, 56043648]	http://www.flickr.com/photos/67870274@N08/6997969639/			False	http://farm8.staticflickr.com/7089/6997969639_3e77c2dfae.jpg	11	207ff69e4da6a788daf788d521bba561	jpg	Marcel Kroencke	United States	2012-03-19T21:31:40Z	Attribution-NonCommercial-ShareAlike License	2012-03-17T11:37:16Z	Canon EOS 7D	78700672	IMG_0997	6997969639	
New York	[92123649, 28751381, 2459115, 12589342, 2347591, 12761348, 23424977, 56043648]	http://www.flickr.com/photos/67870274@N08/6851847926/			False	http://farm8.staticflickr.com/7273/6851847926_9f13f29e06.jpg	11	f7de2ebb41aa74d0bfd2a37090a9dae4	jpg	Marcel Kroencke	United States	2012-03-19T21:32:44Z	Attribution-NonCommercial-ShareAlike License	2012-03-17T11:37:24Z	Canon EOS 7D	70876108	IMG_0998	6851847926	
New York	[92123649, 28751381, 2459115, 12589342, 2347591, 12761348, 23424977, 56043648]	http://www.flickr.com/photos/67870274@N08/6851851372/			False	http://farm7.staticflickr.com/6211/6851851372_a5b6b9c247.jpg	11	0b841b3644193a697f631422af851	jpg	Marcel Kroencke	United States	2012-03-19T21:33:58Z	Attribution-NonCommercial-ShareAlike License	2012-03-17T11:37:45Z	Canon EOS 7D	84001420	IMG_0999	6851851372	
New York	[23617141, 2459115, 12589342, 2347591, 12761349, 23424977, 56043648]	http://www.flickr.com/photos/67870274@N08/6997978661/			False	http://farm7.staticflickr.com/6117/6997978661_a80b16edd0.jpg	11	1c2fa867a185644bf9ee878167a274d	jpg	Marcel Kroencke	United States	2012-03-19T21:34:57Z	Attribution-NonCommercial-ShareAlike License	2012-03-17T11:40:45Z	Canon EOS 7D	65754573	IMG_1001	6997978661	
New York	[23617141, 2459115, 12589342, 2347591, 12761349, 23424977, 56043648]	http://www.flickr.com/photos/67870274@N08/6997982357/			False	http://farm7.staticflickr.com/6218/6997982357_9dc864581a.jpg	11	8b89fbbb6a92afac424258a138ac340	jpg	Marcel Kroencke	United States	2012-03-19T21:36:18Z	Attribution-NonCommercial-ShareAlike License	2012-03-17T11:41:56Z	Canon EOS 7D	46605221	IMG_1006	6997982357	
New York	[92124829, 28751381, 2459115, 12589342, 2347591, 12761367, 23424977, 56043648]	http://www.flickr.com/photos/67870274@N08/6997986147/			False	http://farm8.staticflickr.com/7195/6997986147_f0bdc19892.jpg	11	b2831ea6e11984f0ee4ff1f7f077c355	jpg	Marcel Kroencke	United States	2012-03-19T21:37:37Z	Attribution-NonCommercial-ShareAlike License	2012-03-17T11:53:21Z	Canon EOS 7D	86211670	IMG_1007	6997986147	
New York	[92124829, 28751381, 2459115, 12589342, 2347591, 12761367, 23424977, 56043648]	http://www.flickr.com/photos/67870274@N08/6851865394/			False	http://farm7.staticflickr.com/6229/6851865394_b5a2030b82.jpg	11	cf2deb1501e4764fac3477ba67aeba	jpg	Marcel Kroencke	United States	2012-03-19T21:39:01Z	Attribution-NonCommercial-ShareAlike License	2012-03-17T11:53:28Z	Canon EOS 7D	51362263	IMG_1008	6851865394	
New York	[92124829, 28751381, 2459115, 12589342, 2347591, 12761367, 23424977, 56043648]	http://www.flickr.com/photos/67870274@N08/6851868396/			False	http://farm8.staticflickr.com/7247/6851868396_20332a6f89.jpg	11	53fd0f6b1b7ab4e8dc32fb834970e8	jpg	Marcel Kroencke	United States	2012-03-19T21:40:08Z	Attribution-NonCommercial-ShareAlike License	2012-03-17T11:53:35Z	Canon EOS 7D	63801607	IMG_1009	6851868396	
New York	[92121981, 28751381, 2459115, 12589342, 2347591, 12761367, 23424977, 56043648]	http://www.flickr.com/photos/67870274@N08/6851871856/			False	http://farm7.staticflickr.com/6055/6851871856_1a89fa3eb9.jpg	11	c5b9a19efc82db122bb9ee3b3b3426	jpg	Marcel Kroencke	United States	2012-03-19T21:41:23Z	Attribution-NonCommercial-ShareAlike License	2012-03-17T11:56:34Z	Canon EOS 7D	79895739	IMG_1010	6851871856	
New York	[92121981, 28751381, 2459115, 12589342, 2347591, 12761367, 23424977, 56043648]	http://www.flickr.com/photos/67870274@N08/6998000129/			False	http://farm7.staticflickr.com/6224/6998000129_f1a51f95e6.jpg	11	b7665e39c187643bc0be6ca69399c7fa	jpg	Marcel Kroencke	United States	2012-03-19T21:42:40Z	Attribution-NonCommercial-ShareAlike License	2012-03-17T11:56:35Z	Canon EOS 7D	49960067	IMG_1011	6998000129	
New York	[92121981, 28751381, 2459115, 12589342, 2347591, 12761367, 23424977, 56043648]	http://www.flickr.com/photos/67870274@N08/6851879130/			False	http://farm7.staticflickr.com/6106/6851879130_e35bdb8b3a.jpg	11	738c2599031887f722de8bcf348dd	jpg	Marcel Kroencke	United States	2012-03-19T21:44:06Z	Attribution-NonCommercial-ShareAlike License	2012-03-17T11:56:42Z	Canon EOS 7D	2433475	IMG_1012	6851879130	
New York	[55864590, 2459115, 12589342, 2347591, 12761350, 23424977, 56205185, 56043648]	http://www.flickr.com/photos/67870274@N08/6851881386/			False	http://farm7.staticflickr.com/6225/6851881386_6ed04420db.jpg	13	5ecf95f634a3274bc3a79bd7fb4b861c	jpg	Marcel Kroencke	United States	2012-03-19T21:44:56Z	Attribution-NonCommercial-ShareAlike License	2012-03-17T13:41:56Z	Canon EOS 7D	72500062	IMG_1014	6851881386	
New York	[55864590, 2459115, 12589342, 2347591, 12761350, 23424977, 56205185, 56043648]	http://www.flickr.com/photos/67870274@N08/6998008805/			False	http://farm8.staticflickr.com/7223/6998008805_36732c3bf5.jpg	13	9e6bf567224eba9c53b374c6fdbb9a8	jpg	Marcel Kroencke	United States	2012-03-19T21:45:51Z	Attribution-NonCommercial-ShareAlike License	2012-03-17T13:42:40Z	Canon EOS 7D	78325975	IMG_1019	6998008805	
New York	[55864590, 2459115, 12589342, 2347591, 12761350, 23424977, 56205185, 56043648]	http://www.flickr.com/photos/67870274@N08/6851888462/			False	http://farm8.staticflickr.com/7199/6851888462_6b7885485c.jpg	13	30a34f973ba8dfc1af53aa7e36ed95cf	jpg	Marcel Kroencke	United States	2012-03-19T21:47:30Z	Attribution-NonCommercial-ShareAlike License	2012-03-17T13:43:25Z	Canon EOS 7D	86152960	IMG_1025	6851888462	
New York	[55864590, 2459115, 12589342, 2347591, 12761350, 23424977, 56205185, 56043648]	http://www.flickr.com/photos/67870274@N08/6851893174/			False	http://farm7.staticflickr.com/6239/6851893174_c59eddd355.jpg	13	fce7bca3df515acac1ed8cda0c33353	jpg	Marcel Kroencke	United States	2012-03-19T21:49:08Z	Attribution-NonCommercial-ShareAlike License	2012-03-17T13:43:55Z	Canon EOS 7D	93394416	IMG_1030	6851893174	
New York	[55864590, 2459115, 12589342, 2347591, 12761350, 23424977, 56205185, 56043648]	http://www.flickr.com/photos/67870274@N08/6998020639/			False	http://farm8.staticflickr.com/7117/6998020639_573f0a1c9f.jpg	13	f1cbf11d463ef684f3de2858fbf4c7dc	jpg	Marcel Kroencke	United States	2012-03-19T21:49:59Z	Attribution-NonCommercial-ShareAlike License	2012-03-17T13:44:27Z	Canon EOS 7D	58561189	IMG_1035	6998020639	
New York	[55864590, 2459115, 12589342, 2347591, 12761350, 23424977, 56205185, 56043648]	http://www.flickr.com/photos/67870274@N08/6851898532/			False	http://farm7.staticflickr.com/6096/6851898532_83a6426693.jpg	13	2f1f18e45821c7b89f979d60b069db16	jpg	Marcel Kroencke	United States	2012-03-19T21:51:04Z	Attribution-NonCommercial-ShareAlike License	2012-03-17T13:45:04Z	Canon EOS 7D	78162453	IMG_1038	6851898532	
New York	[55864590, 2459115, 12589342, 2347591, 12761350, 23424977, 56205185, 56043648]	http://www.flickr.com/photos/67870274@N08/6851901304/			False	http://farm8.staticflickr.com/7087/6851901304_56fd271e30.jpg	13	22fabee316ef309c29173ddfa1e266e8	jpg	Marcel Kroencke	United States	2012-03-19T21:52:04Z	Attribution-NonCommercial-ShareAlike License	2012-03-17T13:45:11Z	Canon EOS 7D	82295821	IMG_1040	6851901304	
New York	[55864590, 2459115, 12589342, 2347591, 12761350, 23424977, 56205185, 56043648]	http://www.flickr.com/photos/67870274@N08/6998029737/			False	http://farm7.staticflickr.com/6051/6998029737_2dc0b9072d.jpg	13	cb4c26a18cef9b147bcdd746c21b9e8	jpg	Marcel Kroencke	United States	2012-03-19T21:53:14Z	Attribution-NonCommercial-ShareAlike License	2012-03-17T13:45:24Z	Canon EOS 7D	79963644	IMG_1042	6998029737	
New York	[55864590, 2459115, 12589342, 2347591, 12761350, 23424977, 56205185, 56043648]	http://www.flickr.com/photos/67870274@N08/6998032593/			False	http://farm8.staticflickr.com/7043/6998032593_350a8648ea.jpg	13	41625bf323a26b33fe7cb5b7114f25b	jpg	Marcel Kroencke	United States	2012-03-19T21:54:17Z	Attribution-NonCommercial-ShareAlike License	2012-03-17T13:45:38Z	Canon EOS 7D	72209848	IMG_1046	6998032593	
New York	[55864590, 2459115, 12589342, 2347591, 12761350, 23424977, 56205185, 56043648]	http://www.flickr.com/photos/67870274@N08/6998035423/			False	http://farm7.staticflickr.com/6051/6998035423_dfe7787147.jpg	13	e8904b96cdd5a665566b9c4b3af3a183	jpg	Marcel Kroencke	United States	2012-03-19T21:55:19Z	Attribution-NonCommercial-ShareAlike License	2012-03-17T13:45:52Z	Canon EOS 7D	41057830	IMG_1050	6998035423	
New York	[55864590, 2459115, 12589342, 2347591, 12761350, 23424977, 56205185, 56043648]	http://www.flickr.com/photos/67870274@N08/6998037957/			False	http://farm7.staticflickr.com/6059/6998037957_911ea47106.jpg	13	3caccf8a4a436d7694f8a7bd7fbe15ce	jpg	Marcel Kroencke	United States	2012-03-19T21:56:13Z	Attribution-NonCommercial-ShareAlike License	2012-03-17T13:46:32Z	Canon EOS 7D	74958486	IMG_1053	6998037957	
New York	[55864590, 2459115, 12589342, 2347591, 12761350, 23424977, 56205185, 56043648]	http://www.flickr.com/photos/67870274@N08/6851915036/			False	http://farm8.staticflickr.com/7245/6851915036_fde1b0bd00.jpg	13	f617e1658d1aa7c3d1b7ece7dbeea311	jpg	Marcel Kroencke	United States	2012-03-19T21:57:08Z	Attribution-NonCommercial-ShareAlike License	2012-03-17T13:53:25Z	Canon EOS 7D	84285680	IMG_1055	6851915036	
New York	[55864590, 2459115, 12589342, 2347591, 12761350, 23424977, 56205185, 56043648]	http://www.flickr.com/photos/67870274@N08/6851918212/			False	http://farm7.staticflickr.com/6238/6851918212_e429fe6c08.jpg	13	8fa67020c870ee44c1725651e148200	jpg	Marcel Kroencke	United States	2012-03-19T21:58:16Z	Attribution-NonCommercial-ShareAlike License	2012-03-17T13:53:39Z	Canon EOS 7D	72448531	IMG_1056	6851918212	
New York	[28751381, 2459115, 12589342, 2347591, 12761350, 23424977, 23492119, 56043648]	http://www.flickr.com/photos/67870274@N08/6851920668/			False	http://farm8.staticflickr.com/7243/6851920668_0f999c3d93.jpg	13	23a7d660c8edd029f510e9a4bfcc6e7	jpg	Marcel Kroencke	United States	2012-03-19T21:59:09Z	Attribution-NonCommercial-ShareAlike License	2012-03-17T13:54:47Z	Canon EOS 7D	64515881	IMG_1059	6851920668	
New York	[28751381, 2459115, 12589342, 2347591, 12761350, 23424977, 23492119, 56043648]	http://www.flickr.com/photos/67870274@N08/6851923710/			False	http://farm7.staticflickr.com/6048/6851923710_c922cfaa6d.jpg	13	e58c28e4c63f959a2b1836be48fb390	jpg	Marcel Kroencke	United States	2012-03-19T22:00:13Z	Attribution-NonCommercial-ShareAlike License	2012-03-17T13:56:37Z	Canon EOS 7D	82801414	IMG_1061	6851923710	
New York	[28751381, 2459115, 12589342, 2347591, 12761350, 23424977, 23492119, 56043648]	http://www.flickr.com/photos/67870274@N08/6998051473/			False	http://farm7.staticflickr.com/6038/6998051473_0fc7e5bab2.jpg	13	4c777bef5636b7a287f73f5b61d36838	jpg	Marcel Kroencke	United States	2012-03-19T22:01:08Z	Attribution-NonCommercial-ShareAlike License	2012-03-17T13:57:06Z	Canon EOS 7D	84159240	IMG_1065	6998051473	
New York	[55864590, 2459115, 12589342, 2347591, 12761363, 23424977, 55837207, 56043648]	http://www.flickr.com/photos/67870274@N08/6851930328/			False	http://farm7.staticflickr.com/6052/6851930328_0a7ea0e307.jpg	14	57d28f4fcb1243fcc0c1696323ff58a4	jpg	Marcel Kroencke	United States	2012-03-19T22:02:36Z	Attribution-NonCommercial-ShareAlike License	2012-03-17T14:58:04Z	Canon EOS 7D	82753000	IMG_1067	6851930328	
New York	[55864590, 2459115, 12589342, 2347591, 12761363, 23424977, 55837207, 56043648]	http://www.flickr.com/photos/67870274@N08/6998060415/			False	http://farm8.staticflickr.com/7208/6998060415_94de8efebe.jpg	14	e190ceabfbbaf33d0792ad082b154	jpg	Marcel Kroencke	United States	2012-03-19T22:04:20Z	Attribution-NonCommercial-ShareAlike License	2012-03-17T14:58:07Z	Canon EOS 7D	39317543	IMG_1068	6998060415	
New York	[55864590, 2459115, 12589342, 2347591, 12761363, 23424977, 55837207, 56043648]	http://www.flickr.com/photos/67870274@N08/6851939666/			False	http://farm7.staticflickr.com/6238/6851939666_4cac8db682.jpg	14	e811db7879ceb747eacd35d81243cc0	jpg	Marcel Kroencke	United States	2012-03-19T22:05:52Z	Attribution-NonCommercial-ShareAlike License	2012-03-17T14:58:48Z	Canon EOS 7D	92084467	IMG_1071	6851939666	
New York	[55864590, 2459115, 12589342, 2347591, 12761363, 23424977, 55837207, 56043648]	http://www.flickr.com/photos/67870274@N08/6851942224/			False	http://farm7.staticflickr.com/6237/6851942224_0bd48007cf.jpg	14	8097eb7c5ba82a7bdaf744329409d	jpg	Marcel Kroencke	United States	2012-03-19T22:06:45Z	Attribution-NonCommercial-ShareAlike License	2012-03-17T14:59:37Z	Canon EOS 7D	66136235	IMG_1073	6851942224	
New York	[55864590, 2459115, 12589342, 2347591, 12761363, 23424977, 55837207, 56043648]	http://www.flickr.com/photos/67870274@N08/6851945508/			False	http://farm8.staticflickr.com/7057/6851945508_3a93b3cf49.jpg	15	fde329f4c113f743f54a7afc70c4fcde	jpg	Marcel Kroencke	United States	2012-03-19T22:07:59Z	Attribution-NonCommercial-ShareAlike License	2012-03-17T15:00:33Z	Canon EOS 7D	78413327	IMG_1074	6851945508	
New York	[55864590, 2459115, 12589342, 2347591, 12761363, 23424977, 55837207, 56043648]	http://www.flickr.com/photos/67870274@N08/6998073623/			False	http://farm8.staticflickr.com/7185/6998073623_c4bdcac3d7.jpg	15	21dc98c142cc6665e336498d7c57c0c1	jpg	Marcel Kroencke	United States	2012-03-19T22:09:14Z	Attribution-NonCommercial-ShareAlike License	2012-03-17T15:00:46Z	Canon EOS 7D	75065493	IMG_1076	6998073623	
New York	[55864590, 2459115, 12589342, 2347591, 12761363, 23424977, 55837207, 56043648]	http://www.flickr.com/photos/67870274@N08/6851952340/			False	http://farm7.staticflickr.com/6034/6851952340_efbe2d9b70.jpg	15	40f2665f8d18ac6c35ff47fb5dcf1aac	jpg	Marcel Kroencke	United States	2012-03-19T22:10:27Z	Attribution-NonCommercial-ShareAlike License	2012-03-17T15:01:41Z	Canon EOS 7D	60657845	IMG_1078	6851952340	
New York	[55864590, 2459115, 12589342, 2347591, 12761363, 23424977, 55837207, 56043648]	http://www.flickr.com/photos/67870274@N08/6998079677/			False	http://farm7.staticflickr.com/6212/6998079677_b6431e9887.jpg	15	48cc7e59a7c6135d6a5bdbb4f8a1b092	jpg	Marcel Kroencke	United States	2012-03-19T22:11:23Z	Attribution-NonCommercial-ShareAlike License	2012-03-17T15:03:00Z	Canon EOS 7D	91870133	IMG_1082	6998079677	
New York	[55864590, 2459115, 12589342, 2347591, 12761363, 23424977, 55837207, 56043648]	http://www.flickr.com/photos/67870274@N08/6998084689/			False	http://farm7.staticflickr.com/6092/6998084689_246af7ac41.jpg	15	bb62471ed84444ea987a1d715a40917c	jpg	Marcel Kroencke	United States	2012-03-19T22:13:13Z	Attribution-NonCommercial-ShareAlike License	2012-03-17T15:05:08Z	Canon EOS 7D	97807660	IMG_1084	6998084689	
New York	[55864590, 2459115, 12589342, 2347591, 12761363, 23424977, 55837207, 56043648]	http://www.flickr.com/photos/67870274@N08/6998089003/			False	http://farm8.staticflickr.com/7049/6998089003_4be3fe249c.jpg	15	69fede468f7da5f8b0cfff679652e4	jpg	Marcel Kroencke	United States	2012-03-19T22:14:43Z	Attribution-NonCommercial-ShareAlike License	2012-03-17T15:05:14Z	Canon EOS 7D	75941496	IMG_1085	6998089003	
New York	[55864590, 2459115, 12589342, 2347591, 12761363, 23424977, 55837207, 56043648]	http://www.flickr.com/photos/67870274@N08/6851967052/			False	http://farm8.staticflickr.com/7136/6851967052_bc50cd7188.jpg	15	32e17ec4f9df5339069a18070b26e82	jpg	Marcel Kroencke	United States	2012-03-19T22:15:48Z	Attribution-NonCommercial-ShareAlike License	2012-03-17T15:06:29Z	Canon EOS 7D	87575228	IMG_1089	6851967052	
New York	[55864590, 2459115, 12589342, 2347591, 12761363, 23424977, 55837207, 56043648]	http://www.flickr.com/photos/67870274@N08/6851974296/			False	http://farm7.staticflickr.com/6117/6851974296_3a9d9a7d05.jpg	15	773264ab1b403057157ea75fe83d27	jpg	Marcel Kroencke	United States	2012-03-19T22:18:36Z	Attribution-NonCommercial-ShareAlike License	2012-03-17T15:07:02Z	Canon EOS 7D	66880285	IMG_1090	6851974296	
New York	[56448085, 55864590, 2459115, 12589342, 2347591, 23424977, 56043648]	http://www.flickr.com/photos/67870274@N08/6851977672/			False	http://farm8.staticflickr.com/7104/6851977672_859f913a93.jpg	15	5eb351ec74856369638a32d14515d423	jpg	Marcel Kroencke	United States	2012-03-19T22:19:52Z	Attribution-NonCommercial-ShareAlike License	2012-03-17T15:07:21Z	Canon EOS 7D	67809058	IMG_1091	6851977672	
New York	[56448085, 55864590, 2459115, 12589342, 2347591, 23424977, 56043648]	http://www.flickr.com/photos/67870274@N08/6998106601/			False	http://farm8.staticflickr.com/7205/6998106601_1d00501137.jpg	15	ec5272b8e8e31d17dbff1452cf79d494	jpg	Marcel Kroencke	United States	2012-03-19T22:21:36Z	Attribution-NonCommercial-ShareAlike License	2012-03-17T15:07:27Z	Canon EOS 7D	81865232	IMG_1093	6998106601	
New York	[56448085, 55864590, 2459115, 12589342, 2347591, 23424977, 56043648]	http://www.flickr.com/photos/67870274@N08/6851987370/			False	http://farm8.staticflickr.com/7044/6851987370_c7f8be2b7b.jpg	15	5a6023b1367e941bea9c537b383ff9d7	jpg	Marcel Kroencke	United States	2012-03-19T22:23:32Z	Attribution-NonCommercial-ShareAlike License	2012-03-17T15:07:35Z	Canon EOS 7D	73526104	IMG_1095	6851987370	
New York	[55864590, 56448085, 2459115, 12589342, 2347591, 23424977, 56043648]	http://www.flickr.com/photos/67870274@N08/6851991566/			False	http://farm7.staticflickr.com/6038/6851991566_16c149e210.jpg	15	9b3b4097c5902e66644b6be835905c16	jpg	Marcel Kroencke	United States	2012-03-19T22:25:09Z	Attribution-NonCommercial-ShareAlike License	2012-03-17T15:07:44Z	Canon EOS 7D	66633514	IMG_1096	6851991566	
New York	[55864590, 56448085, 2459115, 12589342, 2347591, 23424977, 56043648]	http://www.flickr.com/photos/67870274@N08/6851995146/			False	http://farm8.staticflickr.com/7057/6851995146_a9c97d897e.jpg	15	171c9c916388b54801b98b8a25d82d	jpg	Marcel Kroencke	United States	2012-03-19T22:26:29Z	Attribution-NonCommercial-ShareAlike License	2012-03-17T15:07:48Z	Canon EOS 7D	21690320	IMG_1097	6851995146	
New York	[55864590, 56448085, 2459115, 12589342, 2347591, 23424977, 56043648]	http://www.flickr.com/photos/67870274@N08/6851998694/			False	http://farm7.staticflickr.com/6095/6851998694_f29a00be0c.jpg	15	42e6e235993d327864b38ec88ec8b20	jpg	Marcel Kroencke	United States	2012-03-19T22:27:52Z	Attribution-NonCommercial-ShareAlike License	2012-03-17T15:08:05Z	Canon EOS 7D	73150427	IMG_1099	6851998694	
New York	[55864590, 56448085, 2459115, 12589342, 2347591, 23424977, 56043648]	http://www.flickr.com/photos/67870274@N08/6998126439/			False	http://farm8.staticflickr.com/7061/6998126439_bc72bc354e.jpg	15	40712716456152d9e2b664e98270bf2b	jpg	Marcel Kroencke	United States	2012-03-19T22:29:17Z	Attribution-NonCommercial-ShareAlike License	2012-03-17T15:10:15Z	Canon EOS 7D	83248663	IMG_1100	6998126439	
New York	[23617696, 28751381, 2459115, 12589342, 2347591, 12761347, 23424977, 56043648]	http://www.flickr.com/photos/67870274@N08/6998143065/			False	http://farm8.staticflickr.com/7236/6998143065_460438f561.jpg	16	9f3d125a916280283ec09585ef3894c9	jpg	Marcel Kroencke	United States	2012-03-19T22:35:33Z	Attribution-NonCommercial-ShareAlike License	2012-03-17T16:54:16Z	Canon EOS 7D	22812534	IMG_1110	6998143065	
New York	[23617696, 28751381, 2459115, 12589342, 2347591, 12761347, 23424977, 56043648]	http://www.flickr.com/photos/67870274@N08/6852022434/			False	http://farm7.staticflickr.com/6039/6852022434_ff0b9b3963.jpg	16	abfb247ada69d428b5544d051a0f9fb	jpg	Marcel Kroencke	United States	2012-03-19T22:36:48Z	Attribution-NonCommercial-ShareAlike License	2012-03-17T16:54:28Z	Canon EOS 7D	61697282	IMG_1111	6852022434	
New York	[23617696, 28751381, 2459115, 12589342, 2347591, 12761347, 23424977, 56043648]	http://www.flickr.com/photos/67870274@N08/6998150143/			False	http://farm8.staticflickr.com/7257/6998150143_91f4cbc624.jpg	16	4f81867a446aa3b1c530c935e7cc4c9	jpg	Marcel Kroencke	United States	2012-03-19T22:38:12Z	Attribution-NonCommercial-ShareAlike License	2012-03-17T16:54:33Z	Canon EOS 7D	64671008	IMG_1112	6998150143	
New York	[23617696, 28751381, 2459115, 12589342, 2347591, 12761347, 23424977, 56043648]	http://www.flickr.com/photos/67870274@N08/6998153717/			False	http://farm8.staticflickr.com/7279/6998153717_d65af174f2.jpg	16	fcbcd247bc3a5fe55ec162f5777669	jpg	Marcel Kroencke	United States	2012-03-19T22:39:35Z	Attribution-NonCommercial-ShareAlike License	2012-03-17T16:54:45Z	Canon EOS 7D	78680862	IMG_1114	6998153717	
New York	[23617696, 28751381, 2459115, 12589342, 2347591, 12761347, 23424977, 56043648]	http://www.flickr.com/photos/67870274@N08/6852047708/			False	http://farm8.staticflickr.com/7187/6852047708_c9ee9b58d6.jpg	19	c73d51b969476c78d213f6c10593ee	jpg	Marcel Kroencke	United States	2012-03-19T22:46:27Z	Attribution-NonCommercial-ShareAlike License	2012-03-17T19:40:40Z	Canon EOS 7D	97470490	IMG_1116	6852047708	
New York	[23617696, 28751381, 2459115, 12589342, 2347591, 12761347, 23424977, 56043648]	http://www.flickr.com/photos/67870274@N08/6852050970/			False	http://farm7.staticflickr.com/6113/6852050970_52f3d39e3d.jpg	19	241e9ba965eff9e15b1e442d583c55	jpg	Marcel Kroencke	United States	2012-03-19T22:47:42Z	Attribution-NonCommercial-ShareAlike License	2012-03-17T19:41:21Z	Canon EOS 7D	438664	IMG_1119	6852050970	
