town_s	woe_is	urlpage_s	machine_ss	desc_ws	video_b	url_s	hour_i	hash_s	ext_s	user_s	country_s	upload_dt	license_s	taken_dt	device_s	line_i	title_s	id	tag_ss
New York	[55864586, 2459115, 12589342, 2347591, 12761478, 23424977, 91583416, 56043648]	http://www.flickr.com/photos/32996060@N05/6116577035/			False	http://farm7.staticflickr.com/6070/6116577035_3b13a3d250.jpg	14	c02c602f42c38e1818c66b6ca12f37ba	jpg	tchamber236	United States	2011-09-05T17:42:20Z	Attribution-NonCommercial-ShareAlike License	2011-06-25T14:28:23Z	NORITSU KOKI QSS-32_33	6805901	Battery2ThirtyFourth_062011_001	6116577035	
New York	[55864586, 2459115, 12589342, 2347591, 12761478, 23424977, 91583416, 56043648]	http://www.flickr.com/photos/32996060@N05/6116578631/			False	http://farm7.staticflickr.com/6070/6116578631_ed953c0b54.jpg	14	26ada4158c584d51a55468aff2a79b8f	jpg	tchamber236	United States	2011-09-05T17:42:44Z	Attribution-NonCommercial-ShareAlike License	2011-06-25T14:28:25Z	NORITSU KOKI QSS-32_33	82149710	Battery2ThirtyFourth_062011_002	6116578631	
New York	[91576939, 55864586, 2459115, 12589342, 2347591, 12761478, 23424977, 56043648]	http://www.flickr.com/photos/32996060@N05/6117124054/			False	http://farm7.staticflickr.com/6090/6117124054_e327b90715.jpg	14	50fb4f9c46cbc7f6e237ceed76748a7d	jpg	tchamber236	United States	2011-09-05T17:43:10Z	Attribution-NonCommercial-ShareAlike License	2011-06-25T14:28:27Z	NORITSU KOKI QSS-32_33	70332866	Battery2ThirtyFourth_062011_003	6117124054	
New York	[55864586, 2459115, 12589342, 2347591, 12761478, 23424977, 56043648]	http://www.flickr.com/photos/32996060@N05/6117125898/			False	http://farm7.staticflickr.com/6074/6117125898_96d288bae7.jpg	14	254e30e1cec38835e40437c45e71ac	jpg	tchamber236	United States	2011-09-05T17:43:36Z	Attribution-NonCommercial-ShareAlike License	2011-06-25T14:28:28Z	NORITSU KOKI QSS-32_33	92776884	Battery2ThirtyFourth_062011_004	6117125898	
New York	[55864586, 2459115, 12589342, 2347591, 12761478, 23424977, 56043648]	http://www.flickr.com/photos/32996060@N05/6117127540/			False	http://farm7.staticflickr.com/6209/6117127540_298d4dd406.jpg	14	4778de7353c6fc227a2fc716531af8	jpg	tchamber236	United States	2011-09-05T17:44:03Z	Attribution-NonCommercial-ShareAlike License	2011-06-25T14:28:30Z	NORITSU KOKI QSS-32_33	2089328	Battery2ThirtyFourth_062011_005	6117127540	
New York	[55864586, 2459115, 12589342, 2347591, 12761478, 23424977, 56043648]	http://www.flickr.com/photos/32996060@N05/6116585103/			False	http://farm7.staticflickr.com/6084/6116585103_c97e0f4d81.jpg	14	548ec1a4ceb3167a3df1098854967a9	jpg	tchamber236	United States	2011-09-05T17:44:25Z	Attribution-NonCommercial-ShareAlike License	2011-06-25T14:28:32Z	NORITSU KOKI QSS-32_33	88343379	Battery2ThirtyFourth_062011_006	6116585103	
New York	[55864586, 2459115, 12589342, 2347591, 12761478, 23424977, 56043648]	http://www.flickr.com/photos/32996060@N05/6117130588/			False	http://farm7.staticflickr.com/6192/6117130588_e3dacc655d.jpg	14	38a888948a9eb48d78dd22efc7f3aa3	jpg	tchamber236	United States	2011-09-05T17:44:51Z	Attribution-NonCommercial-ShareAlike License	2011-06-25T14:28:33Z	NORITSU KOKI QSS-32_33	24425234	Battery2ThirtyFourth_062011_007	6117130588	
New York	[55864586, 2459115, 12589342, 2347591, 12761478, 23424977, 56043648]	http://www.flickr.com/photos/32996060@N05/6117132096/			False	http://farm7.staticflickr.com/6077/6117132096_30eb16ac6e.jpg	14	19538c9d5b4397c9cd354d5b1faa51	jpg	tchamber236	United States	2011-09-05T17:45:15Z	Attribution-NonCommercial-ShareAlike License	2011-06-25T14:28:35Z	NORITSU KOKI QSS-32_33	84256724	Battery2ThirtyFourth_062011_008	6117132096	
New York	[28751369, 2459115, 12589342, 2347591, 12761346, 23424977, 56043648]	http://www.flickr.com/photos/32996060@N05/6116615191/			False	http://farm7.staticflickr.com/6202/6116615191_2d80018126.jpg	14	e4c1fb5e173a107c2917dce1da3f7a2	jpg	tchamber236	United States	2011-09-05T17:52:22Z	Attribution-NonCommercial-ShareAlike License	2011-06-25T14:32:07Z	NORITSU KOKI QSS-32_33	82239462	Battery2ThirtyFourth_062011_024	6116615191	
New York	[28751381, 2459115, 12589342, 2347591, 12761343, 23424977, 56204734, 56043648]	http://www.flickr.com/photos/32996060@N05/6117160762/			False	http://farm7.staticflickr.com/6185/6117160762_f7010cc941.jpg	14	4ca8d7c8e3f27c70d9b8cef7e6ade55	jpg	tchamber236	United States	2011-09-05T17:52:51Z	Attribution-NonCommercial-ShareAlike License	2011-06-25T14:32:09Z	NORITSU KOKI QSS-32_33	86122446	Battery2ThirtyFourth_062011_025	6117160762	
New York	[28751381, 2459115, 12589342, 2347591, 12761343, 23424977, 56204734, 56043648]	http://www.flickr.com/photos/32996060@N05/6117162686/			False	http://farm7.staticflickr.com/6061/6117162686_7b921ea909.jpg	14	bb4cfa43197dc1c5c81bb41a1162dda9	jpg	tchamber236	United States	2011-09-05T17:53:21Z	Attribution-NonCommercial-ShareAlike License	2011-06-25T14:32:11Z	NORITSU KOKI QSS-32_33	97413834	Battery2ThirtyFourth_062011_026	6117162686	
New York	[28751381, 2459115, 12589342, 2347591, 12761343, 23424977, 56204734, 56043648]	http://www.flickr.com/photos/32996060@N05/6117164734/			False	http://farm7.staticflickr.com/6189/6117164734_4c6e97fd31.jpg	14	7984da417e67b03a33a47a4df3e9aea	jpg	tchamber236	United States	2011-09-05T17:53:53Z	Attribution-NonCommercial-ShareAlike License	2011-06-25T14:32:12Z	NORITSU KOKI QSS-32_33	68066861	Battery2ThirtyFourth_062011_027	6117164734	
New York	[28751381, 2459115, 12589342, 2347591, 12761343, 23424977, 56204734, 56043648]	http://www.flickr.com/photos/32996060@N05/6116623083/			False	http://farm7.staticflickr.com/6089/6116623083_3b1398dbb3.jpg	14	d081651555148304bd85e3a7c16a182	jpg	tchamber236	United States	2011-09-05T17:54:25Z	Attribution-NonCommercial-ShareAlike License	2011-06-25T14:32:14Z	NORITSU KOKI QSS-32_33	14401029	Battery2ThirtyFourth_062011_028	6116623083	
New York	[28751381, 2459115, 12589342, 2347591, 12761343, 23424977, 56204734, 56043648]	http://www.flickr.com/photos/32996060@N05/6117168430/			False	http://farm7.staticflickr.com/6066/6117168430_82b30a8edb.jpg	14	af10dc2b9dfad3b047497af3893d5eb6	jpg	tchamber236	United States	2011-09-05T17:54:53Z	Attribution-NonCommercial-ShareAlike License	2011-06-25T14:32:16Z	NORITSU KOKI QSS-32_33	87922973	Battery2ThirtyFourth_062011_029	6117168430	
New York	[91637533, 28751381, 2459115, 12589342, 2347591, 12761343, 23424977, 56043648]	http://www.flickr.com/photos/32996060@N05/6117170008/			False	http://farm7.staticflickr.com/6206/6117170008_6d6a55946a.jpg	14	f6ecb383ae44e51cd8f7af6f670a41a	jpg	tchamber236	United States	2011-09-05T17:55:17Z	Attribution-NonCommercial-ShareAlike License	2011-06-25T14:32:18Z	NORITSU KOKI QSS-32_33	95597262	Battery2ThirtyFourth_062011_030	6117170008	
New York	[28751381, 2459115, 12589342, 2347591, 12761343, 23424977, 56204734, 56043648]	http://www.flickr.com/photos/32996060@N05/6117171532/			False	http://farm7.staticflickr.com/6064/6117171532_d84153d8dd.jpg	14	fea2eaac0fa2943d2bbc572f3c4c7c	jpg	tchamber236	United States	2011-09-05T17:55:41Z	Attribution-NonCommercial-ShareAlike License	2011-06-25T14:32:19Z	NORITSU KOKI QSS-32_33	69540682	Battery2ThirtyFourth_062011_031	6117171532	
New York	[56379956, 2459115, 12589342, 2347591, 12761365, 23424977, 56043648]	http://www.flickr.com/photos/32996060@N05/6116566900/			False	http://farm7.staticflickr.com/6071/6116566900_a60410b4e7.jpg	14	50951a18cbdbdf8c98c3daa16e026c5	jpg	tchamber236	United States	2011-09-05T15:07:34Z	Attribution-NonCommercial-ShareAlike License	2011-06-25T14:34:01Z	NORITSU KOKI QSS-32_33	93537883	Dyckman2Dyckman_062011_021	6116566900	
New York	[91801630, 28751328, 2459115, 12589314, 2347591, 12761513, 23424977, 56043648]	http://www.flickr.com/photos/32996060@N05/6116024233/			False	http://farm7.staticflickr.com/6072/6116024233_928f3aecf1.jpg	14	75967e352b80cc4883cf12163ba7cd	jpg	tchamber236	United States	2011-09-05T15:07:58Z	Attribution-NonCommercial-ShareAlike License	2011-06-25T14:34:03Z	NORITSU KOKI QSS-32_33	55952257	Dyckman2Dyckman_062011_022	6116024233	
New York	[91801630, 28751328, 2459115, 12589314, 2347591, 12761513, 23424977, 56043648]	http://www.flickr.com/photos/32996060@N05/6116025617/			False	http://farm7.staticflickr.com/6087/6116025617_834cffcc1d.jpg	14	6aade22ac374b5767ffdef5fa63e6017	jpg	tchamber236	United States	2011-09-05T15:08:21Z	Attribution-NonCommercial-ShareAlike License	2011-06-25T14:34:04Z	NORITSU KOKI QSS-32_33	89187643	Dyckman2Dyckman_062011_023	6116025617	
New York	[55864590, 2459115, 12589342, 2347591, 12761365, 23424977, 56205110, 56043648]	http://www.flickr.com/photos/32996060@N05/6116571008/			False	http://farm7.staticflickr.com/6076/6116571008_d3ae5ca665.jpg	14	797324c2a616cbd519b57bdf92dc55	jpg	tchamber236	United States	2011-09-05T15:08:45Z	Attribution-NonCommercial-ShareAlike License	2011-06-25T14:34:06Z	NORITSU KOKI QSS-32_33	83751371	Dyckman2Dyckman_062011_024	6116571008	
New York	[55864590, 2459115, 12589342, 2347591, 12761365, 23424977, 56205110, 56043648]	http://www.flickr.com/photos/32996060@N05/6116572632/			False	http://farm7.staticflickr.com/6083/6116572632_58dcf472a6.jpg	14	f2533c6e6a88b84572b55dbf85f43415	jpg	tchamber236	United States	2011-09-05T15:09:13Z	Attribution-NonCommercial-ShareAlike License	2011-06-25T14:34:07Z	NORITSU KOKI QSS-32_33	95451389	Dyckman2Dyckman_062011_025	6116572632	
New York	[55864590, 2459115, 12589342, 2347591, 12761365, 23424977, 56205110, 56043648]	http://www.flickr.com/photos/32996060@N05/6116030209/			False	http://farm7.staticflickr.com/6063/6116030209_28d9b78400.jpg	14	747b7a6fbad0a4e7233bab65afa2a9	jpg	tchamber236	United States	2011-09-05T15:09:39Z	Attribution-NonCommercial-ShareAlike License	2011-06-25T14:34:08Z	NORITSU KOKI QSS-32_33	60812748	Dyckman2Dyckman_062011_026	6116030209	
New York	[55864590, 2459115, 12589342, 2347591, 12761365, 23424977, 56205110, 56043648]	http://www.flickr.com/photos/32996060@N05/6116575646/			False	http://farm7.staticflickr.com/6067/6116575646_14675f848b.jpg	14	d757b4535cabf4702f94ef5ebccbbcd	jpg	tchamber236	United States	2011-09-05T15:10:04Z	Attribution-NonCommercial-ShareAlike License	2011-06-25T14:34:10Z	NORITSU KOKI QSS-32_33	58703991	Dyckman2Dyckman_062011_027	6116575646	
New York	[55864586, 23511891, 2459115, 12589342, 2347591, 23424977, 56043648]	http://www.flickr.com/photos/32996060@N05/6117133454/			False	http://farm7.staticflickr.com/6074/6117133454_886e05ac14.jpg	14	78488cd6ccbbeecf6283841b658df1	jpg	tchamber236	United States	2011-09-05T17:45:36Z	Attribution-NonCommercial-ShareAlike License	2011-06-25T14:37:47Z	NORITSU KOKI QSS-32_33	92891340	Battery2ThirtyFourth_062011_009	6117133454	
New York	[23511891, 55864586, 2459115, 12589342, 2347591, 23424977, 56043648]	http://www.flickr.com/photos/32996060@N05/6117135288/			False	http://farm7.staticflickr.com/6203/6117135288_0684fa73e8.jpg	14	ccc6ab9c3fdd82eedb9654883612d1e7	jpg	tchamber236	United States	2011-09-05T17:46:06Z	Attribution-NonCommercial-ShareAlike License	2011-06-25T14:37:49Z	NORITSU KOKI QSS-32_33	62302016	Battery2ThirtyFourth_062011_010	6117135288	
New York	[55864586, 23511891, 2459115, 12589342, 2347591, 23424977, 56043648]	http://www.flickr.com/photos/32996060@N05/6117137642/			False	http://farm7.staticflickr.com/6187/6117137642_be93503ea7.jpg	14	48646b3e2b8df3d55960265094b14b57	jpg	tchamber236	United States	2011-09-05T17:46:44Z	Attribution-NonCommercial-ShareAlike License	2011-06-25T14:37:51Z	NORITSU KOKI QSS-32_33	88523606	Battery2ThirtyFourth_062011_011	6117137642	
New York	[55864586, 23511891, 2459115, 12589342, 2347591, 23424977, 56043648]	http://www.flickr.com/photos/32996060@N05/6116596459/			False	http://farm7.staticflickr.com/6189/6116596459_be4da6939c.jpg	14	38bf550a89f9a28192060a64c129a	jpg	tchamber236	United States	2011-09-05T17:47:24Z	Attribution-NonCommercial-ShareAlike License	2011-06-25T14:37:52Z	NORITSU KOKI QSS-32_33	15271645	Battery2ThirtyFourth_062011_012	6116596459	
New York	[55864586, 23511891, 2459115, 12589342, 2347591, 23424977, 56043648]	http://www.flickr.com/photos/32996060@N05/6117142014/			False	http://farm7.staticflickr.com/6183/6117142014_893b2b7fb1.jpg	14	37d5dcec34f8f1445f1997e3d58f7c57	jpg	tchamber236	United States	2011-09-05T17:47:57Z	Attribution-NonCommercial-ShareAlike License	2011-06-25T14:37:54Z	NORITSU KOKI QSS-32_33	81388904	Battery2ThirtyFourth_062011_013	6117142014	
New York	[56205319, 55864586, 2459115, 12589342, 2347591, 23424977, 56043648]	http://www.flickr.com/photos/32996060@N05/6117143578/			False	http://farm7.staticflickr.com/6200/6117143578_6382536b24.jpg	14	609b333f53bf4f49c323af8c15d8ca14	jpg	tchamber236	United States	2011-09-05T17:48:22Z	Attribution-NonCommercial-ShareAlike License	2011-06-25T14:37:55Z	NORITSU KOKI QSS-32_33	15400950	Battery2ThirtyFourth_062011_014	6117143578	
New York	[55864586, 56205319, 2459115, 12589342, 2347591, 23424977, 56043648]	http://www.flickr.com/photos/32996060@N05/6117145176/			False	http://farm7.staticflickr.com/6202/6117145176_ae09cbba9e.jpg	14	a6a941c8e931c41ba19dfc345c11d274	jpg	tchamber236	United States	2011-09-05T17:48:46Z	Attribution-NonCommercial-ShareAlike License	2011-06-25T14:37:57Z	NORITSU KOKI QSS-32_33	65547088	Battery2ThirtyFourth_062011_015	6117145176	
New York	[55864586, 2459115, 12589342, 2347591, 12761346, 23424977, 55836698, 56043648]	http://www.flickr.com/photos/32996060@N05/6116602985/			False	http://farm7.staticflickr.com/6207/6116602985_e2cbb8f398.jpg	14	2d88ebc1ea6113fc3ea7a7ceed47dd5	jpg	tchamber236	United States	2011-09-05T17:49:11Z	Attribution-NonCommercial-ShareAlike License	2011-06-25T14:40:43Z	NORITSU KOKI QSS-32_33	60929989	Battery2ThirtyFourth_062011_016	6116602985	
New York	[55864586, 2459115, 12589342, 2347591, 12761346, 23424977, 55836698, 56043648]	http://www.flickr.com/photos/32996060@N05/6116604501/			False	http://farm7.staticflickr.com/6068/6116604501_16dbdcac9e.jpg	14	18c2fae9e439976dc1987f0baabec12	jpg	tchamber236	United States	2011-09-05T17:49:35Z	Attribution-NonCommercial-ShareAlike License	2011-06-25T14:40:45Z	NORITSU KOKI QSS-32_33	76113606	Battery2ThirtyFourth_062011_017	6116604501	
New York	[55864586, 2459115, 12589342, 2347591, 12761346, 23424977, 55836698, 56043648]	http://www.flickr.com/photos/32996060@N05/6116605927/			False	http://farm7.staticflickr.com/6066/6116605927_02cb90682e.jpg	14	51fe9fb596d0c555384953d27c645361	jpg	tchamber236	United States	2011-09-05T17:49:57Z	Attribution-NonCommercial-ShareAlike License	2011-06-25T14:40:47Z	NORITSU KOKI QSS-32_33	57003222	Battery2ThirtyFourth_062011_018	6116605927	
New York	[55864586, 2459115, 12589342, 2347591, 12761346, 23424977, 55836698, 56043648]	http://www.flickr.com/photos/32996060@N05/6117151116/			False	http://farm7.staticflickr.com/6206/6117151116_4405d779f1.jpg	14	644e329f859afb3ef868faf5d6ac4a9	jpg	tchamber236	United States	2011-09-05T17:50:18Z	Attribution-NonCommercial-ShareAlike License	2011-06-25T14:40:49Z	NORITSU KOKI QSS-32_33	60505307	Battery2ThirtyFourth_062011_019	6117151116	
New York	[55864586, 2459115, 12589342, 2347591, 12761346, 23424977, 55836698, 56043648]	http://www.flickr.com/photos/32996060@N05/6116608959/			False	http://farm7.staticflickr.com/6081/6116608959_d90e55ebde.jpg	14	3376cc88b55b8479c9c6e36e291fabc	jpg	tchamber236	United States	2011-09-05T17:50:42Z	Attribution-NonCommercial-ShareAlike License	2011-06-25T14:40:51Z	NORITSU KOKI QSS-32_33	60863337	Battery2ThirtyFourth_062011_020	6116608959	
New York	[55864586, 2459115, 12589342, 2347591, 12761346, 23424977, 55836698, 56043648]	http://www.flickr.com/photos/32996060@N05/6117154104/			False	http://farm7.staticflickr.com/6207/6117154104_7617d00df6.jpg	14	5473dbe3f9b36ef463a7ce45d5375ed	jpg	tchamber236	United States	2011-09-05T17:51:04Z	Attribution-NonCommercial-ShareAlike License	2011-06-25T14:40:53Z	NORITSU KOKI QSS-32_33	66798631	Battery2ThirtyFourth_062011_021	6117154104	
New York	[55864586, 2459115, 12589342, 2347591, 12761346, 23424977, 56205085, 56043648]	http://www.flickr.com/photos/32996060@N05/6117155440/			False	http://farm7.staticflickr.com/6087/6117155440_308c169bba.jpg	14	34b1a891f9ee4b222cf771adc4fac36	jpg	tchamber236	United States	2011-09-05T17:51:25Z	Attribution-NonCommercial-ShareAlike License	2011-06-25T14:40:55Z	NORITSU KOKI QSS-32_33	92258124	Battery2ThirtyFourth_062011_022	6117155440	
New York	[55864586, 2459115, 12589342, 2347591, 12761346, 23424977, 56205085, 56043648]	http://www.flickr.com/photos/32996060@N05/6116613389/			False	http://farm7.staticflickr.com/6209/6116613389_2b204463b7.jpg	14	65d3a49628f465963a2304fdb1ff9	jpg	tchamber236	United States	2011-09-05T17:51:53Z	Attribution-NonCommercial-ShareAlike License	2011-06-25T14:40:56Z	NORITSU KOKI QSS-32_33	95159252	Battery2ThirtyFourth_062011_023	6116613389	
New York	[55864590, 2459115, 12589342, 2347591, 12761365, 23424977, 56204713, 56043648]	http://www.flickr.com/photos/32996060@N05/6116537596/			False	http://farm7.staticflickr.com/6208/6116537596_04863485a3.jpg	14	68f8014f5d57c5245bed6aa88cc5e3	jpg	tchamber236	United States	2011-09-05T14:58:36Z	Attribution-NonCommercial-ShareAlike License	2011-06-25T14:43:07Z	NORITSU KOKI QSS-32_33	77953746	Dyckman2Dyckman_062011_001	6116537596	
New York	[55864590, 2459115, 12589342, 2347591, 12761365, 23424977, 56204713, 56043648]	http://www.flickr.com/photos/32996060@N05/6115994785/			False	http://farm7.staticflickr.com/6194/6115994785_037494c7e3.jpg	14	59d094da2e78c14a977f55b7c83670	jpg	tchamber236	United States	2011-09-05T14:59:04Z	Attribution-NonCommercial-ShareAlike License	2011-06-25T14:43:10Z	NORITSU KOKI QSS-32_33	64834741	Dyckman2Dyckman_062011_002	6115994785	
New York	[2459115, 12589342, 2347591, 12761364, 23424977, 56043648]	http://www.flickr.com/photos/32996060@N05/6115996355/			False	http://farm7.staticflickr.com/6207/6115996355_e7c490cf13.jpg	14	77673fd9d65f5e717a98498035cb3	jpg	tchamber236	United States	2011-09-05T14:59:34Z	Attribution-NonCommercial-ShareAlike License	2011-06-25T14:43:11Z	NORITSU KOKI QSS-32_33	97038418	Dyckman2Dyckman_062011_003	6115996355	
New York	[2459115, 12589342, 2347591, 12761364, 23424977, 56043648]	http://www.flickr.com/photos/32996060@N05/6115997951/			False	http://farm7.staticflickr.com/6184/6115997951_0c4c674071.jpg	14	84a9ab57458eed312e33a86b24d8564	jpg	tchamber236	United States	2011-09-05T15:00:06Z	Attribution-NonCommercial-ShareAlike License	2011-06-25T14:43:13Z	NORITSU KOKI QSS-32_33	61118052	Dyckman2Dyckman_062011_004	6115997951	
New York	[2459115, 12589342, 2347591, 12761365, 23424977, 56043648]	http://www.flickr.com/photos/32996060@N05/6115999279/			False	http://farm7.staticflickr.com/6192/6115999279_a054db7d49.jpg	14	71188db9c86d1218f25c4d4b6bbabba	jpg	tchamber236	United States	2011-09-05T15:00:33Z	Attribution-NonCommercial-ShareAlike License	2011-06-25T14:43:15Z	NORITSU KOKI QSS-32_33	15175040	Dyckman2Dyckman_062011_005	6115999279	
New York	[2459115, 12589342, 2347591, 12761365, 23424977, 56043648]	http://www.flickr.com/photos/32996060@N05/6116544842/			False	http://farm7.staticflickr.com/6196/6116544842_f070070911.jpg	14	1a29ee99ed1e727567cb911faa0bea	jpg	tchamber236	United States	2011-09-05T15:00:58Z	Attribution-NonCommercial-ShareAlike License	2011-06-25T14:43:17Z	NORITSU KOKI QSS-32_33	79341184	Dyckman2Dyckman_062011_006	6116544842	
New York	[2459115, 12589342, 2347591, 12761365, 23424977, 56043648]	http://www.flickr.com/photos/32996060@N05/6116546402/			False	http://farm7.staticflickr.com/6080/6116546402_8f53830ef9.jpg	14	eddee3e115c292eb76804f6236dda0	jpg	tchamber236	United States	2011-09-05T15:01:28Z	Attribution-NonCommercial-ShareAlike License	2011-06-25T14:43:19Z	NORITSU KOKI QSS-32_33	67821131	Dyckman2Dyckman_062011_007	6116546402	
New York	[55992068, 91982434, 2459115, 12589314, 2347591, 23424977, 56043648]	http://www.flickr.com/photos/32996060@N05/6116003741/			False	http://farm7.staticflickr.com/6208/6116003741_750337efe4.jpg	14	f5cb352ea6b9a28ce11b4298bb135d3b	jpg	tchamber236	United States	2011-09-05T15:01:53Z	Attribution-NonCommercial-ShareAlike License	2011-06-25T14:43:21Z	NORITSU KOKI QSS-32_33	94986329	Dyckman2Dyckman_062011_008	6116003741	
New York	[55992068, 91982434, 2459115, 12589314, 2347591, 23424977, 56043648]	http://www.flickr.com/photos/32996060@N05/6116005149/			False	http://farm7.staticflickr.com/6063/6116005149_9730cca1ab.jpg	14	ea477c56685d2b802d96d84ae8a33c43	jpg	tchamber236	United States	2011-09-05T15:02:20Z	Attribution-NonCommercial-ShareAlike License	2011-06-25T14:43:22Z	NORITSU KOKI QSS-32_33	68788938	Dyckman2Dyckman_062011_009	6116005149	
New York	[55992068, 91982434, 2459115, 12589314, 2347591, 23424977, 56043648]	http://www.flickr.com/photos/32996060@N05/6116006681/			False	http://farm7.staticflickr.com/6077/6116006681_c565277d3e.jpg	14	439db615436c7e4894a7f412e8441c8	jpg	tchamber236	United States	2011-09-05T15:02:50Z	Attribution-NonCommercial-ShareAlike License	2011-06-25T14:43:24Z	NORITSU KOKI QSS-32_33	68622552	Dyckman2Dyckman_062011_010	6116006681	
